country,iso3,year,value
Africa Eastern and Southern,AFE,2025,
Africa Eastern and Southern,AFE,2024,
Africa Eastern and Southern,AFE,2023,
Africa Eastern and Southern,AFE,2022,
Africa Eastern and Southern,AFE,2021,
Africa Eastern and Southern,AFE,2020,
Africa Eastern and Southern,AFE,2019,30202910114.2884
Africa Eastern and Southern,AFE,2018,27525489810.9436
Africa Eastern and Southern,AFE,2017,27881609782.219
Africa Eastern and Southern,AFE,2016,25069150086.4029
Africa Eastern and Southern,AFE,2015,25497109967.7086
Africa Eastern and Southern,AFE,2014,25900260070.8008
Africa Eastern and Southern,AFE,2013,29207570093.1549
Africa Eastern and Southern,AFE,2012,26226879871.3684
Africa Eastern and Southern,AFE,2011,28533789930.3436
Africa Eastern and Southern,AFE,2010,24977449817.6575
Africa Eastern and Southern,AFE,2009,25143129997.2534
Africa Eastern and Southern,AFE,2008,23679979837.4176
Africa Eastern and Southern,AFE,2007,20486030153.2746
Africa Eastern and Southern,AFE,2006,18452829945.5643
Africa Eastern and Southern,AFE,2005,16411430004.1199
Africa Eastern and Southern,AFE,2004,16249479990.9592
Africa Eastern and Southern,AFE,2003,16522039883.6136
Africa Eastern and Southern,AFE,2002,11407200153.3508
Africa Eastern and Southern,AFE,2001,8510100046.15784
Africa Eastern and Southern,AFE,2000,7995110001.56403
Africa Eastern and Southern,AFE,1999,7481400024.41407
Africa Eastern and Southern,AFE,1998,7679369930.26734
Africa Eastern and Southern,AFE,1997,8028639986.03821
Africa Eastern and Southern,AFE,1996,8218980037.68921
Africa Eastern and Southern,AFE,1995,10800960118.2938
Africa Eastern and Southern,AFE,1994,10310319892.8833
Africa Eastern and Southern,AFE,1993,10290579914.093
Africa Eastern and Southern,AFE,1992,11410189949.0357
Africa Eastern and Southern,AFE,1991,10194609941.4826
Africa Eastern and Southern,AFE,1990,10480720001.2207
Africa Eastern and Southern,AFE,1989,8447229913.71156
Africa Eastern and Southern,AFE,1988,8521049962.99744
Africa Eastern and Southern,AFE,1987,7560669958.11463
Africa Eastern and Southern,AFE,1986,6289619968.41431
Africa Eastern and Southern,AFE,1985,5459229925.63248
Africa Eastern and Southern,AFE,1984,4588420012.47406
Africa Eastern and Southern,AFE,1983,4704879937.89651
Africa Eastern and Southern,AFE,1982,4830960004.80652
Africa Eastern and Southern,AFE,1981,4549970002.65121
Africa Eastern and Southern,AFE,1980,4669250015.02037
Africa Eastern and Southern,AFE,1979,3852599973.44017
Africa Eastern and Southern,AFE,1978,2778050024.03259
Africa Eastern and Southern,AFE,1977,2117160013.67569
Africa Eastern and Southern,AFE,1976,1689510023.11707
Africa Eastern and Southern,AFE,1975,1871239952.0278
Africa Eastern and Southern,AFE,1974,1265530004.68016
Africa Eastern and Southern,AFE,1973,804809999.719262
Africa Eastern and Southern,AFE,1972,688990003.872663
Africa Eastern and Southern,AFE,1971,563959994.575008
Africa Eastern and Southern,AFE,1970,491530003.177002
Africa Eastern and Southern,AFE,1969,
Africa Eastern and Southern,AFE,1968,
Africa Eastern and Southern,AFE,1967,
Africa Eastern and Southern,AFE,1966,
Africa Eastern and Southern,AFE,1965,
Africa Eastern and Southern,AFE,1964,
Africa Eastern and Southern,AFE,1963,
Africa Eastern and Southern,AFE,1962,
Africa Eastern and Southern,AFE,1961,
Africa Eastern and Southern,AFE,1960,
Africa Western and Central,AFW,2025,
Africa Western and Central,AFW,2024,
Africa Western and Central,AFW,2023,
Africa Western and Central,AFW,2022,
Africa Western and Central,AFW,2021,
Africa Western and Central,AFW,2020,
Africa Western and Central,AFW,2019,18431019996.6431
Africa Western and Central,AFW,2018,16573919943.3327
Africa Western and Central,AFW,2017,15917469878.6736
Africa Western and Central,AFW,2016,13834239950.1801
Africa Western and Central,AFW,2015,14652700120.9259
Africa Western and Central,AFW,2014,14729140147.686
Africa Western and Central,AFW,2013,14105610011.1008
Africa Western and Central,AFW,2012,15529890200.6149
Africa Western and Central,AFW,2011,14186749874.115
Africa Western and Central,AFW,2010,15345270011.9019
Africa Western and Central,AFW,2009,14215949983.5968
Africa Western and Central,AFW,2008,12531550003.0518
Africa Western and Central,AFW,2007,12652500106.8115
Africa Western and Central,AFW,2006,20366009918.2129
Africa Western and Central,AFW,2005,14364720142.3645
Africa Western and Central,AFW,2004,8213159975.05188
Africa Western and Central,AFW,2003,6514859987.25891
Africa Western and Central,AFW,2002,6247569955.82581
Africa Western and Central,AFW,2001,4705749979.97284
Africa Western and Central,AFW,2000,4049070066.45203
Africa Western and Central,AFW,1999,4772110036.84998
Africa Western and Central,AFW,1998,5644260025.02442
Africa Western and Central,AFW,1997,5283050033.56934
Africa Western and Central,AFW,1996,6707550060.27222
Africa Western and Central,AFW,1995,6911829978.94287
Africa Western and Central,AFW,1994,7606889926.91041
Africa Western and Central,AFW,1993,6321599979.40064
Africa Western and Central,AFW,1992,6609010009.76563
Africa Western and Central,AFW,1991,6558540054.32129
Africa Western and Central,AFW,1990,6473519947.052
Africa Western and Central,AFW,1989,5882469989.77661
Africa Western and Central,AFW,1988,5026420055.38941
Africa Western and Central,AFW,1987,4334899929.04663
Africa Western and Central,AFW,1986,4007109979.62952
Africa Western and Central,AFW,1985,2929300014.49585
Africa Western and Central,AFW,1984,2834980006.21796
Africa Western and Central,AFW,1983,2482990002.63214
Africa Western and Central,AFW,1982,2614319970.13092
Africa Western and Central,AFW,1981,2649729988.09815
Africa Western and Central,AFW,1980,2706670009.61304
Africa Western and Central,AFW,1979,2460689999.58038
Africa Western and Central,AFW,1978,2107920005.61953
Africa Western and Central,AFW,1977,1509669982.73134
Africa Western and Central,AFW,1976,1382409999.75801
Africa Western and Central,AFW,1975,1441460011.24382
Africa Western and Central,AFW,1974,1159600009.91821
Africa Western and Central,AFW,1973,781199999.818578
Africa Western and Central,AFW,1972,610400006.29425
Africa Western and Central,AFW,1971,602020000.085235
Africa Western and Central,AFW,1970,542780003.070831
Africa Western and Central,AFW,1969,
Africa Western and Central,AFW,1968,
Africa Western and Central,AFW,1967,
Africa Western and Central,AFW,1966,
Africa Western and Central,AFW,1965,
Africa Western and Central,AFW,1964,
Africa Western and Central,AFW,1963,
Africa Western and Central,AFW,1962,
Africa Western and Central,AFW,1961,
Africa Western and Central,AFW,1960,
Arab World,ARB,2025,
Arab World,ARB,2024,
Arab World,ARB,2023,
Arab World,ARB,2022,
Arab World,ARB,2021,40139670440.6738
Arab World,ARB,2020,32811099685.669
Arab World,ARB,2019,30092379943.8477
Arab World,ARB,2018,33943020240.7837
Arab World,ARB,2017,30002789398.1934
Arab World,ARB,2016,27757370086.6699
Arab World,ARB,2015,20726810295.105
Arab World,ARB,2014,22269969970.7031
Arab World,ARB,2013,22498559654.2358
Arab World,ARB,2012,15120080116.272
Arab World,ARB,2011,13655589836.1206
Arab World,ARB,2010,12318010100.8415
Arab World,ARB,2009,14318619856.8642
Arab World,ARB,2008,22708910317.3614
Arab World,ARB,2007,19061669792.1753
Arab World,ARB,2006,17562190309.5245
Arab World,ARB,2005,29295579914.093
Arab World,ARB,2004,11674739841.4612
Arab World,ARB,2003,9084489860.53467
Arab World,ARB,2002,5307289940.83405
Arab World,ARB,2001,5475920011.28197
Arab World,ARB,2000,5082809939.8613
Arab World,ARB,1999,5512709961.89118
Arab World,ARB,1998,6482210033.65517
Arab World,ARB,1997,5885569985.74734
Arab World,ARB,1996,6374499894.85741
Arab World,ARB,1995,6020099861.86027
Arab World,ARB,1994,7671250001.43052
Arab World,ARB,1993,7335299915.0753
Arab World,ARB,1992,8300329899.54949
Arab World,ARB,1991,11533449827.1942
Arab World,ARB,1990,12762750096.0827
Arab World,ARB,1989,5128569936.99074
Arab World,ARB,1988,5300050009.60827
Arab World,ARB,1987,6784450071.09642
Arab World,ARB,1986,6399709944.2482
Arab World,ARB,1985,6729439941.28704
Arab World,ARB,1984,6031929985.88086
Arab World,ARB,1983,6480009941.3395
Arab World,ARB,1982,7479719998.71732
Arab World,ARB,1981,8876639943.33149
Arab World,ARB,1980,9272629957.25869
Arab World,ARB,1979,8042799885.79453
Arab World,ARB,1978,6880979954.79406
Arab World,ARB,1977,6996859862.86402
Arab World,ARB,1976,5924509939.13412
Arab World,ARB,1975,5702299892.99179
Arab World,ARB,1974,3869830047.78624
Arab World,ARB,1973,2169269978.22523
Arab World,ARB,1972,875479998.365044
Arab World,ARB,1971,730710006.214679
Arab World,ARB,1970,713500001.106411
Arab World,ARB,1969,
Arab World,ARB,1968,
Arab World,ARB,1967,
Arab World,ARB,1966,
Arab World,ARB,1965,
Arab World,ARB,1964,
Arab World,ARB,1963,
Arab World,ARB,1962,
Arab World,ARB,1961,
Arab World,ARB,1960,
Caribbean small states,CSS,2025,
Caribbean small states,CSS,2024,
Caribbean small states,CSS,2023,
Caribbean small states,CSS,2022,
Caribbean small states,CSS,2021,681949996.948242
Caribbean small states,CSS,2020,549110000.610352
Caribbean small states,CSS,2019,505739999.771118
Caribbean small states,CSS,2018,355490000.724793
Caribbean small states,CSS,2017,229609999.656677
Caribbean small states,CSS,2016,190039995.849133
Caribbean small states,CSS,2015,200019999.742508
Caribbean small states,CSS,2014,395360001.325608
Caribbean small states,CSS,2013,353049994.34948
Caribbean small states,CSS,2012,301819994.688034
Caribbean small states,CSS,2011,364670004.844665
Caribbean small states,CSS,2010,547880008.69751
Caribbean small states,CSS,2009,619740011.215211
Caribbean small states,CSS,2008,501199993.610381
Caribbean small states,CSS,2007,459759999.752045
Caribbean small states,CSS,2006,330789992.928505
Caribbean small states,CSS,2005,299590001.702309
Caribbean small states,CSS,2004,288579994.484783
Caribbean small states,CSS,2003,164960000.604391
Caribbean small states,CSS,2002,230720001.69754
Caribbean small states,CSS,2001,244780000.030994
Caribbean small states,CSS,2000,197860003.471375
Caribbean small states,CSS,1999,235580001.056194
Caribbean small states,CSS,1998,294440000.057221
Caribbean small states,CSS,1997,510159994.602204
Caribbean small states,CSS,1996,433570008.039474
Caribbean small states,CSS,1995,444520002.60353
Caribbean small states,CSS,1994,403199995.51773
Caribbean small states,CSS,1993,379549999.475479
Caribbean small states,CSS,1992,389990002.870559
Caribbean small states,CSS,1991,447869994.521141
Caribbean small states,CSS,1990,624019990.205765
Caribbean small states,CSS,1989,478010003.328323
Caribbean small states,CSS,1988,358569998.264313
Caribbean small states,CSS,1987,338969993.710518
Caribbean small states,CSS,1986,332039996.743202
Caribbean small states,CSS,1985,292949998.795986
Caribbean small states,CSS,1984,274289998.531342
Caribbean small states,CSS,1983,264030000.567437
Caribbean small states,CSS,1982,361820002.198219
Caribbean small states,CSS,1981,359529994.845391
Caribbean small states,CSS,1980,297810003.16143
Caribbean small states,CSS,1979,294360001.206398
Caribbean small states,CSS,1978,259689998.149872
Caribbean small states,CSS,1977,167110000.818968
Caribbean small states,CSS,1976,191250000.298023
Caribbean small states,CSS,1975,130080000.221729
Caribbean small states,CSS,1974,118059997.916222
Caribbean small states,CSS,1973,65540001.2433529
Caribbean small states,CSS,1972,77500000.0000001
Caribbean small states,CSS,1971,75370002.0313264
Caribbean small states,CSS,1970,66449999.1685152
Caribbean small states,CSS,1969,
Caribbean small states,CSS,1968,
Caribbean small states,CSS,1967,
Caribbean small states,CSS,1966,
Caribbean small states,CSS,1965,
Caribbean small states,CSS,1964,
Caribbean small states,CSS,1963,
Caribbean small states,CSS,1962,
Caribbean small states,CSS,1961,
Caribbean small states,CSS,1960,
Central Europe and the Baltics,CEB,2025,
Central Europe and the Baltics,CEB,2024,
Central Europe and the Baltics,CEB,2023,
Central Europe and the Baltics,CEB,2022,
Central Europe and the Baltics,CEB,2021,
Central Europe and the Baltics,CEB,2020,
Central Europe and the Baltics,CEB,2019,
Central Europe and the Baltics,CEB,2018,
Central Europe and the Baltics,CEB,2017,
Central Europe and the Baltics,CEB,2016,
Central Europe and the Baltics,CEB,2015,
Central Europe and the Baltics,CEB,2014,
Central Europe and the Baltics,CEB,2013,
Central Europe and the Baltics,CEB,2012,
Central Europe and the Baltics,CEB,2011,280000.001192093
Central Europe and the Baltics,CEB,2010,131550003.051758
Central Europe and the Baltics,CEB,2009,168830001.831055
Central Europe and the Baltics,CEB,2008,241059997.558594
Central Europe and the Baltics,CEB,2007,162910003.662109
Central Europe and the Baltics,CEB,2006,196509994.506836
Central Europe and the Baltics,CEB,2005,123459999.084473
Central Europe and the Baltics,CEB,2004,4593440048.21778
Central Europe and the Baltics,CEB,2003,3621069999.69483
Central Europe and the Baltics,CEB,2002,2539330001.83105
Central Europe and the Baltics,CEB,2001,3387929992.67578
Central Europe and the Baltics,CEB,2000,3312410030.36499
Central Europe and the Baltics,CEB,1999,3112050014.49585
Central Europe and the Baltics,CEB,1998,2719800010.68115
Central Europe and the Baltics,CEB,1997,2047759986.87744
Central Europe and the Baltics,CEB,1996,2441979984.28345
Central Europe and the Baltics,CEB,1995,4606249889.37378
Central Europe and the Baltics,CEB,1994,2856520025.2533
Central Europe and the Baltics,CEB,1993,1811910057.54471
Central Europe and the Baltics,CEB,1992,2534100026.85525
Central Europe and the Baltics,CEB,1991,4138359970.09278
Central Europe and the Baltics,CEB,1990,1664830025.67292
Central Europe and the Baltics,CEB,1989,
Central Europe and the Baltics,CEB,1988,
Central Europe and the Baltics,CEB,1987,
Central Europe and the Baltics,CEB,1986,
Central Europe and the Baltics,CEB,1985,
Central Europe and the Baltics,CEB,1984,
Central Europe and the Baltics,CEB,1983,
Central Europe and the Baltics,CEB,1982,
Central Europe and the Baltics,CEB,1981,
Central Europe and the Baltics,CEB,1980,
Central Europe and the Baltics,CEB,1979,
Central Europe and the Baltics,CEB,1978,
Central Europe and the Baltics,CEB,1977,
Central Europe and the Baltics,CEB,1976,
Central Europe and the Baltics,CEB,1975,
Central Europe and the Baltics,CEB,1974,
Central Europe and the Baltics,CEB,1973,
Central Europe and the Baltics,CEB,1972,
Central Europe and the Baltics,CEB,1971,
Central Europe and the Baltics,CEB,1970,
Central Europe and the Baltics,CEB,1969,
Central Europe and the Baltics,CEB,1968,
Central Europe and the Baltics,CEB,1967,
Central Europe and the Baltics,CEB,1966,
Central Europe and the Baltics,CEB,1965,
Central Europe and the Baltics,CEB,1964,
Central Europe and the Baltics,CEB,1963,
Central Europe and the Baltics,CEB,1962,
Central Europe and the Baltics,CEB,1961,
Central Europe and the Baltics,CEB,1960,
Early-demographic dividend,EAR,2025,
Early-demographic dividend,EAR,2024,
Early-demographic dividend,EAR,2023,
Early-demographic dividend,EAR,2022,
Early-demographic dividend,EAR,2021,66938980470.6574
Early-demographic dividend,EAR,2020,63352999917.9841
Early-demographic dividend,EAR,2019,53835359948.1583
Early-demographic dividend,EAR,2018,58034579896.9269
Early-demographic dividend,EAR,2017,53245169416.7853
Early-demographic dividend,EAR,2016,51014930726.0514
Early-demographic dividend,EAR,2015,45448790090.5609
Early-demographic dividend,EAR,2014,46261430172.9202
Early-demographic dividend,EAR,2013,48296170206.07
Early-demographic dividend,EAR,2012,36020020087.2421
Early-demographic dividend,EAR,2011,37706159850.1206
Early-demographic dividend,EAR,2010,34977840034.008
Early-demographic dividend,EAR,2009,32462730265.6472
Early-demographic dividend,EAR,2008,30483740059.793
Early-demographic dividend,EAR,2007,24696609859.4665
Early-demographic dividend,EAR,2006,23083769884.5863
Early-demographic dividend,EAR,2005,23587419960.9757
Early-demographic dividend,EAR,2004,20893070011.1389
Early-demographic dividend,EAR,2003,20623490048.4085
Early-demographic dividend,EAR,2002,19856429999.8284
Early-demographic dividend,EAR,2001,19376930082.3212
Early-demographic dividend,EAR,2000,17243230071.0678
Early-demographic dividend,EAR,1999,18956590032.5775
Early-demographic dividend,EAR,1998,18942489817.6193
Early-demographic dividend,EAR,1997,17832949988.246
Early-demographic dividend,EAR,1996,21697359842.7773
Early-demographic dividend,EAR,1995,20681529900.5508
Early-demographic dividend,EAR,1994,23588929959.5356
Early-demographic dividend,EAR,1993,21425019969.9402
Early-demographic dividend,EAR,1992,25219759895.3247
Early-demographic dividend,EAR,1991,28261119792.9084
Early-demographic dividend,EAR,1990,26022280222.8928
Early-demographic dividend,EAR,1989,17853330005.8842
Early-demographic dividend,EAR,1988,17906280151.1288
Early-demographic dividend,EAR,1987,17478590108.8715
Early-demographic dividend,EAR,1986,16953119836.8073
Early-demographic dividend,EAR,1985,14763110017.7765
Early-demographic dividend,EAR,1984,13994999941.8259
Early-demographic dividend,EAR,1983,14107099945.0777
Early-demographic dividend,EAR,1982,14552219978.9286
Early-demographic dividend,EAR,1981,15282969951.6296
Early-demographic dividend,EAR,1980,17165419961.4525
Early-demographic dividend,EAR,1979,14513709958.0765
Early-demographic dividend,EAR,1978,11826199945.2412
Early-demographic dividend,EAR,1977,10322779876.2918
Early-demographic dividend,EAR,1976,10909079931.9744
Early-demographic dividend,EAR,1975,10703029906.2729
Early-demographic dividend,EAR,1974,7524590045.69053
Early-demographic dividend,EAR,1973,5456259986.74706
Early-demographic dividend,EAR,1972,3559670043.36789
Early-demographic dividend,EAR,1971,3577440027.43065
Early-demographic dividend,EAR,1970,3211459954.73862
Early-demographic dividend,EAR,1969,
Early-demographic dividend,EAR,1968,
Early-demographic dividend,EAR,1967,
Early-demographic dividend,EAR,1966,
Early-demographic dividend,EAR,1965,
Early-demographic dividend,EAR,1964,
Early-demographic dividend,EAR,1963,
Early-demographic dividend,EAR,1962,
Early-demographic dividend,EAR,1961,
Early-demographic dividend,EAR,1960,
East Asia & Pacific,EAS,2025,
East Asia & Pacific,EAS,2024,
East Asia & Pacific,EAS,2023,
East Asia & Pacific,EAS,2022,
East Asia & Pacific,EAS,2021,10515909809.1125
East Asia & Pacific,EAS,2020,12714009916.7824
East Asia & Pacific,EAS,2019,7119960081.33888
East Asia & Pacific,EAS,2018,8280039897.9187
East Asia & Pacific,EAS,2017,8414689969.53964
East Asia & Pacific,EAS,2016,7720130126.95313
East Asia & Pacific,EAS,2015,8525499851.58443
East Asia & Pacific,EAS,2014,9495230051.99432
East Asia & Pacific,EAS,2013,12010670212.7457
East Asia & Pacific,EAS,2012,8868360128.40271
East Asia & Pacific,EAS,2011,7499870029.44946
East Asia & Pacific,EAS,2010,9439890192.5087
East Asia & Pacific,EAS,2009,9501000046.73004
East Asia & Pacific,EAS,2008,8444590152.26364
East Asia & Pacific,EAS,2007,8339119774.81842
East Asia & Pacific,EAS,2006,7555189963.34076
East Asia & Pacific,EAS,2005,9265909940.24277
East Asia & Pacific,EAS,2004,7763009976.02195
East Asia & Pacific,EAS,2003,7332029943.5556
East Asia & Pacific,EAS,2002,7676680060.02903
East Asia & Pacific,EAS,2001,7670310080.02162
East Asia & Pacific,EAS,2000,8813160100.34084
East Asia & Pacific,EAS,1999,10195439996.4139
East Asia & Pacific,EAS,1998,8840529851.2429
East Asia & Pacific,EAS,1997,7108580163.65767
East Asia & Pacific,EAS,1996,8456159858.24168
East Asia & Pacific,EAS,1995,10441589925.278
East Asia & Pacific,EAS,1994,9899780047.24905
East Asia & Pacific,EAS,1993,9703379845.63783
East Asia & Pacific,EAS,1992,10139560017.0288
East Asia & Pacific,EAS,1991,7794559966.97396
East Asia & Pacific,EAS,1990,8059170010.73807
East Asia & Pacific,EAS,1989,7443490009.97096
East Asia & Pacific,EAS,1988,7081229995.41834
East Asia & Pacific,EAS,1987,6113060119.69969
East Asia & Pacific,EAS,1986,5165079995.22984
East Asia & Pacific,EAS,1985,4117219956.43526
East Asia & Pacific,EAS,1984,4074929915.4561
East Asia & Pacific,EAS,1983,3990109980.67074
East Asia & Pacific,EAS,1982,3938030020.62812
East Asia & Pacific,EAS,1981,4382619966.3654
East Asia & Pacific,EAS,1980,3911450014.05105
East Asia & Pacific,EAS,1979,3464959982.49203
East Asia & Pacific,EAS,1978,2944349992.2324
East Asia & Pacific,EAS,1977,2234010014.64762
East Asia & Pacific,EAS,1976,2201660000.45836
East Asia & Pacific,EAS,1975,2505739979.79052
East Asia & Pacific,EAS,1974,2877359982.79601
East Asia & Pacific,EAS,1973,2421879970.32702
East Asia & Pacific,EAS,1972,2306280014.20572
East Asia & Pacific,EAS,1971,2040270000.02936
East Asia & Pacific,EAS,1970,1764119997.7342
East Asia & Pacific,EAS,1969,1701369957.60165
East Asia & Pacific,EAS,1968,1518870009.99041
East Asia & Pacific,EAS,1967,1473300001.88202
East Asia & Pacific,EAS,1966,1288840025.73788
East Asia & Pacific,EAS,1965,1074499993.86072
East Asia & Pacific,EAS,1964,800860012.728721
East Asia & Pacific,EAS,1963,904570015.71916
East Asia & Pacific,EAS,1962,887390002.496541
East Asia & Pacific,EAS,1961,840580000.108108
East Asia & Pacific,EAS,1960,888420015.307143
East Asia & Pacific (excluding high income),EAP,2025,
East Asia & Pacific (excluding high income),EAP,2024,
East Asia & Pacific (excluding high income),EAP,2023,
East Asia & Pacific (excluding high income),EAP,2022,
East Asia & Pacific (excluding high income),EAP,2021,10515909809.1125
East Asia & Pacific (excluding high income),EAP,2020,12714009916.7824
East Asia & Pacific (excluding high income),EAP,2019,7119960081.33888
East Asia & Pacific (excluding high income),EAP,2018,8280039897.9187
East Asia & Pacific (excluding high income),EAP,2017,8414689969.53964
East Asia & Pacific (excluding high income),EAP,2016,7720130126.95313
East Asia & Pacific (excluding high income),EAP,2015,8525499851.58443
East Asia & Pacific (excluding high income),EAP,2014,9495230051.99432
East Asia & Pacific (excluding high income),EAP,2013,12010670212.7457
East Asia & Pacific (excluding high income),EAP,2012,8868360128.40271
East Asia & Pacific (excluding high income),EAP,2011,7499870029.44946
East Asia & Pacific (excluding high income),EAP,2010,9439890192.5087
East Asia & Pacific (excluding high income),EAP,2009,9501000046.73004
East Asia & Pacific (excluding high income),EAP,2008,8444590152.26364
East Asia & Pacific (excluding high income),EAP,2007,8339119774.81842
East Asia & Pacific (excluding high income),EAP,2006,7555189963.34076
East Asia & Pacific (excluding high income),EAP,2005,9265909940.24277
East Asia & Pacific (excluding high income),EAP,2004,6698899950.02747
East Asia & Pacific (excluding high income),EAP,2003,6797159977.43607
East Asia & Pacific (excluding high income),EAP,2002,6999100062.3703
East Asia & Pacific (excluding high income),EAP,2001,7084490101.57585
East Asia & Pacific (excluding high income),EAP,2000,8242370089.76936
East Asia & Pacific (excluding high income),EAP,1999,9566739985.466
East Asia & Pacific (excluding high income),EAP,1998,8096189836.8597
East Asia & Pacific (excluding high income),EAP,1997,6543680136.20377
East Asia & Pacific (excluding high income),EAP,1996,7759069830.49214
East Asia & Pacific (excluding high income),EAP,1995,9448259942.01377
East Asia & Pacific (excluding high income),EAP,1994,9179850052.87454
East Asia & Pacific (excluding high income),EAP,1993,8854749848.2056
East Asia & Pacific (excluding high income),EAP,1992,9458129997.29253
East Asia & Pacific (excluding high income),EAP,1991,7038869975.86489
East Asia & Pacific (excluding high income),EAP,1990,7305410003.60996
East Asia & Pacific (excluding high income),EAP,1989,6520190013.02868
East Asia & Pacific (excluding high income),EAP,1988,6285299989.77855
East Asia & Pacific (excluding high income),EAP,1987,5302280106.71958
East Asia & Pacific (excluding high income),EAP,1986,4455649995.52071
East Asia & Pacific (excluding high income),EAP,1985,3613709959.75286
East Asia & Pacific (excluding high income),EAP,1984,3563269933.01325
East Asia & Pacific (excluding high income),EAP,1983,3456439982.97863
East Asia & Pacific (excluding high income),EAP,1982,3387400020.7223
East Asia & Pacific (excluding high income),EAP,1981,3579729967.7413
East Asia & Pacific (excluding high income),EAP,1980,3280489999.44143
East Asia & Pacific (excluding high income),EAP,1979,2905619991.76815
East Asia & Pacific (excluding high income),EAP,1978,2457819982.86583
East Asia & Pacific (excluding high income),EAP,1977,1712770019.33195
East Asia & Pacific (excluding high income),EAP,1976,1778789998.56114
East Asia & Pacific (excluding high income),EAP,1975,2049509985.45997
East Asia & Pacific (excluding high income),EAP,1974,2446089990.98279
East Asia & Pacific (excluding high income),EAP,1973,1948919972.74756
East Asia & Pacific (excluding high income),EAP,1972,1762580024.30201
East Asia & Pacific (excluding high income),EAP,1971,1560019992.36643
East Asia & Pacific (excluding high income),EAP,1970,1358769985.10957
East Asia & Pacific (excluding high income),EAP,1969,1244949969.35129
East Asia & Pacific (excluding high income),EAP,1968,1163130004.4246
East Asia & Pacific (excluding high income),EAP,1967,1099080006.42061
East Asia & Pacific (excluding high income),EAP,1966,936370017.915964
East Asia & Pacific (excluding high income),EAP,1965,771439989.313483
East Asia & Pacific (excluding high income),EAP,1964,565500009.458512
East Asia & Pacific (excluding high income),EAP,1963,541000000.132248
East Asia & Pacific (excluding high income),EAP,1962,560949992.30653
East Asia & Pacific (excluding high income),EAP,1961,485030004.229397
East Asia & Pacific (excluding high income),EAP,1960,521840005.345643
East Asia & Pacific (IDA & IBRD countries),TEA,2025,
East Asia & Pacific (IDA & IBRD countries),TEA,2024,
East Asia & Pacific (IDA & IBRD countries),TEA,2023,
East Asia & Pacific (IDA & IBRD countries),TEA,2022,
East Asia & Pacific (IDA & IBRD countries),TEA,2021,9137949837.68464
East Asia & Pacific (IDA & IBRD countries),TEA,2020,11676939917.0876
East Asia & Pacific (IDA & IBRD countries),TEA,2019,6185010067.22451
East Asia & Pacific (IDA & IBRD countries),TEA,2018,7467159894.94324
East Asia & Pacific (IDA & IBRD countries),TEA,2017,7501439985.27527
East Asia & Pacific (IDA & IBRD countries),TEA,2016,6993940140.72419
East Asia & Pacific (IDA & IBRD countries),TEA,2015,7703729875.92221
East Asia & Pacific (IDA & IBRD countries),TEA,2014,8651560068.13049
East Asia & Pacific (IDA & IBRD countries),TEA,2013,11180440219.8792
East Asia & Pacific (IDA & IBRD countries),TEA,2012,8085950115.20386
East Asia & Pacific (IDA & IBRD countries),TEA,2011,6583340042.11426
East Asia & Pacific (IDA & IBRD countries),TEA,2010,8729360179.4243
East Asia & Pacific (IDA & IBRD countries),TEA,2009,8871530036.92628
East Asia & Pacific (IDA & IBRD countries),TEA,2008,7481530153.27454
East Asia & Pacific (IDA & IBRD countries),TEA,2007,7733009768.48603
East Asia & Pacific (IDA & IBRD countries),TEA,2006,7037449972.15272
East Asia & Pacific (IDA & IBRD countries),TEA,2005,8529419942.85583
East Asia & Pacific (IDA & IBRD countries),TEA,2004,6153709942.8177
East Asia & Pacific (IDA & IBRD countries),TEA,2003,6394419982.43332
East Asia & Pacific (IDA & IBRD countries),TEA,2002,6564070068.35938
East Asia & Pacific (IDA & IBRD countries),TEA,2001,6799360099.79248
East Asia & Pacific (IDA & IBRD countries),TEA,2000,7946010089.39743
East Asia & Pacific (IDA & IBRD countries),TEA,1999,9101279994.48777
East Asia & Pacific (IDA & IBRD countries),TEA,1998,7770779838.91964
East Asia & Pacific (IDA & IBRD countries),TEA,1997,6248800138.17549
East Asia & Pacific (IDA & IBRD countries),TEA,1996,7540949830.12975
East Asia & Pacific (IDA & IBRD countries),TEA,1995,9197609946.50797
East Asia & Pacific (IDA & IBRD countries),TEA,1994,8889080050.93039
East Asia & Pacific (IDA & IBRD countries),TEA,1993,8673469849.17857
East Asia & Pacific (IDA & IBRD countries),TEA,1992,9303789994.51735
East Asia & Pacific (IDA & IBRD countries),TEA,1991,6889849976.12238
East Asia & Pacific (IDA & IBRD countries),TEA,1990,7116500005.01425
East Asia & Pacific (IDA & IBRD countries),TEA,1989,6363840010.45301
East Asia & Pacific (IDA & IBRD countries),TEA,1988,6125269986.35009
East Asia & Pacific (IDA & IBRD countries),TEA,1987,5164860109.3851
East Asia & Pacific (IDA & IBRD countries),TEA,1986,4355949997.28352
East Asia & Pacific (IDA & IBRD countries),TEA,1985,3545439959.33607
East Asia & Pacific (IDA & IBRD countries),TEA,1984,3501789932.0405
East Asia & Pacific (IDA & IBRD countries),TEA,1983,3385139981.71501
East Asia & Pacific (IDA & IBRD countries),TEA,1982,3321610018.73389
East Asia & Pacific (IDA & IBRD countries),TEA,1981,3524299967.07849
East Asia & Pacific (IDA & IBRD countries),TEA,1980,3224909999.63693
East Asia & Pacific (IDA & IBRD countries),TEA,1979,2835589990.12783
East Asia & Pacific (IDA & IBRD countries),TEA,1978,2314239983.83619
East Asia & Pacific (IDA & IBRD countries),TEA,1977,1641210019.65739
East Asia & Pacific (IDA & IBRD countries),TEA,1976,1718489997.32733
East Asia & Pacific (IDA & IBRD countries),TEA,1975,1966279986.20085
East Asia & Pacific (IDA & IBRD countries),TEA,1974,2400669990.78728
East Asia & Pacific (IDA & IBRD countries),TEA,1973,1929919972.53895
East Asia & Pacific (IDA & IBRD countries),TEA,1972,1743340023.87524
East Asia & Pacific (IDA & IBRD countries),TEA,1971,1549209992.34915
East Asia & Pacific (IDA & IBRD countries),TEA,1970,1328109985.17275
East Asia & Pacific (IDA & IBRD countries),TEA,1969,
East Asia & Pacific (IDA & IBRD countries),TEA,1968,
East Asia & Pacific (IDA & IBRD countries),TEA,1967,
East Asia & Pacific (IDA & IBRD countries),TEA,1966,
East Asia & Pacific (IDA & IBRD countries),TEA,1965,
East Asia & Pacific (IDA & IBRD countries),TEA,1964,
East Asia & Pacific (IDA & IBRD countries),TEA,1963,
East Asia & Pacific (IDA & IBRD countries),TEA,1962,
East Asia & Pacific (IDA & IBRD countries),TEA,1961,
East Asia & Pacific (IDA & IBRD countries),TEA,1960,
Euro area,EMU,2025,
Euro area,EMU,2024,
Euro area,EMU,2023,
Euro area,EMU,2022,
Euro area,EMU,2021,
Euro area,EMU,2020,
Euro area,EMU,2019,
Euro area,EMU,2018,
Euro area,EMU,2017,
Euro area,EMU,2016,
Euro area,EMU,2015,
Euro area,EMU,2014,
Euro area,EMU,2013,
Euro area,EMU,2012,
Euro area,EMU,2011,
Euro area,EMU,2010,
Euro area,EMU,2009,
Euro area,EMU,2008,
Euro area,EMU,2007,
Euro area,EMU,2006,
Euro area,EMU,2005,
Euro area,EMU,2004,909679990.291596
Euro area,EMU,2003,810130004.882814
Euro area,EMU,2002,512519995.689391
Euro area,EMU,2001,644909987.688065
Euro area,EMU,2000,501679998.397828
Euro area,EMU,1999,743119989.395141
Euro area,EMU,1998,569990007.400513
Euro area,EMU,1997,482340003.967285
Euro area,EMU,1996,496819993.972778
Euro area,EMU,1995,481670002.937317
Euro area,EMU,1994,364780000.686646
Euro area,EMU,1993,260150003.910065
Euro area,EMU,1992,372689999.580383
Euro area,EMU,1991,199009994.506836
Euro area,EMU,1990,50580000.4005432
Euro area,EMU,1989,35530001.6403198
Euro area,EMU,1988,41379999.1607667
Euro area,EMU,1987,39889999.7472763
Euro area,EMU,1986,41809999.4659423
Euro area,EMU,1985,55190000.5340577
Euro area,EMU,1984,28229999.5422363
Euro area,EMU,1983,62599998.4741211
Euro area,EMU,1982,55959999.0844727
Euro area,EMU,1981,93180000.3051758
Euro area,EMU,1980,68610000.6103516
Euro area,EMU,1979,81709999.0844726
Euro area,EMU,1978,87139999.3896485
Euro area,EMU,1977,126180002.212524
Euro area,EMU,1976,86459999.0844726
Euro area,EMU,1975,64800001.1444092
Euro area,EMU,1974,42780000.6866455
Euro area,EMU,1973,35569999.6948242
Euro area,EMU,1972,22340000.1525879
Euro area,EMU,1971,22020000.9346008
Euro area,EMU,1970,25419999.5994568
Euro area,EMU,1969,
Euro area,EMU,1968,
Euro area,EMU,1967,
Euro area,EMU,1966,
Euro area,EMU,1965,
Euro area,EMU,1964,
Euro area,EMU,1963,
Euro area,EMU,1962,
Euro area,EMU,1961,
Euro area,EMU,1960,
Europe & Central Asia,ECS,2025,
Europe & Central Asia,ECS,2024,
Europe & Central Asia,ECS,2023,
Europe & Central Asia,ECS,2022,
Europe & Central Asia,ECS,2021,9729970041.27502
Europe & Central Asia,ECS,2020,10809940140.7242
Europe & Central Asia,ECS,2019,7293069937.70599
Europe & Central Asia,ECS,2018,8219139943.12286
Europe & Central Asia,ECS,2017,9776500093.93692
Europe & Central Asia,ECS,2016,9732459959.98383
Europe & Central Asia,ECS,2015,8548860034.46579
Europe & Central Asia,ECS,2014,10380229999.5422
Europe & Central Asia,ECS,2013,8997940103.53088
Europe & Central Asia,ECS,2012,9997339969.63501
Europe & Central Asia,ECS,2011,10442530050.2777
Europe & Central Asia,ECS,2010,7287750003.8147
Europe & Central Asia,ECS,2009,7847470006.94275
Europe & Central Asia,ECS,2008,7261619985.58044
Europe & Central Asia,ECS,2007,5956569953.91846
Europe & Central Asia,ECS,2006,6204140022.27783
Europe & Central Asia,ECS,2005,4947479958.77266
Europe & Central Asia,ECS,2004,11980080092.6685
Europe & Central Asia,ECS,2003,10626259920.15
Europe & Central Asia,ECS,2002,11357389890.1194
Europe & Central Asia,ECS,2001,9923140130.99671
Europe & Central Asia,ECS,2000,11086320044.9944
Europe & Central Asia,ECS,1999,11859099944.1147
Europe & Central Asia,ECS,1998,9147489945.29247
Europe & Central Asia,ECS,1997,7423490000.84401
Europe & Central Asia,ECS,1996,8986440028.19061
Europe & Central Asia,ECS,1995,12067309875.1307
Europe & Central Asia,ECS,1994,9909920143.12744
Europe & Central Asia,ECS,1993,9820459947.34764
Europe & Central Asia,ECS,1992,8522470060.83466
Europe & Central Asia,ECS,1991,8986729997.42068
Europe & Central Asia,ECS,1990,3750500007.87713
Europe & Central Asia,ECS,1989,305800008.067861
Europe & Central Asia,ECS,1988,430669996.023178
Europe & Central Asia,ECS,1987,521619996.547699
Europe & Central Asia,ECS,1986,452199990.868568
Europe & Central Asia,ECS,1985,294100004.196167
Europe & Central Asia,ECS,1984,324889996.647835
Europe & Central Asia,ECS,1983,445149983.406067
Europe & Central Asia,ECS,1982,739309999.227524
Europe & Central Asia,ECS,1981,833499974.489212
Europe & Central Asia,ECS,1980,1089759992.12265
Europe & Central Asia,ECS,1979,642619982.481003
Europe & Central Asia,ECS,1978,227190000.414848
Europe & Central Asia,ECS,1977,238390004.873276
Europe & Central Asia,ECS,1976,265139999.15123
Europe & Central Asia,ECS,1975,150880001.068115
Europe & Central Asia,ECS,1974,165709998.726845
Europe & Central Asia,ECS,1973,234849996.566772
Europe & Central Asia,ECS,1972,309609997.749329
Europe & Central Asia,ECS,1971,230849996.089935
Europe & Central Asia,ECS,1970,169880002.498627
Europe & Central Asia,ECS,1969,200999994.516373
Europe & Central Asia,ECS,1968,187020005.643368
Europe & Central Asia,ECS,1967,234319995.522499
Europe & Central Asia,ECS,1966,321910003.93033
Europe & Central Asia,ECS,1965,278230000.019073
Europe & Central Asia,ECS,1964,281510001.376271
Europe & Central Asia,ECS,1963,391630001.693964
Europe & Central Asia,ECS,1962,411990000.188351
Europe & Central Asia,ECS,1961,374550000.160933
Europe & Central Asia,ECS,1960,231469997.100532
Europe & Central Asia (excluding high income),ECA,2025,
Europe & Central Asia (excluding high income),ECA,2024,
Europe & Central Asia (excluding high income),ECA,2023,
Europe & Central Asia (excluding high income),ECA,2022,
Europe & Central Asia (excluding high income),ECA,2021,9729970041.27502
Europe & Central Asia (excluding high income),ECA,2020,10809940140.7242
Europe & Central Asia (excluding high income),ECA,2019,7293069937.70599
Europe & Central Asia (excluding high income),ECA,2018,8219139943.12286
Europe & Central Asia (excluding high income),ECA,2017,9776500093.93692
Europe & Central Asia (excluding high income),ECA,2016,9732459959.98383
Europe & Central Asia (excluding high income),ECA,2015,8548860034.46579
Europe & Central Asia (excluding high income),ECA,2014,10380229999.5422
Europe & Central Asia (excluding high income),ECA,2013,8997940103.53088
Europe & Central Asia (excluding high income),ECA,2012,9997339969.63501
Europe & Central Asia (excluding high income),ECA,2011,10442530050.2777
Europe & Central Asia (excluding high income),ECA,2010,7156200000.76294
Europe & Central Asia (excluding high income),ECA,2009,7678640005.11169
Europe & Central Asia (excluding high income),ECA,2008,7020559988.02185
Europe & Central Asia (excluding high income),ECA,2007,5793659950.25635
Europe & Central Asia (excluding high income),ECA,2006,6007630027.771
Europe & Central Asia (excluding high income),ECA,2005,4824019959.68819
Europe & Central Asia (excluding high income),ECA,2004,7516450002.67029
Europe & Central Asia (excluding high income),ECA,2003,6729569925.57644
Europe & Central Asia (excluding high income),ECA,2002,8151719859.60007
Europe & Central Asia (excluding high income),ECA,2001,6327280108.92868
Europe & Central Asia (excluding high income),ECA,2000,6721910048.96164
Europe & Central Asia (excluding high income),ECA,1999,7279829990.8638
Europe & Central Asia (excluding high income),ECA,1998,5684709937.09564
Europe & Central Asia (excluding high income),ECA,1997,4755910001.75476
Europe & Central Asia (excluding high income),ECA,1996,5407780021.66748
Europe & Central Asia (excluding high income),ECA,1995,5833949962.61597
Europe & Central Asia (excluding high income),ECA,1994,5425490098.95325
Europe & Central Asia (excluding high income),ECA,1993,5753469980.95513
Europe & Central Asia (excluding high income),ECA,1992,4334910058.25996
Europe & Central Asia (excluding high income),ECA,1991,4793210001.25445
Europe & Central Asia (excluding high income),ECA,1990,1986679969.5585
Europe & Central Asia (excluding high income),ECA,1989,198160005.340353
Europe & Central Asia (excluding high income),ECA,1988,331089998.722076
Europe & Central Asia (excluding high income),ECA,1987,413719993.591309
Europe & Central Asia (excluding high income),ECA,1986,358269990.921021
Europe & Central Asia (excluding high income),ECA,1985,190390006.065369
Europe & Central Asia (excluding high income),ECA,1984,243259995.698929
Europe & Central Asia (excluding high income),ECA,1983,358389985.322952
Europe & Central Asia (excluding high income),ECA,1982,639699999.809265
Europe & Central Asia (excluding high income),ECA,1981,712239975.92926
Europe & Central Asia (excluding high income),ECA,1980,935899991.989136
Europe & Central Asia (excluding high income),ECA,1979,554119983.673096
Europe & Central Asia (excluding high income),ECA,1978,130500000.0
Europe & Central Asia (excluding high income),ECA,1977,99880002.0217896
Europe & Central Asia (excluding high income),ECA,1976,157169998.168945
Europe & Central Asia (excluding high income),ECA,1975,84040000.9155273
Europe & Central Asia (excluding high income),ECA,1974,114029998.779297
Europe & Central Asia (excluding high income),ECA,1973,204519996.643066
Europe & Central Asia (excluding high income),ECA,1972,267659996.032715
Europe & Central Asia (excluding high income),ECA,1971,199719996.452332
Europe & Central Asia (excluding high income),ECA,1970,136620002.746582
Europe & Central Asia (excluding high income),ECA,1969,178239994.049072
Europe & Central Asia (excluding high income),ECA,1968,167690004.825592
Europe & Central Asia (excluding high income),ECA,1967,200879995.822906
Europe & Central Asia (excluding high income),ECA,1966,318340003.967285
Europe & Central Asia (excluding high income),ECA,1965,266000000.0
Europe & Central Asia (excluding high income),ECA,1964,263150001.525879
Europe & Central Asia (excluding high income),ECA,1963,377580001.831055
Europe & Central Asia (excluding high income),ECA,1962,395360000.610352
Europe & Central Asia (excluding high income),ECA,1961,353360000.610352
Europe & Central Asia (excluding high income),ECA,1960,207199996.948242
Europe & Central Asia (IDA & IBRD countries),TEC,2025,
Europe & Central Asia (IDA & IBRD countries),TEC,2024,
Europe & Central Asia (IDA & IBRD countries),TEC,2023,
Europe & Central Asia (IDA & IBRD countries),TEC,2022,
Europe & Central Asia (IDA & IBRD countries),TEC,2021,9445320037.84181
Europe & Central Asia (IDA & IBRD countries),TEC,2020,10617860145.5689
Europe & Central Asia (IDA & IBRD countries),TEC,2019,7067189931.86951
Europe & Central Asia (IDA & IBRD countries),TEC,2018,8053829940.79591
Europe & Central Asia (IDA & IBRD countries),TEC,2017,9626980091.09497
Europe & Central Asia (IDA & IBRD countries),TEC,2016,9600769960.40345
Europe & Central Asia (IDA & IBRD countries),TEC,2015,8392490032.19605
Europe & Central Asia (IDA & IBRD countries),TEC,2014,10142060001.3733
Europe & Central Asia (IDA & IBRD countries),TEC,2013,8756000102.99683
Europe & Central Asia (IDA & IBRD countries),TEC,2012,9791779972.07642
Europe & Central Asia (IDA & IBRD countries),TEC,2011,10248940049.4397
Europe & Central Asia (IDA & IBRD countries),TEC,2010,7066259998.32153
Europe & Central Asia (IDA & IBRD countries),TEC,2009,7475910011.29151
Europe & Central Asia (IDA & IBRD countries),TEC,2008,6923129980.08728
Europe & Central Asia (IDA & IBRD countries),TEC,2007,5648739955.9021
Europe & Central Asia (IDA & IBRD countries),TEC,2006,5910140022.27783
Europe & Central Asia (IDA & IBRD countries),TEC,2005,4873249961.13778
Europe & Central Asia (IDA & IBRD countries),TEC,2004,9506050085.06776
Europe & Central Asia (IDA & IBRD countries),TEC,2003,8303859910.0113
Europe & Central Asia (IDA & IBRD countries),TEC,2002,8883519886.01685
Europe & Central Asia (IDA & IBRD countries),TEC,2001,7824000171.66138
Europe & Central Asia (IDA & IBRD countries),TEC,2000,8461130050.65919
Europe & Central Asia (IDA & IBRD countries),TEC,1999,8602429974.55597
Europe & Central Asia (IDA & IBRD countries),TEC,1998,5952489957.80945
Europe & Central Asia (IDA & IBRD countries),TEC,1997,5019739957.80945
Europe & Central Asia (IDA & IBRD countries),TEC,1996,6357390007.01904
Europe & Central Asia (IDA & IBRD countries),TEC,1995,9441179912.56714
Europe & Central Asia (IDA & IBRD countries),TEC,1994,6327470064.16321
Europe & Central Asia (IDA & IBRD countries),TEC,1993,5521019953.4893
Europe & Central Asia (IDA & IBRD countries),TEC,1992,5501400008.21092
Europe & Central Asia (IDA & IBRD countries),TEC,1991,6319450052.52399
Europe & Central Asia (IDA & IBRD countries),TEC,1990,3435230003.12784
Europe & Central Asia (IDA & IBRD countries),TEC,1989,155260003.814473
Europe & Central Asia (IDA & IBRD countries),TEC,1988,287339998.722077
Europe & Central Asia (IDA & IBRD countries),TEC,1987,378869995.117188
Europe & Central Asia (IDA & IBRD countries),TEC,1986,339959991.455078
Europe & Central Asia (IDA & IBRD countries),TEC,1985,180100006.103516
Europe & Central Asia (IDA & IBRD countries),TEC,1984,240479995.727539
Europe & Central Asia (IDA & IBRD countries),TEC,1983,355859985.351563
Europe & Central Asia (IDA & IBRD countries),TEC,1982,647500000.0
Europe & Central Asia (IDA & IBRD countries),TEC,1981,727099975.585938
Europe & Central Asia (IDA & IBRD countries),TEC,1980,952929992.675781
Europe & Central Asia (IDA & IBRD countries),TEC,1979,583419982.910156
Europe & Central Asia (IDA & IBRD countries),TEC,1978,175610000.610352
Europe & Central Asia (IDA & IBRD countries),TEC,1977,93010002.1362305
Europe & Central Asia (IDA & IBRD countries),TEC,1976,126029998.779297
Europe & Central Asia (IDA & IBRD countries),TEC,1975,58490001.6784668
Europe & Central Asia (IDA & IBRD countries),TEC,1974,50189998.626709
Europe & Central Asia (IDA & IBRD countries),TEC,1973,82919998.1689453
Europe & Central Asia (IDA & IBRD countries),TEC,1972,232509994.506836
Europe & Central Asia (IDA & IBRD countries),TEC,1971,203589996.337891
Europe & Central Asia (IDA & IBRD countries),TEC,1970,175800003.051758
Europe & Central Asia (IDA & IBRD countries),TEC,1969,
Europe & Central Asia (IDA & IBRD countries),TEC,1968,
Europe & Central Asia (IDA & IBRD countries),TEC,1967,
Europe & Central Asia (IDA & IBRD countries),TEC,1966,
Europe & Central Asia (IDA & IBRD countries),TEC,1965,
Europe & Central Asia (IDA & IBRD countries),TEC,1964,
Europe & Central Asia (IDA & IBRD countries),TEC,1963,
Europe & Central Asia (IDA & IBRD countries),TEC,1962,
Europe & Central Asia (IDA & IBRD countries),TEC,1961,
Europe & Central Asia (IDA & IBRD countries),TEC,1960,
European Union,EUU,2025,
European Union,EUU,2024,
European Union,EUU,2023,
European Union,EUU,2022,
European Union,EUU,2021,
European Union,EUU,2020,
European Union,EUU,2019,
European Union,EUU,2018,
European Union,EUU,2017,
European Union,EUU,2016,
European Union,EUU,2015,
European Union,EUU,2014,
European Union,EUU,2013,
European Union,EUU,2012,
European Union,EUU,2011,280000.001192093
European Union,EUU,2010,131550003.051758
European Union,EUU,2009,168830001.831055
European Union,EUU,2008,241059997.558594
European Union,EUU,2007,162910003.662109
European Union,EUU,2006,196509994.506836
European Union,EUU,2005,123459999.084473
European Union,EUU,2004,4659490048.88535
European Union,EUU,2003,3644569999.69483
European Union,EUU,2002,2584620001.79291
European Union,EUU,2001,3439329993.4864
European Union,EUU,2000,3388050031.66199
European Union,EUU,1999,3190460016.25061
European Union,EUU,1998,2776200010.29969
European Union,EUU,1997,2112369987.48779
European Union,EUU,1996,2536729982.3761
European Union,EUU,1995,4636889889.7171
European Union,EUU,1994,2943040025.71106
European Union,EUU,1993,1876580057.621
European Union,EUU,1992,2564900027.04598
European Union,EUU,1991,4199919967.65137
European Union,EUU,1990,1708570025.92087
European Union,EUU,1989,35530001.6403198
European Union,EUU,1988,41379999.1607667
European Union,EUU,1987,39889999.7472763
European Union,EUU,1986,41809999.4659423
European Union,EUU,1985,55190000.5340577
European Union,EUU,1984,28229999.5422363
European Union,EUU,1983,62599998.4741211
European Union,EUU,1982,55959999.0844727
European Union,EUU,1981,93180000.3051758
European Union,EUU,1980,68610000.6103516
European Union,EUU,1979,81709999.0844726
European Union,EUU,1978,87139999.3896485
European Union,EUU,1977,126180002.212524
European Union,EUU,1976,86459999.0844726
European Union,EUU,1975,64800001.1444092
European Union,EUU,1974,42780000.6866455
European Union,EUU,1973,35569999.6948242
European Union,EUU,1972,22340000.1525879
European Union,EUU,1971,22020000.9346008
European Union,EUU,1970,25419999.5994568
European Union,EUU,1969,
European Union,EUU,1968,
European Union,EUU,1967,
European Union,EUU,1966,
European Union,EUU,1965,
European Union,EUU,1964,
European Union,EUU,1963,
European Union,EUU,1962,
European Union,EUU,1961,
European Union,EUU,1960,
Fragile and conflict affected situations,FCS,2025,
Fragile and conflict affected situations,FCS,2024,
Fragile and conflict affected situations,FCS,2023,
Fragile and conflict affected situations,FCS,2022,
Fragile and conflict affected situations,FCS,2021,62069669792.1753
Fragile and conflict affected situations,FCS,2020,64136479751.587
Fragile and conflict affected situations,FCS,2019,56245419673.9197
Fragile and conflict affected situations,FCS,2018,59076190298.0805
Fragile and conflict affected situations,FCS,2017,53366339448.9289
Fragile and conflict affected situations,FCS,2016,47507100129.1275
Fragile and conflict affected situations,FCS,2015,41090899932.8613
Fragile and conflict affected situations,FCS,2014,42205360240.9363
Fragile and conflict affected situations,FCS,2013,44398920131.6834
Fragile and conflict affected situations,FCS,2012,37781279987.3352
Fragile and conflict affected situations,FCS,2011,40066959819.7937
Fragile and conflict affected situations,FCS,2010,38549889998.9128
Fragile and conflict affected situations,FCS,2009,35753639945.9839
Fragile and conflict affected situations,FCS,2008,39376650188.446
Fragile and conflict affected situations,FCS,2007,36230859768.8675
Fragile and conflict affected situations,FCS,2006,41804640214.9201
Fragile and conflict affected situations,FCS,2005,47304280132.2937
Fragile and conflict affected situations,FCS,2004,21048840009.6893
Fragile and conflict affected situations,FCS,2003,20057569652.0805
Fragile and conflict affected situations,FCS,2002,12499710153.1029
Fragile and conflict affected situations,FCS,2001,9080439965.24811
Fragile and conflict affected situations,FCS,2000,7358050029.2778
Fragile and conflict affected situations,FCS,1999,7650529933.45261
Fragile and conflict affected situations,FCS,1998,8090159899.11557
Fragile and conflict affected situations,FCS,1997,8030830018.69917
Fragile and conflict affected situations,FCS,1996,8901969987.46693
Fragile and conflict affected situations,FCS,1995,9618859936.73281
Fragile and conflict affected situations,FCS,1994,11313939878.2104
Fragile and conflict affected situations,FCS,1993,9546879878.9084
Fragile and conflict affected situations,FCS,1992,10277690064.0726
Fragile and conflict affected situations,FCS,1991,10247629918.7541
Fragile and conflict affected situations,FCS,1990,10616719986.0588
Fragile and conflict affected situations,FCS,1989,7952359924.31641
Fragile and conflict affected situations,FCS,1988,8177569979.20945
Fragile and conflict affected situations,FCS,1987,8326980025.29144
Fragile and conflict affected situations,FCS,1986,7109550003.34978
Fragile and conflict affected situations,FCS,1985,6578039898.39554
Fragile and conflict affected situations,FCS,1984,5633819972.51511
Fragile and conflict affected situations,FCS,1983,5888719908.89311
Fragile and conflict affected situations,FCS,1982,6416810014.70984
Fragile and conflict affected situations,FCS,1981,7107980003.83377
Fragile and conflict affected situations,FCS,1980,7133160007.95364
Fragile and conflict affected situations,FCS,1979,6426939869.61246
Fragile and conflict affected situations,FCS,1978,4592940073.73788
Fragile and conflict affected situations,FCS,1977,4018049914.36004
Fragile and conflict affected situations,FCS,1976,3294650036.51381
Fragile and conflict affected situations,FCS,1975,3402269974.16094
Fragile and conflict affected situations,FCS,1974,2817139992.06759
Fragile and conflict affected situations,FCS,1973,1648199988.71721
Fragile and conflict affected situations,FCS,1972,1111990011.15561
Fragile and conflict affected situations,FCS,1971,873219992.762432
Fragile and conflict affected situations,FCS,1970,774410010.710358
Fragile and conflict affected situations,FCS,1969,
Fragile and conflict affected situations,FCS,1968,
Fragile and conflict affected situations,FCS,1967,
Fragile and conflict affected situations,FCS,1966,
Fragile and conflict affected situations,FCS,1965,
Fragile and conflict affected situations,FCS,1964,
Fragile and conflict affected situations,FCS,1963,
Fragile and conflict affected situations,FCS,1962,
Fragile and conflict affected situations,FCS,1961,
Fragile and conflict affected situations,FCS,1960,
Heavily indebted poor countries (HIPC),HPC,2025,
Heavily indebted poor countries (HIPC),HPC,2024,
Heavily indebted poor countries (HIPC),HPC,2023,
Heavily indebted poor countries (HIPC),HPC,2022,
Heavily indebted poor countries (HIPC),HPC,2021,49608640026.0926
Heavily indebted poor countries (HIPC),HPC,2020,54291840053.5584
Heavily indebted poor countries (HIPC),HPC,2019,42275679840.0879
Heavily indebted poor countries (HIPC),HPC,2018,41128560134.8877
Heavily indebted poor countries (HIPC),HPC,2017,39757549804.6875
Heavily indebted poor countries (HIPC),HPC,2016,36607340133.667
Heavily indebted poor countries (HIPC),HPC,2015,37405099853.5156
Heavily indebted poor countries (HIPC),HPC,2014,38432340305.3284
Heavily indebted poor countries (HIPC),HPC,2013,40595750022.8882
Heavily indebted poor countries (HIPC),HPC,2012,42273160091.4002
Heavily indebted poor countries (HIPC),HPC,2011,44151809989.9292
Heavily indebted poor countries (HIPC),HPC,2010,43968599628.4485
Heavily indebted poor countries (HIPC),HPC,2009,41517110107.4219
Heavily indebted poor countries (HIPC),HPC,2008,37349889717.1021
Heavily indebted poor countries (HIPC),HPC,2007,34744060176.8494
Heavily indebted poor countries (HIPC),HPC,2006,30235519884.1095
Heavily indebted poor countries (HIPC),HPC,2005,26700920196.5332
Heavily indebted poor countries (HIPC),HPC,2004,25669960058.2123
Heavily indebted poor countries (HIPC),HPC,2003,24043109851.8372
Heavily indebted poor countries (HIPC),HPC,2002,18130270151.1383
Heavily indebted poor countries (HIPC),HPC,2001,14053620004.6539
Heavily indebted poor countries (HIPC),HPC,2000,11692290056.2286
Heavily indebted poor countries (HIPC),HPC,1999,12341400020.5994
Heavily indebted poor countries (HIPC),HPC,1998,12875469957.3517
Heavily indebted poor countries (HIPC),HPC,1997,12841659961.7004
Heavily indebted poor countries (HIPC),HPC,1996,14709710037.2314
Heavily indebted poor countries (HIPC),HPC,1995,17252320037.8418
Heavily indebted poor countries (HIPC),HPC,1994,17237569751.7395
Heavily indebted poor countries (HIPC),HPC,1993,15138549850.4639
Heavily indebted poor countries (HIPC),HPC,1992,16933370029.4495
Heavily indebted poor countries (HIPC),HPC,1991,16411240013.1226
Heavily indebted poor countries (HIPC),HPC,1990,15708499908.4473
Heavily indebted poor countries (HIPC),HPC,1989,13112279960.6323
Heavily indebted poor countries (HIPC),HPC,1988,12691859985.3516
Heavily indebted poor countries (HIPC),HPC,1987,11178219938.2782
Heavily indebted poor countries (HIPC),HPC,1986,9792589945.31632
Heavily indebted poor countries (HIPC),HPC,1985,7859559928.89404
Heavily indebted poor countries (HIPC),HPC,1984,6746660032.27234
Heavily indebted poor countries (HIPC),HPC,1983,6574869944.57245
Heavily indebted poor countries (HIPC),HPC,1982,6716759963.98926
Heavily indebted poor countries (HIPC),HPC,1981,6544900001.04904
Heavily indebted poor countries (HIPC),HPC,1980,6864290012.1212
Heavily indebted poor countries (HIPC),HPC,1979,6018679977.17857
Heavily indebted poor countries (HIPC),HPC,1978,4611820029.25873
Heavily indebted poor countries (HIPC),HPC,1977,3454510001.18255
Heavily indebted poor countries (HIPC),HPC,1976,2927890012.74109
Heavily indebted poor countries (HIPC),HPC,1975,3127549972.47458
Heavily indebted poor countries (HIPC),HPC,1974,2266390011.72781
Heavily indebted poor countries (HIPC),HPC,1973,1428720004.31456
Heavily indebted poor countries (HIPC),HPC,1972,1193250011.32488
Heavily indebted poor countries (HIPC),HPC,1971,1039959996.70587
Heavily indebted poor countries (HIPC),HPC,1970,922550006.940961
Heavily indebted poor countries (HIPC),HPC,1969,
Heavily indebted poor countries (HIPC),HPC,1968,
Heavily indebted poor countries (HIPC),HPC,1967,
Heavily indebted poor countries (HIPC),HPC,1966,
Heavily indebted poor countries (HIPC),HPC,1965,
Heavily indebted poor countries (HIPC),HPC,1964,
Heavily indebted poor countries (HIPC),HPC,1963,
Heavily indebted poor countries (HIPC),HPC,1962,
Heavily indebted poor countries (HIPC),HPC,1961,
Heavily indebted poor countries (HIPC),HPC,1960,
High income,,2025,
High income,,2024,
High income,,2023,
High income,,2022,
High income,,2021,129680000.305176
High income,,2020,198850004.196167
High income,,2019,152280002.593994
High income,,2018,94269998.550415
High income,,2017,205959998.130798
High income,,2016,247960003.554821
High income,,2015,127280002.355576
High income,,2014,180960007.429123
High income,,2013,214099997.401237
High income,,2012,290989999.5327
High income,,2011,381799997.329712
High income,,2010,600140007.019043
High income,,2009,579070009.231567
High income,,2008,597139999.866486
High income,,2007,356129997.730255
High income,,2006,487909995.287657
High income,,2005,424410001.87397
High income,,2004,5935860082.6934
High income,,2003,4689109959.241
High income,,2002,4025050000.85943
High income,,2001,4109809964.22842
High income,,2000,4788500026.91522
High income,,1999,4813600056.14721
High income,,1998,5416969959.95939
High income,,1997,4227879983.48475
High income,,1996,5899770029.50013
High income,,1995,6415029872.93899
High income,,1994,5369840078.6817
High income,,1993,4591210089.55501
High income,,1992,5824180080.69135
High income,,1991,6883549931.1313
High income,,1990,4478930046.27525
High income,,1989,2398520007.78541
High income,,1988,2314370065.1601
High income,,1987,2507760059.53178
High income,,1986,3168899988.42031
High income,,1985,2925620021.96535
High income,,1984,2299300015.8798
High income,,1983,2425109978.53242
High income,,1982,1907009994.86074
High income,,1981,2246239975.29596
High income,,1980,2137219988.6106
High income,,1979,2273140033.20783
High income,,1978,1702369989.83473
High income,,1977,1984750022.12264
High income,,1976,1571900033.60622
High income,,1975,1333660008.52175
High income,,1974,875229991.81971
High income,,1973,835119989.249855
High income,,1972,766749992.97969
High income,,1971,665860008.727759
High income,,1970,601930010.87755
High income,,1969,654309993.617237
High income,,1968,559630008.690059
High income,,1967,607309991.793707
High income,,1966,655010007.688776
High income,,1965,611040007.412434
High income,,1964,498449999.867007
High income,,1963,675330015.478656
High income,,1962,598740015.268326
High income,,1961,632909995.878115
High income,,1960,568140012.839809
IBRD only,IBD,2025,
IBRD only,IBD,2024,
IBRD only,IBD,2023,
IBRD only,IBD,2022,
IBRD only,IBD,2021,39507310353.9236
IBRD only,IBD,2020,34609030038.3568
IBRD only,IBD,2019,24710170134.7828
IBRD only,IBD,2018,28479630035.8773
IBRD only,IBD,2017,31523079824.3284
IBRD only,IBD,2016,32304060224.2351
IBRD only,IBD,2015,30650490095.2578
IBRD only,IBD,2014,35140350226.6407
IBRD only,IBD,2013,33670220029.7117
IBRD only,IBD,2012,29660120085.4778
IBRD only,IBD,2011,31202849923.4021
IBRD only,IBD,2010,26794650343.895
IBRD only,IBD,2009,29235590190.8875
IBRD only,IBD,2008,36640910285.4729
IBRD only,IBD,2007,31289329495.9068
IBRD only,IBD,2006,30915360271.6923
IBRD only,IBD,2005,44350559799.4328
IBRD only,IBD,2004,28566129820.63
IBRD only,IBD,2003,25281969843.0002
IBRD only,IBD,2002,22977399928.093
IBRD only,IBD,2001,22037190330.0285
IBRD only,IBD,2000,22655610111.9518
IBRD only,IBD,1999,25243860010.3855
IBRD only,IBD,1998,22038929789.0663
IBRD only,IBD,1997,19767359972.0001
IBRD only,IBD,1996,23524569745.5853
IBRD only,IBD,1995,27934679769.7544
IBRD only,IBD,1994,25764520074.1291
IBRD only,IBD,1993,24336729806.9391
IBRD only,IBD,1992,27117929837.6329
IBRD only,IBD,1991,29658069839.9786
IBRD only,IBD,1990,25278340142.6468
IBRD only,IBD,1989,15025659990.8453
IBRD only,IBD,1988,14455270024.0016
IBRD only,IBD,1987,13676910097.6549
IBRD only,IBD,1986,12312179867.7817
IBRD only,IBD,1985,11123500022.4598
IBRD only,IBD,1984,10422389927.6536
IBRD only,IBD,1983,10452889986.7907
IBRD only,IBD,1982,10905130043.108
IBRD only,IBD,1981,12138589875.0704
IBRD only,IBD,1980,11991979938.2966
IBRD only,IBD,1979,9516369969.38661
IBRD only,IBD,1978,8984129913.86652
IBRD only,IBD,1977,7582269951.8893
IBRD only,IBD,1976,7814619871.76538
IBRD only,IBD,1975,7966449831.61428
IBRD only,IBD,1974,6016800048.23208
IBRD only,IBD,1973,4479899988.5805
IBRD only,IBD,1972,3507470035.78022
IBRD only,IBD,1971,3676090016.12663
IBRD only,IBD,1970,3391589959.83191
IBRD only,IBD,1969,
IBRD only,IBD,1968,
IBRD only,IBD,1967,
IBRD only,IBD,1966,
IBRD only,IBD,1965,
IBRD only,IBD,1964,
IBRD only,IBD,1963,
IBRD only,IBD,1962,
IBRD only,IBD,1961,
IBRD only,IBD,1960,
IDA & IBRD total,IBT,2025,
IDA & IBRD total,IBT,2024,
IDA & IBRD total,IBT,2023,
IDA & IBRD total,IBT,2022,
IDA & IBRD total,IBT,2021,131219010305.095
IDA & IBRD total,IBT,2020,133138769937.038
IDA & IBRD total,IBT,2019,105624849730.73
IDA & IBRD total,IBT,2018,108915640220.165
IDA & IBRD total,IBT,2017,107216739463.687
IDA & IBRD total,IBT,2016,99352630540.5498
IDA & IBRD total,IBT,2015,95612540104.9853
IDA & IBRD total,IBT,2014,100002850603.342
IDA & IBRD total,IBT,2013,101805490296.245
IDA & IBRD total,IBT,2012,91701330312.4905
IDA & IBRD total,IBT,2011,92651060095.1016
IDA & IBRD total,IBT,2010,86000390072.8226
IDA & IBRD total,IBT,2009,84368430362.7015
IDA & IBRD total,IBT,2008,84962259992.1227
IDA & IBRD total,IBT,2007,77249809576.5114
IDA & IBRD total,IBT,2006,79981130112.8865
IDA & IBRD total,IBT,2005,84592839977.026
IDA & IBRD total,IBT,2004,61236879945.5614
IDA & IBRD total,IBT,2003,55287559713.4531
IDA & IBRD total,IBT,2002,47191790151.1192
IDA & IBRD total,IBT,2001,42055060346.1266
IDA & IBRD total,IBT,2000,39439610182.0469
IDA & IBRD total,IBT,1999,42535310057.4017
IDA & IBRD total,IBT,1998,40065449698.329
IDA & IBRD total,IBT,1997,37517879980.2661
IDA & IBRD total,IBT,1996,43447539843.2016
IDA & IBRD total,IBT,1995,50972349830.8845
IDA & IBRD total,IBT,1994,49915169928.2974
IDA & IBRD total,IBT,1993,45332819652.0302
IDA & IBRD total,IBT,1992,50224889846.3734
IDA & IBRD total,IBT,1991,52534919882.0237
IDA & IBRD total,IBT,1990,48125360142.2478
IDA & IBRD total,IBT,1989,34140929938.8509
IDA & IBRD total,IBT,1988,32868280012.3282
IDA & IBRD total,IBT,1987,30715880010.1839
IDA & IBRD total,IBT,1986,27254429837.5622
IDA & IBRD total,IBT,1985,23459089933.4438
IDA & IBRD total,IBT,1984,21941539903.4303
IDA & IBRD total,IBT,1983,21784209912.7546
IDA & IBRD total,IBT,1982,23433349954.1916
IDA & IBRD total,IBT,1981,24733869922.9639
IDA & IBRD total,IBT,1980,25740399984.3877
IDA & IBRD total,IBT,1979,21256449885.834
IDA & IBRD total,IBT,1978,17656379945.8537
IDA & IBRD total,IBT,1977,14688619879.1359
IDA & IBRD total,IBT,1976,14250379903.6443
IDA & IBRD total,IBT,1975,14815249851.3442
IDA & IBRD total,IBT,1974,11222230064.6994
IDA & IBRD total,IBT,1973,7846029979.31279
IDA & IBRD total,IBT,1972,5906750060.18952
IDA & IBRD total,IBT,1971,5728930020.17401
IDA & IBRD total,IBT,1970,5236319954.50146
IDA & IBRD total,IBT,1969,
IDA & IBRD total,IBT,1968,
IDA & IBRD total,IBT,1967,
IDA & IBRD total,IBT,1966,
IDA & IBRD total,IBT,1965,
IDA & IBRD total,IBT,1964,
IDA & IBRD total,IBT,1963,
IDA & IBRD total,IBT,1962,
IDA & IBRD total,IBT,1961,
IDA & IBRD total,IBT,1960,
IDA blend,IDB,2025,
IDA blend,IDB,2024,
IDA blend,IDB,2023,
IDA blend,IDB,2022,
IDA blend,IDB,2021,15196969879.1504
IDA blend,IDB,2020,15985200050.354
IDA blend,IDB,2019,13270469863.8916
IDA blend,IDB,2018,11634519974.7086
IDA blend,IDB,2017,11975550151.825
IDA blend,IDB,2016,10686089926.7197
IDA blend,IDB,2015,11773850083.3511
IDA blend,IDB,2014,12045330176.3535
IDA blend,IDB,2013,11361560053.8254
IDA blend,IDB,2012,9955410044.67011
IDA blend,IDB,2011,11051200161.9339
IDA blend,IDB,2010,10714170103.0731
IDA blend,IDB,2009,8820640062.33215
IDA blend,IDB,2008,6488689962.38709
IDA blend,IDB,2007,8949599992.75207
IDA blend,IDB,2006,17583159964.5615
IDA blend,IDB,2005,11793370070.9343
IDA blend,IDB,2004,4555820003.50953
IDA blend,IDB,2003,3847909986.97282
IDA blend,IDB,2002,4311740041.25596
IDA blend,IDB,2001,3826990036.01074
IDA blend,IDB,2000,2687340009.68933
IDA blend,IDB,1999,2652730031.96716
IDA blend,IDB,1998,3006819975.73376
IDA blend,IDB,1997,3125460013.5684
IDA blend,IDB,1996,3436810039.59477
IDA blend,IDB,1995,3239310050.50615
IDA blend,IDB,1994,4284680036.05306
IDA blend,IDB,1993,3719689997.10679
IDA blend,IDB,1992,4295409988.04569
IDA blend,IDB,1991,3921270062.86383
IDA blend,IDB,1990,3926680098.15365
IDA blend,IDB,1989,3923369954.1092
IDA blend,IDB,1988,3319140002.74614
IDA blend,IDB,1987,2415069944.38171
IDA blend,IDB,1986,2317990014.85109
IDA blend,IDB,1985,1995090010.16617
IDA blend,IDB,1984,2101869946.95663
IDA blend,IDB,1983,1989760017.097
IDA blend,IDB,1982,2337669997.20037
IDA blend,IDB,1981,2193080007.07626
IDA blend,IDB,1980,2562119994.64035
IDA blend,IDB,1979,1820800018.04233
IDA blend,IDB,1978,1556839991.102
IDA blend,IDB,1977,1347340000.15259
IDA blend,IDB,1976,1731229992.80692
IDA blend,IDB,1975,1465020018.57758
IDA blend,IDB,1974,1053249987.37313
IDA blend,IDB,1973,751950001.936406
IDA blend,IDB,1972,748800019.323826
IDA blend,IDB,1971,821210004.210473
IDA blend,IDB,1970,815589990.437031
IDA blend,IDB,1969,
IDA blend,IDB,1968,
IDA blend,IDB,1967,
IDA blend,IDB,1966,
IDA blend,IDB,1965,
IDA blend,IDB,1964,
IDA blend,IDB,1963,
IDA blend,IDB,1962,
IDA blend,IDB,1961,
IDA blend,IDB,1960,
IDA only,IDX,2025,
IDA only,IDX,2024,
IDA only,IDX,2023,
IDA only,IDX,2022,
IDA only,IDX,2021,76514730072.0215
IDA only,IDX,2020,82544539848.3277
IDA only,IDX,2019,67644209732.0557
IDA only,IDX,2018,68801490209.5795
IDA only,IDX,2017,63718109487.5336
IDA only,IDX,2016,56362480389.5951
IDA only,IDX,2015,53188199926.3764
IDA only,IDX,2014,52817170200.3479
IDA only,IDX,2013,56773710212.7076
IDA only,IDX,2012,52085800182.3426
IDA only,IDX,2011,50397010009.7656
IDA only,IDX,2010,48491569625.8545
IDA only,IDX,2009,46312200109.4819
IDA only,IDX,2008,41832659744.2627
IDA only,IDX,2007,37010880087.8525
IDA only,IDX,2006,31482609876.6327
IDA only,IDX,2005,28448910106.659
IDA only,IDX,2004,28114930121.4218
IDA only,IDX,2003,26157679883.4801
IDA only,IDX,2002,19902650181.7703
IDA only,IDX,2001,16190879980.0873
IDA only,IDX,2000,14096660060.4057
IDA only,IDX,1999,14638720015.049
IDA only,IDX,1998,15019699933.5289
IDA only,IDX,1997,14625059994.6976
IDA only,IDX,1996,16486160058.0215
IDA only,IDX,1995,19798360010.6239
IDA only,IDX,1994,19865969818.1152
IDA only,IDX,1993,17276399847.9843
IDA only,IDX,1992,18811550020.6947
IDA only,IDX,1991,18955579979.1813
IDA only,IDX,1990,18920339901.4473
IDA only,IDX,1989,15191899993.8965
IDA only,IDX,1988,15093869985.5804
IDA only,IDX,1987,14623899968.1473
IDA only,IDX,1986,12624259954.9294
IDA only,IDX,1985,10340499900.8179
IDA only,IDX,1984,9417280028.82004
IDA only,IDX,1983,9341559908.86688
IDA only,IDX,1982,10190549913.8832
IDA only,IDX,1981,10402200040.8173
IDA only,IDX,1980,11186300051.4507
IDA only,IDX,1979,9919279898.40508
IDA only,IDX,1978,7115410040.88521
IDA only,IDX,1977,5759009927.09398
IDA only,IDX,1976,4704530039.07204
IDA only,IDX,1975,5383780001.15231
IDA only,IDX,1974,4152180029.09422
IDA only,IDX,1973,2614179988.79589
IDA only,IDX,1972,1650480005.08547
IDA only,IDX,1971,1231629999.83691
IDA only,IDX,1970,1029140004.23253
IDA only,IDX,1969,
IDA only,IDX,1968,
IDA only,IDX,1967,
IDA only,IDX,1966,
IDA only,IDX,1965,
IDA only,IDX,1964,
IDA only,IDX,1963,
IDA only,IDX,1962,
IDA only,IDX,1961,
IDA only,IDX,1960,
IDA total,IDA,2025,
IDA total,IDA,2024,
IDA total,IDA,2023,
IDA total,IDA,2022,
IDA total,IDA,2021,91711699951.1719
IDA total,IDA,2020,98529739898.6817
IDA total,IDA,2019,80914679595.9473
IDA total,IDA,2018,80436010184.2881
IDA total,IDA,2017,75693659639.3586
IDA total,IDA,2016,67048570316.3147
IDA total,IDA,2015,64962050009.7275
IDA total,IDA,2014,64862500376.7014
IDA total,IDA,2013,68135270266.533
IDA total,IDA,2012,62041210227.0127
IDA total,IDA,2011,61448210171.6996
IDA total,IDA,2010,59205739728.9276
IDA total,IDA,2009,55132840171.814
IDA total,IDA,2008,48321349706.6498
IDA total,IDA,2007,45960480080.6046
IDA total,IDA,2006,49065769841.1942
IDA total,IDA,2005,40242280177.5933
IDA total,IDA,2004,32670750124.9314
IDA total,IDA,2003,30005589870.4529
IDA total,IDA,2002,24214390223.0263
IDA total,IDA,2001,20017870016.098
IDA total,IDA,2000,16784000070.0951
IDA total,IDA,1999,17291450047.0161
IDA total,IDA,1998,18026519909.2627
IDA total,IDA,1997,17750520008.266
IDA total,IDA,1996,19922970097.6163
IDA total,IDA,1995,23037670061.1301
IDA total,IDA,1994,24150649854.1683
IDA total,IDA,1993,20996089845.0911
IDA total,IDA,1992,23106960008.7404
IDA total,IDA,1991,22876850042.0451
IDA total,IDA,1990,22847019999.6009
IDA total,IDA,1989,19115269948.0057
IDA total,IDA,1988,18413009988.3266
IDA total,IDA,1987,17038969912.529
IDA total,IDA,1986,14942249969.7805
IDA total,IDA,1985,12335589910.984
IDA total,IDA,1984,11519149975.7767
IDA total,IDA,1983,11331319925.9639
IDA total,IDA,1982,12528219911.0836
IDA total,IDA,1981,12595280047.8935
IDA total,IDA,1980,13748420046.0911
IDA total,IDA,1979,11740079916.4474
IDA total,IDA,1978,8672250031.98721
IDA total,IDA,1977,7106349927.24657
IDA total,IDA,1976,6435760031.87895
IDA total,IDA,1975,6848800019.72989
IDA total,IDA,1974,5205430016.46735
IDA total,IDA,1973,3366129990.7323
IDA total,IDA,1972,2399280024.40929
IDA total,IDA,1971,2052840004.04738
IDA total,IDA,1970,1844729994.66956
IDA total,IDA,1969,
IDA total,IDA,1968,
IDA total,IDA,1967,
IDA total,IDA,1966,
IDA total,IDA,1965,
IDA total,IDA,1964,
IDA total,IDA,1963,
IDA total,IDA,1962,
IDA total,IDA,1961,
IDA total,IDA,1960,
Late-demographic dividend,LTE,2025,
Late-demographic dividend,LTE,2024,
Late-demographic dividend,LTE,2023,
Late-demographic dividend,LTE,2022,
Late-demographic dividend,LTE,2021,12130620089.2217
Late-demographic dividend,LTE,2020,13236670042.5148
Late-demographic dividend,LTE,2019,8129200014.3528
Late-demographic dividend,LTE,2018,9824989892.00594
Late-demographic dividend,LTE,2017,12768990048.4085
Late-demographic dividend,LTE,2016,12084700069.4275
Late-demographic dividend,LTE,2015,12562679975.3904
Late-demographic dividend,LTE,2014,14801220124.2447
Late-demographic dividend,LTE,2013,13465340082.1686
Late-demographic dividend,LTE,2012,14763570176.1246
Late-demographic dividend,LTE,2011,13484350044.2505
Late-demographic dividend,LTE,2010,11753110192.7757
Late-demographic dividend,LTE,2009,13566290091.5146
Late-demographic dividend,LTE,2008,13237310021.4005
Late-demographic dividend,LTE,2007,12063149797.4396
Late-demographic dividend,LTE,2006,11535379981.041
Late-demographic dividend,LTE,2005,10314519943.7142
Late-demographic dividend,LTE,2004,15635320041.1797
Late-demographic dividend,LTE,2003,13508549889.0579
Late-demographic dividend,LTE,2002,13246289935.2312
Late-demographic dividend,LTE,2001,12379270186.5137
Late-demographic dividend,LTE,2000,13350510052.0849
Late-demographic dividend,LTE,1999,14637750046.6108
Late-demographic dividend,LTE,1998,12443299929.9467
Late-demographic dividend,LTE,1997,10239610034.3466
Late-demographic dividend,LTE,1996,11945289938.4946
Late-demographic dividend,LTE,1995,16233419825.7923
Late-demographic dividend,LTE,1994,13452010123.4913
Late-demographic dividend,LTE,1993,12364239825.4871
Late-demographic dividend,LTE,1992,12471290000.9155
Late-demographic dividend,LTE,1991,11803880074.6352
Late-demographic dividend,LTE,1990,9895519989.72893
Late-demographic dividend,LTE,1989,6238660048.00797
Late-demographic dividend,LTE,1988,5849999941.34903
Late-demographic dividend,LTE,1987,5396290083.05073
Late-demographic dividend,LTE,1986,4614880036.95012
Late-demographic dividend,LTE,1985,4500819984.37643
Late-demographic dividend,LTE,1984,3884469947.2785
Late-demographic dividend,LTE,1983,3771630001.36614
Late-demographic dividend,LTE,1982,4063769998.99745
Late-demographic dividend,LTE,1981,4650939958.18496
Late-demographic dividend,LTE,1980,4015789984.43298
Late-demographic dividend,LTE,1979,3046390002.98083
Late-demographic dividend,LTE,1978,2822719962.52984
Late-demographic dividend,LTE,1977,2572950022.80176
Late-demographic dividend,LTE,1976,1785529992.4463
Late-demographic dividend,LTE,1975,1969769988.46233
Late-demographic dividend,LTE,1974,1991620005.93543
Late-demographic dividend,LTE,1973,1363499981.86529
Late-demographic dividend,LTE,1972,1403440010.10433
Late-demographic dividend,LTE,1971,1282559996.51179
Late-demographic dividend,LTE,1970,1259639992.05641
Late-demographic dividend,LTE,1969,
Late-demographic dividend,LTE,1968,
Late-demographic dividend,LTE,1967,
Late-demographic dividend,LTE,1966,
Late-demographic dividend,LTE,1965,
Late-demographic dividend,LTE,1964,
Late-demographic dividend,LTE,1963,
Late-demographic dividend,LTE,1962,
Late-demographic dividend,LTE,1961,
Late-demographic dividend,LTE,1960,
Latin America & Caribbean,LCN,2025,
Latin America & Caribbean,LCN,2024,
Latin America & Caribbean,LCN,2023,
Latin America & Caribbean,LCN,2022,
Latin America & Caribbean,LCN,2021,11848990024.5667
Latin America & Caribbean,LCN,2020,12180740043.6401
Latin America & Caribbean,LCN,2019,8661500052.45209
Latin America & Caribbean,LCN,2018,10321349997.5204
Latin America & Caribbean,LCN,2017,8494269969.34414
Latin America & Caribbean,LCN,2016,11188710220.0389
Latin America & Caribbean,LCN,2015,10133120064.9738
Latin America & Caribbean,LCN,2014,9962540119.8864
Latin America & Caribbean,LCN,2013,10294329924.4642
Latin America & Caribbean,LCN,2012,10028189943.0752
Latin America & Caribbean,LCN,2011,9934470008.67128
Latin America & Caribbean,LCN,2010,9626160144.80591
Latin America & Caribbean,LCN,2009,8622280060.17208
Latin America & Caribbean,LCN,2008,8968239969.25354
Latin America & Caribbean,LCN,2007,6674550062.17957
Latin America & Caribbean,LCN,2006,7014379884.45163
Latin America & Caribbean,LCN,2005,6397829979.53892
Latin America & Caribbean,LCN,2004,6594370013.07309
Latin America & Caribbean,LCN,2003,5888100053.25079
Latin America & Caribbean,LCN,2002,4885070049.64351
Latin America & Caribbean,LCN,2001,5573090035.75146
Latin America & Caribbean,LCN,2000,4671979977.86104
Latin America & Caribbean,LCN,1999,5643310010.3885
Latin America & Caribbean,LCN,1998,5156639980.00324
Latin America & Caribbean,LCN,1997,5077199960.00827
Latin America & Caribbean,LCN,1996,6997509975.00121
Latin America & Caribbean,LCN,1995,6049030018.98527
Latin America & Caribbean,LCN,1994,5586979917.52625
Latin America & Caribbean,LCN,1993,5131609999.44806
Latin America & Caribbean,LCN,1992,5229580079.31709
Latin America & Caribbean,LCN,1991,5679479971.25983
Latin America & Caribbean,LCN,1990,4943570031.88133
Latin America & Caribbean,LCN,1989,4514629998.44551
Latin America & Caribbean,LCN,1988,4057460018.6348
Latin America & Caribbean,LCN,1987,3940789992.69009
Latin America & Caribbean,LCN,1986,3304279988.40809
Latin America & Caribbean,LCN,1985,2997460012.9202
Latin America & Caribbean,LCN,1984,2534180015.53416
Latin America & Caribbean,LCN,1983,2398649996.28067
Latin America & Caribbean,LCN,1982,2196420003.77178
Latin America & Caribbean,LCN,1981,1981950016.20054
Latin America & Caribbean,LCN,1980,1815760006.54697
Latin America & Caribbean,LCN,1979,1492950017.21382
Latin America & Caribbean,LCN,1978,1204720002.05517
Latin America & Caribbean,LCN,1977,956149996.608496
Latin America & Caribbean,LCN,1976,999050004.422665
Latin America & Caribbean,LCN,1975,1017099996.38796
Latin America & Caribbean,LCN,1974,831069991.350174
Latin America & Caribbean,LCN,1973,725270001.171157
Latin America & Caribbean,LCN,1972,674289999.842644
Latin America & Caribbean,LCN,1971,661159997.940063
Latin America & Caribbean,LCN,1970,744180000.498891
Latin America & Caribbean,LCN,1969,729000002.868474
Latin America & Caribbean,LCN,1968,837289994.407445
Latin America & Caribbean,LCN,1967,779209995.150566
Latin America & Caribbean,LCN,1966,940760018.039495
Latin America & Caribbean,LCN,1965,875130003.653467
Latin America & Caribbean,LCN,1964,696430004.01184
Latin America & Caribbean,LCN,1963,815989999.298006
Latin America & Caribbean,LCN,1962,789400012.366474
Latin America & Caribbean,LCN,1961,802119995.940477
Latin America & Caribbean,LCN,1960,264959999.211133
Latin America & Caribbean (excluding high income),LAC,2025,
Latin America & Caribbean (excluding high income),LAC,2024,
Latin America & Caribbean (excluding high income),LAC,2023,
Latin America & Caribbean (excluding high income),LAC,2022,
Latin America & Caribbean (excluding high income),LAC,2021,11416930030.8228
Latin America & Caribbean (excluding high income),LAC,2020,11721510034.5612
Latin America & Caribbean (excluding high income),LAC,2019,8365300065.99426
Latin America & Caribbean (excluding high income),LAC,2018,10081449994.0872
Latin America & Caribbean (excluding high income),LAC,2017,8286339973.68813
Latin America & Caribbean (excluding high income),LAC,2016,10945790217.3996
Latin America & Caribbean (excluding high income),LAC,2015,10036400063.5147
Latin America & Caribbean (excluding high income),LAC,2014,9530920116.42456
Latin America & Caribbean (excluding high income),LAC,2013,10065419925.6897
Latin America & Caribbean (excluding high income),LAC,2012,9625329945.56427
Latin America & Caribbean (excluding high income),LAC,2011,9577520007.13348
Latin America & Caribbean (excluding high income),LAC,2010,9155590143.20374
Latin America & Caribbean (excluding high income),LAC,2009,8293190063.47656
Latin America & Caribbean (excluding high income),LAC,2008,8572549968.71948
Latin America & Caribbean (excluding high income),LAC,2007,6299740058.89893
Latin America & Caribbean (excluding high income),LAC,2006,6695509885.31113
Latin America & Caribbean (excluding high income),LAC,2005,6049229977.13089
Latin America & Caribbean (excluding high income),LAC,2004,6341780018.71705
Latin America & Caribbean (excluding high income),LAC,2003,5481690049.61848
Latin America & Caribbean (excluding high income),LAC,2002,4664240052.70004
Latin America & Caribbean (excluding high income),LAC,2001,5270130034.93846
Latin America & Caribbean (excluding high income),LAC,2000,4409539980.66484
Latin America & Caribbean (excluding high income),LAC,1999,5361530012.14563
Latin America & Caribbean (excluding high income),LAC,1998,4815909983.41143
Latin America & Caribbean (excluding high income),LAC,1997,4720149964.58591
Latin America & Caribbean (excluding high income),LAC,1996,6548569965.40725
Latin America & Caribbean (excluding high income),LAC,1995,5557500020.02716
Latin America & Caribbean (excluding high income),LAC,1994,5094309919.3573
Latin America & Caribbean (excluding high income),LAC,1993,4489550001.62125
Latin America & Caribbean (excluding high income),LAC,1992,4653550071.71631
Latin America & Caribbean (excluding high income),LAC,1991,5137309977.53143
Latin America & Caribbean (excluding high income),LAC,1990,4452810025.21515
Latin America & Caribbean (excluding high income),LAC,1989,4080329996.58585
Latin America & Caribbean (excluding high income),LAC,1988,3727080020.90454
Latin America & Caribbean (excluding high income),LAC,1987,3699279993.77251
Latin America & Caribbean (excluding high income),LAC,1986,3087609989.6431
Latin America & Caribbean (excluding high income),LAC,1985,2843060011.62529
Latin America & Caribbean (excluding high income),LAC,1984,2430880013.82351
Latin America & Caribbean (excluding high income),LAC,1983,2293499998.80791
Latin America & Caribbean (excluding high income),LAC,1982,2107220004.08173
Latin America & Caribbean (excluding high income),LAC,1981,1885260013.81874
Latin America & Caribbean (excluding high income),LAC,1980,1720270006.65665
Latin America & Caribbean (excluding high income),LAC,1979,1456170016.64639
Latin America & Caribbean (excluding high income),LAC,1978,1167200001.83582
Latin America & Caribbean (excluding high income),LAC,1977,902859997.034073
Latin America & Caribbean (excluding high income),LAC,1976,960230004.787445
Latin America & Caribbean (excluding high income),LAC,1975,863829999.923706
Latin America & Caribbean (excluding high income),LAC,1974,771599991.679192
Latin America & Caribbean (excluding high income),LAC,1973,640330002.794042
Latin America & Caribbean (excluding high income),LAC,1972,594789999.246597
Latin America & Caribbean (excluding high income),LAC,1971,602769998.788834
Latin America & Caribbean (excluding high income),LAC,1970,664340002.417564
Latin America & Caribbean (excluding high income),LAC,1969,597699999.74966
Latin America & Caribbean (excluding high income),LAC,1968,710259993.076324
Latin America & Caribbean (excluding high income),LAC,1967,639469997.525215
Latin America & Caribbean (excluding high income),LAC,1966,782560016.870499
Latin America & Caribbean (excluding high income),LAC,1965,793280003.920197
Latin America & Caribbean (excluding high income),LAC,1964,629570006.206632
Latin America & Caribbean (excluding high income),LAC,1963,591699999.794364
Latin America & Caribbean (excluding high income),LAC,1962,515280006.460845
Latin America & Caribbean (excluding high income),LAC,1961,612499992.88097
Latin America & Caribbean (excluding high income),LAC,1960,183899999.961257
Latin America & the Caribbean (IDA & IBRD countries),TLA,2025,
Latin America & the Caribbean (IDA & IBRD countries),TLA,2024,
Latin America & the Caribbean (IDA & IBRD countries),TLA,2023,
Latin America & the Caribbean (IDA & IBRD countries),TLA,2022,
Latin America & the Caribbean (IDA & IBRD countries),TLA,2021,9635000056.14758
Latin America & the Caribbean (IDA & IBRD countries),TLA,2020,9804980072.02149
Latin America & the Caribbean (IDA & IBRD countries),TLA,2019,6731810027.1225
Latin America & the Caribbean (IDA & IBRD countries),TLA,2018,8018029971.12275
Latin America & the Caribbean (IDA & IBRD countries),TLA,2017,6371290007.94888
Latin America & the Caribbean (IDA & IBRD countries),TLA,2016,6981720130.62239
Latin America & the Caribbean (IDA & IBRD countries),TLA,2015,7426790017.36641
Latin America & the Caribbean (IDA & IBRD countries),TLA,2014,7534190109.96818
Latin America & the Caribbean (IDA & IBRD countries),TLA,2013,7593969978.21331
Latin America & the Caribbean (IDA & IBRD countries),TLA,2012,7673029986.14312
Latin America & the Caribbean (IDA & IBRD countries),TLA,2011,8351769999.50409
Latin America & the Caribbean (IDA & IBRD countries),TLA,2010,8078940149.30726
Latin America & the Caribbean (IDA & IBRD countries),TLA,2009,7032750074.3866
Latin America & the Caribbean (IDA & IBRD countries),TLA,2008,6881449916.36276
Latin America & the Caribbean (IDA & IBRD countries),TLA,2007,5455180032.25327
Latin America & the Caribbean (IDA & IBRD countries),TLA,2006,6036039890.52773
Latin America & the Caribbean (IDA & IBRD countries),TLA,2005,5338370005.13077
Latin America & the Caribbean (IDA & IBRD countries),TLA,2004,5287510005.75722
Latin America & the Caribbean (IDA & IBRD countries),TLA,2003,5012940050.69137
Latin America & the Caribbean (IDA & IBRD countries),TLA,2002,4271410040.85541
Latin America & the Caribbean (IDA & IBRD countries),TLA,2001,4843870046.13876
Latin America & the Caribbean (IDA & IBRD countries),TLA,2000,3557359996.55724
Latin America & the Caribbean (IDA & IBRD countries),TLA,1999,4423530017.13753
Latin America & the Caribbean (IDA & IBRD countries),TLA,1998,3983749997.61582
Latin America & the Caribbean (IDA & IBRD countries),TLA,1997,4136549930.57251
Latin America & the Caribbean (IDA & IBRD countries),TLA,1996,5029239948.31741
Latin America & the Caribbean (IDA & IBRD countries),TLA,1995,5377200012.20703
Latin America & the Caribbean (IDA & IBRD countries),TLA,1994,4853579925.53711
Latin America & the Caribbean (IDA & IBRD countries),TLA,1993,4607680007.1001
Latin America & the Caribbean (IDA & IBRD countries),TLA,1992,4642930070.87708
Latin America & the Caribbean (IDA & IBRD countries),TLA,1991,5116439982.77188
Latin America & the Caribbean (IDA & IBRD countries),TLA,1990,4388590013.02719
Latin America & the Caribbean (IDA & IBRD countries),TLA,1989,3956149994.85016
Latin America & the Caribbean (IDA & IBRD countries),TLA,1988,3563070024.96719
Latin America & the Caribbean (IDA & IBRD countries),TLA,1987,3511069991.58859
Latin America & the Caribbean (IDA & IBRD countries),TLA,1986,2920349994.18259
Latin America & the Caribbean (IDA & IBRD countries),TLA,1985,2612830019.23561
Latin America & the Caribbean (IDA & IBRD countries),TLA,1984,2261750011.44409
Latin America & the Caribbean (IDA & IBRD countries),TLA,1983,2090209994.55452
Latin America & the Caribbean (IDA & IBRD countries),TLA,1982,1929520009.45806
Latin America & the Caribbean (IDA & IBRD countries),TLA,1981,1766020014.82248
Latin America & the Caribbean (IDA & IBRD countries),TLA,1980,1545130003.4523
Latin America & the Caribbean (IDA & IBRD countries),TLA,1979,1296930018.42499
Latin America & the Caribbean (IDA & IBRD countries),TLA,1978,1029070001.60217
Latin America & the Caribbean (IDA & IBRD countries),TLA,1977,786509995.46051
Latin America & the Caribbean (IDA & IBRD countries),TLA,1976,823340004.444122
Latin America & the Caribbean (IDA & IBRD countries),TLA,1975,866939996.600152
Latin America & the Caribbean (IDA & IBRD countries),TLA,1974,709089991.211891
Latin America & the Caribbean (IDA & IBRD countries),TLA,1973,632199999.690056
Latin America & the Caribbean (IDA & IBRD countries),TLA,1972,601580001.711846
Latin America & the Caribbean (IDA & IBRD countries),TLA,1971,582519995.92781
Latin America & the Caribbean (IDA & IBRD countries),TLA,1970,676629999.637604
Latin America & the Caribbean (IDA & IBRD countries),TLA,1969,
Latin America & the Caribbean (IDA & IBRD countries),TLA,1968,
Latin America & the Caribbean (IDA & IBRD countries),TLA,1967,
Latin America & the Caribbean (IDA & IBRD countries),TLA,1966,
Latin America & the Caribbean (IDA & IBRD countries),TLA,1965,
Latin America & the Caribbean (IDA & IBRD countries),TLA,1964,
Latin America & the Caribbean (IDA & IBRD countries),TLA,1963,
Latin America & the Caribbean (IDA & IBRD countries),TLA,1962,
Latin America & the Caribbean (IDA & IBRD countries),TLA,1961,
Latin America & the Caribbean (IDA & IBRD countries),TLA,1960,
Least developed countries: UN classification,LDC,2025,
Least developed countries: UN classification,LDC,2024,
Least developed countries: UN classification,LDC,2023,
Least developed countries: UN classification,LDC,2022,
Least developed countries: UN classification,LDC,2021,60834359786.9874
Least developed countries: UN classification,LDC,2020,64458440105.4383
Least developed countries: UN classification,LDC,2019,52987779647.8272
Least developed countries: UN classification,LDC,2018,54195220167.1601
Least developed countries: UN classification,LDC,2017,48837959821.7011
Least developed countries: UN classification,LDC,2016,43409390375.1374
Least developed countries: UN classification,LDC,2015,43251279693.6035
Least developed countries: UN classification,LDC,2014,43848160087.5855
Least developed countries: UN classification,LDC,2013,47812710323.3338
Least developed countries: UN classification,LDC,2012,43007670089.7217
Least developed countries: UN classification,LDC,2011,44448710067.749
Least developed countries: UN classification,LDC,2010,43490309619.9036
Least developed countries: UN classification,LDC,2009,39604650014.8773
Least developed countries: UN classification,LDC,2008,38266739719.3909
Least developed countries: UN classification,LDC,2007,34138690054.8935
Least developed countries: UN classification,LDC,2006,28286939935.6842
Least developed countries: UN classification,LDC,2005,25511960132.5989
Least developed countries: UN classification,LDC,2004,25301860013.0081
Least developed countries: UN classification,LDC,2003,23777659869.6709
Least developed countries: UN classification,LDC,2002,17286090199.4705
Least developed countries: UN classification,LDC,2001,13623960023.88
Least developed countries: UN classification,LDC,2000,12004440017.2234
Least developed countries: UN classification,LDC,1999,11897560007.5722
Least developed countries: UN classification,LDC,1998,12085879884.1238
Least developed countries: UN classification,LDC,1997,12460339995.0862
Least developed countries: UN classification,LDC,1996,13293620028.5703
Least developed countries: UN classification,LDC,1995,16400450067.5388
Least developed countries: UN classification,LDC,1994,16036949898.2281
Least developed countries: UN classification,LDC,1993,14873229864.9848
Least developed countries: UN classification,LDC,1992,16405229995.6083
Least developed countries: UN classification,LDC,1991,15829779920.0416
Least developed countries: UN classification,LDC,1990,16026389898.397
Least developed countries: UN classification,LDC,1989,13484749961.853
Least developed countries: UN classification,LDC,1988,13415219947.3567
Least developed countries: UN classification,LDC,1987,12777649963.3789
Least developed countries: UN classification,LDC,1986,10981579922.0204
Least developed countries: UN classification,LDC,1985,9099999915.12299
Least developed countries: UN classification,LDC,1984,8141250062.46567
Least developed countries: UN classification,LDC,1983,7929179930.86577
Least developed countries: UN classification,LDC,1982,8505839892.37249
Least developed countries: UN classification,LDC,1981,8067390020.37049
Least developed countries: UN classification,LDC,1980,8527940088.98735
Least developed countries: UN classification,LDC,1979,7307620016.30664
Least developed countries: UN classification,LDC,1978,5844500011.24479
Least developed countries: UN classification,LDC,1977,4469449985.80217
Least developed countries: UN classification,LDC,1976,3631590019.88173
Least developed countries: UN classification,LDC,1975,4232020019.7585
Least developed countries: UN classification,LDC,1974,3182080026.33788
Least developed countries: UN classification,LDC,1973,2022179988.28925
Least developed countries: UN classification,LDC,1972,1439070005.56588
Least developed countries: UN classification,LDC,1971,1051439999.24324
Least developed countries: UN classification,LDC,1970,836540005.208925
Least developed countries: UN classification,LDC,1969,
Least developed countries: UN classification,LDC,1968,
Least developed countries: UN classification,LDC,1967,
Least developed countries: UN classification,LDC,1966,
Least developed countries: UN classification,LDC,1965,
Least developed countries: UN classification,LDC,1964,
Least developed countries: UN classification,LDC,1963,
Least developed countries: UN classification,LDC,1962,
Least developed countries: UN classification,LDC,1961,
Least developed countries: UN classification,LDC,1960,
Low & middle income,LMY,2025,
Low & middle income,LMY,2024,
Low & middle income,LMY,2023,
Low & middle income,LMY,2022,
Low & middle income,LMY,2021,201776687500.0
Low & middle income,LMY,2020,192703828125.0
Low & middle income,LMY,2019,162355562500.0
Low & middle income,LMY,2018,166779828125.0
Low & middle income,LMY,2017,164284218750.0
Low & middle income,LMY,2016,158025218750.0
Low & middle income,LMY,2015,146127375000.0
Low & middle income,LMY,2014,161010125000.0
Low & middle income,LMY,2013,150384625000.0
Low & middle income,LMY,2012,132778609375.0
Low & middle income,LMY,2011,138530968750.0
Low & middle income,LMY,2010,127610687500.0
Low & middle income,LMY,2009,123658937500.0
Low & middle income,LMY,2008,123872406250.0
Low & middle income,LMY,2007,106261070312.5
Low & middle income,LMY,2006,104887929687.5
Low & middle income,LMY,2005,106548234375.0
Low & middle income,LMY,2004,81299781982.4219
Low & middle income,LMY,2003,72508501708.9844
Low & middle income,LMY,2002,62987989746.0938
Low & middle income,LMY,2001,52871791503.9063
Low & middle income,LMY,2000,51558738769.5313
Low & middle income,LMY,1999,54815080078.125
Low & middle income,LMY,1998,51996819335.9375
Low & middle income,LMY,1997,49171810791.0156
Low & middle income,LMY,1996,54453461914.0625
Low & middle income,LMY,1995,59854748535.1563
Low & middle income,LMY,1994,60253139648.4375
Low & middle income,LMY,1993,56190567871.0938
Low & middle income,LMY,1992,59750058837.8906
Low & middle income,LMY,1991,60184780517.5781
Low & middle income,LMY,1990,54788199829.1016
Low & middle income,LMY,1989,42610429687.5
Low & middle income,LMY,1988,41301507812.5
Low & middle income,LMY,1987,38180851562.5
Low & middle income,LMY,1986,33680777343.75
Low & middle income,LMY,1985,28455599609.375
Low & middle income,LMY,1984,27111589843.75
Low & middle income,LMY,1983,25991099609.375
Low & middle income,LMY,1982,27699689453.125
Low & middle income,LMY,1981,30311199218.75
Low & middle income,LMY,1980,31745128906.25
Low & middle income,LMY,1979,25890929687.5
Low & middle income,LMY,1978,23120080078.125
Low & middle income,LMY,1977,16506929687.5
Low & middle income,LMY,1976,16115410156.25
Low & middle income,LMY,1975,16994890625.0
Low & middle income,LMY,1974,13412820312.5
Low & middle income,LMY,1973,9727549804.6875
Low & middle income,LMY,1972,7147600097.65625
Low & middle income,LMY,1971,6798729980.46875
Low & middle income,LMY,1970,5946609863.28125
Low & middle income,LMY,1969,5292410156.25
Low & middle income,LMY,1968,5304700195.3125
Low & middle income,LMY,1967,5883580078.125
Low & middle income,LMY,1966,5734510253.90625
Low & middle income,LMY,1965,5615250000.0
Low & middle income,LMY,1964,5262770019.53125
Low & middle income,LMY,1963,5157169921.875
Low & middle income,LMY,1962,4803540039.0625
Low & middle income,LMY,1961,4669649902.34375
Low & middle income,LMY,1960,3728130126.95313
Low income,,2025,
Low income,,2024,
Low income,,2023,
Low income,,2022,
Low income,,2021,52794799957.2754
Low income,,2020,54715689773.5596
Low income,,2019,47381699821.4722
Low income,,2018,49979780303.9551
Low income,,2017,44759849304.1992
Low income,,2016,40097240333.5571
Low income,,2015,35532170120.2393
Low income,,2014,35185730224.6094
Low income,,2013,34682150024.4141
Low income,,2012,32379279983.5205
Low income,,2011,33670829994.2017
Low income,,2010,30829849525.4517
Low income,,2009,29356330078.125
Low income,,2008,27971409889.2212
Low income,,2007,24894269996.6431
Low income,,2006,21101069986.3434
Low income,,2005,18965360233.3069
Low income,,2004,17508370113.3728
Low income,,2003,17470459819.7937
Low income,,2002,12312190124.5117
Low income,,2001,8709389968.87207
Low income,,2000,7285340011.59668
Low income,,1999,7442769981.38428
Low income,,1998,7589099933.62427
Low income,,1997,8107180000.30518
Low income,,1996,8354480022.43042
Low income,,1995,10855080089.5691
Low income,,1994,10692239925.3845
Low income,,1993,10147249857.9025
Low income,,1992,10873490011.4536
Low income,,1991,10920959927.5589
Low income,,1990,11018149891.3765
Low income,,1989,8544569960.59418
Low income,,1988,8729099972.4865
Low income,,1987,8615420018.43452
Low income,,1986,7484640001.17779
Low income,,1985,6608629909.05717
Low income,,1984,5550420000.79155
Low income,,1983,5655349918.84232
Low income,,1982,6165660003.66211
Low income,,1981,6418350004.673
Low income,,1980,6823119987.96463
Low income,,1979,6194619843.24455
Low income,,1978,4244110077.50034
Low income,,1977,3619199930.04203
Low income,,1976,2980950042.5756
Low income,,1975,3089709964.39457
Low income,,1974,2440239998.04258
Low income,,1973,1403269994.07448
Low income,,1972,870050004.079938
Low income,,1971,689019996.305928
Low income,,1970,564930008.009076
Low income,,1969,549090001.558885
Low income,,1968,579139998.167753
Low income,,1967,589650007.247925
Low income,,1966,672080002.54631
Low income,,1965,621120013.237
Low income,,1964,536209994.04043
Low income,,1963,408049997.255206
Low income,,1962,443910003.870726
Low income,,1961,324280001.074076
Low income,,1960,257999996.103346
Lower middle income,,2025,
Lower middle income,,2024,
Lower middle income,,2023,
Lower middle income,,2022,
Lower middle income,,2021,60971690116.8823
Lower middle income,,2020,60189680133.8196
Lower middle income,,2019,46519809886.9324
Lower middle income,,2018,45538839714.0503
Lower middle income,,2017,47008650150.2991
Lower middle income,,2016,44430510120.3918
Lower middle income,,2015,46597869850.1587
Lower middle income,,2014,49778650379.1809
Lower middle income,,2013,54008050247.1924
Lower middle income,,2012,44768720358.8486
Lower middle income,,2011,42493440116.8823
Lower middle income,,2010,43031670543.6707
Lower middle income,,2009,40708280107.4982
Lower middle income,,2008,35930049858.0933
Lower middle income,,2007,33701179777.1454
Lower middle income,,2006,40057909799.5758
Lower middle income,,2005,34283890010.8337
Lower middle income,,2004,25681429879.1885
Lower middle income,,2003,23552420017.2425
Lower middle income,,2002,22114470104.2176
Lower middle income,,2001,22034160190.5822
Lower middle income,,2000,19552300108.9096
Lower middle income,,1999,21005270013.8092
Lower middle income,,1998,21066299888.4916
Lower middle income,,1997,19197749986.3506
Lower middle income,,1996,22602669907.6444
Lower middle income,,1995,22616829853.5533
Lower middle income,,1994,25774999910.8165
Lower middle income,,1993,22057599924.4749
Lower middle income,,1992,26781539792.6569
Lower middle income,,1991,27453499927.9082
Lower middle income,,1990,26298350296.5942
Lower middle income,,1989,19201799962.9974
Lower middle income,,1988,18207710056.8004
Lower middle income,,1987,16110739963.0547
Lower middle income,,1986,14906659843.7428
Lower middle income,,1985,12506970021.2479
Lower middle income,,1984,12121479940.4144
Lower middle income,,1983,12023420044.1241
Lower middle income,,1982,12960419925.794
Lower middle income,,1981,13510189971.447
Lower middle income,,1980,14493909982.4429
Lower middle income,,1979,11291310002.0587
Lower middle income,,1978,11467099853.7932
Lower middle income,,1977,9537349940.59801
Lower middle income,,1976,9552429849.80345
Lower middle income,,1975,10038099891.9606
Lower middle income,,1974,7573910066.49472
Lower middle income,,1973,5375289983.54077
Lower middle income,,1972,3981410058.34937
Lower middle income,,1971,4087190035.35807
Lower middle income,,1970,3659979942.48755
Lower middle income,,1969,3321799980.88069
Lower middle income,,1968,3320369991.282
Lower middle income,,1967,3743619987.3779
Lower middle income,,1966,3466029946.55445
Lower middle income,,1965,3444659915.46214
Lower middle income,,1964,3303790021.53315
Lower middle income,,1963,2922689997.43648
Lower middle income,,1962,2573560018.36061
Lower middle income,,1961,2451880037.19039
Lower middle income,,1960,2230139999.57778
"Middle East, North Africa, Afghanistan & Pakistan",MEA,2025,
"Middle East, North Africa, Afghanistan & Pakistan",MEA,2024,
"Middle East, North Africa, Afghanistan & Pakistan",MEA,2023,
"Middle East, North Africa, Afghanistan & Pakistan",MEA,2022,
"Middle East, North Africa, Afghanistan & Pakistan",MEA,2021,34886630493.1641
"Middle East, North Africa, Afghanistan & Pakistan",MEA,2020,28146759796.1426
"Middle East, North Africa, Afghanistan & Pakistan",MEA,2019,27687310005.188
"Middle East, North Africa, Afghanistan & Pakistan",MEA,2018,32133060180.6641
"Middle East, North Africa, Afghanistan & Pakistan",MEA,2017,28100299438.4766
"Middle East, North Africa, Afghanistan & Pakistan",MEA,2016,26468600036.6211
"Middle East, North Africa, Afghanistan & Pakistan",MEA,2015,19311190261.8408
"Middle East, North Africa, Afghanistan & Pakistan",MEA,2014,32511739837.6465
"Middle East, North Africa, Afghanistan & Pakistan",MEA,2013,25861659805.2979
"Middle East, North Africa, Afghanistan & Pakistan",MEA,2012,13656770118.7134
"Middle East, North Africa, Afghanistan & Pakistan",MEA,2011,15597039665.2222
"Middle East, North Africa, Afghanistan & Pakistan",MEA,2010,12273710113.0486
"Middle East, North Africa, Afghanistan & Pakistan",MEA,2009,13675179916.3818
"Middle East, North Africa, Afghanistan & Pakistan",MEA,2008,24222650215.1489
"Middle East, North Africa, Afghanistan & Pakistan",MEA,2007,18003889759.0637
"Middle East, North Africa, Afghanistan & Pakistan",MEA,2006,17181700250.6256
"Middle East, North Africa, Afghanistan & Pakistan",MEA,2005,28264389896.3928
"Middle East, North Africa, Afghanistan & Pakistan",MEA,2004,11311219825.2678
"Middle East, North Africa, Afghanistan & Pakistan",MEA,2003,8870149878.50189
"Middle East, North Africa, Afghanistan & Pakistan",MEA,2002,5612479944.22913
"Middle East, North Africa, Afghanistan & Pakistan",MEA,2001,5173360026.35956
"Middle East, North Africa, Afghanistan & Pakistan",MEA,2000,5660689940.92941
"Middle East, North Africa, Afghanistan & Pakistan",MEA,1999,6309470007.89643
"Middle East, North Africa, Afghanistan & Pakistan",MEA,1998,7314299970.86525
"Middle East, North Africa, Afghanistan & Pakistan",MEA,1997,6907199941.03908
"Middle East, North Africa, Afghanistan & Pakistan",MEA,1996,8352679906.60668
"Middle East, North Africa, Afghanistan & Pakistan",MEA,1995,6049049882.65038
"Middle East, North Africa, Afghanistan & Pakistan",MEA,1994,8482250066.28037
"Middle East, North Africa, Afghanistan & Pakistan",MEA,1993,7239709974.05052
"Middle East, North Africa, Afghanistan & Pakistan",MEA,1992,9317259943.72368
"Middle East, North Africa, Afghanistan & Pakistan",MEA,1991,13148729828.8345
"Middle East, North Africa, Afghanistan & Pakistan",MEA,1990,13342470145.4639
"Middle East, North Africa, Afghanistan & Pakistan",MEA,1989,5223829966.78352
"Middle East, North Africa, Afghanistan & Pakistan",MEA,1988,5162470106.00567
"Middle East, North Africa, Afghanistan & Pakistan",MEA,1987,6493980116.00971
"Middle East, North Africa, Afghanistan & Pakistan",MEA,1986,6733679945.4689
"Middle East, North Africa, Afghanistan & Pakistan",MEA,1985,7128060012.69817
"Middle East, North Africa, Afghanistan & Pakistan",MEA,1984,6222880018.59188
"Middle East, North Africa, Afghanistan & Pakistan",MEA,1983,6521499943.01796
"Middle East, North Africa, Afghanistan & Pakistan",MEA,1982,7242010019.77921
"Middle East, North Africa, Afghanistan & Pakistan",MEA,1981,8721089925.19975
"Middle East, North Africa, Afghanistan & Pakistan",MEA,1980,9093279933.51221
"Middle East, North Africa, Afghanistan & Pakistan",MEA,1979,8409989954.99313
"Middle East, North Africa, Afghanistan & Pakistan",MEA,1978,7337009946.89763
"Middle East, North Africa, Afghanistan & Pakistan",MEA,1977,7202869883.5969
"Middle East, North Africa, Afghanistan & Pakistan",MEA,1976,6064029945.31393
"Middle East, North Africa, Afghanistan & Pakistan",MEA,1975,5850059918.49303
"Middle East, North Africa, Afghanistan & Pakistan",MEA,1974,3744500036.41844
"Middle East, North Africa, Afghanistan & Pakistan",MEA,1973,2358879971.73145
"Middle East, North Africa, Afghanistan & Pakistan",MEA,1972,1102860006.10888
"Middle East, North Africa, Afghanistan & Pakistan",MEA,1971,982580016.590655
"Middle East, North Africa, Afghanistan & Pakistan",MEA,1970,987740005.169064
"Middle East, North Africa, Afghanistan & Pakistan",MEA,1969,539469997.951761
"Middle East, North Africa, Afghanistan & Pakistan",MEA,1968,502480004.671961
"Middle East, North Africa, Afghanistan & Pakistan",MEA,1967,529929996.011779
"Middle East, North Africa, Afghanistan & Pakistan",MEA,1966,721619991.729036
"Middle East, North Africa, Afghanistan & Pakistan",MEA,1965,765419997.379184
"Middle East, North Africa, Afghanistan & Pakistan",MEA,1964,903939999.163151
"Middle East, North Africa, Afghanistan & Pakistan",MEA,1963,990869999.390095
"Middle East, North Africa, Afghanistan & Pakistan",MEA,1962,1082760004.90785
"Middle East, North Africa, Afghanistan & Pakistan",MEA,1961,1187530006.28948
"Middle East, North Africa, Afghanistan & Pakistan",MEA,1960,1011819993.44379
"Middle East, North Africa, Afghanistan & Pakistan (excluding high income)",MNA,2025,
"Middle East, North Africa, Afghanistan & Pakistan (excluding high income)",MNA,2024,
"Middle East, North Africa, Afghanistan & Pakistan (excluding high income)",MNA,2023,
"Middle East, North Africa, Afghanistan & Pakistan (excluding high income)",MNA,2022,
"Middle East, North Africa, Afghanistan & Pakistan (excluding high income)",MNA,2021,34886630493.1641
"Middle East, North Africa, Afghanistan & Pakistan (excluding high income)",MNA,2020,28146759796.1426
"Middle East, North Africa, Afghanistan & Pakistan (excluding high income)",MNA,2019,27687310005.188
"Middle East, North Africa, Afghanistan & Pakistan (excluding high income)",MNA,2018,32133060180.6641
"Middle East, North Africa, Afghanistan & Pakistan (excluding high income)",MNA,2017,28100299438.4766
"Middle East, North Africa, Afghanistan & Pakistan (excluding high income)",MNA,2016,26468600036.6211
"Middle East, North Africa, Afghanistan & Pakistan (excluding high income)",MNA,2015,19311190261.8408
"Middle East, North Africa, Afghanistan & Pakistan (excluding high income)",MNA,2014,32511739837.6465
"Middle East, North Africa, Afghanistan & Pakistan (excluding high income)",MNA,2013,25861659805.2979
"Middle East, North Africa, Afghanistan & Pakistan (excluding high income)",MNA,2012,13656770118.7134
"Middle East, North Africa, Afghanistan & Pakistan (excluding high income)",MNA,2011,15597039665.2222
"Middle East, North Africa, Afghanistan & Pakistan (excluding high income)",MNA,2010,12295320113.6589
"Middle East, North Africa, Afghanistan & Pakistan (excluding high income)",MNA,2009,13530689910.8887
"Middle East, North Africa, Afghanistan & Pakistan (excluding high income)",MNA,2008,24148000213.623
"Middle East, North Africa, Afghanistan & Pakistan (excluding high income)",MNA,2007,17920979770.6604
"Middle East, North Africa, Afghanistan & Pakistan (excluding high income)",MNA,2006,17103330251.6937
"Middle East, North Africa, Afghanistan & Pakistan (excluding high income)",MNA,2005,28220239894.8669
"Middle East, North Africa, Afghanistan & Pakistan (excluding high income)",MNA,2004,10634699821.4722
"Middle East, North Africa, Afghanistan & Pakistan (excluding high income)",MNA,2003,8195879886.6272
"Middle East, North Africa, Afghanistan & Pakistan (excluding high income)",MNA,2002,4674679945.4689
"Middle East, North Africa, Afghanistan & Pakistan (excluding high income)",MNA,2001,4896110022.54487
"Middle East, North Africa, Afghanistan & Pakistan (excluding high income)",MNA,2000,4668359943.38989
"Middle East, North Africa, Afghanistan & Pakistan (excluding high income)",MNA,1999,5223479983.32977
"Middle East, North Africa, Afghanistan & Pakistan (excluding high income)",MNA,1998,5441200032.23419
"Middle East, North Africa, Afghanistan & Pakistan (excluding high income)",MNA,1997,5431319965.83939
"Middle East, North Africa, Afghanistan & Pakistan (excluding high income)",MNA,1996,5799829890.728
"Middle East, North Africa, Afghanistan & Pakistan (excluding high income)",MNA,1995,5498919887.54272
"Middle East, North Africa, Afghanistan & Pakistan (excluding high income)",MNA,1994,6934940009.35555
"Middle East, North Africa, Afghanistan & Pakistan (excluding high income)",MNA,1993,5676859936.71417
"Middle East, North Africa, Afghanistan & Pakistan (excluding high income)",MNA,1992,7077589920.28236
"Middle East, North Africa, Afghanistan & Pakistan (excluding high income)",MNA,1991,11248909871.1014
"Middle East, North Africa, Afghanistan & Pakistan (excluding high income)",MNA,1990,11725540134.4299
"Middle East, North Africa, Afghanistan & Pakistan (excluding high income)",MNA,1989,3996959957.1228
"Middle East, North Africa, Afghanistan & Pakistan (excluding high income)",MNA,1988,3907240048.40851
"Middle East, North Africa, Afghanistan & Pakistan (excluding high income)",MNA,1987,5048630068.77899
"Middle East, North Africa, Afghanistan & Pakistan (excluding high income)",MNA,1986,4514709959.03015
"Middle East, North Africa, Afghanistan & Pakistan (excluding high income)",MNA,1985,4942089989.18533
"Middle East, North Africa, Afghanistan & Pakistan (excluding high income)",MNA,1984,4593689984.79843
"Middle East, North Africa, Afghanistan & Pakistan (excluding high income)",MNA,1983,4753039959.90753
"Middle East, North Africa, Afghanistan & Pakistan (excluding high income)",MNA,1982,6009200023.77033
"Middle East, North Africa, Afghanistan & Pakistan (excluding high income)",MNA,1981,7414129949.27168
"Middle East, North Africa, Afghanistan & Pakistan (excluding high income)",MNA,1980,7731629959.58328
"Middle East, North Africa, Afghanistan & Pakistan (excluding high income)",MNA,1979,6775279912.71019
"Middle East, North Africa, Afghanistan & Pakistan (excluding high income)",MNA,1978,6244309967.04102
"Middle East, North Africa, Afghanistan & Pakistan (excluding high income)",MNA,1977,5920189859.39026
"Middle East, North Africa, Afghanistan & Pakistan (excluding high income)",MNA,1976,5052499912.7388
"Middle East, North Africa, Afghanistan & Pakistan (excluding high income)",MNA,1975,5174799900.29335
"Middle East, North Africa, Afghanistan & Pakistan (excluding high income)",MNA,1974,3392970036.02982
"Middle East, North Africa, Afghanistan & Pakistan (excluding high income)",MNA,1973,2104389977.98041
"Middle East, North Africa, Afghanistan & Pakistan (excluding high income)",MNA,1972,982050004.005432
"Middle East, North Africa, Afghanistan & Pakistan (excluding high income)",MNA,1971,879450014.591217
"Middle East, North Africa, Afghanistan & Pakistan (excluding high income)",MNA,1970,896840005.874634
"Middle East, North Africa, Afghanistan & Pakistan (excluding high income)",MNA,1969,466489996.204153
"Middle East, North Africa, Afghanistan & Pakistan (excluding high income)",MNA,1968,421750002.613291
"Middle East, North Africa, Afghanistan & Pakistan (excluding high income)",MNA,1967,441579997.003078
"Middle East, North Africa, Afghanistan & Pakistan (excluding high income)",MNA,1966,582559992.790222
"Middle East, North Africa, Afghanistan & Pakistan (excluding high income)",MNA,1965,624239994.581789
"Middle East, North Africa, Afghanistan & Pakistan (excluding high income)",MNA,1964,784469999.790192
"Middle East, North Africa, Afghanistan & Pakistan (excluding high income)",MNA,1963,862160000.20504
"Middle East, North Africa, Afghanistan & Pakistan (excluding high income)",MNA,1962,978030003.219843
"Middle East, North Africa, Afghanistan & Pakistan (excluding high income)",MNA,1961,1068950007.31945
"Middle East, North Africa, Afghanistan & Pakistan (excluding high income)",MNA,1960,885519991.159439
"Middle East, North Africa, Afghanistan & Pakistan (IDA & IBRD)",TMN,2025,
"Middle East, North Africa, Afghanistan & Pakistan (IDA & IBRD)",TMN,2024,
"Middle East, North Africa, Afghanistan & Pakistan (IDA & IBRD)",TMN,2023,
"Middle East, North Africa, Afghanistan & Pakistan (IDA & IBRD)",TMN,2022,
"Middle East, North Africa, Afghanistan & Pakistan (IDA & IBRD)",TMN,2021,31547500457.7637
"Middle East, North Africa, Afghanistan & Pakistan (IDA & IBRD)",TMN,2020,24845969726.5625
"Middle East, North Africa, Afghanistan & Pakistan (IDA & IBRD)",TMN,2019,24275830047.6074
"Middle East, North Africa, Afghanistan & Pakistan (IDA & IBRD)",TMN,2018,28731170288.0859
"Middle East, North Africa, Afghanistan & Pakistan (IDA & IBRD)",TMN,2017,25014159484.8633
"Middle East, North Africa, Afghanistan & Pakistan (IDA & IBRD)",TMN,2016,23118130126.9531
"Middle East, North Africa, Afghanistan & Pakistan (IDA & IBRD)",TMN,2015,16339950271.6065
"Middle East, North Africa, Afghanistan & Pakistan (IDA & IBRD)",TMN,2014,17543759948.7305
"Middle East, North Africa, Afghanistan & Pakistan (IDA & IBRD)",TMN,2013,17089959671.0205
"Middle East, North Africa, Afghanistan & Pakistan (IDA & IBRD)",TMN,2012,10394770088.1958
"Middle East, North Africa, Afghanistan & Pakistan (IDA & IBRD)",TMN,2011,8048189842.22413
"Middle East, North Africa, Afghanistan & Pakistan (IDA & IBRD)",TMN,2010,6964450088.02414
"Middle East, North Africa, Afghanistan & Pakistan (IDA & IBRD)",TMN,2009,7997869934.08203
"Middle East, North Africa, Afghanistan & Pakistan (IDA & IBRD)",TMN,2008,16434810302.7344
"Middle East, North Africa, Afghanistan & Pakistan (IDA & IBRD)",TMN,2007,14457189731.5979
"Middle East, North Africa, Afghanistan & Pakistan (IDA & IBRD)",TMN,2006,13547880346.2982
"Middle East, North Africa, Afghanistan & Pakistan (IDA & IBRD)",TMN,2005,26058119899.7498
"Middle East, North Africa, Afghanistan & Pakistan (IDA & IBRD)",TMN,2004,9094559852.6001
"Middle East, North Africa, Afghanistan & Pakistan (IDA & IBRD)",TMN,2003,6866659915.92408
"Middle East, North Africa, Afghanistan & Pakistan (IDA & IBRD)",TMN,2002,3431639967.44156
"Middle East, North Africa, Afghanistan & Pakistan (IDA & IBRD)",TMN,2001,3837719996.45233
"Middle East, North Africa, Afghanistan & Pakistan (IDA & IBRD)",TMN,2000,3786629936.21827
"Middle East, North Africa, Afghanistan & Pakistan (IDA & IBRD)",TMN,1999,4331639986.99188
"Middle East, North Africa, Afghanistan & Pakistan (IDA & IBRD)",TMN,1998,4750030026.43585
"Middle East, North Africa, Afghanistan & Pakistan (IDA & IBRD)",TMN,1997,4726769939.89944
"Middle East, North Africa, Afghanistan & Pakistan (IDA & IBRD)",TMN,1996,5104919917.58347
"Middle East, North Africa, Afghanistan & Pakistan (IDA & IBRD)",TMN,1995,4790409900.66528
"Middle East, North Africa, Afghanistan & Pakistan (IDA & IBRD)",TMN,1994,5810619975.32845
"Middle East, North Africa, Afghanistan & Pakistan (IDA & IBRD)",TMN,1993,5304749928.47443
"Middle East, North Africa, Afghanistan & Pakistan (IDA & IBRD)",TMN,1992,6799299927.94991
"Middle East, North Africa, Afghanistan & Pakistan (IDA & IBRD)",TMN,1991,10264059846.878
"Middle East, North Africa, Afghanistan & Pakistan (IDA & IBRD)",TMN,1990,10985360115.0513
"Middle East, North Africa, Afghanistan & Pakistan (IDA & IBRD)",TMN,1989,3723559965.13367
"Middle East, North Africa, Afghanistan & Pakistan (IDA & IBRD)",TMN,1988,3768040046.6919
"Middle East, North Africa, Afghanistan & Pakistan (IDA & IBRD)",TMN,1987,4933810069.08417
"Middle East, North Africa, Afghanistan & Pakistan (IDA & IBRD)",TMN,1986,4433229955.67322
"Middle East, North Africa, Afghanistan & Pakistan (IDA & IBRD)",TMN,1985,4821519991.39786
"Middle East, North Africa, Afghanistan & Pakistan (IDA & IBRD)",TMN,1984,4500069985.38972
"Middle East, North Africa, Afghanistan & Pakistan (IDA & IBRD)",TMN,1983,4627519963.26447
"Middle East, North Africa, Afghanistan & Pakistan (IDA & IBRD)",TMN,1982,5679300012.70772
"Middle East, North Africa, Afghanistan & Pakistan (IDA & IBRD)",TMN,1981,7112949960.23179
"Middle East, North Africa, Afghanistan & Pakistan (IDA & IBRD)",TMN,1980,7476509955.40618
"Middle East, North Africa, Afghanistan & Pakistan (IDA & IBRD)",TMN,1979,6492389909.50585
"Middle East, North Africa, Afghanistan & Pakistan (IDA & IBRD)",TMN,1978,6076029962.53968
"Middle East, North Africa, Afghanistan & Pakistan (IDA & IBRD)",TMN,1977,5851079857.3494
"Middle East, North Africa, Afghanistan & Pakistan (IDA & IBRD)",TMN,1976,4986189914.22653
"Middle East, North Africa, Afghanistan & Pakistan (IDA & IBRD)",TMN,1975,4965719907.04537
"Middle East, North Africa, Afghanistan & Pakistan (IDA & IBRD)",TMN,1974,3251070040.22598
"Middle East, North Africa, Afghanistan & Pakistan (IDA & IBRD)",TMN,1973,1987949978.59001
"Middle East, North Africa, Afghanistan & Pakistan (IDA & IBRD)",TMN,1972,747029999.73297
"Middle East, North Africa, Afghanistan & Pakistan (IDA & IBRD)",TMN,1971,660490007.877351
"Middle East, North Africa, Afghanistan & Pakistan (IDA & IBRD)",TMN,1970,675460000.991821
"Middle East, North Africa, Afghanistan & Pakistan (IDA & IBRD)",TMN,1969,
"Middle East, North Africa, Afghanistan & Pakistan (IDA & IBRD)",TMN,1968,
"Middle East, North Africa, Afghanistan & Pakistan (IDA & IBRD)",TMN,1967,
"Middle East, North Africa, Afghanistan & Pakistan (IDA & IBRD)",TMN,1966,
"Middle East, North Africa, Afghanistan & Pakistan (IDA & IBRD)",TMN,1965,
"Middle East, North Africa, Afghanistan & Pakistan (IDA & IBRD)",TMN,1964,
"Middle East, North Africa, Afghanistan & Pakistan (IDA & IBRD)",TMN,1963,
"Middle East, North Africa, Afghanistan & Pakistan (IDA & IBRD)",TMN,1962,
"Middle East, North Africa, Afghanistan & Pakistan (IDA & IBRD)",TMN,1961,
"Middle East, North Africa, Afghanistan & Pakistan (IDA & IBRD)",TMN,1960,
Middle income,MIC,2025,
Middle income,MIC,2024,
Middle income,MIC,2023,
Middle income,MIC,2022,
Middle income,MIC,2021,82103859375.0
Middle income,MIC,2020,82064656250.0
Middle income,MIC,2019,62047929687.5
Middle income,MIC,2018,63538261718.75
Middle income,MIC,2017,66480953125.0
Middle income,MIC,2016,65372410156.25
Middle income,MIC,2015,63802621093.75
Middle income,MIC,2014,68632140625.0
Middle income,MIC,2013,70822640625.0
Middle income,MIC,2012,62187332031.25
Middle income,MIC,2011,62662898437.5
Middle income,MIC,2010,58681820312.5
Middle income,MIC,2009,58621218750.0
Middle income,MIC,2008,60359750000.0
Middle income,MIC,2007,54794550781.25
Middle income,MIC,2006,60843601562.5
Middle income,MIC,2005,67304273437.5
Middle income,MIC,2004,43273691406.25
Middle income,MIC,2003,37642128295.8984
Middle income,MIC,2002,35781209960.9375
Middle income,MIC,2001,32982090087.8906
Middle income,MIC,2000,31569339111.3281
Middle income,MIC,1999,35159051025.3906
Middle income,MIC,1998,32200600097.6563
Middle income,MIC,1997,29095970825.1953
Middle income,MIC,1996,34242050537.1094
Middle income,MIC,1995,36794349853.5156
Middle income,MIC,1994,38428799804.6875
Middle income,MIC,1993,36362708251.9531
Middle income,MIC,1992,38803089843.75
Middle income,MIC,1991,38720911376.9531
Middle income,MIC,1990,35384311889.6484
Middle income,MIC,1989,25628560546.875
Middle income,MIC,1988,24231259765.625
Middle income,MIC,1987,22146320312.5
Middle income,MIC,1986,19862628906.25
Middle income,MIC,1985,16908910156.25
Middle income,MIC,1984,16439830078.125
Middle income,MIC,1983,16219759765.625
Middle income,MIC,1982,17329029296.875
Middle income,MIC,1981,18369429687.5
Middle income,MIC,1980,19054369140.625
Middle income,MIC,1979,15240809570.3125
Middle income,MIC,1978,13596209960.9375
Middle income,MIC,1977,11197620117.1875
Middle income,MIC,1976,11374799804.6875
Middle income,MIC,1975,11648179687.5
Middle income,MIC,1974,8816160156.25
Middle income,MIC,1973,6485700195.3125
Middle income,MIC,1972,4991240234.375
Middle income,MIC,1971,4989529785.15625
Middle income,MIC,1970,4552060058.59375
Middle income,MIC,1969,4232479980.46875
Middle income,MIC,1968,4287770019.53125
Middle income,MIC,1967,4711910156.25
Middle income,MIC,1966,4642060058.59375
Middle income,MIC,1965,4471640136.71875
Middle income,MIC,1964,4169270019.53125
Middle income,MIC,1963,3945969970.70313
Middle income,MIC,1962,3632900146.48438
Middle income,MIC,1961,3723449951.17188
Middle income,MIC,1960,2932370117.1875
North America,NAC,2025,
North America,NAC,2024,
North America,NAC,2023,
North America,NAC,2022,
North America,NAC,2021,
North America,NAC,2020,
North America,NAC,2019,
North America,NAC,2018,
North America,NAC,2017,
North America,NAC,2016,
North America,NAC,2015,
North America,NAC,2014,
North America,NAC,2013,
North America,NAC,2012,
North America,NAC,2011,
North America,NAC,2010,
North America,NAC,2009,
North America,NAC,2008,
North America,NAC,2007,
North America,NAC,2006,
North America,NAC,2005,
North America,NAC,2004,90000.0035762787
North America,NAC,2003,29999.9993294477
North America,NAC,2002,19999.9995529652
North America,NAC,2001,19999.9995529652
North America,NAC,2000,59999.9986588955
North America,NAC,1999,79999.9982118607
North America,NAC,1998,550000.011920929
North America,NAC,1997,-8220000.26702881
North America,NAC,1996,-4070000.17166138
North America,NAC,1995,-2079999.92370605
North America,NAC,1994,-12479999.5422363
North America,NAC,1993,-4820000.17166138
North America,NAC,1992,-5000000.0
North America,NAC,1991,-4719999.79019165
North America,NAC,1990,42189998.626709
North America,NAC,1989,100000.001490116
North America,NAC,1988,39999.9991059303
North America,NAC,1987,230000.004172325
North America,NAC,1986,90000.0035762787
North America,NAC,1985,939999.997615814
North America,NAC,1984,79999.9982118607
North America,NAC,1983,70000.0002980232
North America,NAC,1982,70000.0002980232
North America,NAC,1981,209999.993443489
North America,NAC,1980,280000.001192093
North America,NAC,1979,150000.005960464
North America,NAC,1978,159999.996423721
North America,NAC,1977,79999.9982118607
North America,NAC,1976,29999.9993294477
North America,NAC,1975,19999.9995529652
North America,NAC,1974,29999.9993294477
North America,NAC,1973,
North America,NAC,1972,9999.99977648258
North America,NAC,1971,
North America,NAC,1970,9999.99977648258
North America,NAC,1969,9999.99977648258
North America,NAC,1968,39999.9991059303
North America,NAC,1967,59999.9986588955
North America,NAC,1966,59999.9986588955
North America,NAC,1965,50000.0007450581
North America,NAC,1964,9999.99977648258
North America,NAC,1963,
North America,NAC,1962,
North America,NAC,1961,
North America,NAC,1960,
Not classified,,2025,
Not classified,,2024,
Not classified,,2023,
Not classified,,2022,
Not classified,,2021,
Not classified,,2020,
Not classified,,2019,
Not classified,,2018,
Not classified,,2017,
Not classified,,2016,
Not classified,,2015,
Not classified,,2014,
Not classified,,2013,
Not classified,,2012,
Not classified,,2011,
Not classified,,2010,
Not classified,,2009,
Not classified,,2008,
Not classified,,2007,
Not classified,,2006,
Not classified,,2005,
Not classified,,2004,
Not classified,,2003,
Not classified,,2002,
Not classified,,2001,
Not classified,,2000,
Not classified,,1999,
Not classified,,1998,
Not classified,,1997,
Not classified,,1996,
Not classified,,1995,
Not classified,,1994,
Not classified,,1993,
Not classified,,1992,
Not classified,,1991,
Not classified,,1990,
Not classified,,1989,
Not classified,,1988,
Not classified,,1987,
Not classified,,1986,
Not classified,,1985,
Not classified,,1984,
Not classified,,1983,
Not classified,,1982,
Not classified,,1981,
Not classified,,1980,
Not classified,,1979,
Not classified,,1978,
Not classified,,1977,
Not classified,,1976,
Not classified,,1975,
Not classified,,1974,
Not classified,,1973,
Not classified,,1972,
Not classified,,1971,
Not classified,,1970,
Not classified,,1969,
Not classified,,1968,
Not classified,,1967,
Not classified,,1966,
Not classified,,1965,
Not classified,,1964,
Not classified,,1963,
Not classified,,1962,
Not classified,,1961,
Not classified,,1960,
OECD members,OED,2025,
OECD members,OED,2024,
OECD members,OED,2023,
OECD members,OED,2022,
OECD members,OED,2021,3610820100.42667
OECD members,OED,2020,3409140029.90723
OECD members,OED,2019,2150759952.54517
OECD members,OED,2018,3619390022.27784
OECD members,OED,2017,4921759941.10108
OECD members,OED,2016,5804090118.40821
OECD members,OED,2015,3983880065.91797
OECD members,OED,2014,5785960079.19311
OECD members,OED,2013,4381100090.02686
OECD members,OED,2012,4440889915.46631
OECD members,OED,2011,5465630062.10327
OECD members,OED,2010,2460450004.57763
OECD members,OED,2009,2790770011.90187
OECD members,OED,2008,2425139961.24268
OECD members,OED,2007,1820559997.55859
OECD members,OED,2006,1950649993.89649
OECD members,OED,2005,1445759994.50684
OECD members,OED,2004,4392480070.11414
OECD members,OED,2003,3681539997.10083
OECD members,OED,2002,3212150010.58578
OECD members,OED,2001,3046539981.84204
OECD members,OED,2000,3677330028.53394
OECD members,OED,1999,3712650030.37452
OECD members,OED,1998,3465979955.67322
OECD members,OED,1997,3052029966.35437
OECD members,OED,1996,4908549998.3281
OECD members,OED,1995,5647339881.89697
OECD members,OED,1994,4542350080.49011
OECD members,OED,1993,4057880119.80056
OECD members,OED,1992,5421000036.71647
OECD members,OED,1991,7646439964.29444
OECD members,OED,1990,4746860019.68385
OECD members,OED,1989,1872070014.95362
OECD members,OED,1988,2024350060.46295
OECD members,OED,1987,2152020048.14149
OECD members,OED,1986,2764479977.13089
OECD members,OED,1985,2654280036.92627
OECD members,OED,1984,1814010022.16339
OECD members,OED,1983,2134979962.82578
OECD members,OED,1982,1813460002.60115
OECD members,OED,1981,2026099968.7314
OECD members,OED,1980,2110599970.81757
OECD members,OED,1979,2009040039.0625
OECD members,OED,1978,1353819989.91966
OECD members,OED,1977,1213810019.4931
OECD members,OED,1976,1097730027.19879
OECD members,OED,1975,998880004.882813
OECD members,OED,1974,560029986.381531
OECD members,OED,1973,749409991.264343
OECD members,OED,1972,861019989.013672
OECD members,OED,1971,762780004.501343
OECD members,OED,1970,745530010.223388
OECD members,OED,1969,
OECD members,OED,1968,
OECD members,OED,1967,
OECD members,OED,1966,
OECD members,OED,1965,
OECD members,OED,1964,
OECD members,OED,1963,
OECD members,OED,1962,
OECD members,OED,1961,
OECD members,OED,1960,
Other small states,OSS,2025,
Other small states,OSS,2024,
Other small states,OSS,2023,
Other small states,OSS,2022,
Other small states,OSS,2021,2566159978.67659
Other small states,OSS,2020,2986009951.59149
Other small states,OSS,2019,2040460012.43591
Other small states,OSS,2018,2110979979.03824
Other small states,OSS,2017,2015819998.26431
Other small states,OSS,2016,1691080008.50677
Other small states,OSS,2015,1662529988.76572
Other small states,OSS,2014,1915069987.77389
Other small states,OSS,2013,2353440049.17145
Other small states,OSS,2012,2356940012.93182
Other small states,OSS,2011,2428759973.526
Other small states,OSS,2010,2517799983.97827
Other small states,OSS,2009,2218199995.04089
Other small states,OSS,2008,2545800012.5885
Other small states,OSS,2007,1779999986.64856
Other small states,OSS,2006,1316359986.30524
Other small states,OSS,2005,1176869986.77254
Other small states,OSS,2004,1402869996.07086
Other small states,OSS,2003,1308230006.42657
Other small states,OSS,2002,1254780016.06464
Other small states,OSS,2001,1062489996.04583
Other small states,OSS,2000,1161630006.19411
Other small states,OSS,1999,1252740018.48698
Other small states,OSS,1998,1359380005.09143
Other small states,OSS,1997,1318890013.75437
Other small states,OSS,1996,1487200009.65893
Other small states,OSS,1995,1493150004.16711
Other small states,OSS,1994,1549210013.61311
Other small states,OSS,1993,1519599990.75532
Other small states,OSS,1992,1504920008.54015
Other small states,OSS,1991,1579980003.77417
Other small states,OSS,1990,1653100002.14726
Other small states,OSS,1989,1216410001.51634
Other small states,OSS,1988,1091730007.07105
Other small states,OSS,1987,1124059999.10831
Other small states,OSS,1986,1061470009.14812
Other small states,OSS,1985,814800001.382828
Other small states,OSS,1984,954159992.873669
Other small states,OSS,1983,988150002.608076
Other small states,OSS,1982,858759994.879364
Other small states,OSS,1981,974460000.097751
Other small states,OSS,1980,963839999.763295
Other small states,OSS,1979,702999995.693565
Other small states,OSS,1978,689039999.308065
Other small states,OSS,1977,501979998.30544
Other small states,OSS,1976,530360003.665089
Other small states,OSS,1975,383780002.310872
Other small states,OSS,1974,304410000.482574
Other small states,OSS,1973,217239998.342469
Other small states,OSS,1972,154750001.005828
Other small states,OSS,1971,127949998.166412
Other small states,OSS,1970,111639999.097213
Other small states,OSS,1969,
Other small states,OSS,1968,
Other small states,OSS,1967,
Other small states,OSS,1966,
Other small states,OSS,1965,
Other small states,OSS,1964,
Other small states,OSS,1963,
Other small states,OSS,1962,
Other small states,OSS,1961,
Other small states,OSS,1960,
Pacific island small states,PSS,2025,
Pacific island small states,PSS,2024,
Pacific island small states,PSS,2023,
Pacific island small states,PSS,2022,
Pacific island small states,PSS,2021,1662989978.79028
Pacific island small states,PSS,2020,1441570011.13892
Pacific island small states,PSS,2019,1045790012.35962
Pacific island small states,PSS,2018,1055680006.02722
Pacific island small states,PSS,2017,1013109998.703
Pacific island small states,PSS,2016,782450005.531311
Pacific island small states,PSS,2015,939420001.983643
Pacific island small states,PSS,2014,903160011.291503
Pacific island small states,PSS,2013,1060189983.36792
Pacific island small states,PSS,2012,1077220002.17438
Pacific island small states,PSS,2011,1052520000.45776
Pacific island small states,PSS,2010,891840007.781983
Pacific island small states,PSS,2009,759260004.043579
Pacific island small states,PSS,2008,689150003.433227
Pacific island small states,PSS,2007,668039996.147156
Pacific island small states,PSS,2006,632129995.34607
Pacific island small states,PSS,2005,608969993.591308
Pacific island small states,PSS,2004,467779995.918274
Pacific island small states,PSS,2003,430509994.029998
Pacific island small states,PSS,2002,385160003.66211
Pacific island small states,PSS,2001,439919992.446899
Pacific island small states,PSS,2000,387540004.253387
Pacific island small states,PSS,1999,372659999.370575
Pacific island small states,PSS,1998,377940001.010895
Pacific island small states,PSS,1997,371380002.975464
Pacific island small states,PSS,1996,454190005.302429
Pacific island small states,PSS,1995,479450008.153916
Pacific island small states,PSS,1994,583130003.929137
Pacific island small states,PSS,1993,335770003.000274
Pacific island small states,PSS,1992,266359999.099746
Pacific island small states,PSS,1991,212570002.675057
Pacific island small states,PSS,1990,225180002.838373
Pacific island small states,PSS,1989,196149998.474866
Pacific island small states,PSS,1988,217760001.838207
Pacific island small states,PSS,1987,234519997.175783
Pacific island small states,PSS,1986,146550000.227988
Pacific island small states,PSS,1985,116989998.627454
Pacific island small states,PSS,1984,120619999.67508
Pacific island small states,PSS,1983,144420002.250001
Pacific island small states,PSS,1982,146829998.034984
Pacific island small states,PSS,1981,157839999.942109
Pacific island small states,PSS,1980,180989999.083802
Pacific island small states,PSS,1979,155319999.713451
Pacific island small states,PSS,1978,108530000.209808
Pacific island small states,PSS,1977,86310001.6210228
Pacific island small states,PSS,1976,94380000.114441
Pacific island small states,PSS,1975,74609999.4760006
Pacific island small states,PSS,1974,56900000.0953674
Pacific island small states,PSS,1973,43939999.6995926
Pacific island small states,PSS,1972,34890000.2241135
Pacific island small states,PSS,1971,26820000.5888939
Pacific island small states,PSS,1970,22860000.4315376
Pacific island small states,PSS,1969,
Pacific island small states,PSS,1968,
Pacific island small states,PSS,1967,
Pacific island small states,PSS,1966,
Pacific island small states,PSS,1965,
Pacific island small states,PSS,1964,
Pacific island small states,PSS,1963,
Pacific island small states,PSS,1962,
Pacific island small states,PSS,1961,
Pacific island small states,PSS,1960,
Post-demographic dividend,PST,2025,
Post-demographic dividend,PST,2024,
Post-demographic dividend,PST,2023,
Post-demographic dividend,PST,2022,
Post-demographic dividend,PST,2021,2680580013.27515
Post-demographic dividend,PST,2020,4156470045.08973
Post-demographic dividend,PST,2019,2316749988.55591
Post-demographic dividend,PST,2018,2465850015.64026
Post-demographic dividend,PST,2017,2116060025.21515
Post-demographic dividend,PST,2016,4645420049.36934
Post-demographic dividend,PST,2015,2469770014.04763
Post-demographic dividend,PST,2014,2418719967.60368
Post-demographic dividend,PST,2013,1520140010.71453
Post-demographic dividend,PST,2012,1530800021.88683
Post-demographic dividend,PST,2011,1626490023.8812
Post-demographic dividend,PST,2010,1603330011.3678
Post-demographic dividend,PST,2009,1467679967.88025
Post-demographic dividend,PST,2008,1575419984.34067
Post-demographic dividend,PST,2007,1388659994.12537
Post-demographic dividend,PST,2006,1377340027.45152
Post-demographic dividend,PST,2005,1223030017.97199
Post-demographic dividend,PST,2004,2825250058.16668
Post-demographic dividend,PST,2003,2057589966.65478
Post-demographic dividend,PST,2002,2055550033.56934
Post-demographic dividend,PST,2001,2599470024.76454
Post-demographic dividend,PST,2000,2423980010.33068
Post-demographic dividend,PST,1999,2986969946.98048
Post-demographic dividend,PST,1998,2646219962.7161
Post-demographic dividend,PST,1997,1892429989.21871
Post-demographic dividend,PST,1996,2162469993.4125
Post-demographic dividend,PST,1995,1971299988.03139
Post-demographic dividend,PST,1994,1562050015.95616
Post-demographic dividend,PST,1993,1133949999.51124
Post-demographic dividend,PST,1992,1451819996.24707
Post-demographic dividend,PST,1991,1898859947.32566
Post-demographic dividend,PST,1990,536260002.369061
Post-demographic dividend,PST,1989,244619996.169582
Post-demographic dividend,PST,1988,122529998.511076
Post-demographic dividend,PST,1987,111409999.385476
Post-demographic dividend,PST,1986,88919998.5265733
Post-demographic dividend,PST,1985,104830001.980066
Post-demographic dividend,PST,1984,72899999.0820885
Post-demographic dividend,PST,1983,132049998.342991
Post-demographic dividend,PST,1982,136699997.186661
Post-demographic dividend,PST,1981,458130014.190451
Post-demographic dividend,PST,1980,241740006.446838
Post-demographic dividend,PST,1979,260690001.26794
Post-demographic dividend,PST,1978,273190007.209778
Post-demographic dividend,PST,1977,337719993.35289
Post-demographic dividend,PST,1976,314709999.084472
Post-demographic dividend,PST,1975,317729996.58063
Post-demographic dividend,PST,1974,317279993.323609
Post-demographic dividend,PST,1973,345589999.260381
Post-demographic dividend,PST,1972,421519991.725683
Post-demographic dividend,PST,1971,382390011.057258
Post-demographic dividend,PST,1970,328640012.457966
Post-demographic dividend,PST,1969,
Post-demographic dividend,PST,1968,
Post-demographic dividend,PST,1967,
Post-demographic dividend,PST,1966,
Post-demographic dividend,PST,1965,
Post-demographic dividend,PST,1964,
Post-demographic dividend,PST,1963,
Post-demographic dividend,PST,1962,
Post-demographic dividend,PST,1961,
Post-demographic dividend,PST,1960,
Pre-demographic dividend,PRE,2025,
Pre-demographic dividend,PRE,2024,
Pre-demographic dividend,PRE,2023,
Pre-demographic dividend,PRE,2022,
Pre-demographic dividend,PRE,2021,50968409741.4017
Pre-demographic dividend,PRE,2020,54058549952.5071
Pre-demographic dividend,PRE,2019,43641699737.5489
Pre-demographic dividend,PRE,2018,41128600370.884
Pre-demographic dividend,PRE,2017,41500759871.9597
Pre-demographic dividend,PRE,2016,36323879716.8732
Pre-demographic dividend,PRE,2015,37042489999.7711
Pre-demographic dividend,PRE,2014,38651330417.1562
Pre-demographic dividend,PRE,2013,40476800089.8362
Pre-demographic dividend,PRE,2012,40751410029.4113
Pre-demographic dividend,PRE,2011,41593890171.051
Pre-demographic dividend,PRE,2010,39666899871.8262
Pre-demographic dividend,PRE,2009,39046519960.4035
Pre-demographic dividend,PRE,2008,42294270004.2725
Pre-demographic dividend,PRE,2007,40930239902.4964
Pre-demographic dividend,PRE,2006,45387340217.5903
Pre-demographic dividend,PRE,2005,50550050071.7163
Pre-demographic dividend,PRE,2004,26383599842.0715
Pre-demographic dividend,PRE,2003,22809709735.8704
Pre-demographic dividend,PRE,2002,15587180160.5225
Pre-demographic dividend,PRE,2001,10918170040.1306
Pre-demographic dividend,PRE,2000,9818610052.10876
Pre-demographic dividend,PRE,1999,9643790021.89636
Pre-demographic dividend,PRE,1998,10464909940.6004
Pre-demographic dividend,PRE,1997,10980530009.9254
Pre-demographic dividend,PRE,1996,12052090070.799
Pre-demographic dividend,PRE,1995,14327890079.0401
Pre-demographic dividend,PRE,1994,14445629894.7185
Pre-demographic dividend,PRE,1993,13384439905.0772
Pre-demographic dividend,PRE,1992,14687059996.4857
Pre-demographic dividend,PRE,1991,14223239983.9759
Pre-demographic dividend,PRE,1990,14076919950.1053
Pre-demographic dividend,PRE,1989,11839979897.4991
Pre-demographic dividend,PRE,1988,10961819976.3484
Pre-demographic dividend,PRE,1987,9875549880.98145
Pre-demographic dividend,PRE,1986,8398809951.12658
Pre-demographic dividend,PRE,1985,6697089956.28357
Pre-demographic dividend,PRE,1984,5971210036.75461
Pre-demographic dividend,PRE,1983,5977569947.42155
Pre-demographic dividend,PRE,1982,6348439976.20047
Pre-demographic dividend,PRE,1981,6360829982.28073
Pre-demographic dividend,PRE,1980,6278390019.89365
Pre-demographic dividend,PRE,1979,5581549959.62978
Pre-demographic dividend,PRE,1978,4345190023.49116
Pre-demographic dividend,PRE,1977,3283450007.25984
Pre-demographic dividend,PRE,1976,2693370015.23376
Pre-demographic dividend,PRE,1975,2940029970.04986
Pre-demographic dividend,PRE,1974,2147470012.01846
Pre-demographic dividend,PRE,1973,1386830002.45132
Pre-demographic dividend,PRE,1972,1140400007.93338
Pre-demographic dividend,PRE,1971,1020199996.95383
Pre-demographic dividend,PRE,1970,885150008.963421
Pre-demographic dividend,PRE,1969,
Pre-demographic dividend,PRE,1968,
Pre-demographic dividend,PRE,1967,
Pre-demographic dividend,PRE,1966,
Pre-demographic dividend,PRE,1965,
Pre-demographic dividend,PRE,1964,
Pre-demographic dividend,PRE,1963,
Pre-demographic dividend,PRE,1962,
Pre-demographic dividend,PRE,1961,
Pre-demographic dividend,PRE,1960,
Small states,SST,2025,
Small states,SST,2024,
Small states,SST,2023,
Small states,SST,2022,
Small states,SST,2021,4911099954.41511
Small states,SST,2020,4976689963.34076
Small states,SST,2019,3591990024.56665
Small states,SST,2018,3522149985.79025
Small states,SST,2017,3258539996.62399
Small states,SST,2016,2663570009.88722
Small states,SST,2015,2801969990.49187
Small states,SST,2014,3213590000.391
Small states,SST,2013,3766680026.88885
Small states,SST,2012,3735980009.79423
Small states,SST,2011,3845949978.82843
Small states,SST,2010,3957520000.45776
Small states,SST,2009,3597200010.29968
Small states,SST,2008,3736150009.63211
Small states,SST,2007,2907799982.54776
Small states,SST,2006,2279279974.57981
Small states,SST,2005,2085429982.06616
Small states,SST,2004,2159229986.47392
Small states,SST,2003,1903700001.06096
Small states,SST,2002,1870660021.42429
Small states,SST,2001,1747189988.52372
Small states,SST,2000,1747030013.91888
Small states,SST,1999,1860980018.91375
Small states,SST,1998,2031760006.15954
Small states,SST,1997,2200430011.33203
Small states,SST,1996,2374960023.00084
Small states,SST,1995,2417120014.92456
Small states,SST,1994,2535540013.05997
Small states,SST,1993,2234919993.23107
Small states,SST,1992,2161270010.51046
Small states,SST,1991,2240420000.97036
Small states,SST,1990,2502299995.1914
Small states,SST,1989,1890570003.31953
Small states,SST,1988,1668060007.17357
Small states,SST,1987,1697549989.99462
Small states,SST,1986,1540060006.11931
Small states,SST,1985,1224739998.80627
Small states,SST,1984,1349069991.08009
Small states,SST,1983,1396600005.42551
Small states,SST,1982,1367409995.11257
Small states,SST,1981,1491829994.88525
Small states,SST,1980,1442640002.00853
Small states,SST,1979,1152679996.61341
Small states,SST,1978,1057259997.66775
Small states,SST,1977,755400000.74543
Small states,SST,1976,815990004.077553
Small states,SST,1975,588470002.008602
Small states,SST,1974,479369998.494163
Small states,SST,1973,326719999.285415
Small states,SST,1972,267140001.229942
Small states,SST,1971,230140000.786632
Small states,SST,1970,200949998.697266
Small states,SST,1969,
Small states,SST,1968,
Small states,SST,1967,
Small states,SST,1966,
Small states,SST,1965,
Small states,SST,1964,
Small states,SST,1963,
Small states,SST,1962,
Small states,SST,1961,
Small states,SST,1960,
South Asia,SAS,2025,
South Asia,SAS,2024,
South Asia,SAS,2023,
South Asia,SAS,2022,
South Asia,SAS,2021,17641809913.6353
South Asia,SAS,2020,16585300338.7451
South Asia,SAS,2019,14951799934.3872
South Asia,SAS,2018,12219859970.0928
South Asia,SAS,2017,14985200000.7629
South Asia,SAS,2016,13996790145.874
South Asia,SAS,2015,15700559961.319
South Asia,SAS,2014,15584860260.0098
South Asia,SAS,2013,13939530216.217
South Asia,SAS,2012,14128850086.2122
South Asia,SAS,2011,16802860359.1919
South Asia,SAS,2010,14937079826.355
South Asia,SAS,2009,13776020320.8923
South Asia,SAS,2008,11186779800.415
South Asia,SAS,2007,10921769828.7964
South Asia,SAS,2006,8716180011.74927
South Asia,SAS,2005,9018010021.65675
South Asia,SAS,2004,6732410093.3075
South Asia,SAS,2003,5672769973.75488
South Asia,SAS,2002,6386380079.26941
South Asia,SAS,2001,5534260005.95093
South Asia,SAS,2000,3644300041.19873
South Asia,SAS,1999,3822920022.96448
South Asia,SAS,1998,4284769922.25647
South Asia,SAS,1997,4074329994.20166
South Asia,SAS,1996,4488510042.19055
South Asia,SAS,1995,4453159961.70044
South Asia,SAS,1994,6117210092.54456
South Asia,SAS,1993,4613720020.29419
South Asia,SAS,1992,5958269886.01685
South Asia,SAS,1991,7191970027.92358
South Asia,SAS,1990,5245440057.75452
South Asia,SAS,1989,5612420061.11145
South Asia,SAS,1988,5577089937.21008
South Asia,SAS,1987,4831699957.8476
South Asia,SAS,1986,4908209950.92392
South Asia,SAS,1985,3910670017.24243
South Asia,SAS,1984,4014049960.13641
South Asia,SAS,1983,4137610047.34039
South Asia,SAS,1982,4410139938.35449
South Asia,SAS,1981,4403800014.49585
South Asia,SAS,1980,5165000008.58307
South Asia,SAS,1979,3734830011.84464
South Asia,SAS,1978,3175459967.61322
South Asia,SAS,1977,2689980008.12531
South Asia,SAS,1976,3524409965.99197
South Asia,SAS,1975,3645119996.5477
South Asia,SAS,1974,2386080029.24919
South Asia,SAS,1973,1627030030.78699
South Asia,SAS,1972,1282900030.19571
South Asia,SAS,1971,1567140033.02157
South Asia,SAS,1970,1346009959.3997
South Asia,SAS,1969,1321390014.19395
South Asia,SAS,1968,1407659976.6463
South Asia,SAS,1967,1969449985.39425
South Asia,SAS,1966,1723719935.4656
South Asia,SAS,1965,1870099935.79239
South Asia,SAS,1964,1801160015.14532
South Asia,SAS,1963,1527209998.67655
South Asia,SAS,1962,1096590028.25618
South Asia,SAS,1961,926220029.592514
South Asia,SAS,1960,1020110002.78406
South Asia (IDA & IBRD),TSA,2025,
South Asia (IDA & IBRD),TSA,2024,
South Asia (IDA & IBRD),TSA,2023,
South Asia (IDA & IBRD),TSA,2022,
South Asia (IDA & IBRD),TSA,2021,17474579917.9077
South Asia (IDA & IBRD),TSA,2020,16458270339.9658
South Asia (IDA & IBRD),TSA,2019,14852809936.5234
South Asia (IDA & IBRD),TSA,2018,12130689971.9239
South Asia (IDA & IBRD),TSA,2017,14906799999.2371
South Asia (IDA & IBRD),TSA,2016,13754680145.2637
South Asia (IDA & IBRD),TSA,2015,15596229959.4879
South Asia (IDA & IBRD),TSA,2014,15501880256.6528
South Asia (IDA & IBRD),TSA,2013,13871940219.8792
South Asia (IDA & IBRD),TSA,2012,13999030078.8879
South Asia (IDA & IBRD),TSA,2011,16698280357.3608
South Asia (IDA & IBRD),TSA,2010,14838659828.186
South Asia (IDA & IBRD),TSA,2009,13631290325.1648
South Asia (IDA & IBRD),TSA,2008,11029809799.1943
South Asia (IDA & IBRD),TSA,2007,10817159828.186
South Asia (IDA & IBRD),TSA,2006,8630770008.08716
South Asia (IDA & IBRD),TSA,2005,9017530021.66749
South Asia (IDA & IBRD),TSA,2004,6732410093.30751
South Asia (IDA & IBRD),TSA,2003,5672769973.75489
South Asia (IDA & IBRD),TSA,2002,6386380079.26941
South Asia (IDA & IBRD),TSA,2001,5534260005.95092
South Asia (IDA & IBRD),TSA,2000,3644300041.19873
South Asia (IDA & IBRD),TSA,1999,3822920022.96448
South Asia (IDA & IBRD),TSA,1998,4284769922.25647
South Asia (IDA & IBRD),TSA,1997,4074329994.20166
South Asia (IDA & IBRD),TSA,1996,4488510042.19055
South Asia (IDA & IBRD),TSA,1995,4453159961.70044
South Asia (IDA & IBRD),TSA,1994,6117210092.54456
South Asia (IDA & IBRD),TSA,1993,4613720020.29419
South Asia (IDA & IBRD),TSA,1992,5958269886.01685
South Asia (IDA & IBRD),TSA,1991,7191970027.92359
South Asia (IDA & IBRD),TSA,1990,5245440057.75451
South Asia (IDA & IBRD),TSA,1989,5612420061.11145
South Asia (IDA & IBRD),TSA,1988,5577089937.21008
South Asia (IDA & IBRD),TSA,1987,4831699957.84759
South Asia (IDA & IBRD),TSA,1986,4908209950.92392
South Asia (IDA & IBRD),TSA,1985,3910670017.24244
South Asia (IDA & IBRD),TSA,1984,4014049960.13641
South Asia (IDA & IBRD),TSA,1983,4137610047.3404
South Asia (IDA & IBRD),TSA,1982,4410139938.35449
South Asia (IDA & IBRD),TSA,1981,4403800014.49585
South Asia (IDA & IBRD),TSA,1980,5165000008.58307
South Asia (IDA & IBRD),TSA,1979,3734830011.84464
South Asia (IDA & IBRD),TSA,1978,3175459967.61322
South Asia (IDA & IBRD),TSA,1977,2689980008.12531
South Asia (IDA & IBRD),TSA,1976,3524409965.99198
South Asia (IDA & IBRD),TSA,1975,3645119996.5477
South Asia (IDA & IBRD),TSA,1974,2386080029.24919
South Asia (IDA & IBRD),TSA,1973,1627030030.78699
South Asia (IDA & IBRD),TSA,1972,1282900030.19571
South Asia (IDA & IBRD),TSA,1971,1567140033.02157
South Asia (IDA & IBRD),TSA,1970,1346009959.3997
South Asia (IDA & IBRD),TSA,1969,
South Asia (IDA & IBRD),TSA,1968,
South Asia (IDA & IBRD),TSA,1967,
South Asia (IDA & IBRD),TSA,1966,
South Asia (IDA & IBRD),TSA,1965,
South Asia (IDA & IBRD),TSA,1964,
South Asia (IDA & IBRD),TSA,1963,
South Asia (IDA & IBRD),TSA,1962,
South Asia (IDA & IBRD),TSA,1961,
South Asia (IDA & IBRD),TSA,1960,
Sub-Saharan Africa,SSF,2025,
Sub-Saharan Africa,SSF,2024,
Sub-Saharan Africa,SSF,2023,
Sub-Saharan Africa,SSF,2022,
Sub-Saharan Africa,SSF,2021,62285599987.9837
Sub-Saharan Africa,SSF,2020,66890549784.6603
Sub-Saharan Africa,SSF,2019,53080099622.7264
Sub-Saharan Africa,SSF,2018,50894390280.2467
Sub-Saharan Africa,SSF,2017,49572019846.4394
Sub-Saharan Africa,SSF,2016,44315230124.4736
Sub-Saharan Africa,SSF,2015,44772349948.4062
Sub-Saharan Africa,SSF,2014,46459720042.7055
Sub-Saharan Africa,SSF,2013,47703150197.0291
Sub-Saharan Africa,SSF,2012,46763630057.3349
Sub-Saharan Africa,SSF,2011,47332209726.3336
Sub-Saharan Africa,SSF,2010,44362909770.9656
Sub-Saharan Africa,SSF,2009,44309030176.1627
Sub-Saharan Africa,SSF,2008,40255199884.4147
Sub-Saharan Africa,SSF,2007,36172450304.0314
Sub-Saharan Africa,SSF,2006,41197029866.2186
Sub-Saharan Africa,SSF,2005,32838650146.4844
Sub-Saharan Africa,SSF,2004,26488490002.6321
Sub-Saharan Africa,SSF,2003,24879359923.3627
Sub-Saharan Africa,SSF,2002,19048810117.7216
Sub-Saharan Africa,SSF,2001,14288190022.4686
Sub-Saharan Africa,SSF,2000,13057700087.5473
Sub-Saharan Africa,SSF,1999,13226520071.0297
Sub-Saharan Africa,SSF,1998,14476799968.7195
Sub-Saharan Africa,SSF,1997,14895880022.049
Sub-Saharan Africa,SSF,1996,16350740058.8989
Sub-Saharan Africa,SSF,1995,18636510098.4573
Sub-Saharan Africa,SSF,1994,19194359783.1726
Sub-Saharan Africa,SSF,1993,17349529899.5972
Sub-Saharan Africa,SSF,1992,19240769945.3831
Sub-Saharan Africa,SSF,1991,17822830018.9972
Sub-Saharan Africa,SSF,1990,17841889972.6868
Sub-Saharan Africa,SSF,1989,15500969892.5018
Sub-Saharan Africa,SSF,1988,14496010047.6742
Sub-Saharan Africa,SSF,1987,12813089894.5332
Sub-Saharan Africa,SSF,1986,11016589967.6085
Sub-Saharan Africa,SSF,1985,9217589920.52078
Sub-Saharan Africa,SSF,1984,8376560043.09654
Sub-Saharan Africa,SSF,1983,7584869929.56139
Sub-Saharan Africa,SSF,1982,7860069985.38971
Sub-Saharan Africa,SSF,1981,7488759983.53958
Sub-Saharan Africa,SSF,1980,7721580015.89775
Sub-Saharan Africa,SSF,1979,6664489981.65131
Sub-Saharan Africa,SSF,1978,5212200029.19436
Sub-Saharan Africa,SSF,1977,3847489995.30077
Sub-Saharan Africa,SSF,1976,3226930023.10395
Sub-Saharan Africa,SSF,1975,3497559963.88197
Sub-Saharan Africa,SSF,1974,2600700020.01524
Sub-Saharan Africa,SSF,1973,1804889999.65228
Sub-Saharan Africa,SSF,1972,1454270011.23503
Sub-Saharan Africa,SSF,1971,1356389994.50766
Sub-Saharan Africa,SSF,1970,1172670008.2887
Sub-Saharan Africa,SSF,1969,1126479997.7541
Sub-Saharan Africa,SSF,1968,1152470006.85893
Sub-Saharan Africa,SSF,1967,1284430018.36538
Sub-Saharan Africa,SSF,1966,1165299995.75019
Sub-Saharan Africa,SSF,1965,1088290009.37939
Sub-Saharan Africa,SSF,1964,1010860000.75191
Sub-Saharan Africa,SSF,1963,904989991.141483
Sub-Saharan Africa,SSF,1962,911699987.143278
Sub-Saharan Africa,SSF,1961,798079993.152991
Sub-Saharan Africa,SSF,1960,597350008.554757
Sub-Saharan Africa (excluding high income),SSA,2025,
Sub-Saharan Africa (excluding high income),SSA,2024,
Sub-Saharan Africa (excluding high income),SSA,2023,
Sub-Saharan Africa (excluding high income),SSA,2022,
Sub-Saharan Africa (excluding high income),SSA,2021,62272819988.2507
Sub-Saharan Africa (excluding high income),SSA,2020,66884599784.8511
Sub-Saharan Africa (excluding high income),SSA,2019,53017349622.7264
Sub-Saharan Africa (excluding high income),SSA,2018,50887670280.4565
Sub-Saharan Africa (excluding high income),SSA,2017,49548889845.8481
Sub-Saharan Africa (excluding high income),SSA,2016,44302510124.2065
Sub-Saharan Africa (excluding high income),SSA,2015,44758079948.4253
Sub-Saharan Africa (excluding high income),SSA,2014,46447200042.7246
Sub-Saharan Africa (excluding high income),SSA,2013,47671100196.8384
Sub-Saharan Africa (excluding high income),SSA,2012,46714430057.5256
Sub-Saharan Africa (excluding high income),SSA,2011,47284939727.7832
Sub-Saharan Africa (excluding high income),SSA,2010,44223909770.9656
Sub-Saharan Africa (excluding high income),SSA,2009,44254090175.6287
Sub-Saharan Africa (excluding high income),SSA,2008,40215629882.8125
Sub-Saharan Africa (excluding high income),SSA,2007,36135010303.4973
Sub-Saharan Africa (excluding high income),SSA,2006,41157109867.0959
Sub-Saharan Africa (excluding high income),SSA,2005,32783320144.6533
Sub-Saharan Africa (excluding high income),SSA,2004,26448710002.8992
Sub-Saharan Africa (excluding high income),SSA,2003,24849039922.7142
Sub-Saharan Africa (excluding high income),SSA,2002,18970730117.7979
Sub-Saharan Africa (excluding high income),SSA,2001,14261540022.85
Sub-Saharan Africa (excluding high income),SSA,2000,13012830086.7081
Sub-Saharan Africa (excluding high income),SSA,1999,13192960071.5637
Sub-Saharan Africa (excluding high income),SSA,1998,14430289968.4906
Sub-Saharan Africa (excluding high income),SSA,1997,14854790021.8964
Sub-Saharan Africa (excluding high income),SSA,1996,16300660058.9752
Sub-Saharan Africa (excluding high income),SSA,1995,18589920097.3511
Sub-Saharan Africa (excluding high income),SSA,1994,19151559783.9355
Sub-Saharan Africa (excluding high income),SSA,1993,17277129899.9786
Sub-Saharan Africa (excluding high income),SSA,1992,19159499944.9253
Sub-Saharan Africa (excluding high income),SSA,1991,17737910018.9209
Sub-Saharan Africa (excluding high income),SSA,1990,17746099971.7712
Sub-Saharan Africa (excluding high income),SSA,1989,15425189891.8152
Sub-Saharan Africa (excluding high income),SSA,1988,14427490047.2164
Sub-Saharan Africa (excluding high income),SSA,1987,12735709895.3724
Sub-Saharan Africa (excluding high income),SSA,1986,10967649967.0744
Sub-Saharan Africa (excluding high income),SSA,1985,9178439918.9949
Sub-Saharan Africa (excluding high income),SSA,1984,8346560043.09654
Sub-Saharan Africa (excluding high income),SSA,1983,7558419929.75213
Sub-Saharan Africa (excluding high income),SSA,1982,7828009984.97009
Sub-Saharan Africa (excluding high income),SSA,1981,7461699984.07364
Sub-Saharan Africa (excluding high income),SSA,1980,7690850016.35551
Sub-Saharan Africa (excluding high income),SSA,1979,6636729982.3761
Sub-Saharan Africa (excluding high income),SSA,1978,5195240028.38135
Sub-Saharan Africa (excluding high income),SSA,1977,3835759994.98367
Sub-Saharan Africa (excluding high income),SSA,1976,3219110023.0217
Sub-Saharan Africa (excluding high income),SSA,1975,3487899963.79614
Sub-Saharan Africa (excluding high income),SSA,1974,2576280019.93895
Sub-Saharan Africa (excluding high income),SSA,1973,1795889999.8907
Sub-Saharan Africa (excluding high income),SSA,1972,1445550010.968
Sub-Saharan Africa (excluding high income),SSA,1971,1348649994.73654
Sub-Saharan Africa (excluding high income),SSA,1970,1168650008.30777
Sub-Saharan Africa (excluding high income),SSA,1969,1125189997.79224
Sub-Saharan Africa (excluding high income),SSA,1968,1150010006.82078
Sub-Saharan Africa (excluding high income),SSA,1967,1282190018.35585
Sub-Saharan Africa (excluding high income),SSA,1966,1164369995.74304
Sub-Saharan Africa (excluding high income),SSA,1965,1086740009.42707
Sub-Saharan Africa (excluding high income),SSA,1964,1009920000.7543
Sub-Saharan Africa (excluding high income),SSA,1963,904349991.155788
Sub-Saharan Africa (excluding high income),SSA,1962,911209987.133741
Sub-Saharan Africa (excluding high income),SSA,1961,797079993.152991
Sub-Saharan Africa (excluding high income),SSA,1960,596250008.530915
Sub-Saharan Africa (IDA & IBRD countries),TSS,2025,
Sub-Saharan Africa (IDA & IBRD countries),TSS,2024,
Sub-Saharan Africa (IDA & IBRD countries),TSS,2023,
Sub-Saharan Africa (IDA & IBRD countries),TSS,2022,
Sub-Saharan Africa (IDA & IBRD countries),TSS,2021,53978659997.7501
Sub-Saharan Africa (IDA & IBRD countries),TSS,2020,59734749735.8323
Sub-Saharan Africa (IDA & IBRD countries),TSS,2019,46512199720.3827
Sub-Saharan Africa (IDA & IBRD countries),TSS,2018,44514760153.2936
Sub-Saharan Africa (IDA & IBRD countries),TSS,2017,43796069895.2675
Sub-Saharan Africa (IDA & IBRD countries),TSS,2016,38903390036.583
Sub-Saharan Africa (IDA & IBRD countries),TSS,2015,40153349948.4062
Sub-Saharan Africa (IDA & IBRD countries),TSS,2014,40629400218.4868
Sub-Saharan Africa (IDA & IBRD countries),TSS,2013,43313180104.2557
Sub-Saharan Africa (IDA & IBRD countries),TSS,2012,41756770071.9834
Sub-Saharan Africa (IDA & IBRD countries),TSS,2011,42720539804.4586
Sub-Saharan Africa (IDA & IBRD countries),TSS,2010,40322719829.5593
Sub-Saharan Africa (IDA & IBRD countries),TSS,2009,39359079980.8503
Sub-Saharan Africa (IDA & IBRD countries),TSS,2008,36211529840.4694
Sub-Saharan Africa (IDA & IBRD countries),TSS,2007,33138530260.0861
Sub-Saharan Africa (IDA & IBRD countries),TSS,2006,38818849873.5428
Sub-Saharan Africa (IDA & IBRD countries),TSS,2005,30776150146.4844
Sub-Saharan Africa (IDA & IBRD countries),TSS,2004,24462639966.0111
Sub-Saharan Africa (IDA & IBRD countries),TSS,2003,23036909880.6381
Sub-Saharan Africa (IDA & IBRD countries),TSS,2002,17654770109.1766
Sub-Saharan Africa (IDA & IBRD countries),TSS,2001,13215850026.1307
Sub-Saharan Africa (IDA & IBRD countries),TSS,2000,12044180068.0161
Sub-Saharan Africa (IDA & IBRD countries),TSS,1999,12253510061.264
Sub-Saharan Africa (IDA & IBRD countries),TSS,1998,13323629955.2918
Sub-Saharan Africa (IDA & IBRD countries),TSS,1997,13311690019.6075
Sub-Saharan Africa (IDA & IBRD countries),TSS,1996,14926530097.9614
Sub-Saharan Africa (IDA & IBRD countries),TSS,1995,17712790097.2366
Sub-Saharan Africa (IDA & IBRD countries),TSS,1994,17917209819.7937
Sub-Saharan Africa (IDA & IBRD countries),TSS,1993,16612179893.4937
Sub-Saharan Africa (IDA & IBRD countries),TSS,1992,18019199958.8013
Sub-Saharan Africa (IDA & IBRD countries),TSS,1991,16753149995.8038
Sub-Saharan Africa (IDA & IBRD countries),TSS,1990,16954239948.2727
Sub-Saharan Africa (IDA & IBRD countries),TSS,1989,14329699903.4882
Sub-Saharan Africa (IDA & IBRD countries),TSS,1988,13547470018.3868
Sub-Saharan Africa (IDA & IBRD countries),TSS,1987,11895569887.1613
Sub-Saharan Africa (IDA & IBRD countries),TSS,1986,10296729948.0438
Sub-Saharan Africa (IDA & IBRD countries),TSS,1985,8388529940.12833
Sub-Saharan Africa (IDA & IBRD countries),TSS,1984,7423400018.69202
Sub-Saharan Africa (IDA & IBRD countries),TSS,1983,7187869940.52865
Sub-Saharan Africa (IDA & IBRD countries),TSS,1982,7445279974.93744
Sub-Saharan Africa (IDA & IBRD countries),TSS,1981,7199699990.74936
Sub-Saharan Africa (IDA & IBRD countries),TSS,1980,7375920024.63341
Sub-Saharan Africa (IDA & IBRD countries),TSS,1979,6313289973.02055
Sub-Saharan Africa (IDA & IBRD countries),TSS,1978,4885970029.65212
Sub-Saharan Africa (IDA & IBRD countries),TSS,1977,3626829996.40703
Sub-Saharan Africa (IDA & IBRD countries),TSS,1976,3071920022.87507
Sub-Saharan Africa (IDA & IBRD countries),TSS,1975,3312699963.27162
Sub-Saharan Africa (IDA & IBRD countries),TSS,1974,2425130014.59837
Sub-Saharan Africa (IDA & IBRD countries),TSS,1973,1586009999.53784
Sub-Saharan Africa (IDA & IBRD countries),TSS,1972,1299390010.16691
Sub-Saharan Africa (IDA & IBRD countries),TSS,1971,1165979994.66024
Sub-Saharan Africa (IDA & IBRD countries),TSS,1970,1034310006.24783
Sub-Saharan Africa (IDA & IBRD countries),TSS,1969,
Sub-Saharan Africa (IDA & IBRD countries),TSS,1968,
Sub-Saharan Africa (IDA & IBRD countries),TSS,1967,
Sub-Saharan Africa (IDA & IBRD countries),TSS,1966,
Sub-Saharan Africa (IDA & IBRD countries),TSS,1965,
Sub-Saharan Africa (IDA & IBRD countries),TSS,1964,
Sub-Saharan Africa (IDA & IBRD countries),TSS,1963,
Sub-Saharan Africa (IDA & IBRD countries),TSS,1962,
Sub-Saharan Africa (IDA & IBRD countries),TSS,1961,
Sub-Saharan Africa (IDA & IBRD countries),TSS,1960,
Upper middle income,,2025,
Upper middle income,,2024,
Upper middle income,,2023,
Upper middle income,,2022,
Upper middle income,,2021,19375850252.1515
Upper middle income,,2020,20389460029.1252
Upper middle income,,2019,14238110007.5245
Upper middle income,,2018,16320120145.3209
Upper middle income,,2017,18170449910.0447
Upper middle income,,2016,19752910103.7979
Upper middle income,,2015,15880230107.6651
Upper middle income,,2014,17717290086.2694
Upper middle income,,2013,15674250101.0895
Upper middle income,,2012,16401289959.9075
Upper middle income,,2011,18696229971.8857
Upper middle income,,2010,14203430052.7573
Upper middle income,,2009,16827390094.7571
Upper middle income,,2008,23289350320.816
Upper middle income,,2007,20255439785.9573
Upper middle income,,2006,19851690330.0285
Upper middle income,,2005,32112399751.4248
Upper middle income,,2004,16736559878.3493
Upper middle income,,2003,13365759844.78
Upper middle income,,2002,12439719899.1776
Upper middle income,,2001,10579120208.7402
Upper middle income,,2000,11298310038.0898
Upper middle income,,1999,13086800000.906
Upper middle income,,1998,10662169875.6218
Upper middle income,,1997,9565350050.92621
Upper middle income,,1996,11221379889.0561
Upper middle income,,1995,13585069980.1445
Upper middle income,,1994,11548190078.9738
Upper middle income,,1993,11675589826.1163
Upper middle income,,1992,10438680005.0829
Upper middle income,,1991,11032340009.2665
Upper middle income,,1990,8903959925.89928
Upper middle income,,1989,6233130015.14412
Upper middle income,,1988,5817589980.60226
Upper middle income,,1987,5877870029.44946
Upper middle income,,1986,4765559989.9292
Upper middle income,,1985,4242360003.94821
Upper middle income,,1984,4184699962.13913
Upper middle income,,1983,4056119950.78065
Upper middle income,,1982,4263040023.80371
Upper middle income,,1981,4759249948.02475
Upper middle income,,1980,4392140013.21793
Upper middle income,,1979,3781420042.5148
Upper middle income,,1978,2016630016.38651
Upper middle income,,1977,1523250007.45058
Upper middle income,,1976,1733870011.24024
Upper middle income,,1975,1576519998.59884
Upper middle income,,1974,1183460000.27657
Upper middle income,,1973,988170003.693551
Upper middle income,,1972,977099996.46619
Upper middle income,,1971,897099989.950657
Upper middle income,,1970,917000005.468726
Upper middle income,,1969,846549991.831183
Upper middle income,,1968,928469999.104738
Upper middle income,,1967,906169993.638992
Upper middle income,,1966,1013480016.35075
Upper middle income,,1965,874750003.509223
Upper middle income,,1964,715150011.565536
Upper middle income,,1963,820739997.80789
Upper middle income,,1962,850760007.455945
Upper middle income,,1961,921629992.831498
Upper middle income,,1960,462609997.253865
World,WLD,2025,
World,WLD,2024,
World,WLD,2023,
World,WLD,2022,
World,WLD,2021,202111656250.0
World,WLD,2020,193242437500.0
World,WLD,2019,162827437500.0
World,WLD,2018,167107515625.0
World,WLD,2017,164784265625.0
World,WLD,2016,158584515625.0
World,WLD,2015,146601921875.0
World,WLD,2014,161302390625.0
World,WLD,2013,150954843750.0
World,WLD,2012,133352765625.0
World,WLD,2011,139265859375.0
World,WLD,2010,128403171875.0
World,WLD,2009,124400054687.5
World,WLD,2008,124654601562.5
World,WLD,2007,106628515625.0
World,WLD,2006,105507023437.5
World,WLD,2005,107045023437.5
World,WLD,2004,86919079101.5625
World,WLD,2003,76596152832.0313
World,WLD,2002,66192429687.5
World,WLD,2001,56519789550.7813
World,WLD,2000,55272089355.4688
World,WLD,1999,58125300292.9688
World,WLD,1998,56677519531.25
World,WLD,1997,52725277832.0313
World,WLD,1996,59139818847.6563
World,WLD,1995,64564561035.1563
World,WLD,1994,63837891113.2813
World,WLD,1993,58354511230.4688
World,WLD,1992,63811459472.6563
World,WLD,1991,66649359863.2813
World,WLD,1990,59181301513.6719
World,WLD,1989,44847781250.0
World,WLD,1988,43503011718.75
World,WLD,1987,40634050781.25
World,WLD,1986,36840878906.25
World,WLD,1985,31403300781.25
World,WLD,1984,29451830078.125
World,WLD,1983,28432250000.0
World,WLD,1982,29629640625.0
World,WLD,1981,32570529296.875
World,WLD,1980,33890730468.75
World,WLD,1979,28184970703.125
World,WLD,1978,24849009765.625
World,WLD,1977,18521580078.125
World,WLD,1976,17724039062.5
World,WLD,1975,18354230468.75
World,WLD,1974,14291870117.1875
World,WLD,1973,10578979492.1875
World,WLD,1972,7932700195.3125
World,WLD,1971,7480510253.90625
World,WLD,1970,6568009765.625
World,WLD,1969,5946600097.65625
World,WLD,1968,5876000000.0
World,WLD,1967,6499899902.34375
World,WLD,1966,6420979980.46875
World,WLD,1965,6317709960.9375
World,WLD,1964,5778109863.28125
World,WLD,1963,5823680175.78125
World,WLD,1962,5359500000.0
World,WLD,1961,5257970214.84375
World,WLD,1960,4265979980.46875
Afghanistan,AFG,2025,
Afghanistan,AFG,2024,
Afghanistan,AFG,2023,3060331298.82813
Afghanistan,AFG,2022,3914967041.01563
Afghanistan,AFG,2021,4691710449.21875
Afghanistan,AFG,2020,4210314453.125
Afghanistan,AFG,2019,4137609863.28125
Afghanistan,AFG,2018,3792489257.8125
Afghanistan,AFG,2017,3811737060.54688
Afghanistan,AFG,2016,4069414306.64063
Afghanistan,AFG,2015,4274226074.21875
Afghanistan,AFG,2014,4942970214.84375
Afghanistan,AFG,2013,5152541015.625
Afghanistan,AFG,2012,6666770507.8125
Afghanistan,AFG,2011,6745740234.375
Afghanistan,AFG,2010,6072399902.34375
Afghanistan,AFG,2009,6113124023.4375
Afghanistan,AFG,2008,4811211425.78125
Afghanistan,AFG,2007,4982612304.6875
Afghanistan,AFG,2006,2895828369.14063
Afghanistan,AFG,2005,2815098388.67188
Afghanistan,AFG,2004,2268528320.3125
Afghanistan,AFG,2003,1538229980.46875
Afghanistan,AFG,2002,1223290039.0625
Afghanistan,AFG,2001,410359985.351563
Afghanistan,AFG,2000,136009994.506836
Afghanistan,AFG,1999,142860000.610352
Afghanistan,AFG,1998,164199996.948242
Afghanistan,AFG,1997,230750000.0
Afghanistan,AFG,1996,169630004.882813
Afghanistan,AFG,1995,212529998.779297
Afghanistan,AFG,1994,226419998.168945
Afghanistan,AFG,1993,223800003.051758
Afghanistan,AFG,1992,204800003.051758
Afghanistan,AFG,1991,508540008.544922
Afghanistan,AFG,1990,122720001.220703
Afghanistan,AFG,1989,149320007.324219
Afghanistan,AFG,1988,73500000.0
Afghanistan,AFG,1987,46520000.4577637
Afghanistan,AFG,1986,2650000.09536743
Afghanistan,AFG,1985,16319999.6948242
Afghanistan,AFG,1984,6710000.03814697
Afghanistan,AFG,1983,13479999.5422363
Afghanistan,AFG,1982,9739999.77111816
Afghanistan,AFG,1981,22950000.7629395
Afghanistan,AFG,1980,28600000.3814697
Afghanistan,AFG,1979,99209999.0844727
Afghanistan,AFG,1978,74500000.0
Afghanistan,AFG,1977,82720001.2207031
Afghanistan,AFG,1976,70199996.9482422
Afghanistan,AFG,1975,66980003.3569336
Afghanistan,AFG,1974,48909999.8474121
Afghanistan,AFG,1973,55720001.2207031
Afghanistan,AFG,1972,55180000.3051758
Afghanistan,AFG,1971,44439998.626709
Afghanistan,AFG,1970,27610000.6103516
Afghanistan,AFG,1969,27250000.0
Afghanistan,AFG,1968,29239999.7711182
Afghanistan,AFG,1967,41080001.8310547
Afghanistan,AFG,1966,50840000.1525879
Afghanistan,AFG,1965,53930000.3051758
Afghanistan,AFG,1964,46169998.1689453
Afghanistan,AFG,1963,36669998.1689453
Afghanistan,AFG,1962,16930000.3051758
Afghanistan,AFG,1961,34669998.1689453
Afghanistan,AFG,1960,17180000.3051758
Albania,ALB,2025,
Albania,ALB,2024,
Albania,ALB,2023,360629669.189453
Albania,ALB,2022,316767364.501953
Albania,ALB,2021,634427917.480469
Albania,ALB,2020,310592498.779297
Albania,ALB,2019,28130378.7231445
Albania,ALB,2018,344517028.808594
Albania,ALB,2017,168354782.104492
Albania,ALB,2016,171037841.796875
Albania,ALB,2015,335157653.808594
Albania,ALB,2014,281172241.210938
Albania,ALB,2013,269979553.222656
Albania,ALB,2012,349160186.767578
Albania,ALB,2011,379480926.513672
Albania,ALB,2010,320130004.882813
Albania,ALB,2009,357149261.474609
Albania,ALB,2008,364839721.679688
Albania,ALB,2007,308628753.662109
Albania,ALB,2006,324043670.654297
Albania,ALB,2005,315083679.199219
Albania,ALB,2004,300938995.361328
Albania,ALB,2003,349313323.974609
Albania,ALB,2002,307358001.708984
Albania,ALB,2001,268534667.96875
Albania,ALB,2000,317854675.292969
Albania,ALB,1999,488182006.835938
Albania,ALB,1998,268744659.423828
Albania,ALB,1997,168234664.916992
Albania,ALB,1996,226642669.677734
Albania,ALB,1995,180600006.103516
Albania,ALB,1994,163100006.103516
Albania,ALB,1993,270679992.675781
Albania,ALB,1992,409640014.648438
Albania,ALB,1991,331950012.207031
Albania,ALB,1990,11050000.1907349
Albania,ALB,1989,10340000.1525879
Albania,ALB,1988,5559999.94277954
Albania,ALB,1987,
Albania,ALB,1986,
Albania,ALB,1985,
Albania,ALB,1984,
Albania,ALB,1983,
Albania,ALB,1982,
Albania,ALB,1981,
Albania,ALB,1980,
Albania,ALB,1979,
Albania,ALB,1978,
Albania,ALB,1977,
Albania,ALB,1976,
Albania,ALB,1975,
Albania,ALB,1974,
Albania,ALB,1973,
Albania,ALB,1972,
Albania,ALB,1971,
Albania,ALB,1970,
Albania,ALB,1969,
Albania,ALB,1968,
Albania,ALB,1967,
Albania,ALB,1966,
Albania,ALB,1965,
Albania,ALB,1964,
Albania,ALB,1963,
Albania,ALB,1962,
Albania,ALB,1961,
Albania,ALB,1960,
Algeria,DZA,2025,
Algeria,DZA,2024,
Algeria,DZA,2023,202314987.182617
Algeria,DZA,2022,216356399.536133
Algeria,DZA,2021,216855087.280273
Algeria,DZA,2020,211084747.314453
Algeria,DZA,2019,172993621.826172
Algeria,DZA,2018,144605117.797852
Algeria,DZA,2017,174651687.62207
Algeria,DZA,2016,144535736.083984
Algeria,DZA,2015,71131690.9790039
Algeria,DZA,2014,160618927.001953
Algeria,DZA,2013,203419128.417969
Algeria,DZA,2012,147320526.123047
Algeria,DZA,2011,193347976.68457
Algeria,DZA,2010,201229995.727539
Algeria,DZA,2009,302385742.1875
Algeria,DZA,2008,324829986.572266
Algeria,DZA,2007,395008117.675781
Algeria,DZA,2006,240684127.807617
Algeria,DZA,2005,347384124.755859
Algeria,DZA,2004,316972137.451172
Algeria,DZA,2003,239239456.176758
Algeria,DZA,2002,186123001.098633
Algeria,DZA,2001,198859664.916992
Algeria,DZA,2000,199956222.53418
Algeria,DZA,1999,137976394.65332
Algeria,DZA,1998,419871734.619141
Algeria,DZA,1997,247886825.561523
Algeria,DZA,1996,306880004.882813
Algeria,DZA,1995,295739990.234375
Algeria,DZA,1994,295489990.234375
Algeria,DZA,1993,326309997.558594
Algeria,DZA,1992,374794952.392578
Algeria,DZA,1991,211169998.168945
Algeria,DZA,1990,331649993.896484
Algeria,DZA,1989,158210006.713867
Algeria,DZA,1988,171979995.727539
Algeria,DZA,1987,213449996.948242
Algeria,DZA,1986,167330001.831055
Algeria,DZA,1985,172149993.896484
Algeria,DZA,1984,120980003.356934
Algeria,DZA,1983,93279998.7792969
Algeria,DZA,1982,134699996.948242
Algeria,DZA,1981,167070007.324219
Algeria,DZA,1980,205160003.662109
Algeria,DZA,1979,110839996.337891
Algeria,DZA,1978,190289993.286133
Algeria,DZA,1977,129149993.896484
Algeria,DZA,1976,145369995.117188
Algeria,DZA,1975,235270004.272461
Algeria,DZA,1974,128330001.831055
Algeria,DZA,1973,125089996.337891
Algeria,DZA,1972,110300003.051758
Algeria,DZA,1971,120989997.86377
Algeria,DZA,1970,122209999.084473
Algeria,DZA,1969,131229995.727539
Algeria,DZA,1968,119610000.610352
Algeria,DZA,1967,107639999.389648
Algeria,DZA,1966,126919998.168945
Algeria,DZA,1965,146229995.727539
Algeria,DZA,1964,227839996.337891
Algeria,DZA,1963,281910003.662109
Algeria,DZA,1962,397630004.882813
Algeria,DZA,1961,437910003.662109
Algeria,DZA,1960,355049987.792969
American Samoa,ASM,2025,
American Samoa,ASM,2024,
American Samoa,ASM,2023,
American Samoa,ASM,2022,
American Samoa,ASM,2021,
American Samoa,ASM,2020,
American Samoa,ASM,2019,
American Samoa,ASM,2018,
American Samoa,ASM,2017,
American Samoa,ASM,2016,
American Samoa,ASM,2015,
American Samoa,ASM,2014,
American Samoa,ASM,2013,
American Samoa,ASM,2012,
American Samoa,ASM,2011,
American Samoa,ASM,2010,
American Samoa,ASM,2009,
American Samoa,ASM,2008,
American Samoa,ASM,2007,
American Samoa,ASM,2006,
American Samoa,ASM,2005,
American Samoa,ASM,2004,
American Samoa,ASM,2003,
American Samoa,ASM,2002,
American Samoa,ASM,2001,
American Samoa,ASM,2000,
American Samoa,ASM,1999,
American Samoa,ASM,1998,
American Samoa,ASM,1997,
American Samoa,ASM,1996,
American Samoa,ASM,1995,
American Samoa,ASM,1994,
American Samoa,ASM,1993,
American Samoa,ASM,1992,
American Samoa,ASM,1991,
American Samoa,ASM,1990,
American Samoa,ASM,1989,
American Samoa,ASM,1988,
American Samoa,ASM,1987,
American Samoa,ASM,1986,
American Samoa,ASM,1985,
American Samoa,ASM,1984,
American Samoa,ASM,1983,
American Samoa,ASM,1982,
American Samoa,ASM,1981,
American Samoa,ASM,1980,
American Samoa,ASM,1979,
American Samoa,ASM,1978,
American Samoa,ASM,1977,
American Samoa,ASM,1976,
American Samoa,ASM,1975,
American Samoa,ASM,1974,
American Samoa,ASM,1973,
American Samoa,ASM,1972,
American Samoa,ASM,1971,
American Samoa,ASM,1970,
American Samoa,ASM,1969,
American Samoa,ASM,1968,
American Samoa,ASM,1967,
American Samoa,ASM,1966,
American Samoa,ASM,1965,
American Samoa,ASM,1964,
American Samoa,ASM,1963,
American Samoa,ASM,1962,
American Samoa,ASM,1961,
American Samoa,ASM,1960,
Andorra,AND,2025,
Andorra,AND,2024,
Andorra,AND,2023,
Andorra,AND,2022,
Andorra,AND,2021,
Andorra,AND,2020,
Andorra,AND,2019,
Andorra,AND,2018,
Andorra,AND,2017,
Andorra,AND,2016,
Andorra,AND,2015,
Andorra,AND,2014,
Andorra,AND,2013,
Andorra,AND,2012,
Andorra,AND,2011,
Andorra,AND,2010,
Andorra,AND,2009,
Andorra,AND,2008,
Andorra,AND,2007,
Andorra,AND,2006,
Andorra,AND,2005,
Andorra,AND,2004,
Andorra,AND,2003,
Andorra,AND,2002,
Andorra,AND,2001,
Andorra,AND,2000,
Andorra,AND,1999,
Andorra,AND,1998,
Andorra,AND,1997,
Andorra,AND,1996,
Andorra,AND,1995,
Andorra,AND,1994,
Andorra,AND,1993,
Andorra,AND,1992,
Andorra,AND,1991,
Andorra,AND,1990,
Andorra,AND,1989,
Andorra,AND,1988,
Andorra,AND,1987,
Andorra,AND,1986,
Andorra,AND,1985,
Andorra,AND,1984,
Andorra,AND,1983,
Andorra,AND,1982,
Andorra,AND,1981,
Andorra,AND,1980,
Andorra,AND,1979,
Andorra,AND,1978,
Andorra,AND,1977,
Andorra,AND,1976,
Andorra,AND,1975,
Andorra,AND,1974,
Andorra,AND,1973,
Andorra,AND,1972,
Andorra,AND,1971,
Andorra,AND,1970,
Andorra,AND,1969,
Andorra,AND,1968,
Andorra,AND,1967,
Andorra,AND,1966,
Andorra,AND,1965,
Andorra,AND,1964,
Andorra,AND,1963,
Andorra,AND,1962,
Andorra,AND,1961,
Andorra,AND,1960,
Angola,AGO,2025,
Angola,AGO,2024,
Angola,AGO,2023,147169143.676758
Angola,AGO,2022,95931869.5068359
Angola,AGO,2021,249027175.90332
Angola,AGO,2020,112879318.237305
Angola,AGO,2019,22704574.5849609
Angola,AGO,2018,162641571.044922
Angola,AGO,2017,223139114.379883
Angola,AGO,2016,206513397.216797
Angola,AGO,2015,380061279.296875
Angola,AGO,2014,235392440.795898
Angola,AGO,2013,285537322.998047
Angola,AGO,2012,243610137.939453
Angola,AGO,2011,192938064.575195
Angola,AGO,2010,231039993.286133
Angola,AGO,2009,238936843.87207
Angola,AGO,2008,369040344.238281
Angola,AGO,2007,259984008.789063
Angola,AGO,2006,163520004.272461
Angola,AGO,2005,414683013.916016
Angola,AGO,2004,1144572998.04688
Angola,AGO,2003,493502990.722656
Angola,AGO,2002,414029998.779297
Angola,AGO,2001,282730010.986328
Angola,AGO,2000,302209991.455078
Angola,AGO,1999,387540008.544922
Angola,AGO,1998,335269989.013672
Angola,AGO,1997,354660003.662109
Angola,AGO,1996,459309997.558594
Angola,AGO,1995,416420013.427734
Angola,AGO,1994,447070007.324219
Angola,AGO,1993,289390014.648438
Angola,AGO,1992,343589996.337891
Angola,AGO,1991,277079986.572266
Angola,AGO,1990,265769989.013672
Angola,AGO,1989,167059997.558594
Angola,AGO,1988,157029998.779297
Angola,AGO,1987,134429992.675781
Angola,AGO,1986,130250000.0
Angola,AGO,1985,90489997.8637695
Angola,AGO,1984,93410003.6621094
Angola,AGO,1983,73879997.253418
Angola,AGO,1982,59069999.6948242
Angola,AGO,1981,60220001.2207031
Angola,AGO,1980,52439998.626709
Angola,AGO,1979,47060001.373291
Angola,AGO,1978,46869998.9318848
Angola,AGO,1977,47500000.0
Angola,AGO,1976,17479999.5422363
Angola,AGO,1975,4760000.22888184
Angola,AGO,1974,370000.004768372
Angola,AGO,1973,159999.996423721
Angola,AGO,1972,90000.0035762787
Angola,AGO,1971,0.0
Angola,AGO,1970,-29999.9993294477
Angola,AGO,1969,-109999.999403954
Angola,AGO,1968,9999.99977648258
Angola,AGO,1967,18180000.3051758
Angola,AGO,1966,2859999.89509583
Angola,AGO,1965,1110000.01430511
Angola,AGO,1964,
Angola,AGO,1963,29999.9993294477
Angola,AGO,1962,
Angola,AGO,1961,23549999.2370605
Angola,AGO,1960,-50000.0007450581
Antigua and Barbuda,ATG,2025,
Antigua and Barbuda,ATG,2024,
Antigua and Barbuda,ATG,2023,
Antigua and Barbuda,ATG,2022,
Antigua and Barbuda,ATG,2021,6136724.94888306
Antigua and Barbuda,ATG,2020,25941589.3554688
Antigua and Barbuda,ATG,2019,27453153.6102295
Antigua and Barbuda,ATG,2018,17598558.4259033
Antigua and Barbuda,ATG,2017,10301978.1112671
Antigua and Barbuda,ATG,2016,183259.99379158
Antigua and Barbuda,ATG,2015,1492630.00488281
Antigua and Barbuda,ATG,2014,2553652.04811096
Antigua and Barbuda,ATG,2013,1591518.04447174
Antigua and Barbuda,ATG,2012,2086824.89395142
Antigua and Barbuda,ATG,2011,15419308.6624146
Antigua and Barbuda,ATG,2010,19059999.4659424
Antigua and Barbuda,ATG,2009,4259185.79101563
Antigua and Barbuda,ATG,2008,6069186.21063232
Antigua and Barbuda,ATG,2007,4986286.16333008
Antigua and Barbuda,ATG,2006,3279999.97138977
Antigua and Barbuda,ATG,2005,8057493.20983887
Antigua and Barbuda,ATG,2004,1897493.00479889
Antigua and Barbuda,ATG,2003,5627492.90466309
Antigua and Barbuda,ATG,2002,13508000.3738403
Antigua and Barbuda,ATG,2001,8578000.06866455
Antigua and Barbuda,ATG,2000,9881833.07647705
Antigua and Barbuda,ATG,1999,10840167.0455933
Antigua and Barbuda,ATG,1998,9980167.38891602
Antigua and Barbuda,ATG,1997,4346333.02688599
Antigua and Barbuda,ATG,1996,3869999.88555908
Antigua and Barbuda,ATG,1995,2269999.98092651
Antigua and Barbuda,ATG,1994,4159999.84741211
Antigua and Barbuda,ATG,1993,3000000.0
Antigua and Barbuda,ATG,1992,4670000.07629395
Antigua and Barbuda,ATG,1991,7230000.01907349
Antigua and Barbuda,ATG,1990,4610000.1335144
Antigua and Barbuda,ATG,1989,4340000.15258789
Antigua and Barbuda,ATG,1988,8449999.80926514
Antigua and Barbuda,ATG,1987,5559999.94277954
Antigua and Barbuda,ATG,1986,5050000.19073486
Antigua and Barbuda,ATG,1985,2950000.04768372
Antigua and Barbuda,ATG,1984,2359999.89509583
Antigua and Barbuda,ATG,1983,3369999.88555908
Antigua and Barbuda,ATG,1982,4949999.80926514
Antigua and Barbuda,ATG,1981,9039999.96185303
Antigua and Barbuda,ATG,1980,5500000.0
Antigua and Barbuda,ATG,1979,3279999.97138977
Antigua and Barbuda,ATG,1978,3599999.90463257
Antigua and Barbuda,ATG,1977,5380000.11444092
Antigua and Barbuda,ATG,1976,3109999.89509583
Antigua and Barbuda,ATG,1975,2059999.94277954
Antigua and Barbuda,ATG,1974,3000000.0
Antigua and Barbuda,ATG,1973,9999.99977648258
Antigua and Barbuda,ATG,1972,
Antigua and Barbuda,ATG,1971,
Antigua and Barbuda,ATG,1970,
Antigua and Barbuda,ATG,1969,
Antigua and Barbuda,ATG,1968,
Antigua and Barbuda,ATG,1967,
Antigua and Barbuda,ATG,1966,
Antigua and Barbuda,ATG,1965,
Antigua and Barbuda,ATG,1964,
Antigua and Barbuda,ATG,1963,
Antigua and Barbuda,ATG,1962,
Antigua and Barbuda,ATG,1961,
Antigua and Barbuda,ATG,1960,
Argentina,ARG,2025,
Argentina,ARG,2024,
Argentina,ARG,2023,259022705.078125
Argentina,ARG,2022,385349548.339844
Argentina,ARG,2021,156561065.673828
Argentina,ARG,2020,103078170.776367
Argentina,ARG,2019,9495451.92718506
Argentina,ARG,2018,73223083.4960938
Argentina,ARG,2017,-1165737.03289032
Argentina,ARG,2016,2619663.00010681
Argentina,ARG,2015,-18869466.7816162
Argentina,ARG,2014,48793842.3156738
Argentina,ARG,2013,34726791.3818359
Argentina,ARG,2012,177763702.392578
Argentina,ARG,2011,97054046.6308594
Argentina,ARG,2010,123300003.051758
Argentina,ARG,2009,116031860.351563
Argentina,ARG,2008,125017791.748047
Argentina,ARG,2007,90230529.7851563
Argentina,ARG,2006,114209396.362305
Argentina,ARG,2005,93865997.3144531
Argentina,ARG,2004,97338264.465332
Argentina,ARG,2003,117716598.510742
Argentina,ARG,2002,98989997.8637695
Argentina,ARG,2001,157635421.75293
Argentina,ARG,2000,74555419.921875
Argentina,ARG,1999,82381713.8671875
Argentina,ARG,1998,73960296.6308594
Argentina,ARG,1997,99256294.2504883
Argentina,ARG,1996,122440002.441406
Argentina,ARG,1995,148179992.675781
Argentina,ARG,1994,160919998.168945
Argentina,ARG,1993,245949996.948242
Argentina,ARG,1992,266730010.986328
Argentina,ARG,1991,277769989.013672
Argentina,ARG,1990,171630004.882813
Argentina,ARG,1989,201610000.610352
Argentina,ARG,1988,142479995.727539
Argentina,ARG,1987,83389999.3896484
Argentina,ARG,1986,73669998.1689453
Argentina,ARG,1985,39080001.8310547
Argentina,ARG,1984,32740001.6784668
Argentina,ARG,1983,34419998.1689453
Argentina,ARG,1982,29489999.7711182
Argentina,ARG,1981,36830001.8310547
Argentina,ARG,1980,43680000.3051758
Argentina,ARG,1979,28270000.4577637
Argentina,ARG,1978,16760000.2288818
Argentina,ARG,1977,16389999.3896484
Argentina,ARG,1976,14090000.1525879
Argentina,ARG,1975,12000000.0
Argentina,ARG,1974,15949999.8092651
Argentina,ARG,1973,13560000.4196167
Argentina,ARG,1972,1889999.98569489
Argentina,ARG,1971,4980000.01907349
Argentina,ARG,1970,-2440000.05722046
Argentina,ARG,1969,17579999.9237061
Argentina,ARG,1968,2720000.02861023
Argentina,ARG,1967,8979999.54223633
Argentina,ARG,1966,-9279999.73297119
Argentina,ARG,1965,-57150001.5258789
Argentina,ARG,1964,-5289999.96185303
Argentina,ARG,1963,27870000.8392334
Argentina,ARG,1962,55159999.8474121
Argentina,ARG,1961,54790000.9155273
Argentina,ARG,1960,44049999.2370605
Armenia,ARM,2025,
Armenia,ARM,2024,
Armenia,ARM,2023,205138351.44043
Armenia,ARM,2022,301331939.697266
Armenia,ARM,2021,162794921.875
Armenia,ARM,2020,127584777.832031
Armenia,ARM,2019,418213317.871094
Armenia,ARM,2018,141816253.662109
Armenia,ARM,2017,257544067.382813
Armenia,ARM,2016,326434722.900391
Armenia,ARM,2015,347476409.912109
Armenia,ARM,2014,267428833.007813
Armenia,ARM,2013,280361572.265625
Armenia,ARM,2012,270555999.755859
Armenia,ARM,2011,375991699.21875
Armenia,ARM,2010,296980010.986328
Armenia,ARM,2009,405595672.607422
Armenia,ARM,2008,296027343.75
Armenia,ARM,2007,351899902.34375
Armenia,ARM,2006,215385559.082031
Armenia,ARM,2005,172615554.80957
Armenia,ARM,2004,256121917.724609
Armenia,ARM,2003,250401962.280273
Armenia,ARM,2002,295217407.226563
Armenia,ARM,2001,211471038.818359
Armenia,ARM,2000,215889999.389648
Armenia,ARM,1999,209238265.991211
Armenia,ARM,1998,194258270.263672
Armenia,ARM,1997,166274932.861328
Armenia,ARM,1996,292276672.363281
Armenia,ARM,1995,217706665.039063
Armenia,ARM,1994,191270004.272461
Armenia,ARM,1993,109459999.084473
Armenia,ARM,1992,22450000.7629395
Armenia,ARM,1991,2720000.02861023
Armenia,ARM,1990,
Armenia,ARM,1989,
Armenia,ARM,1988,
Armenia,ARM,1987,
Armenia,ARM,1986,
Armenia,ARM,1985,
Armenia,ARM,1984,
Armenia,ARM,1983,
Armenia,ARM,1982,
Armenia,ARM,1981,
Armenia,ARM,1980,
Armenia,ARM,1979,
Armenia,ARM,1978,
Armenia,ARM,1977,
Armenia,ARM,1976,
Armenia,ARM,1975,
Armenia,ARM,1974,
Armenia,ARM,1973,
Armenia,ARM,1972,
Armenia,ARM,1971,
Armenia,ARM,1970,
Armenia,ARM,1969,
Armenia,ARM,1968,
Armenia,ARM,1967,
Armenia,ARM,1966,
Armenia,ARM,1965,
Armenia,ARM,1964,
Armenia,ARM,1963,
Armenia,ARM,1962,
Armenia,ARM,1961,
Armenia,ARM,1960,
Aruba,ABW,2025,
Aruba,ABW,2024,
Aruba,ABW,2023,
Aruba,ABW,2022,
Aruba,ABW,2021,
Aruba,ABW,2020,
Aruba,ABW,2019,
Aruba,ABW,2018,
Aruba,ABW,2017,
Aruba,ABW,2016,
Aruba,ABW,2015,
Aruba,ABW,2014,
Aruba,ABW,2013,
Aruba,ABW,2012,
Aruba,ABW,2011,
Aruba,ABW,2010,
Aruba,ABW,2009,
Aruba,ABW,2008,
Aruba,ABW,2007,
Aruba,ABW,2006,
Aruba,ABW,2005,
Aruba,ABW,2004,
Aruba,ABW,2003,
Aruba,ABW,2002,
Aruba,ABW,2001,
Aruba,ABW,2000,
Aruba,ABW,1999,-7380000.11444092
Aruba,ABW,1998,11260000.2288818
Aruba,ABW,1997,25069999.6948242
Aruba,ABW,1996,19530000.6866455
Aruba,ABW,1995,25799999.2370605
Aruba,ABW,1994,18260000.2288818
Aruba,ABW,1993,24860000.6103516
Aruba,ABW,1992,29979999.5422363
Aruba,ABW,1991,24969999.3133545
Aruba,ABW,1990,29979999.5422363
Aruba,ABW,1989,24329999.9237061
Aruba,ABW,1988,19290000.9155273
Aruba,ABW,1987,20909999.8474121
Aruba,ABW,1986,40430000.3051758
Aruba,ABW,1985,12039999.961853
Aruba,ABW,1984,
Aruba,ABW,1983,
Aruba,ABW,1982,
Aruba,ABW,1981,
Aruba,ABW,1980,
Aruba,ABW,1979,
Aruba,ABW,1978,
Aruba,ABW,1977,
Aruba,ABW,1976,
Aruba,ABW,1975,
Aruba,ABW,1974,
Aruba,ABW,1973,
Aruba,ABW,1972,
Aruba,ABW,1971,
Aruba,ABW,1970,
Aruba,ABW,1969,
Aruba,ABW,1968,
Aruba,ABW,1967,
Aruba,ABW,1966,
Aruba,ABW,1965,
Aruba,ABW,1964,
Aruba,ABW,1963,
Aruba,ABW,1962,
Aruba,ABW,1961,
Aruba,ABW,1960,
Australia,AUS,2025,
Australia,AUS,2024,
Australia,AUS,2023,
Australia,AUS,2022,
Australia,AUS,2021,
Australia,AUS,2020,
Australia,AUS,2019,
Australia,AUS,2018,
Australia,AUS,2017,
Australia,AUS,2016,
Australia,AUS,2015,
Australia,AUS,2014,
Australia,AUS,2013,
Australia,AUS,2012,
Australia,AUS,2011,
Australia,AUS,2010,
Australia,AUS,2009,
Australia,AUS,2008,
Australia,AUS,2007,
Australia,AUS,2006,
Australia,AUS,2005,
Australia,AUS,2004,
Australia,AUS,2003,
Australia,AUS,2002,
Australia,AUS,2001,
Australia,AUS,2000,
Australia,AUS,1999,
Australia,AUS,1998,
Australia,AUS,1997,
Australia,AUS,1996,
Australia,AUS,1995,
Australia,AUS,1994,
Australia,AUS,1993,
Australia,AUS,1992,
Australia,AUS,1991,
Australia,AUS,1990,
Australia,AUS,1989,
Australia,AUS,1988,
Australia,AUS,1987,
Australia,AUS,1986,
Australia,AUS,1985,
Australia,AUS,1984,
Australia,AUS,1983,
Australia,AUS,1982,
Australia,AUS,1981,
Australia,AUS,1980,
Australia,AUS,1979,
Australia,AUS,1978,
Australia,AUS,1977,
Australia,AUS,1976,
Australia,AUS,1975,
Australia,AUS,1974,
Australia,AUS,1973,
Australia,AUS,1972,
Australia,AUS,1971,
Australia,AUS,1970,
Australia,AUS,1969,
Australia,AUS,1968,
Australia,AUS,1967,
Australia,AUS,1966,
Australia,AUS,1965,
Australia,AUS,1964,
Australia,AUS,1963,
Australia,AUS,1962,
Australia,AUS,1961,
Australia,AUS,1960,
Austria,AUT,2025,
Austria,AUT,2024,
Austria,AUT,2023,
Austria,AUT,2022,
Austria,AUT,2021,
Austria,AUT,2020,
Austria,AUT,2019,
Austria,AUT,2018,
Austria,AUT,2017,
Austria,AUT,2016,
Austria,AUT,2015,
Austria,AUT,2014,
Austria,AUT,2013,
Austria,AUT,2012,
Austria,AUT,2011,
Austria,AUT,2010,
Austria,AUT,2009,
Austria,AUT,2008,
Austria,AUT,2007,
Austria,AUT,2006,
Austria,AUT,2005,
Austria,AUT,2004,
Austria,AUT,2003,
Austria,AUT,2002,
Austria,AUT,2001,
Austria,AUT,2000,
Austria,AUT,1999,
Austria,AUT,1998,
Austria,AUT,1997,
Austria,AUT,1996,
Austria,AUT,1995,
Austria,AUT,1994,
Austria,AUT,1993,
Austria,AUT,1992,
Austria,AUT,1991,
Austria,AUT,1990,
Austria,AUT,1989,
Austria,AUT,1988,
Austria,AUT,1987,
Austria,AUT,1986,
Austria,AUT,1985,
Austria,AUT,1984,
Austria,AUT,1983,
Austria,AUT,1982,
Austria,AUT,1981,
Austria,AUT,1980,
Austria,AUT,1979,
Austria,AUT,1978,
Austria,AUT,1977,
Austria,AUT,1976,
Austria,AUT,1975,
Austria,AUT,1974,
Austria,AUT,1973,
Austria,AUT,1972,
Austria,AUT,1971,
Austria,AUT,1970,
Austria,AUT,1969,
Austria,AUT,1968,
Austria,AUT,1967,
Austria,AUT,1966,
Austria,AUT,1965,
Austria,AUT,1964,
Austria,AUT,1963,
Austria,AUT,1962,
Austria,AUT,1961,
Austria,AUT,1960,
Azerbaijan,AZE,2025,
Azerbaijan,AZE,2024,
Azerbaijan,AZE,2023,123224662.780762
Azerbaijan,AZE,2022,48497169.4946289
Azerbaijan,AZE,2021,10805034.6374512
Azerbaijan,AZE,2020,124028861.999512
Azerbaijan,AZE,2019,120325294.494629
Azerbaijan,AZE,2018,87423637.3901367
Azerbaijan,AZE,2017,123526817.321777
Azerbaijan,AZE,2016,79432739.2578125
Azerbaijan,AZE,2015,69583282.4707031
Azerbaijan,AZE,2014,216738616.943359
Azerbaijan,AZE,2013,-70830535.8886719
Azerbaijan,AZE,2012,286787048.339844
Azerbaijan,AZE,2011,287774902.34375
Azerbaijan,AZE,2010,121379997.253418
Azerbaijan,AZE,2009,217576736.450195
Azerbaijan,AZE,2008,225095840.454102
Azerbaijan,AZE,2007,213306106.567383
Azerbaijan,AZE,2006,203854339.599609
Azerbaijan,AZE,2005,210401000.976563
Azerbaijan,AZE,2004,175826660.15625
Azerbaijan,AZE,2003,302033630.371094
Azerbaijan,AZE,2002,350809478.759766
Azerbaijan,AZE,2001,230909469.604492
Azerbaijan,AZE,2000,140610565.185547
Azerbaijan,AZE,1999,170995574.951172
Azerbaijan,AZE,1998,120358169.555664
Azerbaijan,AZE,1997,184059997.558594
Azerbaijan,AZE,1996,96360000.6103516
Azerbaijan,AZE,1995,119540000.915527
Azerbaijan,AZE,1994,149039993.286133
Azerbaijan,AZE,1993,23870000.8392334
Azerbaijan,AZE,1992,7429999.82833862
Azerbaijan,AZE,1991,300000.011920929
Azerbaijan,AZE,1990,
Azerbaijan,AZE,1989,
Azerbaijan,AZE,1988,
Azerbaijan,AZE,1987,
Azerbaijan,AZE,1986,
Azerbaijan,AZE,1985,
Azerbaijan,AZE,1984,
Azerbaijan,AZE,1983,
Azerbaijan,AZE,1982,
Azerbaijan,AZE,1981,
Azerbaijan,AZE,1980,
Azerbaijan,AZE,1979,
Azerbaijan,AZE,1978,
Azerbaijan,AZE,1977,
Azerbaijan,AZE,1976,
Azerbaijan,AZE,1975,
Azerbaijan,AZE,1974,
Azerbaijan,AZE,1973,
Azerbaijan,AZE,1972,
Azerbaijan,AZE,1971,
Azerbaijan,AZE,1970,
Azerbaijan,AZE,1969,
Azerbaijan,AZE,1968,
Azerbaijan,AZE,1967,
Azerbaijan,AZE,1966,
Azerbaijan,AZE,1965,
Azerbaijan,AZE,1964,
Azerbaijan,AZE,1963,
Azerbaijan,AZE,1962,
Azerbaijan,AZE,1961,
Azerbaijan,AZE,1960,
"Bahamas, The",BHS,2025,
"Bahamas, The",BHS,2024,
"Bahamas, The",BHS,2023,
"Bahamas, The",BHS,2022,
"Bahamas, The",BHS,2021,
"Bahamas, The",BHS,2020,
"Bahamas, The",BHS,2019,
"Bahamas, The",BHS,2018,
"Bahamas, The",BHS,2017,
"Bahamas, The",BHS,2016,
"Bahamas, The",BHS,2015,
"Bahamas, The",BHS,2014,
"Bahamas, The",BHS,2013,
"Bahamas, The",BHS,2012,
"Bahamas, The",BHS,2011,
"Bahamas, The",BHS,2010,
"Bahamas, The",BHS,2009,
"Bahamas, The",BHS,2008,
"Bahamas, The",BHS,2007,
"Bahamas, The",BHS,2006,
"Bahamas, The",BHS,2005,
"Bahamas, The",BHS,2004,
"Bahamas, The",BHS,2003,
"Bahamas, The",BHS,2002,
"Bahamas, The",BHS,2001,
"Bahamas, The",BHS,2000,
"Bahamas, The",BHS,1999,
"Bahamas, The",BHS,1998,
"Bahamas, The",BHS,1997,
"Bahamas, The",BHS,1996,
"Bahamas, The",BHS,1995,4389999.8664856
"Bahamas, The",BHS,1994,1000000.0
"Bahamas, The",BHS,1993,1159999.9666214
"Bahamas, The",BHS,1992,2829999.92370605
"Bahamas, The",BHS,1991,2759999.99046326
"Bahamas, The",BHS,1990,3150000.09536743
"Bahamas, The",BHS,1989,3920000.07629395
"Bahamas, The",BHS,1988,1419999.95708466
"Bahamas, The",BHS,1987,639999.985694885
"Bahamas, The",BHS,1986,1639999.98569489
"Bahamas, The",BHS,1985,699999.988079071
"Bahamas, The",BHS,1984,10039999.961853
"Bahamas, The",BHS,1983,889999.985694885
"Bahamas, The",BHS,1982,1320000.05245209
"Bahamas, The",BHS,1981,1389999.98569489
"Bahamas, The",BHS,1980,1419999.95708466
"Bahamas, The",BHS,1979,889999.985694885
"Bahamas, The",BHS,1978,779999.971389771
"Bahamas, The",BHS,1977,469999.998807907
"Bahamas, The",BHS,1976,589999.973773956
"Bahamas, The",BHS,1975,660000.026226044
"Bahamas, The",BHS,1974,519999.980926514
"Bahamas, The",BHS,1973,479999.989271164
"Bahamas, The",BHS,1972,1220000.02861023
"Bahamas, The",BHS,1971,250000.0
"Bahamas, The",BHS,1970,79999.9982118607
"Bahamas, The",BHS,1969,70000.0002980232
"Bahamas, The",BHS,1968,50000.0007450581
"Bahamas, The",BHS,1967,689999.997615814
"Bahamas, The",BHS,1966,50000.0007450581
"Bahamas, The",BHS,1965,70000.0002980232
"Bahamas, The",BHS,1964,59999.9986588955
"Bahamas, The",BHS,1963,19999.9995529652
"Bahamas, The",BHS,1962,
"Bahamas, The",BHS,1961,
"Bahamas, The",BHS,1960,-39999.9991059303
Bahrain,BHR,2025,
Bahrain,BHR,2024,
Bahrain,BHR,2023,
Bahrain,BHR,2022,
Bahrain,BHR,2021,
Bahrain,BHR,2020,
Bahrain,BHR,2019,
Bahrain,BHR,2018,
Bahrain,BHR,2017,
Bahrain,BHR,2016,
Bahrain,BHR,2015,
Bahrain,BHR,2014,
Bahrain,BHR,2013,
Bahrain,BHR,2012,
Bahrain,BHR,2011,
Bahrain,BHR,2010,
Bahrain,BHR,2009,
Bahrain,BHR,2008,
Bahrain,BHR,2007,
Bahrain,BHR,2006,
Bahrain,BHR,2005,
Bahrain,BHR,2004,58220001.2207031
Bahrain,BHR,2003,131770004.272461
Bahrain,BHR,2002,61580001.8310547
Bahrain,BHR,2001,70809997.5585938
Bahrain,BHR,2000,60430000.3051758
Bahrain,BHR,1999,61880001.0681152
Bahrain,BHR,1998,199720001.220703
Bahrain,BHR,1997,150279998.779297
Bahrain,BHR,1996,132320007.324219
Bahrain,BHR,1995,99870002.746582
Bahrain,BHR,1994,95790000.9155273
Bahrain,BHR,1993,111430000.305176
Bahrain,BHR,1992,80110000.6103516
Bahrain,BHR,1991,94699996.9482422
Bahrain,BHR,1990,137500000.0
Bahrain,BHR,1989,-1759999.99046326
Bahrain,BHR,1988,-2609999.89509583
Bahrain,BHR,1987,8840000.15258789
Bahrain,BHR,1986,99510002.1362305
Bahrain,BHR,1985,74059997.5585938
Bahrain,BHR,1984,211220001.220703
Bahrain,BHR,1983,255330001.831055
Bahrain,BHR,1982,156000000.0
Bahrain,BHR,1981,197160003.662109
Bahrain,BHR,1980,206529998.779297
Bahrain,BHR,1979,135289993.286133
Bahrain,BHR,1978,83959999.0844727
Bahrain,BHR,1977,47959999.0844727
Bahrain,BHR,1976,163160003.662109
Bahrain,BHR,1975,25860000.6103516
Bahrain,BHR,1974,37689998.626709
Bahrain,BHR,1973,14239999.7711182
Bahrain,BHR,1972,2839999.91416931
Bahrain,BHR,1971,4699999.80926514
Bahrain,BHR,1970,949999.988079071
Bahrain,BHR,1969,140000.000596046
Bahrain,BHR,1968,200000.002980232
Bahrain,BHR,1967,50000.0007450581
Bahrain,BHR,1966,9710000.03814697
Bahrain,BHR,1965,879999.995231628
Bahrain,BHR,1964,579999.983310699
Bahrain,BHR,1963,639999.985694885
Bahrain,BHR,1962,1350000.02384186
Bahrain,BHR,1961,939999.997615814
Bahrain,BHR,1960,39999.9991059303
Bangladesh,BGD,2025,
Bangladesh,BGD,2024,
Bangladesh,BGD,2023,5683857421.875
Bangladesh,BGD,2022,5204791992.1875
Bangladesh,BGD,2021,5090641601.5625
Bangladesh,BGD,2020,5376224609.375
Bangladesh,BGD,2019,4382779785.15625
Bangladesh,BGD,2018,3044762207.03125
Bangladesh,BGD,2017,3781766845.70313
Bangladesh,BGD,2016,2532818359.375
Bangladesh,BGD,2015,2592908447.26563
Bangladesh,BGD,2014,2422644775.39063
Bangladesh,BGD,2013,2633587402.34375
Bangladesh,BGD,2012,2154049560.54688
Bangladesh,BGD,2011,1437520507.8125
Bangladesh,BGD,2010,1220219970.70313
Bangladesh,BGD,2009,1082755371.09375
Bangladesh,BGD,2008,1765825317.38281
Bangladesh,BGD,2007,1308524291.99219
Bangladesh,BGD,2006,1027815795.89844
Bangladesh,BGD,2005,1251617553.71094
Bangladesh,BGD,2004,1421295654.29688
Bangladesh,BGD,2003,1301785644.53125
Bangladesh,BGD,2002,807401977.539063
Bangladesh,BGD,2001,918445312.5
Bangladesh,BGD,2000,976340270.996094
Bangladesh,BGD,1999,1005428344.72656
Bangladesh,BGD,1998,979549987.792969
Bangladesh,BGD,1997,863150024.414063
Bangladesh,BGD,1996,964880004.882813
Bangladesh,BGD,1995,1033109985.35156
Bangladesh,BGD,1994,1384750000.0
Bangladesh,BGD,1993,1165369995.11719
Bangladesh,BGD,1992,1498650024.41406
Bangladesh,BGD,1991,1612219970.70313
Bangladesh,BGD,1990,1788900024.41406
Bangladesh,BGD,1989,1482660034.17969
Bangladesh,BGD,1988,1392609985.35156
Bangladesh,BGD,1987,1619000000.0
Bangladesh,BGD,1986,1287989990.23438
Bangladesh,BGD,1985,982750000.0
Bangladesh,BGD,1984,1109040039.0625
Bangladesh,BGD,1983,993260009.765625
Bangladesh,BGD,1982,1304069946.28906
Bangladesh,BGD,1981,1054290039.0625
Bangladesh,BGD,1980,1229310058.59375
Bangladesh,BGD,1979,1122180053.71094
Bangladesh,BGD,1978,958719970.703125
Bangladesh,BGD,1977,772419982.910156
Bangladesh,BGD,1976,491809997.558594
Bangladesh,BGD,1975,1055180053.71094
Bangladesh,BGD,1974,531390014.648438
Bangladesh,BGD,1973,421470001.220703
Bangladesh,BGD,1972,223759994.506836
Bangladesh,BGD,1971,15359999.6566772
Bangladesh,BGD,1970,
Bangladesh,BGD,1969,
Bangladesh,BGD,1968,
Bangladesh,BGD,1967,
Bangladesh,BGD,1966,
Bangladesh,BGD,1965,
Bangladesh,BGD,1964,
Bangladesh,BGD,1963,
Bangladesh,BGD,1962,
Bangladesh,BGD,1961,
Bangladesh,BGD,1960,
Barbados,BRB,2025,
Barbados,BRB,2024,
Barbados,BRB,2023,
Barbados,BRB,2022,
Barbados,BRB,2021,
Barbados,BRB,2020,
Barbados,BRB,2019,
Barbados,BRB,2018,
Barbados,BRB,2017,
Barbados,BRB,2016,
Barbados,BRB,2015,
Barbados,BRB,2014,
Barbados,BRB,2013,
Barbados,BRB,2012,
Barbados,BRB,2011,
Barbados,BRB,2010,15579999.9237061
Barbados,BRB,2009,11750000.0
Barbados,BRB,2008,9279999.73297119
Barbados,BRB,2007,18700000.7629395
Barbados,BRB,2006,-889999.985694885
Barbados,BRB,2005,-629999.995231628
Barbados,BRB,2004,30299999.2370605
Barbados,BRB,2003,21270000.4577637
Barbados,BRB,2002,4750000.0
Barbados,BRB,2001,319999.992847443
Barbados,BRB,2000,1799999.95231628
Barbados,BRB,1999,-589999.973773956
Barbados,BRB,1998,17180000.3051758
Barbados,BRB,1997,5840000.15258789
Barbados,BRB,1996,5730000.01907349
Barbados,BRB,1995,509999.990463257
Barbados,BRB,1994,2900000.09536743
Barbados,BRB,1993,4980000.01907349
Barbados,BRB,1992,1279999.97138977
Barbados,BRB,1991,2319999.9332428
Barbados,BRB,1990,2279999.97138977
Barbados,BRB,1989,990000.009536743
Barbados,BRB,1988,1830000.04291534
Barbados,BRB,1987,4750000.0
Barbados,BRB,1986,4510000.22888184
Barbados,BRB,1985,6050000.19073486
Barbados,BRB,1984,5699999.80926514
Barbados,BRB,1983,16309999.4659424
Barbados,BRB,1982,8560000.4196167
Barbados,BRB,1981,10550000.1907349
Barbados,BRB,1980,7110000.1335144
Barbados,BRB,1979,6400000.09536743
Barbados,BRB,1978,8880000.11444092
Barbados,BRB,1977,4679999.82833862
Barbados,BRB,1976,5789999.96185303
Barbados,BRB,1975,4320000.17166138
Barbados,BRB,1974,3589999.91416931
Barbados,BRB,1973,4639999.8664856
Barbados,BRB,1972,4699999.80926514
Barbados,BRB,1971,4570000.17166138
Barbados,BRB,1970,2319999.9332428
Barbados,BRB,1969,1299999.95231628
Barbados,BRB,1968,850000.023841858
Barbados,BRB,1967,589999.973773956
Barbados,BRB,1966,1600000.02384186
Barbados,BRB,1965,
Barbados,BRB,1964,
Barbados,BRB,1963,
Barbados,BRB,1962,
Barbados,BRB,1961,
Barbados,BRB,1960,
Belarus,BLR,2025,
Belarus,BLR,2024,
Belarus,BLR,2023,114752738.952637
Belarus,BLR,2022,17548471.4508057
Belarus,BLR,2021,141043823.242188
Belarus,BLR,2020,327027496.337891
Belarus,BLR,2019,213054031.37207
Belarus,BLR,2018,119171150.20752
Belarus,BLR,2017,-250166244.506836
Belarus,BLR,2016,-22310482.0251465
Belarus,BLR,2015,104575263.977051
Belarus,BLR,2014,120611869.812012
Belarus,BLR,2013,107136093.139648
Belarus,BLR,2012,102869323.730469
Belarus,BLR,2011,119795318.603516
Belarus,BLR,2010,135229995.727539
Belarus,BLR,2009,98215965.2709961
Belarus,BLR,2008,111138298.034668
Belarus,BLR,2007,85429382.3242188
Belarus,BLR,2006,74760215.7592773
Belarus,BLR,2005,58010219.5739746
Belarus,BLR,2004,
Belarus,BLR,2003,
Belarus,BLR,2002,
Belarus,BLR,2001,
Belarus,BLR,2000,
Belarus,BLR,1999,
Belarus,BLR,1998,
Belarus,BLR,1997,
Belarus,BLR,1996,
Belarus,BLR,1995,
Belarus,BLR,1994,
Belarus,BLR,1993,
Belarus,BLR,1992,
Belarus,BLR,1991,
Belarus,BLR,1990,
Belarus,BLR,1989,
Belarus,BLR,1988,
Belarus,BLR,1987,
Belarus,BLR,1986,
Belarus,BLR,1985,
Belarus,BLR,1984,
Belarus,BLR,1983,
Belarus,BLR,1982,
Belarus,BLR,1981,
Belarus,BLR,1980,
Belarus,BLR,1979,
Belarus,BLR,1978,
Belarus,BLR,1977,
Belarus,BLR,1976,
Belarus,BLR,1975,
Belarus,BLR,1974,
Belarus,BLR,1973,
Belarus,BLR,1972,
Belarus,BLR,1971,
Belarus,BLR,1970,
Belarus,BLR,1969,
Belarus,BLR,1968,
Belarus,BLR,1967,
Belarus,BLR,1966,
Belarus,BLR,1965,
Belarus,BLR,1964,
Belarus,BLR,1963,
Belarus,BLR,1962,
Belarus,BLR,1961,
Belarus,BLR,1960,
Belgium,BEL,2025,
Belgium,BEL,2024,
Belgium,BEL,2023,
Belgium,BEL,2022,
Belgium,BEL,2021,
Belgium,BEL,2020,
Belgium,BEL,2019,
Belgium,BEL,2018,
Belgium,BEL,2017,
Belgium,BEL,2016,
Belgium,BEL,2015,
Belgium,BEL,2014,
Belgium,BEL,2013,
Belgium,BEL,2012,
Belgium,BEL,2011,
Belgium,BEL,2010,
Belgium,BEL,2009,
Belgium,BEL,2008,
Belgium,BEL,2007,
Belgium,BEL,2006,
Belgium,BEL,2005,
Belgium,BEL,2004,
Belgium,BEL,2003,
Belgium,BEL,2002,
Belgium,BEL,2001,
Belgium,BEL,2000,
Belgium,BEL,1999,
Belgium,BEL,1998,
Belgium,BEL,1997,
Belgium,BEL,1996,
Belgium,BEL,1995,
Belgium,BEL,1994,
Belgium,BEL,1993,
Belgium,BEL,1992,
Belgium,BEL,1991,
Belgium,BEL,1990,
Belgium,BEL,1989,
Belgium,BEL,1988,
Belgium,BEL,1987,
Belgium,BEL,1986,
Belgium,BEL,1985,
Belgium,BEL,1984,
Belgium,BEL,1983,
Belgium,BEL,1982,
Belgium,BEL,1981,
Belgium,BEL,1980,
Belgium,BEL,1979,
Belgium,BEL,1978,
Belgium,BEL,1977,
Belgium,BEL,1976,
Belgium,BEL,1975,
Belgium,BEL,1974,
Belgium,BEL,1973,
Belgium,BEL,1972,
Belgium,BEL,1971,
Belgium,BEL,1970,
Belgium,BEL,1969,
Belgium,BEL,1968,
Belgium,BEL,1967,
Belgium,BEL,1966,
Belgium,BEL,1965,
Belgium,BEL,1964,
Belgium,BEL,1963,
Belgium,BEL,1962,
Belgium,BEL,1961,
Belgium,BEL,1960,
Belize,BLZ,2025,
Belize,BLZ,2024,
Belize,BLZ,2023,31858842.8497314
Belize,BLZ,2022,21012914.6575928
Belize,BLZ,2021,77875175.4760742
Belize,BLZ,2020,69899658.203125
Belize,BLZ,2019,35798328.3996582
Belize,BLZ,2018,33832420.3491211
Belize,BLZ,2017,34203254.699707
Belize,BLZ,2016,34960300.4455566
Belize,BLZ,2015,28267847.0611572
Belize,BLZ,2014,37564182.2814941
Belize,BLZ,2013,51266910.5529785
Belize,BLZ,2012,26207256.3171387
Belize,BLZ,2011,20993192.6727295
Belize,BLZ,2010,24459999.0844727
Belize,BLZ,2009,26237499.2370605
Belize,BLZ,2008,23367500.3051758
Belize,BLZ,2007,21283067.7032471
Belize,BLZ,2006,7734066.9631958
Belize,BLZ,2005,11724066.734314
Belize,BLZ,2004,6695000.17166138
Belize,BLZ,2003,12678893.0892944
Belize,BLZ,2002,23278892.5170898
Belize,BLZ,2001,22488393.7835693
Belize,BLZ,2000,16146200.1800537
Belize,BLZ,1999,47402629.8522949
Belize,BLZ,1998,14523200.0350952
Belize,BLZ,1997,13771499.6337891
Belize,BLZ,1996,21030000.6866455
Belize,BLZ,1995,18829999.9237061
Belize,BLZ,1994,32169998.1689453
Belize,BLZ,1993,31110000.6103516
Belize,BLZ,1992,26159999.8474121
Belize,BLZ,1991,21770000.4577637
Belize,BLZ,1990,30319999.6948242
Belize,BLZ,1989,28520000.4577637
Belize,BLZ,1988,25010000.2288818
Belize,BLZ,1987,23479999.5422363
Belize,BLZ,1986,24059999.4659424
Belize,BLZ,1985,21930000.3051758
Belize,BLZ,1984,13899999.6185303
Belize,BLZ,1983,15060000.4196167
Belize,BLZ,1982,12029999.7329712
Belize,BLZ,1981,11310000.4196167
Belize,BLZ,1980,14500000.0
Belize,BLZ,1979,20719999.3133545
Belize,BLZ,1978,18219999.3133545
Belize,BLZ,1977,9529999.73297119
Belize,BLZ,1976,11630000.1144409
Belize,BLZ,1975,8710000.03814697
Belize,BLZ,1974,6219999.79019165
Belize,BLZ,1973,4670000.07629395
Belize,BLZ,1972,4010000.22888184
Belize,BLZ,1971,5070000.17166138
Belize,BLZ,1970,5949999.80926514
Belize,BLZ,1969,6840000.15258789
Belize,BLZ,1968,5519999.98092651
Belize,BLZ,1967,5840000.15258789
Belize,BLZ,1966,2579999.92370605
Belize,BLZ,1965,2130000.11444092
Belize,BLZ,1964,1549999.95231628
Belize,BLZ,1963,4059999.94277954
Belize,BLZ,1962,5519999.98092651
Belize,BLZ,1961,2819999.9332428
Belize,BLZ,1960,1820000.05245209
Benin,BEN,2025,
Benin,BEN,2024,
Benin,BEN,2023,1034930297.85156
Benin,BEN,2022,848452880.859375
Benin,BEN,2021,851502258.300781
Benin,BEN,2020,1050619873.04688
Benin,BEN,2019,594194396.972656
Benin,BEN,2018,574678710.9375
Benin,BEN,2017,679996398.925781
Benin,BEN,2016,500756500.244141
Benin,BEN,2015,436632080.078125
Benin,BEN,2014,599316223.144531
Benin,BEN,2013,660197998.046875
Benin,BEN,2012,507878723.144531
Benin,BEN,2011,672611206.054688
Benin,BEN,2010,601109985.351563
Benin,BEN,2009,677563781.738281
Benin,BEN,2008,636721313.476563
Benin,BEN,2007,475294891.357422
Benin,BEN,2006,400313323.974609
Benin,BEN,2005,349081329.345703
Benin,BEN,2004,391789672.851563
Benin,BEN,2003,301993652.34375
Benin,BEN,2002,221540664.672852
Benin,BEN,2001,280419128.417969
Benin,BEN,2000,244766067.504883
Benin,BEN,1999,212440063.476563
Benin,BEN,1998,205232589.72168
Benin,BEN,1997,221149993.896484
Benin,BEN,1996,288290008.544922
Benin,BEN,1995,280559997.558594
Benin,BEN,1994,256380004.882813
Benin,BEN,1993,287760009.765625
Benin,BEN,1992,269040008.544922
Benin,BEN,1991,265660003.662109
Benin,BEN,1990,266880004.882813
Benin,BEN,1989,267869995.117188
Benin,BEN,1988,157970001.220703
Benin,BEN,1987,133699996.948242
Benin,BEN,1986,134669998.168945
Benin,BEN,1985,93910003.6621094
Benin,BEN,1984,75029998.7792969
Benin,BEN,1983,84930000.3051758
Benin,BEN,1982,79699996.9482422
Benin,BEN,1981,81239997.8637695
Benin,BEN,1980,88230003.3569336
Benin,BEN,1979,84610000.6103516
Benin,BEN,1978,60340000.1525879
Benin,BEN,1977,48819999.6948242
Benin,BEN,1976,50750000.0
Benin,BEN,1975,54110000.6103516
Benin,BEN,1974,33069999.6948242
Benin,BEN,1973,26479999.5422363
Benin,BEN,1972,20040000.9155273
Benin,BEN,1971,28979999.5422363
Benin,BEN,1970,14739999.7711182
Benin,BEN,1969,13140000.3433228
Benin,BEN,1968,13140000.3433228
Benin,BEN,1967,16270000.4577637
Benin,BEN,1966,14920000.0762939
Benin,BEN,1965,17879999.1607666
Benin,BEN,1964,18069999.6948242
Benin,BEN,1963,4260000.22888184
Benin,BEN,1962,3750000.0
Benin,BEN,1961,1480000.01907349
Benin,BEN,1960,19999.9995529652
Bermuda,BMU,2025,
Bermuda,BMU,2024,
Bermuda,BMU,2023,
Bermuda,BMU,2022,
Bermuda,BMU,2021,
Bermuda,BMU,2020,
Bermuda,BMU,2019,
Bermuda,BMU,2018,
Bermuda,BMU,2017,
Bermuda,BMU,2016,
Bermuda,BMU,2015,
Bermuda,BMU,2014,
Bermuda,BMU,2013,
Bermuda,BMU,2012,
Bermuda,BMU,2011,
Bermuda,BMU,2010,
Bermuda,BMU,2009,
Bermuda,BMU,2008,
Bermuda,BMU,2007,
Bermuda,BMU,2006,
Bermuda,BMU,2005,
Bermuda,BMU,2004,
Bermuda,BMU,2003,
Bermuda,BMU,2002,
Bermuda,BMU,2001,
Bermuda,BMU,2000,
Bermuda,BMU,1999,
Bermuda,BMU,1998,
Bermuda,BMU,1997,
Bermuda,BMU,1996,-4070000.17166138
Bermuda,BMU,1995,-2079999.92370605
Bermuda,BMU,1994,-12479999.5422363
Bermuda,BMU,1993,-4820000.17166138
Bermuda,BMU,1992,-5000000.0
Bermuda,BMU,1991,-4719999.79019165
Bermuda,BMU,1990,42189998.626709
Bermuda,BMU,1989,100000.001490116
Bermuda,BMU,1988,39999.9991059303
Bermuda,BMU,1987,230000.004172325
Bermuda,BMU,1986,90000.0035762787
Bermuda,BMU,1985,939999.997615814
Bermuda,BMU,1984,79999.9982118607
Bermuda,BMU,1983,70000.0002980232
Bermuda,BMU,1982,70000.0002980232
Bermuda,BMU,1981,209999.993443489
Bermuda,BMU,1980,280000.001192093
Bermuda,BMU,1979,150000.005960464
Bermuda,BMU,1978,159999.996423721
Bermuda,BMU,1977,79999.9982118607
Bermuda,BMU,1976,29999.9993294477
Bermuda,BMU,1975,19999.9995529652
Bermuda,BMU,1974,29999.9993294477
Bermuda,BMU,1973,
Bermuda,BMU,1972,9999.99977648258
Bermuda,BMU,1971,
Bermuda,BMU,1970,9999.99977648258
Bermuda,BMU,1969,9999.99977648258
Bermuda,BMU,1968,39999.9991059303
Bermuda,BMU,1967,59999.9986588955
Bermuda,BMU,1966,59999.9986588955
Bermuda,BMU,1965,50000.0007450581
Bermuda,BMU,1964,9999.99977648258
Bermuda,BMU,1963,
Bermuda,BMU,1962,
Bermuda,BMU,1961,
Bermuda,BMU,1960,
Bhutan,BTN,2025,
Bhutan,BTN,2024,
Bhutan,BTN,2023,156838043.212891
Bhutan,BTN,2022,195201110.839844
Bhutan,BTN,2021,128337051.391602
Bhutan,BTN,2020,203699218.75
Bhutan,BTN,2019,179687484.741211
Bhutan,BTN,2018,107920967.102051
Bhutan,BTN,2017,118542297.363281
Bhutan,BTN,2016,51595958.7097168
Bhutan,BTN,2015,97276359.5581055
Bhutan,BTN,2014,130640213.012695
Bhutan,BTN,2013,136796279.907227
Bhutan,BTN,2012,161646438.598633
Bhutan,BTN,2011,118645973.205566
Bhutan,BTN,2010,87379997.253418
Bhutan,BTN,2009,101373390.197754
Bhutan,BTN,2008,79019462.5854492
Bhutan,BTN,2007,95639160.15625
Bhutan,BTN,2006,92417831.4208984
Bhutan,BTN,2005,78765029.9072266
Bhutan,BTN,2004,72130035.4003906
Bhutan,BTN,2003,72862335.2050781
Bhutan,BTN,2002,60018333.4350586
Bhutan,BTN,2001,54609535.2172852
Bhutan,BTN,2000,47099536.895752
Bhutan,BTN,1999,65618385.3149414
Bhutan,BTN,1998,52437252.0446777
Bhutan,BTN,1997,59337253.5705566
Bhutan,BTN,1996,57098865.5090332
Bhutan,BTN,1995,69459999.0844727
Bhutan,BTN,1994,72419998.1689453
Bhutan,BTN,1993,61740001.6784668
Bhutan,BTN,1992,52919998.1689453
Bhutan,BTN,1991,55360000.6103516
Bhutan,BTN,1990,41450000.7629395
Bhutan,BTN,1989,37090000.1525879
Bhutan,BTN,1988,35900001.5258789
Bhutan,BTN,1987,36560001.373291
Bhutan,BTN,1986,36639999.3896484
Bhutan,BTN,1985,20649999.6185303
Bhutan,BTN,1984,16709999.0844727
Bhutan,BTN,1983,12369999.8855591
Bhutan,BTN,1982,11250000.0
Bhutan,BTN,1981,9649999.61853027
Bhutan,BTN,1980,8060000.4196167
Bhutan,BTN,1979,4960000.03814697
Bhutan,BTN,1978,3119999.88555908
Bhutan,BTN,1977,2900000.09536743
Bhutan,BTN,1976,3220000.02861023
Bhutan,BTN,1975,2099999.90463257
Bhutan,BTN,1974,610000.014305115
Bhutan,BTN,1973,519999.980926514
Bhutan,BTN,1972,189999.997615814
Bhutan,BTN,1971,140000.000596046
Bhutan,BTN,1970,209999.993443489
Bhutan,BTN,1969,100000.001490116
Bhutan,BTN,1968,140000.000596046
Bhutan,BTN,1967,9999.99977648258
Bhutan,BTN,1966,50000.0007450581
Bhutan,BTN,1965,159999.996423721
Bhutan,BTN,1964,9999.99977648258
Bhutan,BTN,1963,9999.99977648258
Bhutan,BTN,1962,
Bhutan,BTN,1961,
Bhutan,BTN,1960,
Bolivia,BOL,2025,
Bolivia,BOL,2024,
Bolivia,BOL,2023,764393493.652344
Bolivia,BOL,2022,335734771.728516
Bolivia,BOL,2021,507969451.904297
Bolivia,BOL,2020,340416137.695313
Bolivia,BOL,2019,709306457.519531
Bolivia,BOL,2018,728865722.65625
Bolivia,BOL,2017,949160339.355469
Bolivia,BOL,2016,696505126.953125
Bolivia,BOL,2015,791314147.949219
Bolivia,BOL,2014,674557189.941406
Bolivia,BOL,2013,702299255.371094
Bolivia,BOL,2012,661718444.824219
Bolivia,BOL,2011,545965576.171875
Bolivia,BOL,2010,513760009.765625
Bolivia,BOL,2009,611689575.195313
Bolivia,BOL,2008,589157653.808594
Bolivia,BOL,2007,438792480.46875
Bolivia,BOL,2006,807596679.6875
Bolivia,BOL,2005,542883361.816406
Bolivia,BOL,2004,706658569.335938
Bolivia,BOL,2003,762626892.089844
Bolivia,BOL,2002,600330932.617188
Bolivia,BOL,2001,675960266.113281
Bolivia,BOL,2000,426082000.732422
Bolivia,BOL,1999,519808654.785156
Bolivia,BOL,1998,549391540.527344
Bolivia,BOL,1997,628289978.027344
Bolivia,BOL,1996,760099975.585938
Bolivia,BOL,1995,678820007.324219
Bolivia,BOL,1994,539099975.585938
Bolivia,BOL,1993,546619995.117188
Bolivia,BOL,1992,656890014.648438
Bolivia,BOL,1991,477809997.558594
Bolivia,BOL,1990,485040008.544922
Bolivia,BOL,1989,484279998.779297
Bolivia,BOL,1988,408559997.558594
Bolivia,BOL,1987,282070007.324219
Bolivia,BOL,1986,251279998.779297
Bolivia,BOL,1985,159199996.948242
Bolivia,BOL,1984,130809997.558594
Bolivia,BOL,1983,153070007.324219
Bolivia,BOL,1982,109500000.0
Bolivia,BOL,1981,124970001.220703
Bolivia,BOL,1980,137940002.441406
Bolivia,BOL,1979,123580001.831055
Bolivia,BOL,1978,114919998.168945
Bolivia,BOL,1977,68169998.1689453
Bolivia,BOL,1976,54849998.4741211
Bolivia,BOL,1975,47400001.5258789
Bolivia,BOL,1974,54000000.0
Bolivia,BOL,1973,24090000.1525879
Bolivia,BOL,1972,47720001.2207031
Bolivia,BOL,1971,32020000.4577637
Bolivia,BOL,1970,29780000.6866455
Bolivia,BOL,1969,33270000.4577637
Bolivia,BOL,1968,42020000.4577637
Bolivia,BOL,1967,29959999.0844727
Bolivia,BOL,1966,30040000.9155273
Bolivia,BOL,1965,35369998.9318848
Bolivia,BOL,1964,37880001.0681152
Bolivia,BOL,1963,48099998.4741211
Bolivia,BOL,1962,32680000.3051758
Bolivia,BOL,1961,23370000.8392334
Bolivia,BOL,1960,13319999.6948242
Bosnia and Herzegovina,BIH,2025,
Bosnia and Herzegovina,BIH,2024,
Bosnia and Herzegovina,BIH,2023,307687896.728516
Bosnia and Herzegovina,BIH,2022,285065002.441406
Bosnia and Herzegovina,BIH,2021,565515319.824219
Bosnia and Herzegovina,BIH,2020,439946014.404297
Bosnia and Herzegovina,BIH,2019,461445007.324219
Bosnia and Herzegovina,BIH,2018,356066528.320313
Bosnia and Herzegovina,BIH,2017,440537841.796875
Bosnia and Herzegovina,BIH,2016,446115722.65625
Bosnia and Herzegovina,BIH,2015,356393310.546875
Bosnia and Herzegovina,BIH,2014,630202148.4375
Bosnia and Herzegovina,BIH,2013,521210510.253906
Bosnia and Herzegovina,BIH,2012,568016662.597656
Bosnia and Herzegovina,BIH,2011,625777709.960938
Bosnia and Herzegovina,BIH,2010,412309997.558594
Bosnia and Herzegovina,BIH,2009,417339569.091797
Bosnia and Herzegovina,BIH,2008,465008636.474609
Bosnia and Herzegovina,BIH,2007,599104675.292969
Bosnia and Herzegovina,BIH,2006,536842651.367188
Bosnia and Herzegovina,BIH,2005,539892639.160156
Bosnia and Herzegovina,BIH,2004,686086669.921875
Bosnia and Herzegovina,BIH,2003,541919982.910156
Bosnia and Herzegovina,BIH,2002,555780029.296875
Bosnia and Herzegovina,BIH,2001,640080017.089844
Bosnia and Herzegovina,BIH,2000,737929992.675781
Bosnia and Herzegovina,BIH,1999,1286239990.23438
Bosnia and Herzegovina,BIH,1998,914969970.703125
Bosnia and Herzegovina,BIH,1997,862049987.792969
Bosnia and Herzegovina,BIH,1996,851809997.558594
Bosnia and Herzegovina,BIH,1995,965799987.792969
Bosnia and Herzegovina,BIH,1994,408570007.324219
Bosnia and Herzegovina,BIH,1993,70239997.8637695
Bosnia and Herzegovina,BIH,1992,15689999.5803833
Bosnia and Herzegovina,BIH,1991,9999.99977648258
Bosnia and Herzegovina,BIH,1990,9999.99977648258
Bosnia and Herzegovina,BIH,1989,9999.99977648258
Bosnia and Herzegovina,BIH,1988,
Bosnia and Herzegovina,BIH,1987,
Bosnia and Herzegovina,BIH,1986,
Bosnia and Herzegovina,BIH,1985,
Bosnia and Herzegovina,BIH,1984,
Bosnia and Herzegovina,BIH,1983,
Bosnia and Herzegovina,BIH,1982,
Bosnia and Herzegovina,BIH,1981,
Bosnia and Herzegovina,BIH,1980,
Bosnia and Herzegovina,BIH,1979,
Bosnia and Herzegovina,BIH,1978,
Bosnia and Herzegovina,BIH,1977,
Bosnia and Herzegovina,BIH,1976,
Bosnia and Herzegovina,BIH,1975,
Bosnia and Herzegovina,BIH,1974,
Bosnia and Herzegovina,BIH,1973,
Bosnia and Herzegovina,BIH,1972,
Bosnia and Herzegovina,BIH,1971,
Bosnia and Herzegovina,BIH,1970,
Bosnia and Herzegovina,BIH,1969,
Bosnia and Herzegovina,BIH,1968,
Bosnia and Herzegovina,BIH,1967,
Bosnia and Herzegovina,BIH,1966,
Bosnia and Herzegovina,BIH,1965,
Bosnia and Herzegovina,BIH,1964,
Bosnia and Herzegovina,BIH,1963,
Bosnia and Herzegovina,BIH,1962,
Bosnia and Herzegovina,BIH,1961,
Bosnia and Herzegovina,BIH,1960,
Botswana,BWA,2025,
Botswana,BWA,2024,
Botswana,BWA,2023,284583099.365234
Botswana,BWA,2022,90755447.3876953
Botswana,BWA,2021,97650299.0722656
Botswana,BWA,2020,80222389.2211914
Botswana,BWA,2019,67981483.4594727
Botswana,BWA,2018,85853736.8774414
Botswana,BWA,2017,102091934.204102
Botswana,BWA,2016,90570678.7109375
Botswana,BWA,2015,65539047.2412109
Botswana,BWA,2014,99372596.7407227
Botswana,BWA,2013,107366989.135742
Botswana,BWA,2012,73073074.3408203
Botswana,BWA,2011,118504371.643066
Botswana,BWA,2010,153169998.168945
Botswana,BWA,2009,282345886.230469
Botswana,BWA,2008,723095886.230469
Botswana,BWA,2007,105073432.922363
Botswana,BWA,2006,66606132.5073242
Botswana,BWA,2005,48266208.6486816
Botswana,BWA,2004,46605331.4208984
Botswana,BWA,2003,28055000.3051758
Botswana,BWA,2002,37309665.6799316
Botswana,BWA,2001,28929666.519165
Botswana,BWA,2000,30620000.8392334
Botswana,BWA,1999,60889999.3896484
Botswana,BWA,1998,106250000.0
Botswana,BWA,1997,121616668.701172
Botswana,BWA,1996,74566665.6494141
Botswana,BWA,1995,89656669.6166992
Botswana,BWA,1994,85180000.3051758
Botswana,BWA,1993,129899993.896484
Botswana,BWA,1992,111260002.13623
Botswana,BWA,1991,131070007.324219
Botswana,BWA,1990,145220001.220703
Botswana,BWA,1989,157940002.441406
Botswana,BWA,1988,149800003.051758
Botswana,BWA,1987,154839996.337891
Botswana,BWA,1986,100660003.662109
Botswana,BWA,1985,95620002.746582
Botswana,BWA,1984,101930000.305176
Botswana,BWA,1983,103120002.746582
Botswana,BWA,1982,101139999.389648
Botswana,BWA,1981,96470001.2207031
Botswana,BWA,1980,105269996.643066
Botswana,BWA,1979,99410003.6621094
Botswana,BWA,1978,68769996.6430664
Botswana,BWA,1977,47250000.0
Botswana,BWA,1976,47380001.0681152
Botswana,BWA,1975,50939998.626709
Botswana,BWA,1974,36450000.7629395
Botswana,BWA,1973,36069999.6948242
Botswana,BWA,1972,31409999.8474121
Botswana,BWA,1971,17649999.6185303
Botswana,BWA,1970,14199999.8092651
Botswana,BWA,1969,13359999.6566772
Botswana,BWA,1968,16739999.7711182
Botswana,BWA,1967,18260000.2288818
Botswana,BWA,1966,17879999.1607666
Botswana,BWA,1965,10300000.1907349
Botswana,BWA,1964,8869999.88555908
Botswana,BWA,1963,5329999.92370605
Botswana,BWA,1962,5239999.77111816
Botswana,BWA,1961,5460000.03814697
Botswana,BWA,1960,3430000.0667572
Brazil,BRA,2025,
Brazil,BRA,2024,
Brazil,BRA,2023,699971862.792969
Brazil,BRA,2022,578414184.570313
Brazil,BRA,2021,1115631103.51563
Brazil,BRA,2020,613681701.660156
Brazil,BRA,2019,273563262.939453
Brazil,BRA,2018,444970092.773438
Brazil,BRA,2017,273873596.191406
Brazil,BRA,2016,674627136.230469
Brazil,BRA,2015,1003186096.19141
Brazil,BRA,2014,914151489.257813
Brazil,BRA,2013,1155725097.65625
Brazil,BRA,2012,1288543701.17188
Brazil,BRA,2011,840694885.253906
Brazil,BRA,2010,437130004.882813
Brazil,BRA,2009,374810668.945313
Brazil,BRA,2008,468634643.554688
Brazil,BRA,2007,328590820.3125
Brazil,BRA,2006,110200004.577637
Brazil,BRA,2005,217244155.883789
Brazil,BRA,2004,178276565.551758
Brazil,BRA,2003,229301376.342773
Brazil,BRA,2002,236407394.40918
Brazil,BRA,2001,252017349.243164
Brazil,BRA,2000,255680694.580078
Brazil,BRA,1999,144382965.087891
Brazil,BRA,1998,260614166.259766
Brazil,BRA,1997,229787170.410156
Brazil,BRA,1996,257803009.033203
Brazil,BRA,1995,264333007.8125
Brazil,BRA,1994,259872985.839844
Brazil,BRA,1993,197522994.995117
Brazil,BRA,1992,-235585006.713867
Brazil,BRA,1991,196139999.389648
Brazil,BRA,1990,174380004.882813
Brazil,BRA,1989,232399993.896484
Brazil,BRA,1988,218750000.0
Brazil,BRA,1987,293089996.337891
Brazil,BRA,1986,147740005.493164
Brazil,BRA,1985,84970001.2207031
Brazil,BRA,1984,153559997.558594
Brazil,BRA,1983,106720001.220703
Brazil,BRA,1982,177690002.441406
Brazil,BRA,1981,227130004.882813
Brazil,BRA,1980,83150001.5258789
Brazil,BRA,1979,87760002.1362305
Brazil,BRA,1978,89279998.7792969
Brazil,BRA,1977,67559997.5585938
Brazil,BRA,1976,92529998.7792969
Brazil,BRA,1975,132580001.831055
Brazil,BRA,1974,129809997.558594
Brazil,BRA,1973,65099998.4741211
Brazil,BRA,1972,94430000.3051758
Brazil,BRA,1971,120069999.694824
Brazil,BRA,1970,136850006.103516
Brazil,BRA,1969,139080001.831055
Brazil,BRA,1968,219669998.168945
Brazil,BRA,1967,180669998.168945
Brazil,BRA,1966,320920013.427734
Brazil,BRA,1965,234550003.051758
Brazil,BRA,1964,235490005.493164
Brazil,BRA,1963,185220001.220703
Brazil,BRA,1962,179990005.493164
Brazil,BRA,1961,290709991.455078
Brazil,BRA,1960,39580001.8310547
British Virgin Islands,VGB,2025,
British Virgin Islands,VGB,2024,
British Virgin Islands,VGB,2023,
British Virgin Islands,VGB,2022,
British Virgin Islands,VGB,2021,
British Virgin Islands,VGB,2020,
British Virgin Islands,VGB,2019,
British Virgin Islands,VGB,2018,
British Virgin Islands,VGB,2017,
British Virgin Islands,VGB,2016,
British Virgin Islands,VGB,2015,
British Virgin Islands,VGB,2014,
British Virgin Islands,VGB,2013,
British Virgin Islands,VGB,2012,
British Virgin Islands,VGB,2011,
British Virgin Islands,VGB,2010,
British Virgin Islands,VGB,2009,
British Virgin Islands,VGB,2008,
British Virgin Islands,VGB,2007,
British Virgin Islands,VGB,2006,
British Virgin Islands,VGB,2005,
British Virgin Islands,VGB,2004,
British Virgin Islands,VGB,2003,
British Virgin Islands,VGB,2002,
British Virgin Islands,VGB,2001,
British Virgin Islands,VGB,2000,
British Virgin Islands,VGB,1999,2559999.94277954
British Virgin Islands,VGB,1998,1169999.95708466
British Virgin Islands,VGB,1997,1870000.00476837
British Virgin Islands,VGB,1996,1210000.03814697
British Virgin Islands,VGB,1995,1429999.94754791
British Virgin Islands,VGB,1994,10979999.5422363
British Virgin Islands,VGB,1993,3309999.94277954
British Virgin Islands,VGB,1992,5440000.05722046
British Virgin Islands,VGB,1991,6019999.98092651
British Virgin Islands,VGB,1990,5570000.17166138
British Virgin Islands,VGB,1989,5769999.98092651
British Virgin Islands,VGB,1988,1950000.04768372
British Virgin Islands,VGB,1987,2099999.90463257
British Virgin Islands,VGB,1986,1429999.94754791
British Virgin Islands,VGB,1985,2039999.96185303
British Virgin Islands,VGB,1984,1840000.0333786
British Virgin Islands,VGB,1983,3089999.91416931
British Virgin Islands,VGB,1982,3799999.95231628
British Virgin Islands,VGB,1981,3819999.9332428
British Virgin Islands,VGB,1980,4610000.1335144
British Virgin Islands,VGB,1979,1720000.02861023
British Virgin Islands,VGB,1978,1169999.95708466
British Virgin Islands,VGB,1977,2049999.95231628
British Virgin Islands,VGB,1976,2589999.91416931
British Virgin Islands,VGB,1975,2420000.07629395
British Virgin Islands,VGB,1974,1679999.94754791
British Virgin Islands,VGB,1973,
British Virgin Islands,VGB,1972,
British Virgin Islands,VGB,1971,
British Virgin Islands,VGB,1970,
British Virgin Islands,VGB,1969,
British Virgin Islands,VGB,1968,
British Virgin Islands,VGB,1967,16149999.6185303
British Virgin Islands,VGB,1966,419999.986886978
British Virgin Islands,VGB,1965,
British Virgin Islands,VGB,1964,200000.002980232
British Virgin Islands,VGB,1963,159999.996423721
British Virgin Islands,VGB,1962,389999.985694885
British Virgin Islands,VGB,1961,419999.986886978
British Virgin Islands,VGB,1960,79999.9982118607
Brunei Darussalam,BRN,2025,
Brunei Darussalam,BRN,2024,
Brunei Darussalam,BRN,2023,
Brunei Darussalam,BRN,2022,
Brunei Darussalam,BRN,2021,
Brunei Darussalam,BRN,2020,
Brunei Darussalam,BRN,2019,
Brunei Darussalam,BRN,2018,
Brunei Darussalam,BRN,2017,
Brunei Darussalam,BRN,2016,
Brunei Darussalam,BRN,2015,
Brunei Darussalam,BRN,2014,
Brunei Darussalam,BRN,2013,
Brunei Darussalam,BRN,2012,
Brunei Darussalam,BRN,2011,
Brunei Darussalam,BRN,2010,
Brunei Darussalam,BRN,2009,
Brunei Darussalam,BRN,2008,
Brunei Darussalam,BRN,2007,
Brunei Darussalam,BRN,2006,
Brunei Darussalam,BRN,2005,
Brunei Darussalam,BRN,2004,
Brunei Darussalam,BRN,2003,
Brunei Darussalam,BRN,2002,
Brunei Darussalam,BRN,2001,
Brunei Darussalam,BRN,2000,
Brunei Darussalam,BRN,1999,
Brunei Darussalam,BRN,1998,
Brunei Darussalam,BRN,1997,
Brunei Darussalam,BRN,1996,
Brunei Darussalam,BRN,1995,4289999.96185303
Brunei Darussalam,BRN,1994,5260000.22888184
Brunei Darussalam,BRN,1993,5070000.17166138
Brunei Darussalam,BRN,1992,5369999.88555908
Brunei Darussalam,BRN,1991,3619999.88555908
Brunei Darussalam,BRN,1990,3880000.11444092
Brunei Darussalam,BRN,1989,4559999.94277954
Brunei Darussalam,BRN,1988,4519999.98092651
Brunei Darussalam,BRN,1987,3240000.00953674
Brunei Darussalam,BRN,1986,2539999.96185303
Brunei Darussalam,BRN,1985,1399999.97615814
Brunei Darussalam,BRN,1984,810000.002384186
Brunei Darussalam,BRN,1983,439999.997615814
Brunei Darussalam,BRN,1982,270000.010728836
Brunei Darussalam,BRN,1981,189999.997615814
Brunei Darussalam,BRN,1980,29999.9993294477
Brunei Darussalam,BRN,1979,90000.0035762787
Brunei Darussalam,BRN,1978,100000.001490116
Brunei Darussalam,BRN,1977,79999.9982118607
Brunei Darussalam,BRN,1976,109999.999403954
Brunei Darussalam,BRN,1975,140000.000596046
Brunei Darussalam,BRN,1974,150000.005960464
Brunei Darussalam,BRN,1973,119999.997317791
Brunei Darussalam,BRN,1972,19999.9995529652
Brunei Darussalam,BRN,1971,50000.0007450581
Brunei Darussalam,BRN,1970,9999.99977648258
Brunei Darussalam,BRN,1969,29999.9993294477
Brunei Darussalam,BRN,1968,29999.9993294477
Brunei Darussalam,BRN,1967,70000.0002980232
Brunei Darussalam,BRN,1966,79999.9982118607
Brunei Darussalam,BRN,1965,79999.9982118607
Brunei Darussalam,BRN,1964,70000.0002980232
Brunei Darussalam,BRN,1963,39999.9991059303
Brunei Darussalam,BRN,1962,730000.019073486
Brunei Darussalam,BRN,1961,479999.989271164
Brunei Darussalam,BRN,1960,9999.99977648258
Bulgaria,BGR,2025,
Bulgaria,BGR,2024,
Bulgaria,BGR,2023,
Bulgaria,BGR,2022,
Bulgaria,BGR,2021,
Bulgaria,BGR,2020,
Bulgaria,BGR,2019,
Bulgaria,BGR,2018,
Bulgaria,BGR,2017,
Bulgaria,BGR,2016,
Bulgaria,BGR,2015,
Bulgaria,BGR,2014,
Bulgaria,BGR,2013,
Bulgaria,BGR,2012,
Bulgaria,BGR,2011,
Bulgaria,BGR,2010,
Bulgaria,BGR,2009,
Bulgaria,BGR,2008,
Bulgaria,BGR,2007,
Bulgaria,BGR,2006,
Bulgaria,BGR,2005,
Bulgaria,BGR,2004,618369995.117188
Bulgaria,BGR,2003,419410003.662109
Bulgaria,BGR,2002,326809997.558594
Bulgaria,BGR,2001,345950012.207031
Bulgaria,BGR,2000,307140014.648438
Bulgaria,BGR,1999,266559997.558594
Bulgaria,BGR,1998,238800003.051758
Bulgaria,BGR,1997,219470001.220703
Bulgaria,BGR,1996,180020004.272461
Bulgaria,BGR,1995,113069999.694824
Bulgaria,BGR,1994,157339996.337891
Bulgaria,BGR,1993,114650001.525879
Bulgaria,BGR,1992,147509994.506836
Bulgaria,BGR,1991,315679992.675781
Bulgaria,BGR,1990,13619999.8855591
Bulgaria,BGR,1989,
Bulgaria,BGR,1988,
Bulgaria,BGR,1987,
Bulgaria,BGR,1986,
Bulgaria,BGR,1985,
Bulgaria,BGR,1984,
Bulgaria,BGR,1983,
Bulgaria,BGR,1982,
Bulgaria,BGR,1981,
Bulgaria,BGR,1980,
Bulgaria,BGR,1979,
Bulgaria,BGR,1978,
Bulgaria,BGR,1977,
Bulgaria,BGR,1976,
Bulgaria,BGR,1975,
Bulgaria,BGR,1974,
Bulgaria,BGR,1973,
Bulgaria,BGR,1972,
Bulgaria,BGR,1971,
Bulgaria,BGR,1970,
Bulgaria,BGR,1969,
Bulgaria,BGR,1968,
Bulgaria,BGR,1967,
Bulgaria,BGR,1966,
Bulgaria,BGR,1965,
Bulgaria,BGR,1964,
Bulgaria,BGR,1963,
Bulgaria,BGR,1962,
Bulgaria,BGR,1961,
Bulgaria,BGR,1960,
Burkina Faso,BFA,2025,
Burkina Faso,BFA,2024,
Burkina Faso,BFA,2023,1436421997.07031
Burkina Faso,BFA,2022,1392364990.23438
Burkina Faso,BFA,2021,1611648925.78125
Burkina Faso,BFA,2020,1732347412.10938
Burkina Faso,BFA,2019,1108672241.21094
Burkina Faso,BFA,2018,1187555664.0625
Burkina Faso,BFA,2017,892151123.046875
Burkina Faso,BFA,2016,1029480468.75
Burkina Faso,BFA,2015,998385070.800781
Burkina Faso,BFA,2014,1123362792.96875
Burkina Faso,BFA,2013,1045078125.0
Burkina Faso,BFA,2012,1152317382.8125
Burkina Faso,BFA,2011,981979125.976563
Burkina Faso,BFA,2010,845799987.792969
Burkina Faso,BFA,2009,1083702880.85938
Burkina Faso,BFA,2008,1000375305.17578
Burkina Faso,BFA,2007,942715942.382813
Burkina Faso,BFA,2006,900548339.84375
Burkina Faso,BFA,2005,698193969.726563
Burkina Faso,BFA,2004,647383972.167969
Burkina Faso,BFA,2003,540838989.257813
Burkina Faso,BFA,2002,440271697.998047
Burkina Faso,BFA,2001,390936706.542969
Burkina Faso,BFA,2000,179784667.96875
Burkina Faso,BFA,1999,398759582.519531
Burkina Faso,BFA,1998,400119598.388672
Burkina Faso,BFA,1997,369114929.199219
Burkina Faso,BFA,1996,419239990.234375
Burkina Faso,BFA,1995,490450012.207031
Burkina Faso,BFA,1994,433100006.103516
Burkina Faso,BFA,1993,468989990.234375
Burkina Faso,BFA,1992,433380004.882813
Burkina Faso,BFA,1991,419649993.896484
Burkina Faso,BFA,1990,326529998.779297
Burkina Faso,BFA,1989,265279998.779297
Burkina Faso,BFA,1988,286779998.779297
Burkina Faso,BFA,1987,268179992.675781
Burkina Faso,BFA,1986,268910003.662109
Burkina Faso,BFA,1985,188490005.493164
Burkina Faso,BFA,1984,182979995.727539
Burkina Faso,BFA,1983,181139999.389648
Burkina Faso,BFA,1982,210190002.441406
Burkina Faso,BFA,1981,214830001.831055
Burkina Faso,BFA,1980,209960006.713867
Burkina Faso,BFA,1979,196160003.662109
Burkina Faso,BFA,1978,156880004.882813
Burkina Faso,BFA,1977,109069999.694824
Burkina Faso,BFA,1976,79870002.746582
Burkina Faso,BFA,1975,88500000.0
Burkina Faso,BFA,1974,96319999.6948242
Burkina Faso,BFA,1973,56900001.5258789
Burkina Faso,BFA,1972,34319999.6948242
Burkina Faso,BFA,1971,28790000.9155273
Burkina Faso,BFA,1970,21989999.7711182
Burkina Faso,BFA,1969,24000000.0
Burkina Faso,BFA,1968,22809999.4659424
Burkina Faso,BFA,1967,19620000.8392334
Burkina Faso,BFA,1966,16860000.6103516
Burkina Faso,BFA,1965,17270000.4577637
Burkina Faso,BFA,1964,15399999.6185303
Burkina Faso,BFA,1963,4139999.8664856
Burkina Faso,BFA,1962,4429999.82833862
Burkina Faso,BFA,1961,1350000.02384186
Burkina Faso,BFA,1960,200000.002980232
Burundi,BDI,2025,
Burundi,BDI,2024,
Burundi,BDI,2023,621667724.609375
Burundi,BDI,2022,574596252.441406
Burundi,BDI,2021,609902648.925781
Burundi,BDI,2020,482453460.693359
Burundi,BDI,2019,555532897.949219
Burundi,BDI,2018,451423461.914063
Burundi,BDI,2017,435817657.470703
Burundi,BDI,2016,742641845.703125
Burundi,BDI,2015,366918670.654297
Burundi,BDI,2014,515401428.222656
Burundi,BDI,2013,558831970.214844
Burundi,BDI,2012,524169494.628906
Burundi,BDI,2011,572244445.800781
Burundi,BDI,2010,519950012.207031
Burundi,BDI,2009,575745788.574219
Burundi,BDI,2008,520431335.449219
Burundi,BDI,2007,504552520.751953
Burundi,BDI,2006,432023345.947266
Burundi,BDI,2005,365577026.367188
Burundi,BDI,2004,358824523.925781
Burundi,BDI,2003,227596374.511719
Burundi,BDI,2002,171906356.811523
Burundi,BDI,2001,139246490.478516
Burundi,BDI,2000,93306831.3598633
Burundi,BDI,1999,75103134.1552734
Burundi,BDI,1998,68750000.0
Burundi,BDI,1997,56400001.5258789
Burundi,BDI,1996,110519996.643066
Burundi,BDI,1995,286950012.207031
Burundi,BDI,1994,311109985.351563
Burundi,BDI,1993,216949996.948242
Burundi,BDI,1992,309279998.779297
Burundi,BDI,1991,256399993.896484
Burundi,BDI,1990,262549987.792969
Burundi,BDI,1989,206240005.493164
Burundi,BDI,1988,200500000.0
Burundi,BDI,1987,196619995.117188
Burundi,BDI,1986,191309997.558594
Burundi,BDI,1985,137160003.662109
Burundi,BDI,1984,137669998.168945
Burundi,BDI,1983,137610000.610352
Burundi,BDI,1982,125400001.525879
Burundi,BDI,1981,120650001.525879
Burundi,BDI,1980,115949996.948242
Burundi,BDI,1979,94339996.3378906
Burundi,BDI,1978,73910003.6621094
Burundi,BDI,1977,47639999.3896484
Burundi,BDI,1976,43799999.2370605
Burundi,BDI,1975,47470001.2207031
Burundi,BDI,1974,37349998.4741211
Burundi,BDI,1973,26860000.6103516
Burundi,BDI,1972,25760000.2288818
Burundi,BDI,1971,21680000.3051758
Burundi,BDI,1970,17670000.0762939
Burundi,BDI,1969,14930000.3051758
Burundi,BDI,1968,12970000.2670288
Burundi,BDI,1967,10409999.8474121
Burundi,BDI,1966,8930000.30517578
Burundi,BDI,1965,4860000.1335144
Burundi,BDI,1964,8090000.15258789
Burundi,BDI,1963,6159999.84741211
Burundi,BDI,1962,11069999.6948242
Burundi,BDI,1961,7190000.05722046
Burundi,BDI,1960,7530000.20980835
Cabo Verde,CPV,2025,
Cabo Verde,CPV,2024,
Cabo Verde,CPV,2023,101708351.135254
Cabo Verde,CPV,2022,83917076.1108398
Cabo Verde,CPV,2021,146456222.53418
Cabo Verde,CPV,2020,159277160.644531
Cabo Verde,CPV,2019,152924453.735352
Cabo Verde,CPV,2018,84276107.7880859
Cabo Verde,CPV,2017,123005393.981934
Cabo Verde,CPV,2016,115243041.992188
Cabo Verde,CPV,2015,153245040.893555
Cabo Verde,CPV,2014,231390594.482422
Cabo Verde,CPV,2013,245159530.639648
Cabo Verde,CPV,2012,245638946.533203
Cabo Verde,CPV,2011,251367980.957031
Cabo Verde,CPV,2010,304769989.013672
Cabo Verde,CPV,2009,196767211.914063
Cabo Verde,CPV,2008,221881729.125977
Cabo Verde,CPV,2007,166050018.310547
Cabo Verde,CPV,2006,139111480.712891
Cabo Verde,CPV,2005,162865447.998047
Cabo Verde,CPV,2004,143783782.958984
Cabo Verde,CPV,2003,145333114.624023
Cabo Verde,CPV,2002,92500000.0
Cabo Verde,CPV,2001,78059997.5585938
Cabo Verde,CPV,2000,94654670.715332
Cabo Verde,CPV,1999,136970489.501953
Cabo Verde,CPV,1998,129770477.294922
Cabo Verde,CPV,1997,111005813.598633
Cabo Verde,CPV,1996,116459999.084473
Cabo Verde,CPV,1995,115730003.356934
Cabo Verde,CPV,1994,119669998.168945
Cabo Verde,CPV,1993,114959999.084473
Cabo Verde,CPV,1992,116480003.356934
Cabo Verde,CPV,1991,102000000.0
Cabo Verde,CPV,1990,105279998.779297
Cabo Verde,CPV,1989,82980003.3569336
Cabo Verde,CPV,1988,82389999.3896484
Cabo Verde,CPV,1987,84459999.0844727
Cabo Verde,CPV,1986,104080001.831055
Cabo Verde,CPV,1985,64309997.5585938
Cabo Verde,CPV,1984,60599998.4741211
Cabo Verde,CPV,1983,56189998.626709
Cabo Verde,CPV,1982,51389999.3896484
Cabo Verde,CPV,1981,48689998.626709
Cabo Verde,CPV,1980,61840000.1525879
Cabo Verde,CPV,1979,32479999.5422363
Cabo Verde,CPV,1978,35060001.373291
Cabo Verde,CPV,1977,26059999.4659424
Cabo Verde,CPV,1976,23969999.3133545
Cabo Verde,CPV,1975,8649999.61853027
Cabo Verde,CPV,1974,
Cabo Verde,CPV,1973,
Cabo Verde,CPV,1972,
Cabo Verde,CPV,1971,
Cabo Verde,CPV,1970,
Cabo Verde,CPV,1969,9999.99977648258
Cabo Verde,CPV,1968,
Cabo Verde,CPV,1967,709999.978542328
Cabo Verde,CPV,1966,2410000.08583069
Cabo Verde,CPV,1965,
Cabo Verde,CPV,1964,
Cabo Verde,CPV,1963,
Cabo Verde,CPV,1962,
Cabo Verde,CPV,1961,2720000.02861023
Cabo Verde,CPV,1960,
Cambodia,KHM,2025,
Cambodia,KHM,2024,
Cambodia,KHM,2023,1581260620.11719
Cambodia,KHM,2022,1548953002.92969
Cambodia,KHM,2021,1368320312.5
Cambodia,KHM,2020,1374943725.58594
Cambodia,KHM,2019,967530273.4375
Cambodia,KHM,2018,783395629.882813
Cambodia,KHM,2017,856264343.261719
Cambodia,KHM,2016,728448791.503906
Cambodia,KHM,2015,679035156.25
Cambodia,KHM,2014,802680908.203125
Cambodia,KHM,2013,808205749.511719
Cambodia,KHM,2012,807691467.285156
Cambodia,KHM,2011,691953857.421875
Cambodia,KHM,2010,644969970.703125
Cambodia,KHM,2009,637930053.710938
Cambodia,KHM,2008,612555847.167969
Cambodia,KHM,2007,636170104.980469
Cambodia,KHM,2006,476352661.132813
Cambodia,KHM,2005,452895416.259766
Cambodia,KHM,2004,407021209.716797
Cambodia,KHM,2003,443156188.964844
Cambodia,KHM,2002,407285430.908203
Cambodia,KHM,2001,367000000.0
Cambodia,KHM,2000,345556671.142578
Cambodia,KHM,1999,251285156.25
Cambodia,KHM,1998,308335174.560547
Cambodia,KHM,1997,324698486.328125
Cambodia,KHM,1996,384470001.220703
Cambodia,KHM,1995,505579986.572266
Cambodia,KHM,1994,296989990.234375
Cambodia,KHM,1993,294529998.779297
Cambodia,KHM,1992,194520004.272461
Cambodia,KHM,1991,89709999.0844727
Cambodia,KHM,1990,41310001.373291
Cambodia,KHM,1989,24719999.3133545
Cambodia,KHM,1988,20270000.4577637
Cambodia,KHM,1987,16620000.8392334
Cambodia,KHM,1986,15310000.4196167
Cambodia,KHM,1985,13840000.1525879
Cambodia,KHM,1984,21809999.4659424
Cambodia,KHM,1983,39029998.7792969
Cambodia,KHM,1982,35889999.3896484
Cambodia,KHM,1981,112449996.948242
Cambodia,KHM,1980,268670013.427734
Cambodia,KHM,1979,107989997.86377
Cambodia,KHM,1978,270000.010728836
Cambodia,KHM,1977,300000.011920929
Cambodia,KHM,1976,720000.028610229
Cambodia,KHM,1975,81239997.8637695
Cambodia,KHM,1974,307660003.662109
Cambodia,KHM,1973,145679992.675781
Cambodia,KHM,1972,67150001.5258789
Cambodia,KHM,1971,40240001.6784668
Cambodia,KHM,1970,18829999.9237061
Cambodia,KHM,1969,12699999.8092651
Cambodia,KHM,1968,10229999.5422363
Cambodia,KHM,1967,13939999.5803833
Cambodia,KHM,1966,11680000.3051758
Cambodia,KHM,1965,9729999.54223633
Cambodia,KHM,1964,12710000.038147
Cambodia,KHM,1963,23750000.0
Cambodia,KHM,1962,22159999.8474121
Cambodia,KHM,1961,25170000.0762939
Cambodia,KHM,1960,27290000.9155273
Cameroon,CMR,2025,
Cameroon,CMR,2024,
Cameroon,CMR,2023,940268859.863281
Cameroon,CMR,2022,1187023071.28906
Cameroon,CMR,2021,1142313232.42188
Cameroon,CMR,2020,1402096435.54688
Cameroon,CMR,2019,1298908203.125
Cameroon,CMR,2018,1165349975.58594
Cameroon,CMR,2017,1216801269.53125
Cameroon,CMR,2016,756594604.492188
Cameroon,CMR,2015,664156372.070313
Cameroon,CMR,2014,856123474.121094
Cameroon,CMR,2013,751959777.832031
Cameroon,CMR,2012,597157897.949219
Cameroon,CMR,2011,612082641.601563
Cameroon,CMR,2010,455019989.013672
Cameroon,CMR,2009,643790344.238281
Cameroon,CMR,2008,551791992.1875
Cameroon,CMR,2007,1939899414.0625
Cameroon,CMR,2006,1716241943.35938
Cameroon,CMR,2005,416542144.775391
Cameroon,CMR,2004,780734985.351563
Cameroon,CMR,2003,885625000.0
Cameroon,CMR,2002,605735351.5625
Cameroon,CMR,2001,458093322.753906
Cameroon,CMR,2000,377156005.859375
Cameroon,CMR,1999,434482666.015625
Cameroon,CMR,1998,498694671.630859
Cameroon,CMR,1997,500062011.71875
Cameroon,CMR,1996,411381988.525391
Cameroon,CMR,1995,443992004.394531
Cameroon,CMR,1994,731408996.582031
Cameroon,CMR,1993,543719970.703125
Cameroon,CMR,1992,714780029.296875
Cameroon,CMR,1991,516260009.765625
Cameroon,CMR,1990,444380004.882813
Cameroon,CMR,1989,452649993.896484
Cameroon,CMR,1988,275630004.882813
Cameroon,CMR,1987,203119995.117188
Cameroon,CMR,1986,216490005.493164
Cameroon,CMR,1985,152479995.727539
Cameroon,CMR,1984,182990005.493164
Cameroon,CMR,1983,127660003.662109
Cameroon,CMR,1982,211979995.727539
Cameroon,CMR,1981,198270004.272461
Cameroon,CMR,1980,264760009.765625
Cameroon,CMR,1979,276820007.324219
Cameroon,CMR,1978,179619995.117188
Cameroon,CMR,1977,179429992.675781
Cameroon,CMR,1976,135059997.558594
Cameroon,CMR,1975,109620002.746582
Cameroon,CMR,1974,61889999.3896484
Cameroon,CMR,1973,60880001.0681152
Cameroon,CMR,1972,62860000.6103516
Cameroon,CMR,1971,48189998.626709
Cameroon,CMR,1970,59270000.4577637
Cameroon,CMR,1969,37549999.2370605
Cameroon,CMR,1968,47860000.6103516
Cameroon,CMR,1967,37860000.6103516
Cameroon,CMR,1966,48590000.1525879
Cameroon,CMR,1965,32279998.7792969
Cameroon,CMR,1964,27760000.2288818
Cameroon,CMR,1963,8899999.61853027
Cameroon,CMR,1962,9449999.80926514
Cameroon,CMR,1961,7119999.88555908
Cameroon,CMR,1960,379999.995231628
Canada,CAN,2025,
Canada,CAN,2024,
Canada,CAN,2023,
Canada,CAN,2022,
Canada,CAN,2021,
Canada,CAN,2020,
Canada,CAN,2019,
Canada,CAN,2018,
Canada,CAN,2017,
Canada,CAN,2016,
Canada,CAN,2015,
Canada,CAN,2014,
Canada,CAN,2013,
Canada,CAN,2012,
Canada,CAN,2011,
Canada,CAN,2010,
Canada,CAN,2009,
Canada,CAN,2008,
Canada,CAN,2007,
Canada,CAN,2006,
Canada,CAN,2005,
Canada,CAN,2004,
Canada,CAN,2003,
Canada,CAN,2002,
Canada,CAN,2001,
Canada,CAN,2000,
Canada,CAN,1999,
Canada,CAN,1998,
Canada,CAN,1997,
Canada,CAN,1996,
Canada,CAN,1995,
Canada,CAN,1994,
Canada,CAN,1993,
Canada,CAN,1992,
Canada,CAN,1991,
Canada,CAN,1990,
Canada,CAN,1989,
Canada,CAN,1988,
Canada,CAN,1987,
Canada,CAN,1986,
Canada,CAN,1985,
Canada,CAN,1984,
Canada,CAN,1983,
Canada,CAN,1982,
Canada,CAN,1981,
Canada,CAN,1980,
Canada,CAN,1979,
Canada,CAN,1978,
Canada,CAN,1977,
Canada,CAN,1976,
Canada,CAN,1975,
Canada,CAN,1974,
Canada,CAN,1973,
Canada,CAN,1972,
Canada,CAN,1971,
Canada,CAN,1970,
Canada,CAN,1969,
Canada,CAN,1968,
Canada,CAN,1967,
Canada,CAN,1966,
Canada,CAN,1965,
Canada,CAN,1964,
Canada,CAN,1963,
Canada,CAN,1962,
Canada,CAN,1961,
Canada,CAN,1960,
Cayman Islands,CYM,2025,
Cayman Islands,CYM,2024,
Cayman Islands,CYM,2023,
Cayman Islands,CYM,2022,
Cayman Islands,CYM,2021,
Cayman Islands,CYM,2020,
Cayman Islands,CYM,2019,
Cayman Islands,CYM,2018,
Cayman Islands,CYM,2017,
Cayman Islands,CYM,2016,
Cayman Islands,CYM,2015,
Cayman Islands,CYM,2014,
Cayman Islands,CYM,2013,
Cayman Islands,CYM,2012,
Cayman Islands,CYM,2011,
Cayman Islands,CYM,2010,
Cayman Islands,CYM,2009,
Cayman Islands,CYM,2008,
Cayman Islands,CYM,2007,
Cayman Islands,CYM,2006,
Cayman Islands,CYM,2005,
Cayman Islands,CYM,2004,
Cayman Islands,CYM,2003,
Cayman Islands,CYM,2002,
Cayman Islands,CYM,2001,
Cayman Islands,CYM,2000,
Cayman Islands,CYM,1999,
Cayman Islands,CYM,1998,
Cayman Islands,CYM,1997,
Cayman Islands,CYM,1996,-2029999.97138977
Cayman Islands,CYM,1995,-569999.992847443
Cayman Islands,CYM,1994,-1019999.98092651
Cayman Islands,CYM,1993,-460000.00834465
Cayman Islands,CYM,1992,0.0
Cayman Islands,CYM,1991,-289999.99165535
Cayman Islands,CYM,1990,2990000.00953674
Cayman Islands,CYM,1989,1230000.01907349
Cayman Islands,CYM,1988,12090000.1525879
Cayman Islands,CYM,1987,2190000.05722046
Cayman Islands,CYM,1986,1970000.02861023
Cayman Islands,CYM,1985,70000.0002980232
Cayman Islands,CYM,1984,349999.994039536
Cayman Islands,CYM,1983,379999.995231628
Cayman Islands,CYM,1982,569999.992847443
Cayman Islands,CYM,1981,990000.009536743
Cayman Islands,CYM,1980,1490000.00953674
Cayman Islands,CYM,1979,740000.009536743
Cayman Islands,CYM,1978,3240000.00953674
Cayman Islands,CYM,1977,1490000.00953674
Cayman Islands,CYM,1976,2099999.90463257
Cayman Islands,CYM,1975,1590000.0333786
Cayman Islands,CYM,1974,1679999.94754791
Cayman Islands,CYM,1973,
Cayman Islands,CYM,1972,
Cayman Islands,CYM,1971,
Cayman Islands,CYM,1970,
Cayman Islands,CYM,1969,
Cayman Islands,CYM,1968,
Cayman Islands,CYM,1967,
Cayman Islands,CYM,1966,
Cayman Islands,CYM,1965,
Cayman Islands,CYM,1964,
Cayman Islands,CYM,1963,
Cayman Islands,CYM,1962,
Cayman Islands,CYM,1961,
Cayman Islands,CYM,1960,
Central African Republic,CAF,2025,
Central African Republic,CAF,2024,
Central African Republic,CAF,2023,737595642.089844
Central African Republic,CAF,2022,683818237.304688
Central African Republic,CAF,2021,660260131.835938
Central African Republic,CAF,2020,833897827.148438
Central African Republic,CAF,2019,677426879.882813
Central African Republic,CAF,2018,641049621.582031
Central African Republic,CAF,2017,511977661.132813
Central African Republic,CAF,2016,506760589.599609
Central African Republic,CAF,2015,486916320.800781
Central African Republic,CAF,2014,610999206.542969
Central African Republic,CAF,2013,202817337.036133
Central African Republic,CAF,2012,228022979.736328
Central African Republic,CAF,2011,268772399.902344
Central African Republic,CAF,2010,243050003.051758
Central African Republic,CAF,2009,241139984.130859
Central African Republic,CAF,2008,260369384.765625
Central African Republic,CAF,2007,180008178.710938
Central African Republic,CAF,2006,133588333.129883
Central African Republic,CAF,2005,88966667.175293
Central African Republic,CAF,2004,110056335.449219
Central African Republic,CAF,2003,51500000.0
Central African Republic,CAF,2002,60014533.996582
Central African Republic,CAF,2001,76214866.6381836
Central African Republic,CAF,2000,75901199.3408203
Central African Republic,CAF,1999,118761566.162109
Central African Republic,CAF,1998,120621566.772461
Central African Republic,CAF,1997,91554901.1230469
Central African Republic,CAF,1996,169130004.882813
Central African Republic,CAF,1995,167779998.779297
Central African Republic,CAF,1994,167559997.558594
Central African Republic,CAF,1993,171740005.493164
Central African Republic,CAF,1992,177649993.896484
Central African Republic,CAF,1991,173440002.441406
Central African Republic,CAF,1990,248889999.389648
Central African Republic,CAF,1989,188759994.506836
Central African Republic,CAF,1988,204690002.441406
Central African Republic,CAF,1987,180009994.506836
Central African Republic,CAF,1986,135139999.389648
Central African Republic,CAF,1985,103849998.474121
Central African Republic,CAF,1984,131690002.441406
Central African Republic,CAF,1983,92360000.6103516
Central African Republic,CAF,1982,89459999.0844727
Central African Republic,CAF,1981,101199996.948242
Central African Republic,CAF,1980,110120002.746582
Central African Republic,CAF,1979,83360000.6103516
Central African Republic,CAF,1978,50950000.7629395
Central African Republic,CAF,1977,44889999.3896484
Central African Republic,CAF,1976,38689998.626709
Central African Republic,CAF,1975,54750000.0
Central African Republic,CAF,1974,36580001.8310547
Central African Republic,CAF,1973,25600000.3814697
Central African Republic,CAF,1972,25649999.6185303
Central African Republic,CAF,1971,15550000.1907349
Central African Republic,CAF,1970,14380000.1144409
Central African Republic,CAF,1969,19809999.4659424
Central African Republic,CAF,1968,17290000.9155273
Central African Republic,CAF,1967,20569999.6948242
Central African Republic,CAF,1966,15659999.8474121
Central African Republic,CAF,1965,15779999.7329712
Central African Republic,CAF,1964,16790000.9155273
Central African Republic,CAF,1963,1980000.01907349
Central African Republic,CAF,1962,1139999.98569489
Central African Republic,CAF,1961,419999.986886978
Central African Republic,CAF,1960,29999.9993294477
Chad,TCD,2025,
Chad,TCD,2024,
Chad,TCD,2023,1137950195.3125
Chad,TCD,2022,702319335.9375
Chad,TCD,2021,732160888.671875
Chad,TCD,2020,1039181396.48438
Chad,TCD,2019,643311645.507813
Chad,TCD,2018,875297180.175781
Chad,TCD,2017,648980590.820313
Chad,TCD,2016,624455627.441406
Chad,TCD,2015,606473693.847656
Chad,TCD,2014,391930053.710938
Chad,TCD,2013,459341888.427734
Chad,TCD,2012,475134826.660156
Chad,TCD,2011,457660369.873047
Chad,TCD,2010,494339996.337891
Chad,TCD,2009,558334594.726563
Chad,TCD,2008,441812927.246094
Chad,TCD,2007,367979187.011719
Chad,TCD,2006,290725677.490234
Chad,TCD,2005,386437347.412109
Chad,TCD,2004,332082672.119141
Chad,TCD,2003,251987670.898438
Chad,TCD,2002,229247802.734375
Chad,TCD,2001,188598129.272461
Chad,TCD,2000,131328125.0
Chad,TCD,1999,187927383.422852
Chad,TCD,1998,174442718.505859
Chad,TCD,1997,227957717.895508
Chad,TCD,1996,295779998.779297
Chad,TCD,1995,235020004.272461
Chad,TCD,1994,212289993.286133
Chad,TCD,1993,223470001.220703
Chad,TCD,1992,236699996.948242
Chad,TCD,1991,262309997.558594
Chad,TCD,1990,310579986.572266
Chad,TCD,1989,250570007.324219
Chad,TCD,1988,260690002.441406
Chad,TCD,1987,201789993.286133
Chad,TCD,1986,160309997.558594
Chad,TCD,1985,179050003.051758
Chad,TCD,1984,111410003.662109
Chad,TCD,1983,87430000.3051758
Chad,TCD,1982,64150001.5258789
Chad,TCD,1981,59560001.373291
Chad,TCD,1980,34990001.6784668
Chad,TCD,1979,84739997.8637695
Chad,TCD,1978,123150001.525879
Chad,TCD,1977,81599998.4741211
Chad,TCD,1976,60880001.0681152
Chad,TCD,1975,66730003.3569336
Chad,TCD,1974,78480003.3569336
Chad,TCD,1973,45279998.7792969
Chad,TCD,1972,30790000.9155273
Chad,TCD,1971,30409999.8474121
Chad,TCD,1970,22350000.3814697
Chad,TCD,1969,23750000.0
Chad,TCD,1968,21719999.3133545
Chad,TCD,1967,19829999.9237061
Chad,TCD,1966,19010000.2288818
Chad,TCD,1965,18270000.4577637
Chad,TCD,1964,16549999.2370605
Chad,TCD,1963,5559999.94277954
Chad,TCD,1962,5519999.98092651
Chad,TCD,1961,3259999.99046326
Chad,TCD,1960,29999.9993294477
Channel Islands,CHI,2025,
Channel Islands,CHI,2024,
Channel Islands,CHI,2023,
Channel Islands,CHI,2022,
Channel Islands,CHI,2021,
Channel Islands,CHI,2020,
Channel Islands,CHI,2019,
Channel Islands,CHI,2018,
Channel Islands,CHI,2017,
Channel Islands,CHI,2016,
Channel Islands,CHI,2015,
Channel Islands,CHI,2014,
Channel Islands,CHI,2013,
Channel Islands,CHI,2012,
Channel Islands,CHI,2011,
Channel Islands,CHI,2010,
Channel Islands,CHI,2009,
Channel Islands,CHI,2008,
Channel Islands,CHI,2007,
Channel Islands,CHI,2006,
Channel Islands,CHI,2005,
Channel Islands,CHI,2004,
Channel Islands,CHI,2003,
Channel Islands,CHI,2002,
Channel Islands,CHI,2001,
Channel Islands,CHI,2000,
Channel Islands,CHI,1999,
Channel Islands,CHI,1998,
Channel Islands,CHI,1997,
Channel Islands,CHI,1996,
Channel Islands,CHI,1995,
Channel Islands,CHI,1994,
Channel Islands,CHI,1993,
Channel Islands,CHI,1992,
Channel Islands,CHI,1991,
Channel Islands,CHI,1990,
Channel Islands,CHI,1989,
Channel Islands,CHI,1988,
Channel Islands,CHI,1987,
Channel Islands,CHI,1986,
Channel Islands,CHI,1985,
Channel Islands,CHI,1984,
Channel Islands,CHI,1983,
Channel Islands,CHI,1982,
Channel Islands,CHI,1981,
Channel Islands,CHI,1980,
Channel Islands,CHI,1979,
Channel Islands,CHI,1978,
Channel Islands,CHI,1977,
Channel Islands,CHI,1976,
Channel Islands,CHI,1975,
Channel Islands,CHI,1974,
Channel Islands,CHI,1973,
Channel Islands,CHI,1972,
Channel Islands,CHI,1971,
Channel Islands,CHI,1970,
Channel Islands,CHI,1969,
Channel Islands,CHI,1968,
Channel Islands,CHI,1967,
Channel Islands,CHI,1966,
Channel Islands,CHI,1965,
Channel Islands,CHI,1964,
Channel Islands,CHI,1963,
Channel Islands,CHI,1962,
Channel Islands,CHI,1961,
Channel Islands,CHI,1960,
Chile,CHL,2025,
Chile,CHL,2024,
Chile,CHL,2023,
Chile,CHL,2022,
Chile,CHL,2021,
Chile,CHL,2020,
Chile,CHL,2019,
Chile,CHL,2018,
Chile,CHL,2017,70305366.5161133
Chile,CHL,2016,178439346.313477
Chile,CHL,2015,54329479.2175293
Chile,CHL,2014,245578552.246094
Chile,CHL,2013,80556152.34375
Chile,CHL,2012,128081344.604492
Chile,CHL,2011,161195037.841797
Chile,CHL,2010,179580001.831055
Chile,CHL,2009,75960556.0302734
Chile,CHL,2008,102935646.057129
Chile,CHL,2007,106264472.961426
Chile,CHL,2006,98885978.6987305
Chile,CHL,2005,170747985.839844
Chile,CHL,2004,54106151.5808105
Chile,CHL,2003,80327888.4887695
Chile,CHL,2002,-7071642.87567139
Chile,CHL,2001,55861755.3710938
Chile,CHL,2000,50540466.3085938
Chile,CHL,1999,71176666.2597656
Chile,CHL,1998,107556663.513184
Chile,CHL,1997,130726669.311523
Chile,CHL,1996,196600006.103516
Chile,CHL,1995,160740005.493164
Chile,CHL,1994,155199996.948242
Chile,CHL,1993,178720001.220703
Chile,CHL,1992,136619995.117188
Chile,CHL,1991,124980003.356934
Chile,CHL,1990,109139999.389648
Chile,CHL,1989,68720001.2207031
Chile,CHL,1988,51930000.3051758
Chile,CHL,1987,28879999.1607666
Chile,CHL,1986,3730000.01907349
Chile,CHL,1985,49369998.9318848
Chile,CHL,1984,11550000.1907349
Chile,CHL,1983,8529999.73297119
Chile,CHL,1982,-819999.992847443
Chile,CHL,1981,550000.011920929
Chile,CHL,1980,-7550000.19073486
Chile,CHL,1979,-29889999.3896484
Chile,CHL,1978,3759999.99046326
Chile,CHL,1977,10720000.2670288
Chile,CHL,1976,10420000.0762939
Chile,CHL,1975,113089996.337891
Chile,CHL,1974,15180000.3051758
Chile,CHL,1973,39779998.7792969
Chile,CHL,1972,38110000.6103516
Chile,CHL,1971,27379999.1607666
Chile,CHL,1970,56669998.1689453
Chile,CHL,1969,74620002.746582
Chile,CHL,1968,75860000.6103516
Chile,CHL,1967,92919998.1689453
Chile,CHL,1966,123470001.220703
Chile,CHL,1965,105580001.831055
Chile,CHL,1964,111489997.86377
Chile,CHL,1963,132250000.0
Chile,CHL,1962,134910003.662109
Chile,CHL,1961,123830001.831055
Chile,CHL,1960,17260000.2288818
China,CHN,2025,
China,CHN,2024,
China,CHN,2023,-267158996.582031
China,CHN,2022,-280478118.896484
China,CHN,2021,-561917724.609375
China,CHN,2020,-570617065.429688
China,CHN,2019,-607008422.851563
China,CHN,2018,-705271057.128906
China,CHN,2017,-989944335.9375
China,CHN,2016,-791432739.257813
China,CHN,2015,-306290496.826172
China,CHN,2014,-947074340.820313
China,CHN,2013,-656546569.824219
China,CHN,2012,-180530044.555664
China,CHN,2011,-603609619.140625
China,CHN,2010,957669982.910156
China,CHN,2009,1141387207.03125
China,CHN,2008,1305544311.52344
China,CHN,2007,1453223388.67188
China,CHN,2006,1268520996.09375
China,CHN,2005,1798337280.27344
China,CHN,2004,1709954345.70313
China,CHN,2003,1361546386.71875
China,CHN,2002,1511518554.6875
China,CHN,2001,1497657226.5625
China,CHN,2000,1749021362.30469
China,CHN,1999,2406997558.59375
China,CHN,1998,2456879638.67188
China,CHN,1997,2060834228.51563
China,CHN,1996,2655899902.34375
China,CHN,1995,3463699951.17188
China,CHN,1994,3132290039.0625
China,CHN,1993,3202379882.8125
China,CHN,1992,2988260009.76563
China,CHN,1991,1918750000.0
China,CHN,1990,2030599975.58594
China,CHN,1989,2067250000.0
China,CHN,1988,1916119995.11719
China,CHN,1987,1377290039.0625
China,CHN,1986,1095140014.64844
China,CHN,1985,938750000.0
China,CHN,1984,797479980.46875
China,CHN,1983,668799987.792969
China,CHN,1982,523380004.882813
China,CHN,1981,475899993.896484
China,CHN,1980,65500000.0
China,CHN,1979,16850000.3814697
China,CHN,1978,
China,CHN,1977,
China,CHN,1976,
China,CHN,1975,
China,CHN,1974,
China,CHN,1973,
China,CHN,1972,
China,CHN,1971,
China,CHN,1970,
China,CHN,1969,
China,CHN,1968,
China,CHN,1967,
China,CHN,1966,
China,CHN,1965,
China,CHN,1964,
China,CHN,1963,
China,CHN,1962,
China,CHN,1961,
China,CHN,1960,
Colombia,COL,2025,
Colombia,COL,2024,
Colombia,COL,2023,1031310791.01563
Colombia,COL,2022,1884557373.04688
Colombia,COL,2021,1918059448.24219
Colombia,COL,2020,1870366821.28906
Colombia,COL,2019,874643737.792969
Colombia,COL,2018,1780952026.36719
Colombia,COL,2017,850370117.1875
Colombia,COL,2016,1106493774.41406
Colombia,COL,2015,1355924438.47656
Colombia,COL,2014,1224172363.28125
Colombia,COL,2013,857478698.730469
Colombia,COL,2012,764224182.128906
Colombia,COL,2011,1013587524.41406
Colombia,COL,2010,663559997.558594
Colombia,COL,2009,1059278686.52344
Colombia,COL,2008,979293640.136719
Colombia,COL,2007,741773620.605469
Colombia,COL,2006,1004739990.23438
Colombia,COL,2005,643067443.847656
Colombia,COL,2004,536034057.617188
Colombia,COL,2003,815995727.539063
Colombia,COL,2002,458258331.298828
Colombia,COL,2001,399918334.960938
Colombia,COL,2000,202366668.701172
Colombia,COL,1999,318376007.080078
Colombia,COL,1998,179314331.054688
Colombia,COL,1997,190784332.275391
Colombia,COL,1996,195059997.558594
Colombia,COL,1995,181750000.0
Colombia,COL,1994,91959999.0844727
Colombia,COL,1993,106250000.0
Colombia,COL,1992,238710006.713867
Colombia,COL,1991,131369995.117188
Colombia,COL,1990,101050003.051758
Colombia,COL,1989,75160003.6621094
Colombia,COL,1988,79889999.3896484
Colombia,COL,1987,81819999.6948242
Colombia,COL,1986,50220001.2207031
Colombia,COL,1985,52520000.4577637
Colombia,COL,1984,49939998.626709
Colombia,COL,1983,43770000.4577637
Colombia,COL,1982,61759998.3215332
Colombia,COL,1981,53330001.8310547
Colombia,COL,1980,42259998.3215332
Colombia,COL,1979,39509998.3215332
Colombia,COL,1978,57569999.6948242
Colombia,COL,1977,40250000.0
Colombia,COL,1976,67870002.746582
Colombia,COL,1975,70529998.7792969
Colombia,COL,1974,87029998.7792969
Colombia,COL,1973,129220001.220703
Colombia,COL,1972,102739997.86377
Colombia,COL,1971,104099998.474121
Colombia,COL,1970,133229995.727539
Colombia,COL,1969,106339996.337891
Colombia,COL,1968,117519996.643066
Colombia,COL,1967,95309997.5585938
Colombia,COL,1966,83430000.3051758
Colombia,COL,1965,39799999.2370605
Colombia,COL,1964,42139999.3896484
Colombia,COL,1963,71099998.4741211
Colombia,COL,1962,48990001.6784668
Colombia,COL,1961,52490001.6784668
Colombia,COL,1960,-7179999.82833862
Comoros,COM,2025,
Comoros,COM,2024,
Comoros,COM,2023,166350936.889648
Comoros,COM,2022,138987289.428711
Comoros,COM,2021,156269882.202148
Comoros,COM,2020,133506927.490234
Comoros,COM,2019,74461158.7524414
Comoros,COM,2018,90929016.1132813
Comoros,COM,2017,67219032.2875977
Comoros,COM,2016,53743576.0498047
Comoros,COM,2015,65828567.5048828
Comoros,COM,2014,74949172.9736328
Comoros,COM,2013,81225486.7553711
Comoros,COM,2012,101614074.707031
Comoros,COM,2011,55348548.8891602
Comoros,COM,2010,47490001.6784668
Comoros,COM,2009,50783683.7768555
Comoros,COM,2008,42042602.5390625
Comoros,COM,2007,45047401.4282227
Comoros,COM,2006,32004734.0393066
Comoros,COM,2005,23141332.6263428
Comoros,COM,2004,25881332.3974609
Comoros,COM,2003,24606666.5649414
Comoros,COM,2002,27579999.9237061
Comoros,COM,2001,27667999.2675781
Comoros,COM,2000,19306400.2990723
Comoros,COM,1999,22090299.6063232
Comoros,COM,1998,40622299.1943359
Comoros,COM,1997,30202299.118042
Comoros,COM,1996,39198398.5900879
Comoros,COM,1995,41599998.4741211
Comoros,COM,1994,38700000.7629395
Comoros,COM,1993,48619998.9318848
Comoros,COM,1992,47869998.9318848
Comoros,COM,1991,63299999.2370605
Comoros,COM,1990,44880001.0681152
Comoros,COM,1989,44069999.6948242
Comoros,COM,1988,51220001.2207031
Comoros,COM,1987,54069999.6948242
Comoros,COM,1986,45930000.3051758
Comoros,COM,1985,47130001.0681152
Comoros,COM,1984,42680000.3051758
Comoros,COM,1983,37630001.0681152
Comoros,COM,1982,38069999.6948242
Comoros,COM,1981,46369998.9318848
Comoros,COM,1980,43250000.0
Comoros,COM,1979,19579999.9237061
Comoros,COM,1978,13439999.5803833
Comoros,COM,1977,12090000.1525879
Comoros,COM,1976,25260000.2288818
Comoros,COM,1975,21559999.4659424
Comoros,COM,1974,27340000.1525879
Comoros,COM,1973,17620000.8392334
Comoros,COM,1972,10210000.038147
Comoros,COM,1971,8819999.69482422
Comoros,COM,1970,7889999.8664856
Comoros,COM,1969,6360000.1335144
Comoros,COM,1968,7849999.90463257
Comoros,COM,1967,9699999.80926514
Comoros,COM,1966,6099999.90463257
Comoros,COM,1965,
Comoros,COM,1964,
Comoros,COM,1963,
Comoros,COM,1962,
Comoros,COM,1961,
Comoros,COM,1960,
"Congo, Dem. Rep.",COD,2025,
"Congo, Dem. Rep.",COD,2024,
"Congo, Dem. Rep.",COD,2023,4347290527.34375
"Congo, Dem. Rep.",COD,2022,3289713623.04688
"Congo, Dem. Rep.",COD,2021,3611549316.40625
"Congo, Dem. Rep.",COD,2020,3383688964.84375
"Congo, Dem. Rep.",COD,2019,2810390625.0
"Congo, Dem. Rep.",COD,2018,2513901855.46875
"Congo, Dem. Rep.",COD,2017,2292403076.17188
"Congo, Dem. Rep.",COD,2016,2102263916.01563
"Congo, Dem. Rep.",COD,2015,2599153808.59375
"Congo, Dem. Rep.",COD,2014,2400018554.6875
"Congo, Dem. Rep.",COD,2013,2584004150.39063
"Congo, Dem. Rep.",COD,2012,2846123535.15625
"Congo, Dem. Rep.",COD,2011,5526464355.46875
"Congo, Dem. Rep.",COD,2010,3179300048.82813
"Congo, Dem. Rep.",COD,2009,2362345947.26563
"Congo, Dem. Rep.",COD,2008,1766904663.08594
"Congo, Dem. Rep.",COD,2007,1348270507.8125
"Congo, Dem. Rep.",COD,2006,2197241699.21875
"Congo, Dem. Rep.",COD,2005,1881800048.82813
"Congo, Dem. Rep.",COD,2004,1919145263.67188
"Congo, Dem. Rep.",COD,2003,5417025390.625
"Congo, Dem. Rep.",COD,2002,1176166748.04688
"Congo, Dem. Rep.",COD,2001,246635726.928711
"Congo, Dem. Rep.",COD,2000,178435058.59375
"Congo, Dem. Rep.",COD,1999,135510589.599609
"Congo, Dem. Rep.",COD,1998,127021347.045898
"Congo, Dem. Rep.",COD,1997,157884857.177734
"Congo, Dem. Rep.",COD,1996,166159347.53418
"Congo, Dem. Rep.",COD,1995,194750000.0
"Congo, Dem. Rep.",COD,1994,244809997.558594
"Congo, Dem. Rep.",COD,1993,177820007.324219
"Congo, Dem. Rep.",COD,1992,268519989.013672
"Congo, Dem. Rep.",COD,1991,475279998.779297
"Congo, Dem. Rep.",COD,1990,895789978.027344
"Congo, Dem. Rep.",COD,1989,730109985.351563
"Congo, Dem. Rep.",COD,1988,551729980.46875
"Congo, Dem. Rep.",COD,1987,673729980.46875
"Congo, Dem. Rep.",COD,1986,421559997.558594
"Congo, Dem. Rep.",COD,1985,305359985.351563
"Congo, Dem. Rep.",COD,1984,300320007.324219
"Congo, Dem. Rep.",COD,1983,310299987.792969
"Congo, Dem. Rep.",COD,1982,346470001.220703
"Congo, Dem. Rep.",COD,1981,392149993.896484
"Congo, Dem. Rep.",COD,1980,431230010.986328
"Congo, Dem. Rep.",COD,1979,415359985.351563
"Congo, Dem. Rep.",COD,1978,315640014.648438
"Congo, Dem. Rep.",COD,1977,259600006.103516
"Congo, Dem. Rep.",COD,1976,193119995.117188
"Congo, Dem. Rep.",COD,1975,258079986.572266
"Congo, Dem. Rep.",COD,1974,180089996.337891
"Congo, Dem. Rep.",COD,1973,138919998.168945
"Congo, Dem. Rep.",COD,1972,121690002.441406
"Congo, Dem. Rep.",COD,1971,107269996.643066
"Congo, Dem. Rep.",COD,1970,89360000.6103516
"Congo, Dem. Rep.",COD,1969,83750000.0
"Congo, Dem. Rep.",COD,1968,76660003.6621094
"Congo, Dem. Rep.",COD,1967,93800003.0517578
"Congo, Dem. Rep.",COD,1966,93110000.6103516
"Congo, Dem. Rep.",COD,1965,142070007.324219
"Congo, Dem. Rep.",COD,1964,127019996.643066
"Congo, Dem. Rep.",COD,1963,111500000.0
"Congo, Dem. Rep.",COD,1962,120970001.220703
"Congo, Dem. Rep.",COD,1961,91160003.6621094
"Congo, Dem. Rep.",COD,1960,82089996.3378906
"Congo, Rep.",COG,2025,
"Congo, Rep.",COG,2024,
"Congo, Rep.",COG,2023,377500213.623047
"Congo, Rep.",COG,2022,704468933.105469
"Congo, Rep.",COG,2021,205558258.056641
"Congo, Rep.",COG,2020,217025772.094727
"Congo, Rep.",COG,2019,177544174.194336
"Congo, Rep.",COG,2018,146552825.927734
"Congo, Rep.",COG,2017,106943305.969238
"Congo, Rep.",COG,2016,86959259.0332031
"Congo, Rep.",COG,2015,88795524.597168
"Congo, Rep.",COG,2014,106184371.948242
"Congo, Rep.",COG,2013,150971420.288086
"Congo, Rep.",COG,2012,140134033.203125
"Congo, Rep.",COG,2011,261243072.509766
"Congo, Rep.",COG,2010,1293319946.28906
"Congo, Rep.",COG,2009,283970306.396484
"Congo, Rep.",COG,2008,486629364.013672
"Congo, Rep.",COG,2007,116316345.214844
"Congo, Rep.",COG,2006,258299987.792969
"Congo, Rep.",COG,2005,1425546630.85938
"Congo, Rep.",COG,2004,115808837.890625
"Congo, Rep.",COG,2003,69278839.1113281
"Congo, Rep.",COG,2002,57132171.6308594
"Congo, Rep.",COG,2001,73890983.581543
"Congo, Rep.",COG,2000,32150981.9030762
"Congo, Rep.",COG,1999,140543609.619141
"Congo, Rep.",COG,1998,64992622.3754883
"Congo, Rep.",COG,1997,268672607.421875
"Congo, Rep.",COG,1996,431290008.544922
"Congo, Rep.",COG,1995,126860000.610352
"Congo, Rep.",COG,1994,363850006.103516
"Congo, Rep.",COG,1993,124360000.610352
"Congo, Rep.",COG,1992,115001998.901367
"Congo, Rep.",COG,1991,133270004.272461
"Congo, Rep.",COG,1990,217160003.662109
"Congo, Rep.",COG,1989,90519996.6430664
"Congo, Rep.",COG,1988,86599998.4741211
"Congo, Rep.",COG,1987,137529998.779297
"Congo, Rep.",COG,1986,107230003.356934
"Congo, Rep.",COG,1985,69019996.6430664
"Congo, Rep.",COG,1984,96519996.6430664
"Congo, Rep.",COG,1983,107349998.474121
"Congo, Rep.",COG,1982,91940002.4414063
"Congo, Rep.",COG,1981,80440002.4414063
"Congo, Rep.",COG,1980,91150001.5258789
"Congo, Rep.",COG,1979,90150001.5258789
"Congo, Rep.",COG,1978,80260002.1362305
"Congo, Rep.",COG,1977,48130001.0681152
"Congo, Rep.",COG,1976,72639999.3896484
"Congo, Rep.",COG,1975,55930000.3051758
"Congo, Rep.",COG,1974,37819999.6948242
"Congo, Rep.",COG,1973,26620000.8392334
"Congo, Rep.",COG,1972,23100000.3814697
"Congo, Rep.",COG,1971,17170000.0762939
"Congo, Rep.",COG,1970,15390000.3433228
"Congo, Rep.",COG,1969,17170000.0762939
"Congo, Rep.",COG,1968,21370000.8392334
"Congo, Rep.",COG,1967,18799999.2370605
"Congo, Rep.",COG,1966,25180000.3051758
"Congo, Rep.",COG,1965,15850000.3814697
"Congo, Rep.",COG,1964,17760000.2288818
"Congo, Rep.",COG,1963,5650000.09536743
"Congo, Rep.",COG,1962,3069999.9332428
"Congo, Rep.",COG,1961,189999.997615814
"Congo, Rep.",COG,1960,19999.9995529652
Costa Rica,CRI,2025,
Costa Rica,CRI,2024,
Costa Rica,CRI,2023,144591003.417969
Costa Rica,CRI,2022,641308532.714844
Costa Rica,CRI,2021,80645805.3588867
Costa Rica,CRI,2020,209971389.770508
Costa Rica,CRI,2019,57226413.7268066
Costa Rica,CRI,2018,99426277.1606445
Costa Rica,CRI,2017,99262054.4433594
Costa Rica,CRI,2016,100722579.956055
Costa Rica,CRI,2015,111296623.22998
Costa Rica,CRI,2014,54550724.029541
Costa Rica,CRI,2013,32822322.845459
Costa Rica,CRI,2012,28463691.7114258
Costa Rica,CRI,2011,35553718.5668945
Costa Rica,CRI,2010,96900001.5258789
Costa Rica,CRI,2009,112613204.956055
Costa Rica,CRI,2008,77130180.3588867
Costa Rica,CRI,2007,64411819.4580078
Costa Rica,CRI,2006,31863306.0455322
Costa Rica,CRI,2005,32614971.1608887
Costa Rica,CRI,2004,25764638.9007568
Costa Rica,CRI,2003,40010261.5356445
Costa Rica,CRI,2002,13241665.8401489
Costa Rica,CRI,2001,14266666.4123535
Costa Rica,CRI,2000,25459999.0844727
Costa Rica,CRI,1999,3445233.10661316
Costa Rica,CRI,1998,29778232.5744629
Costa Rica,CRI,1997,3751899.95765686
Costa Rica,CRI,1996,-213332.995772362
Costa Rica,CRI,1995,46086666.1071777
Costa Rica,CRI,1994,88540000.9155273
Costa Rica,CRI,1993,117129997.253418
Costa Rica,CRI,1992,159149993.896484
Costa Rica,CRI,1991,184029998.779297
Costa Rica,CRI,1990,222500000.0
Costa Rica,CRI,1989,225330001.831055
Costa Rica,CRI,1988,182190002.441406
Costa Rica,CRI,1987,224490005.493164
Costa Rica,CRI,1986,181630004.882813
Costa Rica,CRI,1985,251770004.272461
Costa Rica,CRI,1984,199509994.506836
Costa Rica,CRI,1983,224440002.441406
Costa Rica,CRI,1982,63720001.2207031
Costa Rica,CRI,1981,30950000.7629395
Costa Rica,CRI,1980,24700000.7629395
Costa Rica,CRI,1979,30270000.4577637
Costa Rica,CRI,1978,35639999.3896484
Costa Rica,CRI,1977,16739999.7711182
Costa Rica,CRI,1976,13460000.038147
Costa Rica,CRI,1975,20190000.5340576
Costa Rica,CRI,1974,15939999.5803833
Costa Rica,CRI,1973,16239999.7711182
Costa Rica,CRI,1972,15659999.8474121
Costa Rica,CRI,1971,14159999.8474121
Costa Rica,CRI,1970,12069999.6948242
Costa Rica,CRI,1969,13840000.1525879
Costa Rica,CRI,1968,11909999.8474121
Costa Rica,CRI,1967,12880000.1144409
Costa Rica,CRI,1966,12739999.7711182
Costa Rica,CRI,1965,15069999.6948242
Costa Rica,CRI,1964,11520000.4577637
Costa Rica,CRI,1963,8109999.65667725
Costa Rica,CRI,1962,9199999.80926514
Costa Rica,CRI,1961,7090000.15258789
Costa Rica,CRI,1960,4210000.03814697
Cote d'Ivoire,CIV,2025,
Cote d'Ivoire,CIV,2024,
Cote d'Ivoire,CIV,2023,2376327392.57813
Cote d'Ivoire,CIV,2022,1967452636.71875
Cote d'Ivoire,CIV,2021,1577762939.45313
Cote d'Ivoire,CIV,2020,1564769409.17969
Cote d'Ivoire,CIV,2019,1174850708.00781
Cote d'Ivoire,CIV,2018,960067993.164063
Cote d'Ivoire,CIV,2017,829150878.90625
Cote d'Ivoire,CIV,2016,615781555.175781
Cote d'Ivoire,CIV,2015,651767822.265625
Cote d'Ivoire,CIV,2014,925040832.519531
Cote d'Ivoire,CIV,2013,1273441162.10938
Cote d'Ivoire,CIV,2012,2908327880.85938
Cote d'Ivoire,CIV,2011,1437705444.33594
Cote d'Ivoire,CIV,2010,656840026.855469
Cote d'Ivoire,CIV,2009,2403012939.45313
Cote d'Ivoire,CIV,2008,584628662.109375
Cote d'Ivoire,CIV,2007,171075424.194336
Cote d'Ivoire,CIV,2006,247139999.389648
Cote d'Ivoire,CIV,2005,91276664.7338867
Cote d'Ivoire,CIV,2004,160714157.104492
Cote d'Ivoire,CIV,2003,253695663.452148
Cote d'Ivoire,CIV,2002,1067499023.4375
Cote d'Ivoire,CIV,2001,186083160.400391
Cote d'Ivoire,CIV,2000,350915252.685547
Cote d'Ivoire,CIV,1999,447784454.345703
Cote d'Ivoire,CIV,1998,967272827.148438
Cote d'Ivoire,CIV,1997,446999206.542969
Cote d'Ivoire,CIV,1996,964770019.53125
Cote d'Ivoire,CIV,1995,1212439941.40625
Cote d'Ivoire,CIV,1994,1593699951.17188
Cote d'Ivoire,CIV,1993,763630004.882813
Cote d'Ivoire,CIV,1992,755700012.207031
Cote d'Ivoire,CIV,1991,629900024.414063
Cote d'Ivoire,CIV,1990,686400024.414063
Cote d'Ivoire,CIV,1989,394559997.558594
Cote d'Ivoire,CIV,1988,424730010.986328
Cote d'Ivoire,CIV,1987,240479995.727539
Cote d'Ivoire,CIV,1986,174419998.168945
Cote d'Ivoire,CIV,1985,117360000.610352
Cote d'Ivoire,CIV,1984,122989997.86377
Cote d'Ivoire,CIV,1983,155320007.324219
Cote d'Ivoire,CIV,1982,136429992.675781
Cote d'Ivoire,CIV,1981,123050003.051758
Cote d'Ivoire,CIV,1980,209800003.051758
Cote d'Ivoire,CIV,1979,159919998.168945
Cote d'Ivoire,CIV,1978,129550003.051758
Cote d'Ivoire,CIV,1977,103949996.948242
Cote d'Ivoire,CIV,1976,107449996.948242
Cote d'Ivoire,CIV,1975,99680000.3051758
Cote d'Ivoire,CIV,1974,75620002.746582
Cote d'Ivoire,CIV,1973,63319999.6948242
Cote d'Ivoire,CIV,1972,48279998.7792969
Cote d'Ivoire,CIV,1971,51069999.6948242
Cote d'Ivoire,CIV,1970,52580001.8310547
Cote d'Ivoire,CIV,1969,49659999.8474121
Cote d'Ivoire,CIV,1968,44840000.1525879
Cote d'Ivoire,CIV,1967,34020000.4577637
Cote d'Ivoire,CIV,1966,35950000.7629395
Cote d'Ivoire,CIV,1965,38619998.9318848
Cote d'Ivoire,CIV,1964,39009998.3215332
Cote d'Ivoire,CIV,1963,8649999.61853027
Cote d'Ivoire,CIV,1962,9000000.0
Cote d'Ivoire,CIV,1961,3369999.88555908
Cote d'Ivoire,CIV,1960,129999.995231628
Croatia,HRV,2025,
Croatia,HRV,2024,
Croatia,HRV,2023,
Croatia,HRV,2022,
Croatia,HRV,2021,
Croatia,HRV,2020,
Croatia,HRV,2019,
Croatia,HRV,2018,
Croatia,HRV,2017,
Croatia,HRV,2016,
Croatia,HRV,2015,
Croatia,HRV,2014,
Croatia,HRV,2013,
Croatia,HRV,2012,
Croatia,HRV,2011,
Croatia,HRV,2010,150470001.220703
Croatia,HRV,2009,168830001.831055
Croatia,HRV,2008,241059997.558594
Croatia,HRV,2007,162910003.662109
Croatia,HRV,2006,196509994.506836
Croatia,HRV,2005,123459999.084473
Croatia,HRV,2004,119660003.662109
Croatia,HRV,2003,120400001.525879
Croatia,HRV,2002,130600006.103516
Croatia,HRV,2001,112129997.253418
Croatia,HRV,2000,65510002.1362305
Croatia,HRV,1999,48470001.2207031
Croatia,HRV,1998,39380001.0681152
Croatia,HRV,1997,40360000.6103516
Croatia,HRV,1996,133309997.558594
Croatia,HRV,1995,53279998.7792969
Croatia,HRV,1994,109660003.662109
Croatia,HRV,1993,
Croatia,HRV,1992,9999.99977648258
Croatia,HRV,1991,
Croatia,HRV,1990,
Croatia,HRV,1989,
Croatia,HRV,1988,
Croatia,HRV,1987,
Croatia,HRV,1986,
Croatia,HRV,1985,
Croatia,HRV,1984,
Croatia,HRV,1983,
Croatia,HRV,1982,
Croatia,HRV,1981,
Croatia,HRV,1980,
Croatia,HRV,1979,
Croatia,HRV,1978,
Croatia,HRV,1977,
Croatia,HRV,1976,
Croatia,HRV,1975,
Croatia,HRV,1974,
Croatia,HRV,1973,
Croatia,HRV,1972,
Croatia,HRV,1971,
Croatia,HRV,1970,
Croatia,HRV,1969,
Croatia,HRV,1968,
Croatia,HRV,1967,
Croatia,HRV,1966,
Croatia,HRV,1965,
Croatia,HRV,1964,
Croatia,HRV,1963,
Croatia,HRV,1962,
Croatia,HRV,1961,
Croatia,HRV,1960,
Cuba,CUB,2025,
Cuba,CUB,2024,
Cuba,CUB,2023,167148452.758789
Cuba,CUB,2022,138591537.475586
Cuba,CUB,2021,153132995.605469
Cuba,CUB,2020,530086853.027344
Cuba,CUB,2019,497994049.072266
Cuba,CUB,2018,749779418.945313
Cuba,CUB,2017,734722839.355469
Cuba,CUB,2016,2698113769.53125
Cuba,CUB,2015,557955932.617188
Cuba,CUB,2014,261544158.935547
Cuba,CUB,2013,99452529.9072266
Cuba,CUB,2012,85755073.5473633
Cuba,CUB,2011,87281341.5527344
Cuba,CUB,2010,128179992.675781
Cuba,CUB,2009,112560493.469238
Cuba,CUB,2008,125513534.545898
Cuba,CUB,2007,96546264.6484375
Cuba,CUB,2006,82213233.9477539
Cuba,CUB,2005,90142669.6777344
Cuba,CUB,2004,99467666.6259766
Cuba,CUB,2003,76538688.659668
Cuba,CUB,2002,62111007.6904297
Cuba,CUB,2001,54652873.9929199
Cuba,CUB,2000,45068965.9118652
Cuba,CUB,1999,59387725.8300781
Cuba,CUB,1998,80148757.9345703
Cuba,CUB,1997,65398757.9345703
Cuba,CUB,1996,57220001.2207031
Cuba,CUB,1995,63630001.0681152
Cuba,CUB,1994,47119998.9318848
Cuba,CUB,1993,43900001.5258789
Cuba,CUB,1992,24799999.2370605
Cuba,CUB,1991,36930000.3051758
Cuba,CUB,1990,51810001.373291
Cuba,CUB,1989,56840000.1525879
Cuba,CUB,1988,61259998.3215332
Cuba,CUB,1987,48880001.0681152
Cuba,CUB,1986,41779998.7792969
Cuba,CUB,1985,41990001.6784668
Cuba,CUB,1984,35770000.4577637
Cuba,CUB,1983,36840000.1525879
Cuba,CUB,1982,35099998.4741211
Cuba,CUB,1981,27370000.8392334
Cuba,CUB,1980,45279998.7792969
Cuba,CUB,1979,47900001.5258789
Cuba,CUB,1978,47990001.6784668
Cuba,CUB,1977,44930000.3051758
Cuba,CUB,1976,45659999.8474121
Cuba,CUB,1975,19629999.1607666
Cuba,CUB,1974,15229999.5422363
Cuba,CUB,1973,5190000.05722046
Cuba,CUB,1972,3569999.9332428
Cuba,CUB,1971,2480000.01907349
Cuba,CUB,1970,1820000.05245209
Cuba,CUB,1969,1309999.94277954
Cuba,CUB,1968,649999.976158142
Cuba,CUB,1967,740000.009536743
Cuba,CUB,1966,730000.019073486
Cuba,CUB,1965,579999.983310699
Cuba,CUB,1964,439999.997615814
Cuba,CUB,1963,-170000.001788139
Cuba,CUB,1962,39999.9991059303
Cuba,CUB,1961,189999.997615814
Cuba,CUB,1960,230000.004172325
Curacao,CUW,2025,
Curacao,CUW,2024,
Curacao,CUW,2023,
Curacao,CUW,2022,
Curacao,CUW,2021,
Curacao,CUW,2020,
Curacao,CUW,2019,
Curacao,CUW,2018,
Curacao,CUW,2017,
Curacao,CUW,2016,
Curacao,CUW,2015,
Curacao,CUW,2014,
Curacao,CUW,2013,
Curacao,CUW,2012,
Curacao,CUW,2011,
Curacao,CUW,2010,
Curacao,CUW,2009,
Curacao,CUW,2008,
Curacao,CUW,2007,
Curacao,CUW,2006,
Curacao,CUW,2005,
Curacao,CUW,2004,
Curacao,CUW,2003,
Curacao,CUW,2002,
Curacao,CUW,2001,
Curacao,CUW,2000,
Curacao,CUW,1999,
Curacao,CUW,1998,
Curacao,CUW,1997,
Curacao,CUW,1996,
Curacao,CUW,1995,
Curacao,CUW,1994,
Curacao,CUW,1993,
Curacao,CUW,1992,
Curacao,CUW,1991,
Curacao,CUW,1990,
Curacao,CUW,1989,
Curacao,CUW,1988,
Curacao,CUW,1987,
Curacao,CUW,1986,
Curacao,CUW,1985,
Curacao,CUW,1984,
Curacao,CUW,1983,
Curacao,CUW,1982,
Curacao,CUW,1981,
Curacao,CUW,1980,
Curacao,CUW,1979,
Curacao,CUW,1978,
Curacao,CUW,1977,
Curacao,CUW,1976,
Curacao,CUW,1975,
Curacao,CUW,1974,
Curacao,CUW,1973,
Curacao,CUW,1972,
Curacao,CUW,1971,
Curacao,CUW,1970,
Curacao,CUW,1969,
Curacao,CUW,1968,
Curacao,CUW,1967,
Curacao,CUW,1966,
Curacao,CUW,1965,
Curacao,CUW,1964,
Curacao,CUW,1963,
Curacao,CUW,1962,
Curacao,CUW,1961,
Curacao,CUW,1960,
Cyprus,CYP,2025,
Cyprus,CYP,2024,
Cyprus,CYP,2023,
Cyprus,CYP,2022,
Cyprus,CYP,2021,
Cyprus,CYP,2020,
Cyprus,CYP,2019,
Cyprus,CYP,2018,
Cyprus,CYP,2017,
Cyprus,CYP,2016,
Cyprus,CYP,2015,
Cyprus,CYP,2014,
Cyprus,CYP,2013,
Cyprus,CYP,2012,
Cyprus,CYP,2011,
Cyprus,CYP,2010,
Cyprus,CYP,2009,
Cyprus,CYP,2008,
Cyprus,CYP,2007,
Cyprus,CYP,2006,
Cyprus,CYP,2005,
Cyprus,CYP,2004,
Cyprus,CYP,2003,
Cyprus,CYP,2002,
Cyprus,CYP,2001,
Cyprus,CYP,2000,
Cyprus,CYP,1999,
Cyprus,CYP,1998,
Cyprus,CYP,1997,
Cyprus,CYP,1996,22579999.9237061
Cyprus,CYP,1995,21430000.3051758
Cyprus,CYP,1994,44029998.7792969
Cyprus,CYP,1993,33799999.2370605
Cyprus,CYP,1992,26170000.0762939
Cyprus,CYP,1991,39759998.3215332
Cyprus,CYP,1990,38430000.3051758
Cyprus,CYP,1989,40740001.6784668
Cyprus,CYP,1988,44209999.0844727
Cyprus,CYP,1987,41319999.6948242
Cyprus,CYP,1986,34979999.5422363
Cyprus,CYP,1985,36860000.6103516
Cyprus,CYP,1984,16819999.6948242
Cyprus,CYP,1983,18569999.6948242
Cyprus,CYP,1982,30879999.1607666
Cyprus,CYP,1981,43810001.373291
Cyprus,CYP,1980,52680000.3051758
Cyprus,CYP,1979,29909999.8474121
Cyprus,CYP,1978,47610000.6103516
Cyprus,CYP,1977,95010002.1362305
Cyprus,CYP,1976,56139999.3896484
Cyprus,CYP,1975,31149999.6185303
Cyprus,CYP,1974,21250000.0
Cyprus,CYP,1973,8079999.92370605
Cyprus,CYP,1972,7300000.19073486
Cyprus,CYP,1971,5980000.01907349
Cyprus,CYP,1970,5860000.1335144
Cyprus,CYP,1969,3740000.00953674
Cyprus,CYP,1968,959999.978542328
Cyprus,CYP,1967,1409999.9666214
Cyprus,CYP,1966,1629999.99523163
Cyprus,CYP,1965,6469999.79019165
Cyprus,CYP,1964,5239999.77111816
Cyprus,CYP,1963,11159999.8474121
Cyprus,CYP,1962,15649999.6185303
Cyprus,CYP,1961,20229999.5422363
Cyprus,CYP,1960,24090000.1525879
Czechia,CZE,2025,
Czechia,CZE,2024,
Czechia,CZE,2023,
Czechia,CZE,2022,
Czechia,CZE,2021,
Czechia,CZE,2020,
Czechia,CZE,2019,
Czechia,CZE,2018,
Czechia,CZE,2017,
Czechia,CZE,2016,
Czechia,CZE,2015,
Czechia,CZE,2014,
Czechia,CZE,2013,
Czechia,CZE,2012,
Czechia,CZE,2011,
Czechia,CZE,2010,
Czechia,CZE,2009,
Czechia,CZE,2008,
Czechia,CZE,2007,
Czechia,CZE,2006,
Czechia,CZE,2005,
Czechia,CZE,2004,278660003.662109
Czechia,CZE,2003,263269989.013672
Czechia,CZE,2002,159770004.272461
Czechia,CZE,2001,313779998.779297
Czechia,CZE,2000,437369995.117188
Czechia,CZE,1999,317989990.234375
Czechia,CZE,1998,447829986.572266
Czechia,CZE,1997,115139999.389648
Czechia,CZE,1996,128529998.779297
Czechia,CZE,1995,147380004.882813
Czechia,CZE,1994,148270004.272461
Czechia,CZE,1993,99150001.5258789
Czechia,CZE,1992,129820007.324219
Czechia,CZE,1991,231000000.0
Czechia,CZE,1990,13680000.3051758
Czechia,CZE,1989,
Czechia,CZE,1988,
Czechia,CZE,1987,
Czechia,CZE,1986,
Czechia,CZE,1985,
Czechia,CZE,1984,
Czechia,CZE,1983,
Czechia,CZE,1982,
Czechia,CZE,1981,
Czechia,CZE,1980,
Czechia,CZE,1979,
Czechia,CZE,1978,
Czechia,CZE,1977,
Czechia,CZE,1976,
Czechia,CZE,1975,
Czechia,CZE,1974,
Czechia,CZE,1973,
Czechia,CZE,1972,
Czechia,CZE,1971,
Czechia,CZE,1970,
Czechia,CZE,1969,
Czechia,CZE,1968,
Czechia,CZE,1967,
Czechia,CZE,1966,
Czechia,CZE,1965,
Czechia,CZE,1964,
Czechia,CZE,1963,
Czechia,CZE,1962,
Czechia,CZE,1961,
Czechia,CZE,1960,
Denmark,DNK,2025,
Denmark,DNK,2024,
Denmark,DNK,2023,
Denmark,DNK,2022,
Denmark,DNK,2021,
Denmark,DNK,2020,
Denmark,DNK,2019,
Denmark,DNK,2018,
Denmark,DNK,2017,
Denmark,DNK,2016,
Denmark,DNK,2015,
Denmark,DNK,2014,
Denmark,DNK,2013,
Denmark,DNK,2012,
Denmark,DNK,2011,
Denmark,DNK,2010,
Denmark,DNK,2009,
Denmark,DNK,2008,
Denmark,DNK,2007,
Denmark,DNK,2006,
Denmark,DNK,2005,
Denmark,DNK,2004,
Denmark,DNK,2003,
Denmark,DNK,2002,
Denmark,DNK,2001,
Denmark,DNK,2000,
Denmark,DNK,1999,
Denmark,DNK,1998,
Denmark,DNK,1997,
Denmark,DNK,1996,
Denmark,DNK,1995,
Denmark,DNK,1994,
Denmark,DNK,1993,
Denmark,DNK,1992,
Denmark,DNK,1991,
Denmark,DNK,1990,
Denmark,DNK,1989,
Denmark,DNK,1988,
Denmark,DNK,1987,
Denmark,DNK,1986,
Denmark,DNK,1985,
Denmark,DNK,1984,
Denmark,DNK,1983,
Denmark,DNK,1982,
Denmark,DNK,1981,
Denmark,DNK,1980,
Denmark,DNK,1979,
Denmark,DNK,1978,
Denmark,DNK,1977,
Denmark,DNK,1976,
Denmark,DNK,1975,
Denmark,DNK,1974,
Denmark,DNK,1973,
Denmark,DNK,1972,
Denmark,DNK,1971,
Denmark,DNK,1970,
Denmark,DNK,1969,
Denmark,DNK,1968,
Denmark,DNK,1967,
Denmark,DNK,1966,
Denmark,DNK,1965,
Denmark,DNK,1964,
Denmark,DNK,1963,
Denmark,DNK,1962,
Denmark,DNK,1961,
Denmark,DNK,1960,
Djibouti,DJI,2025,
Djibouti,DJI,2024,
Djibouti,DJI,2023,222374710.083008
Djibouti,DJI,2022,60856060.0280762
Djibouti,DJI,2021,178249496.459961
Djibouti,DJI,2020,260729461.669922
Djibouti,DJI,2019,263704925.537109
Djibouti,DJI,2018,179217285.15625
Djibouti,DJI,2017,142608474.731445
Djibouti,DJI,2016,185352951.049805
Djibouti,DJI,2015,173392608.642578
Djibouti,DJI,2014,166106765.74707
Djibouti,DJI,2013,149246261.59668
Djibouti,DJI,2012,148458267.211914
Djibouti,DJI,2011,141399734.49707
Djibouti,DJI,2010,123959999.084473
Djibouti,DJI,2009,165834045.410156
Djibouti,DJI,2008,140815093.994141
Djibouti,DJI,2007,112673431.396484
Djibouti,DJI,2006,115383331.298828
Djibouti,DJI,2005,74173835.7543945
Djibouti,DJI,2004,64332168.5791016
Djibouti,DJI,2003,79255500.793457
Djibouti,DJI,2002,74099998.4741211
Djibouti,DJI,2001,59403331.7565918
Djibouti,DJI,2000,72243331.9091797
Djibouti,DJI,1999,75153335.5712891
Djibouti,DJI,1998,80980003.3569336
Djibouti,DJI,1997,85646087.6464844
Djibouti,DJI,1996,97076087.9516602
Djibouti,DJI,1995,105556083.679199
Djibouti,DJI,1994,128570007.324219
Djibouti,DJI,1993,134429992.675781
Djibouti,DJI,1992,112190002.441406
Djibouti,DJI,1991,107160003.662109
Djibouti,DJI,1990,207009994.506836
Djibouti,DJI,1989,75019996.6430664
Djibouti,DJI,1988,92599998.4741211
Djibouti,DJI,1987,105300003.051758
Djibouti,DJI,1986,114930000.305176
Djibouti,DJI,1985,81389999.3896484
Djibouti,DJI,1984,102089996.337891
Djibouti,DJI,1983,65430000.3051758
Djibouti,DJI,1982,58819999.6948242
Djibouti,DJI,1981,64510002.1362305
Djibouti,DJI,1980,73040000.9155273
Djibouti,DJI,1979,23180000.3051758
Djibouti,DJI,1978,104400001.525879
Djibouti,DJI,1977,46229999.5422363
Djibouti,DJI,1976,28129999.1607666
Djibouti,DJI,1975,34400001.5258789
Djibouti,DJI,1974,29059999.4659424
Djibouti,DJI,1973,19479999.5422363
Djibouti,DJI,1972,13350000.3814697
Djibouti,DJI,1971,10649999.6185303
Djibouti,DJI,1970,11829999.9237061
Djibouti,DJI,1969,10520000.4577637
Djibouti,DJI,1968,9710000.03814697
Djibouti,DJI,1967,9750000.0
Djibouti,DJI,1966,6469999.79019165
Djibouti,DJI,1965,
Djibouti,DJI,1964,
Djibouti,DJI,1963,
Djibouti,DJI,1962,
Djibouti,DJI,1961,
Djibouti,DJI,1960,
Dominica,DMA,2025,
Dominica,DMA,2024,
Dominica,DMA,2023,52636611.9384766
Dominica,DMA,2022,59520240.7836914
Dominica,DMA,2021,79073341.3696289
Dominica,DMA,2020,64315681.4575195
Dominica,DMA,2019,51389430.9997559
Dominica,DMA,2018,26943161.0107422
Dominica,DMA,2017,19221054.0771484
Dominica,DMA,2016,8565672.87445068
Dominica,DMA,2015,11706993.1030273
Dominica,DMA,2014,16289354.3243408
Dominica,DMA,2013,20084159.8510742
Dominica,DMA,2012,25677398.6816406
Dominica,DMA,2011,24438293.4570313
Dominica,DMA,2010,30940000.5340576
Dominica,DMA,2009,35947395.324707
Dominica,DMA,2008,21384656.9061279
Dominica,DMA,2007,19448888.7786865
Dominica,DMA,2006,19663000.1068115
Dominica,DMA,2005,21112522.1252441
Dominica,DMA,2004,29401189.8040771
Dominica,DMA,2003,10969523.4298706
Dominica,DMA,2002,29600000.3814697
Dominica,DMA,2001,19692382.8125
Dominica,DMA,2000,15280782.699585
Dominica,DMA,1999,9930783.27178955
Dominica,DMA,1998,19348400.1159668
Dominica,DMA,1997,14560000.4196167
Dominica,DMA,1996,43130001.0681152
Dominica,DMA,1995,25000000.0
Dominica,DMA,1994,19590000.1525879
Dominica,DMA,1993,8909999.84741211
Dominica,DMA,1992,12699999.8092651
Dominica,DMA,1991,17629999.1607666
Dominica,DMA,1990,19639999.3896484
Dominica,DMA,1989,23860000.6103516
Dominica,DMA,1988,17879999.1607666
Dominica,DMA,1987,15880000.1144409
Dominica,DMA,1986,11720000.2670288
Dominica,DMA,1985,16590000.1525879
Dominica,DMA,1984,16219999.3133545
Dominica,DMA,1983,9920000.07629395
Dominica,DMA,1982,16760000.2288818
Dominica,DMA,1981,14760000.2288818
Dominica,DMA,1980,17610000.6103516
Dominica,DMA,1979,9050000.19073486
Dominica,DMA,1978,7110000.1335144
Dominica,DMA,1977,4949999.80926514
Dominica,DMA,1976,4329999.92370605
Dominica,DMA,1975,7869999.88555908
Dominica,DMA,1974,3579999.92370605
Dominica,DMA,1973,90000.0035762787
Dominica,DMA,1972,
Dominica,DMA,1971,
Dominica,DMA,1970,
Dominica,DMA,1969,
Dominica,DMA,1968,
Dominica,DMA,1967,
Dominica,DMA,1966,
Dominica,DMA,1965,
Dominica,DMA,1964,
Dominica,DMA,1963,
Dominica,DMA,1962,
Dominica,DMA,1961,
Dominica,DMA,1960,
Dominican Republic,DOM,2025,
Dominican Republic,DOM,2024,
Dominican Republic,DOM,2023,663396301.269531
Dominican Republic,DOM,2022,368214508.056641
Dominican Republic,DOM,2021,449407623.291016
Dominican Republic,DOM,2020,375460296.630859
Dominican Republic,DOM,2019,131670410.15625
Dominican Republic,DOM,2018,89296813.9648438
Dominican Republic,DOM,2017,117709709.16748
Dominican Republic,DOM,2016,176704421.99707
Dominican Republic,DOM,2015,279962341.308594
Dominican Republic,DOM,2014,166211502.075195
Dominican Republic,DOM,2013,146913223.266602
Dominican Republic,DOM,2012,260116790.771484
Dominican Republic,DOM,2011,242617675.78125
Dominican Republic,DOM,2010,192929992.675781
Dominican Republic,DOM,2009,139633483.886719
Dominican Republic,DOM,2008,177341156.005859
Dominican Republic,DOM,2007,144631164.550781
Dominican Republic,DOM,2006,75000831.6040039
Dominican Republic,DOM,2005,95003334.0454102
Dominican Republic,DOM,2004,104113334.655762
Dominican Republic,DOM,2003,85713333.1298828
Dominican Republic,DOM,2002,161020004.272461
Dominican Republic,DOM,2001,117286666.870117
Dominican Republic,DOM,2000,61303333.2824707
Dominican Republic,DOM,1999,185493331.90918
Dominican Republic,DOM,1998,107396667.480469
Dominican Republic,DOM,1997,64519996.6430664
Dominican Republic,DOM,1996,82709999.0844727
Dominican Republic,DOM,1995,107809997.558594
Dominican Republic,DOM,1994,58650001.5258789
Dominican Republic,DOM,1993,4110000.1335144
Dominican Republic,DOM,1992,79760002.1362305
Dominican Republic,DOM,1991,77440002.4414063
Dominican Republic,DOM,1990,90910003.6621094
Dominican Republic,DOM,1989,131500000.0
Dominican Republic,DOM,1988,109550003.051758
Dominican Republic,DOM,1987,114440002.441406
Dominican Republic,DOM,1986,70239997.8637695
Dominican Republic,DOM,1985,167059997.558594
Dominican Republic,DOM,1984,147270004.272461
Dominican Republic,DOM,1983,61319999.6948242
Dominican Republic,DOM,1982,98480003.3569336
Dominican Republic,DOM,1981,65010002.1362305
Dominican Republic,DOM,1980,70889999.3896484
Dominican Republic,DOM,1979,46000000.0
Dominican Republic,DOM,1978,20209999.0844727
Dominican Republic,DOM,1977,15029999.7329712
Dominican Republic,DOM,1976,24280000.6866455
Dominican Republic,DOM,1975,20270000.4577637
Dominican Republic,DOM,1974,16440000.5340576
Dominican Republic,DOM,1973,19579999.9237061
Dominican Republic,DOM,1972,24540000.9155273
Dominican Republic,DOM,1971,24399999.6185303
Dominican Republic,DOM,1970,35130001.0681152
Dominican Republic,DOM,1969,34400001.5258789
Dominican Republic,DOM,1968,43250000.0
Dominican Republic,DOM,1967,58560001.373291
Dominican Republic,DOM,1966,52310001.373291
Dominican Republic,DOM,1965,79069999.6948242
Dominican Republic,DOM,1964,23510000.2288818
Dominican Republic,DOM,1963,47419998.1689453
Dominican Republic,DOM,1962,22090000.1525879
Dominican Republic,DOM,1961,150000.005960464
Dominican Republic,DOM,1960,180000.007152557
Ecuador,ECU,2025,
Ecuador,ECU,2024,
Ecuador,ECU,2023,554708068.847656
Ecuador,ECU,2022,377580352.783203
Ecuador,ECU,2021,302104675.292969
Ecuador,ECU,2020,345394500.732422
Ecuador,ECU,2019,508138793.945313
Ecuador,ECU,2018,404084747.314453
Ecuador,ECU,2017,211108474.731445
Ecuador,ECU,2016,243713317.871094
Ecuador,ECU,2015,318158508.300781
Ecuador,ECU,2014,165049072.265625
Ecuador,ECU,2013,150516128.540039
Ecuador,ECU,2012,148055114.746094
Ecuador,ECU,2011,181295104.980469
Ecuador,ECU,2010,164929992.675781
Ecuador,ECU,2009,223561981.201172
Ecuador,ECU,2008,248419036.865234
Ecuador,ECU,2007,230059036.254883
Ecuador,ECU,2006,213867599.487305
Ecuador,ECU,2005,257799255.371094
Ecuador,ECU,2004,184349273.681641
Ecuador,ECU,2003,202830932.617188
Ecuador,ECU,2002,233517593.383789
Ecuador,ECU,2001,171253128.051758
Ecuador,ECU,2000,155172897.338867
Ecuador,ECU,1999,153128005.981445
Ecuador,ECU,1998,181056427.001953
Ecuador,ECU,1997,158100006.103516
Ecuador,ECU,1996,238429992.675781
Ecuador,ECU,1995,187619995.117188
Ecuador,ECU,1994,192029998.779297
Ecuador,ECU,1993,185714996.337891
Ecuador,ECU,1992,221320007.324219
Ecuador,ECU,1991,197779998.779297
Ecuador,ECU,1990,144699996.948242
Ecuador,ECU,1989,140000000.0
Ecuador,ECU,1988,149679992.675781
Ecuador,ECU,1987,191759994.506836
Ecuador,ECU,1986,95980003.3569336
Ecuador,ECU,1985,79129997.253418
Ecuador,ECU,1984,68349998.4741211
Ecuador,ECU,1983,48459999.0844727
Ecuador,ECU,1982,40020000.4577637
Ecuador,ECU,1981,34159999.8474121
Ecuador,ECU,1980,33040000.9155273
Ecuador,ECU,1979,58130001.0681152
Ecuador,ECU,1978,31180000.3051758
Ecuador,ECU,1977,32389999.3896484
Ecuador,ECU,1976,45419998.1689453
Ecuador,ECU,1975,38849998.4741211
Ecuador,ECU,1974,28139999.3896484
Ecuador,ECU,1973,29459999.0844727
Ecuador,ECU,1972,19159999.8474121
Ecuador,ECU,1971,21739999.7711182
Ecuador,ECU,1970,19100000.3814697
Ecuador,ECU,1969,17590000.1525879
Ecuador,ECU,1968,22569999.6948242
Ecuador,ECU,1967,27209999.0844727
Ecuador,ECU,1966,25409999.8474121
Ecuador,ECU,1965,20920000.0762939
Ecuador,ECU,1964,19000000.0
Ecuador,ECU,1963,16229999.5422363
Ecuador,ECU,1962,13409999.8474121
Ecuador,ECU,1961,11770000.4577637
Ecuador,ECU,1960,6699999.80926514
"Egypt, Arab Rep.",EGY,2025,
"Egypt, Arab Rep.",EGY,2024,
"Egypt, Arab Rep.",EGY,2023,480069641.113281
"Egypt, Arab Rep.",EGY,2022,5818904785.15625
"Egypt, Arab Rep.",EGY,2021,8092854492.1875
"Egypt, Arab Rep.",EGY,2020,1563194946.28906
"Egypt, Arab Rep.",EGY,2019,1707596069.33594
"Egypt, Arab Rep.",EGY,2018,2080896972.65625
"Egypt, Arab Rep.",EGY,2017,33107879.6386719
"Egypt, Arab Rep.",EGY,2016,2437345458.98438
"Egypt, Arab Rep.",EGY,2015,2524526611.32813
"Egypt, Arab Rep.",EGY,2014,3537596923.82813
"Egypt, Arab Rep.",EGY,2013,5512511718.75
"Egypt, Arab Rep.",EGY,2012,1813432739.25781
"Egypt, Arab Rep.",EGY,2011,423727233.886719
"Egypt, Arab Rep.",EGY,2010,556539978.027344
"Egypt, Arab Rep.",EGY,2009,982739685.058594
"Egypt, Arab Rep.",EGY,2008,1688532226.5625
"Egypt, Arab Rep.",EGY,2007,1138693115.23438
"Egypt, Arab Rep.",EGY,2006,909029357.910156
"Egypt, Arab Rep.",EGY,2005,1046314941.40625
"Egypt, Arab Rep.",EGY,2004,1502844848.63281
"Egypt, Arab Rep.",EGY,2003,1017184875.48828
"Egypt, Arab Rep.",EGY,2002,1308725585.9375
"Egypt, Arab Rep.",EGY,2001,1300385620.11719
"Egypt, Arab Rep.",EGY,2000,1370830200.19531
"Egypt, Arab Rep.",EGY,1999,1620250610.35156
"Egypt, Arab Rep.",EGY,1998,1974140625.0
"Egypt, Arab Rep.",EGY,1997,2009459960.9375
"Egypt, Arab Rep.",EGY,1996,2193904052.73438
"Egypt, Arab Rep.",EGY,1995,2028073974.60938
"Egypt, Arab Rep.",EGY,1994,2692199951.17188
"Egypt, Arab Rep.",EGY,1993,2485229980.46875
"Egypt, Arab Rep.",EGY,1992,3737699951.17188
"Egypt, Arab Rep.",EGY,1991,5408839843.75
"Egypt, Arab Rep.",EGY,1990,6065200195.3125
"Egypt, Arab Rep.",EGY,1989,1644199951.17188
"Egypt, Arab Rep.",EGY,1988,1496810058.59375
"Egypt, Arab Rep.",EGY,1987,1723160034.17969
"Egypt, Arab Rep.",EGY,1986,1669439941.40625
"Egypt, Arab Rep.",EGY,1985,1774180053.71094
"Egypt, Arab Rep.",EGY,1984,1768050048.82813
"Egypt, Arab Rep.",EGY,1983,1456780029.29688
"Egypt, Arab Rep.",EGY,1982,1457030029.29688
"Egypt, Arab Rep.",EGY,1981,1297709960.9375
"Egypt, Arab Rep.",EGY,1980,1383150024.41406
"Egypt, Arab Rep.",EGY,1979,1572469970.70313
"Egypt, Arab Rep.",EGY,1978,2697929931.64063
"Egypt, Arab Rep.",EGY,1977,2639179931.64063
"Egypt, Arab Rep.",EGY,1976,2432879882.8125
"Egypt, Arab Rep.",EGY,1975,2513429931.64063
"Egypt, Arab Rep.",EGY,1974,1376270019.53125
"Egypt, Arab Rep.",EGY,1973,886919982.910156
"Egypt, Arab Rep.",EGY,1972,139940002.441406
"Egypt, Arab Rep.",EGY,1971,138710006.713867
"Egypt, Arab Rep.",EGY,1970,170940002.441406
"Egypt, Arab Rep.",EGY,1969,9899999.61853027
"Egypt, Arab Rep.",EGY,1968,25700000.7629395
"Egypt, Arab Rep.",EGY,1967,33000000.0
"Egypt, Arab Rep.",EGY,1966,97239997.8637695
"Egypt, Arab Rep.",EGY,1965,122760002.13623
"Egypt, Arab Rep.",EGY,1964,235300003.051758
"Egypt, Arab Rep.",EGY,1963,207089996.337891
"Egypt, Arab Rep.",EGY,1962,188039993.286133
"Egypt, Arab Rep.",EGY,1961,117769996.643066
"Egypt, Arab Rep.",EGY,1960,178410003.662109
El Salvador,SLV,2025,
El Salvador,SLV,2024,
El Salvador,SLV,2023,498810394.287109
El Salvador,SLV,2022,709233581.542969
El Salvador,SLV,2021,214443862.915039
El Salvador,SLV,2020,344064392.089844
El Salvador,SLV,2019,303699066.162109
El Salvador,SLV,2018,253461120.605469
El Salvador,SLV,2017,151618194.580078
El Salvador,SLV,2016,128970046.99707
El Salvador,SLV,2015,89703399.6582031
El Salvador,SLV,2014,98074417.1142578
El Salvador,SLV,2013,169141067.504883
El Salvador,SLV,2012,219908264.160156
El Salvador,SLV,2011,297385925.292969
El Salvador,SLV,2010,301040008.544922
El Salvador,SLV,2009,292424102.783203
El Salvador,SLV,2008,243313613.891602
El Salvador,SLV,2007,107533615.112305
El Salvador,SLV,2006,178235260.009766
El Salvador,SLV,2005,218491668.701172
El Salvador,SLV,2004,237341659.545898
El Salvador,SLV,2003,211414993.286133
El Salvador,SLV,2002,249458328.24707
El Salvador,SLV,2001,252948333.740234
El Salvador,SLV,2000,192445007.324219
El Salvador,SLV,1999,197944305.419922
El Salvador,SLV,1998,187469299.316406
El Salvador,SLV,1997,265942626.953125
El Salvador,SLV,1996,274070007.324219
El Salvador,SLV,1995,279190002.441406
El Salvador,SLV,1994,273380004.882813
El Salvador,SLV,1993,341100006.103516
El Salvador,SLV,1992,362750000.0
El Salvador,SLV,1991,272220001.220703
El Salvador,SLV,1990,328480010.986328
El Salvador,SLV,1989,380959991.455078
El Salvador,SLV,1988,397200012.207031
El Salvador,SLV,1987,421459991.455078
El Salvador,SLV,1986,328880004.882813
El Salvador,SLV,1985,325480010.986328
El Salvador,SLV,1984,237850006.103516
El Salvador,SLV,1983,250110000.610352
El Salvador,SLV,1982,186860000.610352
El Salvador,SLV,1981,118260002.13623
El Salvador,SLV,1980,84160003.6621094
El Salvador,SLV,1979,37169998.1689453
El Salvador,SLV,1978,33669998.1689453
El Salvador,SLV,1977,25879999.1607666
El Salvador,SLV,1976,17170000.0762939
El Salvador,SLV,1975,16879999.1607666
El Salvador,SLV,1974,9590000.15258789
El Salvador,SLV,1973,12319999.6948242
El Salvador,SLV,1972,15890000.3433228
El Salvador,SLV,1971,10439999.5803833
El Salvador,SLV,1970,14090000.1525879
El Salvador,SLV,1969,12699999.8092651
El Salvador,SLV,1968,10810000.4196167
El Salvador,SLV,1967,14539999.961853
El Salvador,SLV,1966,20959999.0844727
El Salvador,SLV,1965,14510000.2288818
El Salvador,SLV,1964,12729999.5422363
El Salvador,SLV,1963,11770000.4577637
El Salvador,SLV,1962,6530000.20980835
El Salvador,SLV,1961,8420000.07629395
El Salvador,SLV,1960,1340000.0333786
Equatorial Guinea,GNQ,2025,
Equatorial Guinea,GNQ,2024,
Equatorial Guinea,GNQ,2023,11663417.8161621
Equatorial Guinea,GNQ,2022,12418050.7659912
Equatorial Guinea,GNQ,2021,14264043.8079834
Equatorial Guinea,GNQ,2020,7397778.98788452
Equatorial Guinea,GNQ,2019,63065559.387207
Equatorial Guinea,GNQ,2018,6723571.77734375
Equatorial Guinea,GNQ,2017,6926545.14312744
Equatorial Guinea,GNQ,2016,6923532.00912476
Equatorial Guinea,GNQ,2015,7485756.87408447
Equatorial Guinea,GNQ,2014,516849.994659424
Equatorial Guinea,GNQ,2013,4625308.0368042
Equatorial Guinea,GNQ,2012,14450188.6367798
Equatorial Guinea,GNQ,2011,24547021.8658447
Equatorial Guinea,GNQ,2010,86540000.9155273
Equatorial Guinea,GNQ,2009,31782524.1088867
Equatorial Guinea,GNQ,2008,32081981.6589355
Equatorial Guinea,GNQ,2007,31360387.802124
Equatorial Guinea,GNQ,2006,26209999.0844727
Equatorial Guinea,GNQ,2005,38130001.0681152
Equatorial Guinea,GNQ,2004,29149999.6185303
Equatorial Guinea,GNQ,2003,20930000.3051758
Equatorial Guinea,GNQ,2002,20149999.6185303
Equatorial Guinea,GNQ,2001,13239999.7711182
Equatorial Guinea,GNQ,2000,21270000.4577637
Equatorial Guinea,GNQ,1999,20238666.5344238
Equatorial Guinea,GNQ,1998,22158666.6107178
Equatorial Guinea,GNQ,1997,23888666.1529541
Equatorial Guinea,GNQ,1996,30819999.6948242
Equatorial Guinea,GNQ,1995,33400001.5258789
Equatorial Guinea,GNQ,1994,29729999.5422363
Equatorial Guinea,GNQ,1993,52659999.8474121
Equatorial Guinea,GNQ,1992,61819999.6948242
Equatorial Guinea,GNQ,1991,62180000.3051758
Equatorial Guinea,GNQ,1990,60229999.5422363
Equatorial Guinea,GNQ,1989,56220001.2207031
Equatorial Guinea,GNQ,1988,47909999.8474121
Equatorial Guinea,GNQ,1987,53229999.5422363
Equatorial Guinea,GNQ,1986,20399999.6185303
Equatorial Guinea,GNQ,1985,17110000.6103516
Equatorial Guinea,GNQ,1984,14970000.2670288
Equatorial Guinea,GNQ,1983,11119999.8855591
Equatorial Guinea,GNQ,1982,13960000.038147
Equatorial Guinea,GNQ,1981,10229999.5422363
Equatorial Guinea,GNQ,1980,9229999.54223633
Equatorial Guinea,GNQ,1979,2630000.11444092
Equatorial Guinea,GNQ,1978,589999.973773956
Equatorial Guinea,GNQ,1977,839999.973773956
Equatorial Guinea,GNQ,1976,419999.986886978
Equatorial Guinea,GNQ,1975,2180000.0667572
Equatorial Guinea,GNQ,1974,15890000.3433228
Equatorial Guinea,GNQ,1973,1009999.99046326
Equatorial Guinea,GNQ,1972,
Equatorial Guinea,GNQ,1971,
Equatorial Guinea,GNQ,1970,
Equatorial Guinea,GNQ,1969,
Equatorial Guinea,GNQ,1968,
Equatorial Guinea,GNQ,1967,
Equatorial Guinea,GNQ,1966,
Equatorial Guinea,GNQ,1965,
Equatorial Guinea,GNQ,1964,
Equatorial Guinea,GNQ,1963,
Equatorial Guinea,GNQ,1962,
Equatorial Guinea,GNQ,1961,
Equatorial Guinea,GNQ,1960,
Eritrea,ERI,2025,
Eritrea,ERI,2024,
Eritrea,ERI,2023,129190628.051758
Eritrea,ERI,2022,63487464.9047852
Eritrea,ERI,2021,45334373.4741211
Eritrea,ERI,2020,62535846.7102051
Eritrea,ERI,2019,266679656.982422
Eritrea,ERI,2018,84239532.4707031
Eritrea,ERI,2017,79190971.3745117
Eritrea,ERI,2016,66816680.9082031
Eritrea,ERI,2015,93921371.4599609
Eritrea,ERI,2014,84192291.2597656
Eritrea,ERI,2013,81305099.4873047
Eritrea,ERI,2012,135959869.384766
Eritrea,ERI,2011,133406051.635742
Eritrea,ERI,2010,155690002.441406
Eritrea,ERI,2009,142624862.670898
Eritrea,ERI,2008,145417541.503906
Eritrea,ERI,2007,158527679.443359
Eritrea,ERI,2006,126190109.25293
Eritrea,ERI,2005,349742767.333984
Eritrea,ERI,2004,263524444.580078
Eritrea,ERI,2003,316964324.951172
Eritrea,ERI,2002,226673873.901367
Eritrea,ERI,2001,284697204.589844
Eritrea,ERI,2000,178017196.655273
Eritrea,ERI,1999,149870147.705078
Eritrea,ERI,1998,168811950.683594
Eritrea,ERI,1997,123512947.08252
Eritrea,ERI,1996,157490005.493164
Eritrea,ERI,1995,148289993.286133
Eritrea,ERI,1994,154149993.896484
Eritrea,ERI,1993,67709999.0844727
Eritrea,ERI,1992,1000000.0
Eritrea,ERI,1991,
Eritrea,ERI,1990,4500000.0
Eritrea,ERI,1989,
Eritrea,ERI,1988,2000000.0
Eritrea,ERI,1987,2000000.0
Eritrea,ERI,1986,1000000.0
Eritrea,ERI,1985,
Eritrea,ERI,1984,4500000.0
Eritrea,ERI,1983,4500000.0
Eritrea,ERI,1982,4500000.0
Eritrea,ERI,1981,5610000.1335144
Eritrea,ERI,1980,4679999.82833862
Eritrea,ERI,1979,4139999.8664856
Eritrea,ERI,1978,4929999.82833862
Eritrea,ERI,1977,2119999.88555908
Eritrea,ERI,1976,
Eritrea,ERI,1975,1620000.00476837
Eritrea,ERI,1974,2150000.09536743
Eritrea,ERI,1973,620000.004768372
Eritrea,ERI,1972,
Eritrea,ERI,1971,29999.9993294477
Eritrea,ERI,1970,
Eritrea,ERI,1969,
Eritrea,ERI,1968,
Eritrea,ERI,1967,
Eritrea,ERI,1966,
Eritrea,ERI,1965,
Eritrea,ERI,1964,
Eritrea,ERI,1963,
Eritrea,ERI,1962,
Eritrea,ERI,1961,
Eritrea,ERI,1960,
Estonia,EST,2025,
Estonia,EST,2024,
Estonia,EST,2023,
Estonia,EST,2022,
Estonia,EST,2021,
Estonia,EST,2020,
Estonia,EST,2019,
Estonia,EST,2018,
Estonia,EST,2017,
Estonia,EST,2016,
Estonia,EST,2015,
Estonia,EST,2014,
Estonia,EST,2013,
Estonia,EST,2012,
Estonia,EST,2011,
Estonia,EST,2010,
Estonia,EST,2009,
Estonia,EST,2008,
Estonia,EST,2007,
Estonia,EST,2006,
Estonia,EST,2005,
Estonia,EST,2004,135429992.675781
Estonia,EST,2003,84300003.0517578
Estonia,EST,2002,54409999.8474121
Estonia,EST,2001,68500000.0
Estonia,EST,2000,63830001.8310547
Estonia,EST,1999,83620002.746582
Estonia,EST,1998,90989997.8637695
Estonia,EST,1997,65910003.6621094
Estonia,EST,1996,59369998.9318848
Estonia,EST,1995,58049999.2370605
Estonia,EST,1994,43810001.373291
Estonia,EST,1993,42310001.373291
Estonia,EST,1992,104370002.746582
Estonia,EST,1991,15369999.8855591
Estonia,EST,1990,
Estonia,EST,1989,
Estonia,EST,1988,
Estonia,EST,1987,
Estonia,EST,1986,
Estonia,EST,1985,
Estonia,EST,1984,
Estonia,EST,1983,
Estonia,EST,1982,
Estonia,EST,1981,
Estonia,EST,1980,
Estonia,EST,1979,
Estonia,EST,1978,
Estonia,EST,1977,
Estonia,EST,1976,
Estonia,EST,1975,
Estonia,EST,1974,
Estonia,EST,1973,
Estonia,EST,1972,
Estonia,EST,1971,
Estonia,EST,1970,
Estonia,EST,1969,
Estonia,EST,1968,
Estonia,EST,1967,
Estonia,EST,1966,
Estonia,EST,1965,
Estonia,EST,1964,
Estonia,EST,1963,
Estonia,EST,1962,
Estonia,EST,1961,
Estonia,EST,1960,
Eswatini,SWZ,2025,
Eswatini,SWZ,2024,
Eswatini,SWZ,2023,110430183.410645
Eswatini,SWZ,2022,97627441.40625
Eswatini,SWZ,2021,126073486.328125
Eswatini,SWZ,2020,106464889.526367
Eswatini,SWZ,2019,71575668.3349609
Eswatini,SWZ,2018,121305877.685547
Eswatini,SWZ,2017,147611190.795898
Eswatini,SWZ,2016,147638656.616211
Eswatini,SWZ,2015,92625350.9521484
Eswatini,SWZ,2014,86373161.315918
Eswatini,SWZ,2013,117793670.654297
Eswatini,SWZ,2012,89618225.0976563
Eswatini,SWZ,2011,124091674.804688
Eswatini,SWZ,2010,90029998.7792969
Eswatini,SWZ,2009,55767929.0771484
Eswatini,SWZ,2008,70013130.1879883
Eswatini,SWZ,2007,50669624.3286133
Eswatini,SWZ,2006,34779998.7792969
Eswatini,SWZ,2005,46710033.416748
Eswatini,SWZ,2004,21919033.0505371
Eswatini,SWZ,2003,34189033.5083008
Eswatini,SWZ,2002,22163667.678833
Eswatini,SWZ,2001,29154666.9006348
Eswatini,SWZ,2000,13134667.3965454
Eswatini,SWZ,1999,29147802.3529053
Eswatini,SWZ,1998,34957801.8188477
Eswatini,SWZ,1997,28437803.2684326
Eswatini,SWZ,1996,33049999.2370605
Eswatini,SWZ,1995,57750000.0
Eswatini,SWZ,1994,57779998.7792969
Eswatini,SWZ,1993,54209999.0844727
Eswatini,SWZ,1992,56009998.3215332
Eswatini,SWZ,1991,52919998.1689453
Eswatini,SWZ,1990,53630001.0681152
Eswatini,SWZ,1989,29659999.8474121
Eswatini,SWZ,1988,38270000.4577637
Eswatini,SWZ,1987,43540000.9155273
Eswatini,SWZ,1986,32930000.3051758
Eswatini,SWZ,1985,23969999.3133545
Eswatini,SWZ,1984,28930000.3051758
Eswatini,SWZ,1983,32380001.0681152
Eswatini,SWZ,1982,26360000.6103516
Eswatini,SWZ,1981,35209999.0844727
Eswatini,SWZ,1980,48139999.3896484
Eswatini,SWZ,1979,48470001.2207031
Eswatini,SWZ,1978,43450000.7629395
Eswatini,SWZ,1977,27469999.3133545
Eswatini,SWZ,1976,13270000.4577637
Eswatini,SWZ,1975,14460000.038147
Eswatini,SWZ,1974,14319999.6948242
Eswatini,SWZ,1973,10449999.8092651
Eswatini,SWZ,1972,8710000.03814697
Eswatini,SWZ,1971,2059999.94277954
Eswatini,SWZ,1970,6000000.0
Eswatini,SWZ,1969,9789999.96185303
Eswatini,SWZ,1968,7889999.8664856
Eswatini,SWZ,1967,9560000.4196167
Eswatini,SWZ,1966,10590000.1525879
Eswatini,SWZ,1965,15220000.2670288
Eswatini,SWZ,1964,12750000.0
Eswatini,SWZ,1963,6489999.77111816
Eswatini,SWZ,1962,6789999.96185303
Eswatini,SWZ,1961,11439999.5803833
Eswatini,SWZ,1960,8489999.77111816
Ethiopia,ETH,2025,
Ethiopia,ETH,2024,
Ethiopia,ETH,2023,5401845703.125
Ethiopia,ETH,2022,4930270996.09375
Ethiopia,ETH,2021,4072194580.07813
Ethiopia,ETH,2020,5306338378.90625
Ethiopia,ETH,2019,4677459472.65625
Ethiopia,ETH,2018,4940958496.09375
Ethiopia,ETH,2017,4124747558.59375
Ethiopia,ETH,2016,4084373779.29688
Ethiopia,ETH,2015,3238885009.76563
Ethiopia,ETH,2014,3583961669.92188
Ethiopia,ETH,2013,3885536376.95313
Ethiopia,ETH,2012,3243292968.75
Ethiopia,ETH,2011,3495892578.125
Ethiopia,ETH,2010,2769010009.76563
Ethiopia,ETH,2009,3823758789.0625
Ethiopia,ETH,2008,3316247802.73438
Ethiopia,ETH,2007,2606554199.21875
Ethiopia,ETH,2006,2034546020.50781
Ethiopia,ETH,2005,1929124633.78906
Ethiopia,ETH,2004,1830304687.5
Ethiopia,ETH,2003,1621161621.09375
Ethiopia,ETH,2002,1324739990.23438
Ethiopia,ETH,2001,1103600585.9375
Ethiopia,ETH,2000,687800659.179688
Ethiopia,ETH,1999,643291687.011719
Ethiopia,ETH,1998,660241088.867188
Ethiopia,ETH,1997,578912353.515625
Ethiopia,ETH,1996,816501281.738281
Ethiopia,ETH,1995,876981262.207031
Ethiopia,ETH,1994,1063581298.82813
Ethiopia,ETH,1993,1081221313.47656
Ethiopia,ETH,1992,1162510009.76563
Ethiopia,ETH,1991,1091869995.11719
Ethiopia,ETH,1990,1009250000.0
Ethiopia,ETH,1989,727789978.027344
Ethiopia,ETH,1988,965440002.441406
Ethiopia,ETH,1987,623280029.296875
Ethiopia,ETH,1986,631109985.351563
Ethiopia,ETH,1985,718409973.144531
Ethiopia,ETH,1984,359410003.662109
Ethiopia,ETH,1983,338149993.896484
Ethiopia,ETH,1982,199330001.831055
Ethiopia,ETH,1981,244850006.103516
Ethiopia,ETH,1980,211100006.103516
Ethiopia,ETH,1979,190580001.831055
Ethiopia,ETH,1978,139320007.324219
Ethiopia,ETH,1977,115089996.337891
Ethiopia,ETH,1976,139750000.0
Ethiopia,ETH,1975,131949996.948242
Ethiopia,ETH,1974,116900001.525879
Ethiopia,ETH,1973,66279998.7792969
Ethiopia,ETH,1972,47319999.6948242
Ethiopia,ETH,1971,46979999.5422363
Ethiopia,ETH,1970,39680000.3051758
Ethiopia,ETH,1969,38740001.6784668
Ethiopia,ETH,1968,42349998.4741211
Ethiopia,ETH,1967,27680000.3051758
Ethiopia,ETH,1966,25399999.6185303
Ethiopia,ETH,1965,20930000.3051758
Ethiopia,ETH,1964,15979999.5422363
Ethiopia,ETH,1963,24899999.6185303
Ethiopia,ETH,1962,26940000.5340576
Ethiopia,ETH,1961,20959999.0844727
Ethiopia,ETH,1960,15350000.3814697
Faroe Islands,FRO,2025,
Faroe Islands,FRO,2024,
Faroe Islands,FRO,2023,
Faroe Islands,FRO,2022,
Faroe Islands,FRO,2021,
Faroe Islands,FRO,2020,
Faroe Islands,FRO,2019,
Faroe Islands,FRO,2018,
Faroe Islands,FRO,2017,
Faroe Islands,FRO,2016,
Faroe Islands,FRO,2015,
Faroe Islands,FRO,2014,
Faroe Islands,FRO,2013,
Faroe Islands,FRO,2012,
Faroe Islands,FRO,2011,
Faroe Islands,FRO,2010,
Faroe Islands,FRO,2009,
Faroe Islands,FRO,2008,
Faroe Islands,FRO,2007,
Faroe Islands,FRO,2006,
Faroe Islands,FRO,2005,
Faroe Islands,FRO,2004,
Faroe Islands,FRO,2003,
Faroe Islands,FRO,2002,
Faroe Islands,FRO,2001,
Faroe Islands,FRO,2000,
Faroe Islands,FRO,1999,
Faroe Islands,FRO,1998,
Faroe Islands,FRO,1997,
Faroe Islands,FRO,1996,
Faroe Islands,FRO,1995,
Faroe Islands,FRO,1994,
Faroe Islands,FRO,1993,
Faroe Islands,FRO,1992,
Faroe Islands,FRO,1991,
Faroe Islands,FRO,1990,
Faroe Islands,FRO,1989,
Faroe Islands,FRO,1988,
Faroe Islands,FRO,1987,
Faroe Islands,FRO,1986,
Faroe Islands,FRO,1985,
Faroe Islands,FRO,1984,
Faroe Islands,FRO,1983,
Faroe Islands,FRO,1982,
Faroe Islands,FRO,1981,
Faroe Islands,FRO,1980,
Faroe Islands,FRO,1979,
Faroe Islands,FRO,1978,
Faroe Islands,FRO,1977,
Faroe Islands,FRO,1976,
Faroe Islands,FRO,1975,
Faroe Islands,FRO,1974,
Faroe Islands,FRO,1973,
Faroe Islands,FRO,1972,
Faroe Islands,FRO,1971,
Faroe Islands,FRO,1970,
Faroe Islands,FRO,1969,
Faroe Islands,FRO,1968,
Faroe Islands,FRO,1967,
Faroe Islands,FRO,1966,
Faroe Islands,FRO,1965,
Faroe Islands,FRO,1964,
Faroe Islands,FRO,1963,
Faroe Islands,FRO,1962,
Faroe Islands,FRO,1961,
Faroe Islands,FRO,1960,
Fiji,FJI,2025,
Fiji,FJI,2024,
Fiji,FJI,2023,190190093.994141
Fiji,FJI,2022,361043792.724609
Fiji,FJI,2021,612696960.449219
Fiji,FJI,2020,196379226.68457
Fiji,FJI,2019,130198898.31543
Fiji,FJI,2018,120974807.739258
Fiji,FJI,2017,145897689.819336
Fiji,FJI,2016,117417724.609375
Fiji,FJI,2015,102481666.564941
Fiji,FJI,2014,94239585.8764648
Fiji,FJI,2013,91218605.0415039
Fiji,FJI,2012,105374298.095703
Fiji,FJI,2011,75389099.1210938
Fiji,FJI,2010,75489997.8637695
Fiji,FJI,2009,66410003.6621094
Fiji,FJI,2008,45080001.8310547
Fiji,FJI,2007,50876667.0227051
Fiji,FJI,2006,55795833.5876465
Fiji,FJI,2005,66080833.4350586
Fiji,FJI,2004,65527168.2739258
Fiji,FJI,2003,51248001.0986328
Fiji,FJI,2002,34167999.2675781
Fiji,FJI,2001,26180383.682251
Fiji,FJI,2000,29370382.30896
Fiji,FJI,1999,35200847.6257324
Fiji,FJI,1998,36885974.8840332
Fiji,FJI,1997,44505973.815918
Fiji,FJI,1996,46790000.9155273
Fiji,FJI,1995,42799999.2370605
Fiji,FJI,1994,39110000.6103516
Fiji,FJI,1993,59840000.1525879
Fiji,FJI,1992,62740001.6784668
Fiji,FJI,1991,44810001.373291
Fiji,FJI,1990,49220001.2207031
Fiji,FJI,1989,40529998.7792969
Fiji,FJI,1988,52290000.9155273
Fiji,FJI,1987,35490001.6784668
Fiji,FJI,1986,41659999.8474121
Fiji,FJI,1985,31360000.6103516
Fiji,FJI,1984,30530000.6866455
Fiji,FJI,1983,31620000.8392334
Fiji,FJI,1982,35029998.7792969
Fiji,FJI,1981,40159999.8474121
Fiji,FJI,1980,35869998.9318848
Fiji,FJI,1979,30709999.0844727
Fiji,FJI,1978,26319999.6948242
Fiji,FJI,1977,22979999.5422363
Fiji,FJI,1976,23159999.8474121
Fiji,FJI,1975,19360000.6103516
Fiji,FJI,1974,14850000.3814697
Fiji,FJI,1973,14569999.6948242
Fiji,FJI,1972,8460000.03814697
Fiji,FJI,1971,10640000.3433228
Fiji,FJI,1970,6960000.03814697
Fiji,FJI,1969,8750000.0
Fiji,FJI,1968,6210000.03814697
Fiji,FJI,1967,2829999.92370605
Fiji,FJI,1966,4110000.1335144
Fiji,FJI,1965,4360000.1335144
Fiji,FJI,1964,3440000.05722046
Fiji,FJI,1963,4429999.82833862
Fiji,FJI,1962,10819999.6948242
Fiji,FJI,1961,1009999.99046326
Fiji,FJI,1960,1080000.04291534
Finland,FIN,2025,
Finland,FIN,2024,
Finland,FIN,2023,
Finland,FIN,2022,
Finland,FIN,2021,
Finland,FIN,2020,
Finland,FIN,2019,
Finland,FIN,2018,
Finland,FIN,2017,
Finland,FIN,2016,
Finland,FIN,2015,
Finland,FIN,2014,
Finland,FIN,2013,
Finland,FIN,2012,
Finland,FIN,2011,
Finland,FIN,2010,
Finland,FIN,2009,
Finland,FIN,2008,
Finland,FIN,2007,
Finland,FIN,2006,
Finland,FIN,2005,
Finland,FIN,2004,
Finland,FIN,2003,
Finland,FIN,2002,
Finland,FIN,2001,
Finland,FIN,2000,
Finland,FIN,1999,
Finland,FIN,1998,
Finland,FIN,1997,
Finland,FIN,1996,
Finland,FIN,1995,
Finland,FIN,1994,
Finland,FIN,1993,
Finland,FIN,1992,
Finland,FIN,1991,
Finland,FIN,1990,
Finland,FIN,1989,
Finland,FIN,1988,
Finland,FIN,1987,
Finland,FIN,1986,
Finland,FIN,1985,
Finland,FIN,1984,
Finland,FIN,1983,
Finland,FIN,1982,
Finland,FIN,1981,
Finland,FIN,1980,
Finland,FIN,1979,
Finland,FIN,1978,
Finland,FIN,1977,
Finland,FIN,1976,
Finland,FIN,1975,
Finland,FIN,1974,
Finland,FIN,1973,
Finland,FIN,1972,
Finland,FIN,1971,
Finland,FIN,1970,
Finland,FIN,1969,
Finland,FIN,1968,
Finland,FIN,1967,
Finland,FIN,1966,
Finland,FIN,1965,
Finland,FIN,1964,
Finland,FIN,1963,
Finland,FIN,1962,
Finland,FIN,1961,
Finland,FIN,1960,
France,FRA,2025,
France,FRA,2024,
France,FRA,2023,
France,FRA,2022,
France,FRA,2021,
France,FRA,2020,
France,FRA,2019,
France,FRA,2018,
France,FRA,2017,
France,FRA,2016,
France,FRA,2015,
France,FRA,2014,
France,FRA,2013,
France,FRA,2012,
France,FRA,2011,
France,FRA,2010,
France,FRA,2009,
France,FRA,2008,
France,FRA,2007,
France,FRA,2006,
France,FRA,2005,
France,FRA,2004,
France,FRA,2003,
France,FRA,2002,
France,FRA,2001,
France,FRA,2000,
France,FRA,1999,
France,FRA,1998,
France,FRA,1997,
France,FRA,1996,
France,FRA,1995,
France,FRA,1994,
France,FRA,1993,
France,FRA,1992,
France,FRA,1991,
France,FRA,1990,
France,FRA,1989,
France,FRA,1988,
France,FRA,1987,
France,FRA,1986,
France,FRA,1985,
France,FRA,1984,
France,FRA,1983,
France,FRA,1982,
France,FRA,1981,
France,FRA,1980,
France,FRA,1979,
France,FRA,1978,
France,FRA,1977,
France,FRA,1976,
France,FRA,1975,
France,FRA,1974,
France,FRA,1973,
France,FRA,1972,
France,FRA,1971,
France,FRA,1970,
France,FRA,1969,
France,FRA,1968,
France,FRA,1967,
France,FRA,1966,
France,FRA,1965,
France,FRA,1964,
France,FRA,1963,
France,FRA,1962,
France,FRA,1961,
France,FRA,1960,
French Polynesia,PYF,2025,
French Polynesia,PYF,2024,
French Polynesia,PYF,2023,
French Polynesia,PYF,2022,
French Polynesia,PYF,2021,
French Polynesia,PYF,2020,
French Polynesia,PYF,2019,
French Polynesia,PYF,2018,
French Polynesia,PYF,2017,
French Polynesia,PYF,2016,
French Polynesia,PYF,2015,
French Polynesia,PYF,2014,
French Polynesia,PYF,2013,
French Polynesia,PYF,2012,
French Polynesia,PYF,2011,
French Polynesia,PYF,2010,
French Polynesia,PYF,2009,
French Polynesia,PYF,2008,
French Polynesia,PYF,2007,
French Polynesia,PYF,2006,
French Polynesia,PYF,2005,
French Polynesia,PYF,2004,
French Polynesia,PYF,2003,
French Polynesia,PYF,2002,
French Polynesia,PYF,2001,
French Polynesia,PYF,2000,
French Polynesia,PYF,1999,351500000.0
French Polynesia,PYF,1998,370369995.117188
French Polynesia,PYF,1997,367390014.648438
French Polynesia,PYF,1996,404070007.324219
French Polynesia,PYF,1995,450929992.675781
French Polynesia,PYF,1994,367910003.662109
French Polynesia,PYF,1993,333489990.234375
French Polynesia,PYF,1992,326790008.544922
French Polynesia,PYF,1991,311470001.220703
French Polynesia,PYF,1990,259660003.662109
French Polynesia,PYF,1989,288619995.117188
French Polynesia,PYF,1988,331179992.675781
French Polynesia,PYF,1987,294480010.986328
French Polynesia,PYF,1986,247600006.103516
French Polynesia,PYF,1985,171990005.493164
French Polynesia,PYF,1984,172039993.286133
French Polynesia,PYF,1983,177800003.051758
French Polynesia,PYF,1982,173220001.220703
French Polynesia,PYF,1981,146679992.675781
French Polynesia,PYF,1980,159460006.713867
French Polynesia,PYF,1979,143919998.168945
French Polynesia,PYF,1978,90650001.5258789
French Polynesia,PYF,1977,83230003.3569336
French Polynesia,PYF,1976,77650001.5258789
French Polynesia,PYF,1975,71739997.8637695
French Polynesia,PYF,1974,37659999.8474121
French Polynesia,PYF,1973,50349998.4741211
French Polynesia,PYF,1972,27489999.7711182
French Polynesia,PYF,1971,19670000.0762939
French Polynesia,PYF,1970,19770000.4577637
French Polynesia,PYF,1969,18489999.7711182
French Polynesia,PYF,1968,18219999.3133545
French Polynesia,PYF,1967,15140000.3433228
French Polynesia,PYF,1966,13439999.5803833
French Polynesia,PYF,1965,
French Polynesia,PYF,1964,
French Polynesia,PYF,1963,
French Polynesia,PYF,1962,
French Polynesia,PYF,1961,
French Polynesia,PYF,1960,
Gabon,GAB,2025,
Gabon,GAB,2024,
Gabon,GAB,2023,53148811.340332
Gabon,GAB,2022,134782913.208008
Gabon,GAB,2021,99907051.0864258
Gabon,GAB,2020,54557510.3759766
Gabon,GAB,2019,116951629.638672
Gabon,GAB,2018,116991210.9375
Gabon,GAB,2017,106349075.317383
Gabon,GAB,2016,41624767.3034668
Gabon,GAB,2015,98784317.0166016
Gabon,GAB,2014,111267578.125
Gabon,GAB,2013,87209068.2983398
Gabon,GAB,2012,68853591.9189453
Gabon,GAB,2011,69446220.3979492
Gabon,GAB,2010,103959999.084473
Gabon,GAB,2009,77946365.3564453
Gabon,GAB,2008,64116668.7011719
Gabon,GAB,2007,53206668.8537598
Gabon,GAB,2006,31211666.1071777
Gabon,GAB,2005,50304168.7011719
Gabon,GAB,2004,40044166.5649414
Gabon,GAB,2003,-10915833.4732056
Gabon,GAB,2002,71660003.6621094
Gabon,GAB,2001,8636483.19244385
Gabon,GAB,2000,11848133.0871582
Gabon,GAB,1999,47798133.8500977
Gabon,GAB,1998,44641651.1535645
Gabon,GAB,1997,38830001.8310547
Gabon,GAB,1996,126510002.13623
Gabon,GAB,1995,143740005.493164
Gabon,GAB,1994,181029998.779297
Gabon,GAB,1993,100860000.610352
Gabon,GAB,1992,68510002.1362305
Gabon,GAB,1991,142710006.713867
Gabon,GAB,1990,131229995.727539
Gabon,GAB,1989,132059997.558594
Gabon,GAB,1988,105739997.86377
Gabon,GAB,1987,82260002.1362305
Gabon,GAB,1986,78650001.5258789
Gabon,GAB,1985,60750000.0
Gabon,GAB,1984,75279998.7792969
Gabon,GAB,1983,63459999.0844727
Gabon,GAB,1982,61849998.4741211
Gabon,GAB,1981,43169998.1689453
Gabon,GAB,1980,55580001.8310547
Gabon,GAB,1979,36619998.9318848
Gabon,GAB,1978,43430000.3051758
Gabon,GAB,1977,27170000.0762939
Gabon,GAB,1976,33959999.0844727
Gabon,GAB,1975,60400001.5258789
Gabon,GAB,1974,24620000.8392334
Gabon,GAB,1973,39189998.626709
Gabon,GAB,1972,26819999.6948242
Gabon,GAB,1971,23719999.3133545
Gabon,GAB,1970,23760000.2288818
Gabon,GAB,1969,18709999.0844727
Gabon,GAB,1968,13289999.961853
Gabon,GAB,1967,15000000.0
Gabon,GAB,1966,13479999.5422363
Gabon,GAB,1965,13020000.4577637
Gabon,GAB,1964,14859999.6566772
Gabon,GAB,1963,4059999.94277954
Gabon,GAB,1962,2640000.10490417
Gabon,GAB,1961,560000.002384186
Gabon,GAB,1960,19999.9995529652
"Gambia, The",GMB,2025,
"Gambia, The",GMB,2024,
"Gambia, The",GMB,2023,343857177.734375
"Gambia, The",GMB,2022,272408721.923828
"Gambia, The",GMB,2021,249042572.021484
"Gambia, The",GMB,2020,302051361.083984
"Gambia, The",GMB,2019,190691360.473633
"Gambia, The",GMB,2018,234128829.956055
"Gambia, The",GMB,2017,284466461.181641
"Gambia, The",GMB,2016,91942924.4995117
"Gambia, The",GMB,2015,113938110.351563
"Gambia, The",GMB,2014,100335060.119629
"Gambia, The",GMB,2013,112286331.176758
"Gambia, The",GMB,2012,138977050.78125
"Gambia, The",GMB,2011,135714172.363281
"Gambia, The",GMB,2010,106480003.356934
"Gambia, The",GMB,2009,125167877.197266
"Gambia, The",GMB,2008,94629470.8251953
"Gambia, The",GMB,2007,97199996.9482422
"Gambia, The",GMB,2006,75198036.1938477
"Gambia, The",GMB,2005,60757015.2282715
"Gambia, The",GMB,2004,61340351.1047363
"Gambia, The",GMB,2003,63288650.5126953
"Gambia, The",GMB,2002,64474670.4101563
"Gambia, The",GMB,2001,52734333.0383301
"Gambia, The",GMB,2000,49644649.5056152
"Gambia, The",GMB,1999,34351615.9057617
"Gambia, The",GMB,1998,39451618.1945801
"Gambia, The",GMB,1997,38896968.8415527
"Gambia, The",GMB,1996,36060001.373291
"Gambia, The",GMB,1995,45430000.3051758
"Gambia, The",GMB,1994,68889999.3896484
"Gambia, The",GMB,1993,84900001.5258789
"Gambia, The",GMB,1992,108839996.337891
"Gambia, The",GMB,1991,99540000.9155273
"Gambia, The",GMB,1990,97260002.1362305
"Gambia, The",GMB,1989,98660003.6621094
"Gambia, The",GMB,1988,83220001.2207031
"Gambia, The",GMB,1987,103290000.915527
"Gambia, The",GMB,1986,101400001.525879
"Gambia, The",GMB,1985,48040000.9155273
"Gambia, The",GMB,1984,51750000.0
"Gambia, The",GMB,1983,40380001.0681152
"Gambia, The",GMB,1982,46110000.6103516
"Gambia, The",GMB,1981,67379997.253418
"Gambia, The",GMB,1980,52639999.3896484
"Gambia, The",GMB,1979,34310001.373291
"Gambia, The",GMB,1978,34180000.3051758
"Gambia, The",GMB,1977,21250000.0
"Gambia, The",GMB,1976,10850000.3814697
"Gambia, The",GMB,1975,8039999.96185303
"Gambia, The",GMB,1974,10189999.5803833
"Gambia, The",GMB,1973,6440000.05722046
"Gambia, The",GMB,1972,4880000.11444092
"Gambia, The",GMB,1971,3529999.97138977
"Gambia, The",GMB,1970,1309999.94277954
"Gambia, The",GMB,1969,3670000.07629395
"Gambia, The",GMB,1968,5840000.15258789
"Gambia, The",GMB,1967,3009999.99046326
"Gambia, The",GMB,1966,3589999.91416931
"Gambia, The",GMB,1965,4250000.0
"Gambia, The",GMB,1964,2549999.95231628
"Gambia, The",GMB,1963,5119999.88555908
"Gambia, The",GMB,1962,2549999.95231628
"Gambia, The",GMB,1961,1429999.94754791
"Gambia, The",GMB,1960,540000.021457672
Georgia,GEO,2025,
Georgia,GEO,2024,
Georgia,GEO,2023,365216949.462891
Georgia,GEO,2022,376801483.154297
Georgia,GEO,2021,769990661.621094
Georgia,GEO,2020,1041889648.4375
Georgia,GEO,2019,493119354.248047
Georgia,GEO,2018,589095947.265625
Georgia,GEO,2017,447435943.603516
Georgia,GEO,2016,462740814.208984
Georgia,GEO,2015,448930908.203125
Georgia,GEO,2014,563759399.414063
Georgia,GEO,2013,646312622.070313
Georgia,GEO,2012,659189575.195313
Georgia,GEO,2011,545059814.453125
Georgia,GEO,2010,527770019.53125
Georgia,GEO,2009,794066284.179688
Georgia,GEO,2008,818107421.875
Georgia,GEO,2007,381930206.298828
Georgia,GEO,2006,357192474.365234
Georgia,GEO,2005,293340728.759766
Georgia,GEO,2004,314205718.994141
Georgia,GEO,2003,228669738.769531
Georgia,GEO,2002,317214996.337891
Georgia,GEO,2001,294125000.0
Georgia,GEO,2000,171949996.948242
Georgia,GEO,1999,246838333.129883
Georgia,GEO,1998,208668334.960938
Georgia,GEO,1997,242028335.571289
Georgia,GEO,1996,309369995.117188
Georgia,GEO,1995,209059997.558594
Georgia,GEO,1994,177320007.324219
Georgia,GEO,1993,104779998.779297
Georgia,GEO,1992,20350000.3814697
Georgia,GEO,1991,209999.993443489
Georgia,GEO,1990,
Georgia,GEO,1989,
Georgia,GEO,1988,
Georgia,GEO,1987,
Georgia,GEO,1986,
Georgia,GEO,1985,
Georgia,GEO,1984,
Georgia,GEO,1983,
Georgia,GEO,1982,
Georgia,GEO,1981,
Georgia,GEO,1980,
Georgia,GEO,1979,
Georgia,GEO,1978,
Georgia,GEO,1977,
Georgia,GEO,1976,
Georgia,GEO,1975,
Georgia,GEO,1974,
Georgia,GEO,1973,
Georgia,GEO,1972,
Georgia,GEO,1971,
Georgia,GEO,1970,
Georgia,GEO,1969,
Georgia,GEO,1968,
Georgia,GEO,1967,
Georgia,GEO,1966,
Georgia,GEO,1965,
Georgia,GEO,1964,
Georgia,GEO,1963,
Georgia,GEO,1962,
Georgia,GEO,1961,
Georgia,GEO,1960,
Germany,DEU,2025,
Germany,DEU,2024,
Germany,DEU,2023,
Germany,DEU,2022,
Germany,DEU,2021,
Germany,DEU,2020,
Germany,DEU,2019,
Germany,DEU,2018,
Germany,DEU,2017,
Germany,DEU,2016,
Germany,DEU,2015,
Germany,DEU,2014,
Germany,DEU,2013,
Germany,DEU,2012,
Germany,DEU,2011,
Germany,DEU,2010,
Germany,DEU,2009,
Germany,DEU,2008,
Germany,DEU,2007,
Germany,DEU,2006,
Germany,DEU,2005,
Germany,DEU,2004,
Germany,DEU,2003,
Germany,DEU,2002,
Germany,DEU,2001,
Germany,DEU,2000,
Germany,DEU,1999,
Germany,DEU,1998,
Germany,DEU,1997,
Germany,DEU,1996,
Germany,DEU,1995,
Germany,DEU,1994,
Germany,DEU,1993,
Germany,DEU,1992,
Germany,DEU,1991,
Germany,DEU,1990,
Germany,DEU,1989,
Germany,DEU,1988,
Germany,DEU,1987,
Germany,DEU,1986,
Germany,DEU,1985,
Germany,DEU,1984,
Germany,DEU,1983,
Germany,DEU,1982,
Germany,DEU,1981,
Germany,DEU,1980,
Germany,DEU,1979,
Germany,DEU,1978,
Germany,DEU,1977,
Germany,DEU,1976,
Germany,DEU,1975,
Germany,DEU,1974,
Germany,DEU,1973,
Germany,DEU,1972,
Germany,DEU,1971,
Germany,DEU,1970,
Germany,DEU,1969,
Germany,DEU,1968,
Germany,DEU,1967,
Germany,DEU,1966,
Germany,DEU,1965,
Germany,DEU,1964,
Germany,DEU,1963,
Germany,DEU,1962,
Germany,DEU,1961,
Germany,DEU,1960,
Ghana,GHA,2025,
Ghana,GHA,2024,
Ghana,GHA,2023,1571978515.625
Ghana,GHA,2022,1049816894.53125
Ghana,GHA,2021,1239739746.09375
Ghana,GHA,2020,2205243408.20313
Ghana,GHA,2019,911422729.492188
Ghana,GHA,2018,1067619384.76563
Ghana,GHA,2017,1263540771.48438
Ghana,GHA,2016,1318654663.08594
Ghana,GHA,2015,1770481811.52344
Ghana,GHA,2014,1123126953.125
Ghana,GHA,2013,1328166259.76563
Ghana,GHA,2012,1799276977.53906
Ghana,GHA,2011,1803865844.72656
Ghana,GHA,2010,1369069946.28906
Ghana,GHA,2009,1584683593.75
Ghana,GHA,2008,1312170776.36719
Ghana,GHA,2007,1162919433.59375
Ghana,GHA,2006,1236248657.22656
Ghana,GHA,2005,1152635253.90625
Ghana,GHA,2004,1419010986.32813
Ghana,GHA,2003,985035644.53125
Ghana,GHA,2002,689372314.453125
Ghana,GHA,2001,644851074.21875
Ghana,GHA,2000,600649291.992188
Ghana,GHA,1999,610085998.535156
Ghana,GHA,1998,703880981.445313
Ghana,GHA,1997,494173400.878906
Ghana,GHA,1996,651270019.53125
Ghana,GHA,1995,649869995.117188
Ghana,GHA,1994,547719970.703125
Ghana,GHA,1993,627260009.765625
Ghana,GHA,1992,614219970.703125
Ghana,GHA,1991,878630004.882813
Ghana,GHA,1990,559719970.703125
Ghana,GHA,1989,715530029.296875
Ghana,GHA,1988,575590026.855469
Ghana,GHA,1987,409019989.013672
Ghana,GHA,1986,358880004.882813
Ghana,GHA,1985,194330001.831055
Ghana,GHA,1984,213119995.117188
Ghana,GHA,1983,108389999.389648
Ghana,GHA,1982,138729995.727539
Ghana,GHA,1981,144119995.117188
Ghana,GHA,1980,190809997.558594
Ghana,GHA,1979,168220001.220703
Ghana,GHA,1978,112180000.305176
Ghana,GHA,1977,90169998.1689453
Ghana,GHA,1976,61540000.9155273
Ghana,GHA,1975,124209999.084473
Ghana,GHA,1974,36319999.6948242
Ghana,GHA,1973,40900001.5258789
Ghana,GHA,1972,58560001.373291
Ghana,GHA,1971,56840000.1525879
Ghana,GHA,1970,59099998.4741211
Ghana,GHA,1969,71269996.6430664
Ghana,GHA,1968,62200000.7629395
Ghana,GHA,1967,45279998.7792969
Ghana,GHA,1966,62189998.626709
Ghana,GHA,1965,46220001.2207031
Ghana,GHA,1964,20219999.3133545
Ghana,GHA,1963,18010000.2288818
Ghana,GHA,1962,5610000.1335144
Ghana,GHA,1961,2970000.02861023
Ghana,GHA,1960,2940000.05722046
Gibraltar,GIB,2025,
Gibraltar,GIB,2024,
Gibraltar,GIB,2023,
Gibraltar,GIB,2022,
Gibraltar,GIB,2021,
Gibraltar,GIB,2020,
Gibraltar,GIB,2019,
Gibraltar,GIB,2018,
Gibraltar,GIB,2017,
Gibraltar,GIB,2016,
Gibraltar,GIB,2015,
Gibraltar,GIB,2014,
Gibraltar,GIB,2013,
Gibraltar,GIB,2012,
Gibraltar,GIB,2011,
Gibraltar,GIB,2010,
Gibraltar,GIB,2009,
Gibraltar,GIB,2008,
Gibraltar,GIB,2007,
Gibraltar,GIB,2006,
Gibraltar,GIB,2005,
Gibraltar,GIB,2004,
Gibraltar,GIB,2003,
Gibraltar,GIB,2002,
Gibraltar,GIB,2001,
Gibraltar,GIB,2000,
Gibraltar,GIB,1999,29999.9993294477
Gibraltar,GIB,1998,219999.998807907
Gibraltar,GIB,1997,370000.004768372
Gibraltar,GIB,1996,-239999.994635582
Gibraltar,GIB,1995,209999.993443489
Gibraltar,GIB,1994,569999.992847443
Gibraltar,GIB,1993,-9999.99977648258
Gibraltar,GIB,1992,3140000.10490417
Gibraltar,GIB,1991,2569999.9332428
Gibraltar,GIB,1990,560000.002384186
Gibraltar,GIB,1989,449999.988079071
Gibraltar,GIB,1988,16190000.5340576
Gibraltar,GIB,1987,14560000.4196167
Gibraltar,GIB,1986,20819999.6948242
Gibraltar,GIB,1985,28920000.0762939
Gibraltar,GIB,1984,10960000.038147
Gibraltar,GIB,1983,3390000.10490417
Gibraltar,GIB,1982,3119999.88555908
Gibraltar,GIB,1981,7420000.07629395
Gibraltar,GIB,1980,11149999.6185303
Gibraltar,GIB,1979,6530000.20980835
Gibraltar,GIB,1978,3529999.97138977
Gibraltar,GIB,1977,4449999.80926514
Gibraltar,GIB,1976,2950000.04768372
Gibraltar,GIB,1975,3029999.97138977
Gibraltar,GIB,1974,6619999.88555908
Gibraltar,GIB,1973,6250000.0
Gibraltar,GIB,1972,4190000.05722046
Gibraltar,GIB,1971,3819999.9332428
Gibraltar,GIB,1970,2650000.09536743
Gibraltar,GIB,1969,1379999.99523163
Gibraltar,GIB,1968,899999.976158142
Gibraltar,GIB,1967,2720000.02861023
Gibraltar,GIB,1966,1789999.96185303
Gibraltar,GIB,1965,1059999.94277954
Gibraltar,GIB,1964,509999.990463257
Gibraltar,GIB,1963,-9999.99977648258
Gibraltar,GIB,1962,430000.007152557
Gibraltar,GIB,1961,870000.004768372
Gibraltar,GIB,1960,469999.998807907
Greece,GRC,2025,
Greece,GRC,2024,
Greece,GRC,2023,
Greece,GRC,2022,
Greece,GRC,2021,
Greece,GRC,2020,
Greece,GRC,2019,
Greece,GRC,2018,
Greece,GRC,2017,
Greece,GRC,2016,
Greece,GRC,2015,
Greece,GRC,2014,
Greece,GRC,2013,
Greece,GRC,2012,
Greece,GRC,2011,
Greece,GRC,2010,
Greece,GRC,2009,
Greece,GRC,2008,
Greece,GRC,2007,
Greece,GRC,2006,
Greece,GRC,2005,
Greece,GRC,2004,
Greece,GRC,2003,
Greece,GRC,2002,
Greece,GRC,2001,
Greece,GRC,2000,
Greece,GRC,1999,
Greece,GRC,1998,
Greece,GRC,1997,
Greece,GRC,1996,
Greece,GRC,1995,
Greece,GRC,1994,
Greece,GRC,1993,
Greece,GRC,1992,
Greece,GRC,1991,
Greece,GRC,1990,
Greece,GRC,1989,
Greece,GRC,1988,
Greece,GRC,1987,
Greece,GRC,1986,
Greece,GRC,1985,
Greece,GRC,1984,
Greece,GRC,1983,
Greece,GRC,1982,
Greece,GRC,1981,
Greece,GRC,1980,
Greece,GRC,1979,
Greece,GRC,1978,
Greece,GRC,1977,
Greece,GRC,1976,
Greece,GRC,1975,
Greece,GRC,1974,
Greece,GRC,1973,
Greece,GRC,1972,
Greece,GRC,1971,
Greece,GRC,1970,
Greece,GRC,1969,
Greece,GRC,1968,
Greece,GRC,1967,
Greece,GRC,1966,
Greece,GRC,1965,
Greece,GRC,1964,
Greece,GRC,1963,
Greece,GRC,1962,
Greece,GRC,1961,
Greece,GRC,1960,
Greenland,GRL,2025,
Greenland,GRL,2024,
Greenland,GRL,2023,
Greenland,GRL,2022,
Greenland,GRL,2021,
Greenland,GRL,2020,
Greenland,GRL,2019,
Greenland,GRL,2018,
Greenland,GRL,2017,
Greenland,GRL,2016,
Greenland,GRL,2015,
Greenland,GRL,2014,
Greenland,GRL,2013,
Greenland,GRL,2012,
Greenland,GRL,2011,
Greenland,GRL,2010,
Greenland,GRL,2009,
Greenland,GRL,2008,
Greenland,GRL,2007,
Greenland,GRL,2006,
Greenland,GRL,2005,
Greenland,GRL,2004,
Greenland,GRL,2003,
Greenland,GRL,2002,
Greenland,GRL,2001,
Greenland,GRL,2000,
Greenland,GRL,1999,
Greenland,GRL,1998,
Greenland,GRL,1997,
Greenland,GRL,1996,
Greenland,GRL,1995,
Greenland,GRL,1994,
Greenland,GRL,1993,
Greenland,GRL,1992,
Greenland,GRL,1991,
Greenland,GRL,1990,
Greenland,GRL,1989,
Greenland,GRL,1988,
Greenland,GRL,1987,
Greenland,GRL,1986,
Greenland,GRL,1985,
Greenland,GRL,1984,
Greenland,GRL,1983,
Greenland,GRL,1982,
Greenland,GRL,1981,
Greenland,GRL,1980,
Greenland,GRL,1979,
Greenland,GRL,1978,
Greenland,GRL,1977,
Greenland,GRL,1976,
Greenland,GRL,1975,
Greenland,GRL,1974,
Greenland,GRL,1973,
Greenland,GRL,1972,
Greenland,GRL,1971,
Greenland,GRL,1970,
Greenland,GRL,1969,
Greenland,GRL,1968,
Greenland,GRL,1967,
Greenland,GRL,1966,
Greenland,GRL,1965,
Greenland,GRL,1964,
Greenland,GRL,1963,
Greenland,GRL,1962,
Greenland,GRL,1961,
Greenland,GRL,1960,
Grenada,GRD,2025,
Grenada,GRD,2024,
Grenada,GRD,2023,38494625.0915527
Grenada,GRD,2022,-93638496.3989258
Grenada,GRD,2021,68142768.8598633
Grenada,GRD,2020,69597717.2851563
Grenada,GRD,2019,14677843.0938721
Grenada,GRD,2018,31736911.7736816
Grenada,GRD,2017,5843494.89212036
Grenada,GRD,2016,8579892.1585083
Grenada,GRD,2015,24097612.3809814
Grenada,GRD,2014,39708801.2695313
Grenada,GRD,2013,12527177.8106689
Grenada,GRD,2012,7659854.88891602
Grenada,GRD,2011,12027162.5518799
Grenada,GRD,2010,30520000.4577637
Grenada,GRD,2009,45826728.8208008
Grenada,GRD,2008,31797534.942627
Grenada,GRD,2007,26094305.0384521
Grenada,GRD,2006,26806667.3278809
Grenada,GRD,2005,52599998.4741211
Grenada,GRD,2004,15603667.2592163
Grenada,GRD,2003,10781999.5880127
Grenada,GRD,2002,10219667.4346924
Grenada,GRD,2001,11292456.6268921
Grenada,GRD,2000,16871913.9099121
Grenada,GRD,1999,10395962.7151489
Grenada,GRD,1998,6264506.81686401
Grenada,GRD,1997,8880000.11444092
Grenada,GRD,1996,11850000.3814697
Grenada,GRD,1995,10819999.6948242
Grenada,GRD,1994,23610000.6103516
Grenada,GRD,1993,7869999.88555908
Grenada,GRD,1992,12930000.3051758
Grenada,GRD,1991,16450000.7629395
Grenada,GRD,1990,13800000.1907349
Grenada,GRD,1989,14649999.6185303
Grenada,GRD,1988,20030000.6866455
Grenada,GRD,1987,19129999.1607666
Grenada,GRD,1986,23940000.5340576
Grenada,GRD,1985,34409999.8474121
Grenada,GRD,1984,27469999.3133545
Grenada,GRD,1983,7420000.07629395
Grenada,GRD,1982,6150000.09536743
Grenada,GRD,1981,6059999.94277954
Grenada,GRD,1980,3849999.90463257
Grenada,GRD,1979,2839999.91416931
Grenada,GRD,1978,2589999.91416931
Grenada,GRD,1977,3339999.91416931
Grenada,GRD,1976,2720000.02861023
Grenada,GRD,1975,2750000.0
Grenada,GRD,1974,1850000.02384186
Grenada,GRD,1973,50000.0007450581
Grenada,GRD,1972,
Grenada,GRD,1971,
Grenada,GRD,1970,
Grenada,GRD,1969,
Grenada,GRD,1968,
Grenada,GRD,1967,
Grenada,GRD,1966,
Grenada,GRD,1965,
Grenada,GRD,1964,
Grenada,GRD,1963,
Grenada,GRD,1962,
Grenada,GRD,1961,
Grenada,GRD,1960,
Guam,GUM,2025,
Guam,GUM,2024,
Guam,GUM,2023,
Guam,GUM,2022,
Guam,GUM,2021,
Guam,GUM,2020,
Guam,GUM,2019,
Guam,GUM,2018,
Guam,GUM,2017,
Guam,GUM,2016,
Guam,GUM,2015,
Guam,GUM,2014,
Guam,GUM,2013,
Guam,GUM,2012,
Guam,GUM,2011,
Guam,GUM,2010,
Guam,GUM,2009,
Guam,GUM,2008,
Guam,GUM,2007,
Guam,GUM,2006,
Guam,GUM,2005,
Guam,GUM,2004,
Guam,GUM,2003,
Guam,GUM,2002,
Guam,GUM,2001,
Guam,GUM,2000,
Guam,GUM,1999,
Guam,GUM,1998,
Guam,GUM,1997,
Guam,GUM,1996,
Guam,GUM,1995,
Guam,GUM,1994,
Guam,GUM,1993,
Guam,GUM,1992,
Guam,GUM,1991,
Guam,GUM,1990,
Guam,GUM,1989,
Guam,GUM,1988,
Guam,GUM,1987,
Guam,GUM,1986,
Guam,GUM,1985,
Guam,GUM,1984,
Guam,GUM,1983,
Guam,GUM,1982,
Guam,GUM,1981,
Guam,GUM,1980,
Guam,GUM,1979,
Guam,GUM,1978,
Guam,GUM,1977,
Guam,GUM,1976,
Guam,GUM,1975,
Guam,GUM,1974,
Guam,GUM,1973,
Guam,GUM,1972,
Guam,GUM,1971,
Guam,GUM,1970,
Guam,GUM,1969,
Guam,GUM,1968,
Guam,GUM,1967,
Guam,GUM,1966,
Guam,GUM,1965,
Guam,GUM,1964,
Guam,GUM,1963,
Guam,GUM,1962,
Guam,GUM,1961,
Guam,GUM,1960,
Guatemala,GTM,2025,
Guatemala,GTM,2024,
Guatemala,GTM,2023,447018524.169922
Guatemala,GTM,2022,439355041.503906
Guatemala,GTM,2021,514285827.636719
Guatemala,GTM,2020,474629241.943359
Guatemala,GTM,2019,389408660.888672
Guatemala,GTM,2018,399415863.037109
Guatemala,GTM,2017,367012451.171875
Guatemala,GTM,2016,265446594.238281
Guatemala,GTM,2015,411294219.970703
Guatemala,GTM,2014,279835113.525391
Guatemala,GTM,2013,496600158.691406
Guatemala,GTM,2012,304886657.714844
Guatemala,GTM,2011,353574401.855469
Guatemala,GTM,2010,400529998.779297
Guatemala,GTM,2009,380557464.599609
Guatemala,GTM,2008,539501342.773438
Guatemala,GTM,2007,465030578.613281
Guatemala,GTM,2006,500665557.861328
Guatemala,GTM,2005,269480560.302734
Guatemala,GTM,2004,233507293.701172
Guatemala,GTM,2003,259308410.644531
Guatemala,GTM,2002,253236938.476563
Guatemala,GTM,2001,227158538.818359
Guatemala,GTM,2000,260698547.363281
Guatemala,GTM,1999,280900238.037109
Guatemala,GTM,1998,230290237.426758
Guatemala,GTM,1997,256300231.933594
Guatemala,GTM,1996,182839996.337891
Guatemala,GTM,1995,205350006.103516
Guatemala,GTM,1994,196029998.779297
Guatemala,GTM,1993,218850006.103516
Guatemala,GTM,1992,198389999.389648
Guatemala,GTM,1991,191179992.675781
Guatemala,GTM,1990,185910003.662109
Guatemala,GTM,1989,238500000.0
Guatemala,GTM,1988,211100006.103516
Guatemala,GTM,1987,238369995.117188
Guatemala,GTM,1986,122330001.831055
Guatemala,GTM,1985,76019996.6430664
Guatemala,GTM,1984,48580001.8310547
Guatemala,GTM,1983,57000000.0
Guatemala,GTM,1982,43810001.373291
Guatemala,GTM,1981,38569999.6948242
Guatemala,GTM,1980,41959999.0844727
Guatemala,GTM,1979,41380001.0681152
Guatemala,GTM,1978,32080001.8310547
Guatemala,GTM,1977,42240001.6784668
Guatemala,GTM,1976,50060001.373291
Guatemala,GTM,1975,30069999.6948242
Guatemala,GTM,1974,22170000.0762939
Guatemala,GTM,1973,18370000.8392334
Guatemala,GTM,1972,18979999.5422363
Guatemala,GTM,1971,11939999.5803833
Guatemala,GTM,1970,14510000.2288818
Guatemala,GTM,1969,13529999.7329712
Guatemala,GTM,1968,16620000.8392334
Guatemala,GTM,1967,15130000.1144409
Guatemala,GTM,1966,10350000.3814697
Guatemala,GTM,1965,13899999.6185303
Guatemala,GTM,1964,12159999.8474121
Guatemala,GTM,1963,10590000.1525879
Guatemala,GTM,1962,9979999.54223633
Guatemala,GTM,1961,15470000.2670288
Guatemala,GTM,1960,16629999.1607666
Guinea,GIN,2025,
Guinea,GIN,2024,
Guinea,GIN,2023,531753295.898438
Guinea,GIN,2022,502325012.207031
Guinea,GIN,2021,594082946.777344
Guinea,GIN,2020,727187683.105469
Guinea,GIN,2019,562773864.746094
Guinea,GIN,2018,653992248.535156
Guinea,GIN,2017,472239135.742188
Guinea,GIN,2016,566984802.246094
Guinea,GIN,2015,539396057.128906
Guinea,GIN,2014,563120605.46875
Guinea,GIN,2013,467422241.210938
Guinea,GIN,2012,633179992.675781
Guinea,GIN,2011,202115890.50293
Guinea,GIN,2010,219729995.727539
Guinea,GIN,2009,217658325.195313
Guinea,GIN,2008,351221862.792969
Guinea,GIN,2007,257614746.09375
Guinea,GIN,2006,173120330.810547
Guinea,GIN,2005,192910339.355469
Guinea,GIN,2004,274812011.71875
Guinea,GIN,2003,250633331.298828
Guinea,GIN,2002,254193328.857422
Guinea,GIN,2001,289250000.0
Guinea,GIN,2000,153408828.735352
Guinea,GIN,1999,237834030.151367
Guinea,GIN,1998,359574035.644531
Guinea,GIN,1997,381385192.871094
Guinea,GIN,1996,298059997.558594
Guinea,GIN,1995,415920013.427734
Guinea,GIN,1994,358230010.986328
Guinea,GIN,1993,410279998.779297
Guinea,GIN,1992,447279998.779297
Guinea,GIN,1991,377519989.013672
Guinea,GIN,1990,291579986.572266
Guinea,GIN,1989,363160003.662109
Guinea,GIN,1988,254960006.713867
Guinea,GIN,1987,220809997.558594
Guinea,GIN,1986,168270004.272461
Guinea,GIN,1985,112919998.168945
Guinea,GIN,1984,120220001.220703
Guinea,GIN,1983,66480003.3569336
Guinea,GIN,1982,115489997.86377
Guinea,GIN,1981,106510002.13623
Guinea,GIN,1980,88669998.1689453
Guinea,GIN,1979,55560001.373291
Guinea,GIN,1978,59299999.2370605
Guinea,GIN,1977,22600000.3814697
Guinea,GIN,1976,10409999.8474121
Guinea,GIN,1975,24370000.8392334
Guinea,GIN,1974,19809999.4659424
Guinea,GIN,1973,11220000.2670288
Guinea,GIN,1972,4789999.96185303
Guinea,GIN,1971,9550000.19073486
Guinea,GIN,1970,10250000.0
Guinea,GIN,1969,13430000.3051758
Guinea,GIN,1968,6099999.90463257
Guinea,GIN,1967,8000000.0
Guinea,GIN,1966,14390000.3433228
Guinea,GIN,1965,24020000.4577637
Guinea,GIN,1964,14140000.3433228
Guinea,GIN,1963,23299999.2370605
Guinea,GIN,1962,10189999.5803833
Guinea,GIN,1961,2529999.97138977
Guinea,GIN,1960,159999.996423721
Guinea-Bissau,GNB,2025,
Guinea-Bissau,GNB,2024,
Guinea-Bissau,GNB,2023,188911605.834961
Guinea-Bissau,GNB,2022,149706253.051758
Guinea-Bissau,GNB,2021,170619369.506836
Guinea-Bissau,GNB,2020,148729919.433594
Guinea-Bissau,GNB,2019,113485046.386719
Guinea-Bissau,GNB,2018,153599090.576172
Guinea-Bissau,GNB,2017,113353599.54834
Guinea-Bissau,GNB,2016,196816986.083984
Guinea-Bissau,GNB,2015,95087234.4970703
Guinea-Bissau,GNB,2014,110254852.294922
Guinea-Bissau,GNB,2013,105621696.472168
Guinea-Bissau,GNB,2012,80275436.4013672
Guinea-Bissau,GNB,2011,120637901.306152
Guinea-Bissau,GNB,2010,118120002.746582
Guinea-Bissau,GNB,2009,149400009.155273
Guinea-Bissau,GNB,2008,135685089.111328
Guinea-Bissau,GNB,2007,125572097.77832
Guinea-Bissau,GNB,2006,88196929.9316406
Guinea-Bissau,GNB,2005,66756935.1196289
Guinea-Bissau,GNB,2004,77846832.2753906
Guinea-Bissau,GNB,2003,145374832.15332
Guinea-Bissau,GNB,2002,59884834.2895508
Guinea-Bissau,GNB,2001,60694667.8161621
Guinea-Bissau,GNB,2000,81069999.6948242
Guinea-Bissau,GNB,1999,52600360.8703613
Guinea-Bissau,GNB,1998,96010360.7177734
Guinea-Bissau,GNB,1997,124530357.36084
Guinea-Bissau,GNB,1996,180770004.272461
Guinea-Bissau,GNB,1995,117599998.474121
Guinea-Bissau,GNB,1994,174360000.610352
Guinea-Bissau,GNB,1993,94529998.7792969
Guinea-Bissau,GNB,1992,107300003.051758
Guinea-Bissau,GNB,1991,112819999.694824
Guinea-Bissau,GNB,1990,126349998.474121
Guinea-Bissau,GNB,1989,114900001.525879
Guinea-Bissau,GNB,1988,100819999.694824
Guinea-Bissau,GNB,1987,111069999.694824
Guinea-Bissau,GNB,1986,69250000.0
Guinea-Bissau,GNB,1985,56470001.2207031
Guinea-Bissau,GNB,1984,54389999.3896484
Guinea-Bissau,GNB,1983,63029998.7792969
Guinea-Bissau,GNB,1982,63229999.5422363
Guinea-Bissau,GNB,1981,64120002.746582
Guinea-Bissau,GNB,1980,58099998.4741211
Guinea-Bissau,GNB,1979,52529998.7792969
Guinea-Bissau,GNB,1978,49610000.6103516
Guinea-Bissau,GNB,1977,39049999.2370605
Guinea-Bissau,GNB,1976,24850000.3814697
Guinea-Bissau,GNB,1975,20760000.2288818
Guinea-Bissau,GNB,1974,10060000.4196167
Guinea-Bissau,GNB,1973,9999.99977648258
Guinea-Bissau,GNB,1972,
Guinea-Bissau,GNB,1971,109999.999403954
Guinea-Bissau,GNB,1970,
Guinea-Bissau,GNB,1969,70000.0002980232
Guinea-Bissau,GNB,1968,
Guinea-Bissau,GNB,1967,509999.990463257
Guinea-Bissau,GNB,1966,2809999.94277954
Guinea-Bissau,GNB,1965,
Guinea-Bissau,GNB,1964,
Guinea-Bissau,GNB,1963,
Guinea-Bissau,GNB,1962,
Guinea-Bissau,GNB,1961,810000.002384186
Guinea-Bissau,GNB,1960,
Guyana,GUY,2025,
Guyana,GUY,2024,
Guyana,GUY,2023,139789916.992188
Guyana,GUY,2022,200485961.914063
Guyana,GUY,2021,139901382.446289
Guyana,GUY,2020,53201774.597168
Guyana,GUY,2019,112507446.289063
Guyana,GUY,2018,104179985.046387
Guyana,GUY,2017,51128738.4033203
Guyana,GUY,2016,70020416.2597656
Guyana,GUY,2015,32138824.4628906
Guyana,GUY,2014,160611923.217773
Guyana,GUY,2013,101236190.795898
Guyana,GUY,2012,114921150.20752
Guyana,GUY,2011,105620117.1875
Guyana,GUY,2010,102559997.558594
Guyana,GUY,2009,111232192.993164
Guyana,GUY,2008,120391479.492188
Guyana,GUY,2007,78080902.0996094
Guyana,GUY,2006,129506668.09082
Guyana,GUY,2005,101356666.564941
Guyana,GUY,2004,101339996.337891
Guyana,GUY,2003,59279998.7792969
Guyana,GUY,2002,47259998.3215332
Guyana,GUY,2001,63919998.1689453
Guyana,GUY,2000,63633098.6022949
Guyana,GUY,1999,55623100.2807617
Guyana,GUY,1998,75383102.4169922
Guyana,GUY,1997,235529998.779297
Guyana,GUY,1996,88800003.0517578
Guyana,GUY,1995,68089996.3378906
Guyana,GUY,1994,68099998.4741211
Guyana,GUY,1993,87970001.2207031
Guyana,GUY,1992,67480003.3569336
Guyana,GUY,1991,127750000.0
Guyana,GUY,1990,164770004.272461
Guyana,GUY,1989,39590000.1525879
Guyana,GUY,1988,22750000.0
Guyana,GUY,1987,23659999.8474121
Guyana,GUY,1986,24100000.3814697
Guyana,GUY,1985,10720000.2670288
Guyana,GUY,1984,9789999.96185303
Guyana,GUY,1983,15210000.038147
Guyana,GUY,1982,24469999.3133545
Guyana,GUY,1981,51959999.0844727
Guyana,GUY,1980,26649999.6185303
Guyana,GUY,1979,29489999.7711182
Guyana,GUY,1978,26079999.9237061
Guyana,GUY,1977,11609999.6566772
Guyana,GUY,1976,22030000.6866455
Guyana,GUY,1975,10100000.3814697
Guyana,GUY,1974,12140000.3433228
Guyana,GUY,1973,8090000.15258789
Guyana,GUY,1972,12460000.038147
Guyana,GUY,1971,16430000.3051758
Guyana,GUY,1970,16979999.5422363
Guyana,GUY,1969,18100000.3814697
Guyana,GUY,1968,15159999.8474121
Guyana,GUY,1967,11350000.3814697
Guyana,GUY,1966,8670000.07629395
Guyana,GUY,1965,6989999.77111816
Guyana,GUY,1964,5070000.17166138
Guyana,GUY,1963,6150000.09536743
Guyana,GUY,1962,8319999.69482422
Guyana,GUY,1961,9380000.11444092
Guyana,GUY,1960,7570000.17166138
Haiti,HTI,2025,
Haiti,HTI,2024,
Haiti,HTI,2023,1077659423.82813
Haiti,HTI,2022,899078552.246094
Haiti,HTI,2021,952603698.730469
Haiti,HTI,2020,889003845.214844
Haiti,HTI,2019,696997558.59375
Haiti,HTI,2018,1017113403.32031
Haiti,HTI,2017,981249511.71875
Haiti,HTI,2016,1071682373.04688
Haiti,HTI,2015,1045857910.15625
Haiti,HTI,2014,1082363769.53125
Haiti,HTI,2013,1152134643.55469
Haiti,HTI,2012,1273346557.61719
Haiti,HTI,2011,1506462524.41406
Haiti,HTI,2010,2777370117.1875
Haiti,HTI,2009,990764221.191406
Haiti,HTI,2008,824617736.816406
Haiti,HTI,2007,622629394.53125
Haiti,HTI,2006,531536682.128906
Haiti,HTI,2005,366634063.720703
Haiti,HTI,2004,280064056.396484
Haiti,HTI,2003,186744049.072266
Haiti,HTI,2002,151949996.948242
Haiti,HTI,2001,170029998.779297
Haiti,HTI,2000,181643997.192383
Haiti,HTI,1999,213774002.075195
Haiti,HTI,1998,350933990.478516
Haiti,HTI,1997,280799987.792969
Haiti,HTI,1996,331109985.351563
Haiti,HTI,1995,654799987.792969
Haiti,HTI,1994,615289978.027344
Haiti,HTI,1993,120620002.746582
Haiti,HTI,1992,100510002.13623
Haiti,HTI,1991,170610000.610352
Haiti,HTI,1990,155710006.713867
Haiti,HTI,1989,186080001.831055
Haiti,HTI,1988,135960006.713867
Haiti,HTI,1987,210479995.727539
Haiti,HTI,1986,177509994.506836
Haiti,HTI,1985,138119995.117188
Haiti,HTI,1984,115819999.694824
Haiti,HTI,1983,117010002.13623
Haiti,HTI,1982,113629997.253418
Haiti,HTI,1981,96129997.253418
Haiti,HTI,1980,95029998.7792969
Haiti,HTI,1979,74940002.4414063
Haiti,HTI,1978,74150001.5258789
Haiti,HTI,1977,64809997.5585938
Haiti,HTI,1976,54659999.8474121
Haiti,HTI,1975,41549999.2370605
Haiti,HTI,1974,12880000.1144409
Haiti,HTI,1973,7809999.94277954
Haiti,HTI,1972,7010000.22888184
Haiti,HTI,1971,5929999.82833862
Haiti,HTI,1970,6710000.03814697
Haiti,HTI,1969,4139999.8664856
Haiti,HTI,1968,5809999.94277954
Haiti,HTI,1967,4400000.09536743
Haiti,HTI,1966,4480000.01907349
Haiti,HTI,1965,6159999.84741211
Haiti,HTI,1964,4010000.22888184
Haiti,HTI,1963,3140000.10490417
Haiti,HTI,1962,5500000.0
Haiti,HTI,1961,14210000.038147
Haiti,HTI,1960,10359999.6566772
Honduras,HND,2025,
Honduras,HND,2024,
Honduras,HND,2023,550766601.5625
Honduras,HND,2022,787478088.378906
Honduras,HND,2021,618692199.707031
Honduras,HND,2020,1184317993.16406
Honduras,HND,2019,453339874.267578
Honduras,HND,2018,664937011.71875
Honduras,HND,2017,442227874.755859
Honduras,HND,2016,412396209.716797
Honduras,HND,2015,540596252.441406
Honduras,HND,2014,606276062.011719
Honduras,HND,2013,625870361.328125
Honduras,HND,2012,566188842.773438
Honduras,HND,2011,359249481.201172
Honduras,HND,2010,355010009.765625
Honduras,HND,2009,418391235.351563
Honduras,HND,2008,462129516.601563
Honduras,HND,2007,407543945.3125
Honduras,HND,2006,518234619.140625
Honduras,HND,2005,649364624.023438
Honduras,HND,2004,539572143.554688
Honduras,HND,2003,317263336.181641
Honduras,HND,2002,382093322.753906
Honduras,HND,2001,562253356.933594
Honduras,HND,2000,399853332.519531
Honduras,HND,1999,757261657.714844
Honduras,HND,1998,283501678.466797
Honduras,HND,1997,275518341.064453
Honduras,HND,1996,238729995.727539
Honduras,HND,1995,374670013.427734
Honduras,HND,1994,255990005.493164
Honduras,HND,1993,288309997.558594
Honduras,HND,1992,314640014.648438
Honduras,HND,1991,299600006.103516
Honduras,HND,1990,411049987.792969
Honduras,HND,1989,244600006.103516
Honduras,HND,1988,293380004.882813
Honduras,HND,1987,251830001.831055
Honduras,HND,1986,267500000.0
Honduras,HND,1985,237910003.662109
Honduras,HND,1984,215089996.337891
Honduras,HND,1983,146449996.948242
Honduras,HND,1982,122190002.441406
Honduras,HND,1981,87889999.3896484
Honduras,HND,1980,86750000.0
Honduras,HND,1979,70440002.4414063
Honduras,HND,1978,50110000.6103516
Honduras,HND,1977,32349998.4741211
Honduras,HND,1976,29850000.3814697
Honduras,HND,1975,37630001.0681152
Honduras,HND,1974,19500000.0
Honduras,HND,1973,13960000.038147
Honduras,HND,1972,16329999.9237061
Honduras,HND,1971,11739999.7711182
Honduras,HND,1970,13939999.5803833
Honduras,HND,1969,12399999.6185303
Honduras,HND,1968,16219999.3133545
Honduras,HND,1967,8789999.96185303
Honduras,HND,1966,9729999.54223633
Honduras,HND,1965,11670000.0762939
Honduras,HND,1964,10710000.038147
Honduras,HND,1963,7320000.17166138
Honduras,HND,1962,5880000.11444092
Honduras,HND,1961,7340000.15258789
Honduras,HND,1960,5389999.8664856
"Hong Kong SAR, China",HKG,2025,
"Hong Kong SAR, China",HKG,2024,
"Hong Kong SAR, China",HKG,2023,
"Hong Kong SAR, China",HKG,2022,
"Hong Kong SAR, China",HKG,2021,
"Hong Kong SAR, China",HKG,2020,
"Hong Kong SAR, China",HKG,2019,
"Hong Kong SAR, China",HKG,2018,
"Hong Kong SAR, China",HKG,2017,
"Hong Kong SAR, China",HKG,2016,
"Hong Kong SAR, China",HKG,2015,
"Hong Kong SAR, China",HKG,2014,
"Hong Kong SAR, China",HKG,2013,
"Hong Kong SAR, China",HKG,2012,
"Hong Kong SAR, China",HKG,2011,
"Hong Kong SAR, China",HKG,2010,
"Hong Kong SAR, China",HKG,2009,
"Hong Kong SAR, China",HKG,2008,
"Hong Kong SAR, China",HKG,2007,
"Hong Kong SAR, China",HKG,2006,
"Hong Kong SAR, China",HKG,2005,
"Hong Kong SAR, China",HKG,2004,
"Hong Kong SAR, China",HKG,2003,
"Hong Kong SAR, China",HKG,2002,
"Hong Kong SAR, China",HKG,2001,
"Hong Kong SAR, China",HKG,2000,
"Hong Kong SAR, China",HKG,1999,
"Hong Kong SAR, China",HKG,1998,
"Hong Kong SAR, China",HKG,1997,
"Hong Kong SAR, China",HKG,1996,13199999.8092651
"Hong Kong SAR, China",HKG,1995,17729999.5422363
"Hong Kong SAR, China",HKG,1994,26870000.8392334
"Hong Kong SAR, China",HKG,1993,30270000.4577637
"Hong Kong SAR, China",HKG,1992,-39000000.0
"Hong Kong SAR, China",HKG,1991,36069999.6948242
"Hong Kong SAR, China",HKG,1990,38159999.8474121
"Hong Kong SAR, China",HKG,1989,40619998.9318848
"Hong Kong SAR, China",HKG,1988,22100000.3814697
"Hong Kong SAR, China",HKG,1987,19389999.3896484
"Hong Kong SAR, China",HKG,1986,18469999.3133545
"Hong Kong SAR, China",HKG,1985,20479999.5422363
"Hong Kong SAR, China",HKG,1984,13750000.0
"Hong Kong SAR, China",HKG,1983,8779999.73297119
"Hong Kong SAR, China",HKG,1982,7929999.82833862
"Hong Kong SAR, China",HKG,1981,9520000.45776367
"Hong Kong SAR, China",HKG,1980,10890000.3433228
"Hong Kong SAR, China",HKG,1979,11909999.8474121
"Hong Kong SAR, China",HKG,1978,2349999.90463257
"Hong Kong SAR, China",HKG,1977,2069999.9332428
"Hong Kong SAR, China",HKG,1976,2680000.0667572
"Hong Kong SAR, China",HKG,1975,-1139999.98569489
"Hong Kong SAR, China",HKG,1974,1029999.97138977
"Hong Kong SAR, China",HKG,1973,910000.026226044
"Hong Kong SAR, China",HKG,1972,2890000.10490417
"Hong Kong SAR, China",HKG,1971,3630000.11444092
"Hong Kong SAR, China",HKG,1970,1409999.9666214
"Hong Kong SAR, China",HKG,1969,1289999.96185303
"Hong Kong SAR, China",HKG,1968,1320000.05245209
"Hong Kong SAR, China",HKG,1967,2650000.09536743
"Hong Kong SAR, China",HKG,1966,2470000.02861023
"Hong Kong SAR, China",HKG,1965,4250000.0
"Hong Kong SAR, China",HKG,1964,280000.001192093
"Hong Kong SAR, China",HKG,1963,5449999.80926514
"Hong Kong SAR, China",HKG,1962,1909999.9666214
"Hong Kong SAR, China",HKG,1961,5119999.88555908
"Hong Kong SAR, China",HKG,1960,5829999.92370605
Hungary,HUN,2025,
Hungary,HUN,2024,
Hungary,HUN,2023,
Hungary,HUN,2022,
Hungary,HUN,2021,
Hungary,HUN,2020,
Hungary,HUN,2019,
Hungary,HUN,2018,
Hungary,HUN,2017,
Hungary,HUN,2016,
Hungary,HUN,2015,
Hungary,HUN,2014,
Hungary,HUN,2013,
Hungary,HUN,2012,
Hungary,HUN,2011,
Hungary,HUN,2010,
Hungary,HUN,2009,
Hungary,HUN,2008,
Hungary,HUN,2007,
Hungary,HUN,2006,
Hungary,HUN,2005,
Hungary,HUN,2004,302010009.765625
Hungary,HUN,2003,247990005.493164
Hungary,HUN,2002,160330001.831055
Hungary,HUN,2001,417489990.234375
Hungary,HUN,2000,252169998.168945
Hungary,HUN,1999,248779998.779297
Hungary,HUN,1998,238750000.0
Hungary,HUN,1997,176160003.662109
Hungary,HUN,1996,202759994.506836
Hungary,HUN,1995,-245240005.493164
Hungary,HUN,1994,199080001.831055
Hungary,HUN,1993,164389999.389648
Hungary,HUN,1992,221149993.896484
Hungary,HUN,1991,626219970.703125
Hungary,HUN,1990,67010002.1362305
Hungary,HUN,1989,
Hungary,HUN,1988,
Hungary,HUN,1987,
Hungary,HUN,1986,
Hungary,HUN,1985,
Hungary,HUN,1984,
Hungary,HUN,1983,
Hungary,HUN,1982,
Hungary,HUN,1981,
Hungary,HUN,1980,
Hungary,HUN,1979,
Hungary,HUN,1978,
Hungary,HUN,1977,
Hungary,HUN,1976,
Hungary,HUN,1975,
Hungary,HUN,1974,
Hungary,HUN,1973,
Hungary,HUN,1972,
Hungary,HUN,1971,
Hungary,HUN,1970,
Hungary,HUN,1969,
Hungary,HUN,1968,
Hungary,HUN,1967,
Hungary,HUN,1966,
Hungary,HUN,1965,
Hungary,HUN,1964,
Hungary,HUN,1963,
Hungary,HUN,1962,
Hungary,HUN,1961,
Hungary,HUN,1960,
Iceland,ISL,2025,
Iceland,ISL,2024,
Iceland,ISL,2023,
Iceland,ISL,2022,
Iceland,ISL,2021,
Iceland,ISL,2020,
Iceland,ISL,2019,
Iceland,ISL,2018,
Iceland,ISL,2017,
Iceland,ISL,2016,
Iceland,ISL,2015,
Iceland,ISL,2014,
Iceland,ISL,2013,
Iceland,ISL,2012,
Iceland,ISL,2011,
Iceland,ISL,2010,
Iceland,ISL,2009,
Iceland,ISL,2008,
Iceland,ISL,2007,
Iceland,ISL,2006,
Iceland,ISL,2005,
Iceland,ISL,2004,
Iceland,ISL,2003,
Iceland,ISL,2002,
Iceland,ISL,2001,
Iceland,ISL,2000,
Iceland,ISL,1999,
Iceland,ISL,1998,
Iceland,ISL,1997,
Iceland,ISL,1996,
Iceland,ISL,1995,
Iceland,ISL,1994,
Iceland,ISL,1993,
Iceland,ISL,1992,
Iceland,ISL,1991,
Iceland,ISL,1990,
Iceland,ISL,1989,
Iceland,ISL,1988,
Iceland,ISL,1987,
Iceland,ISL,1986,
Iceland,ISL,1985,
Iceland,ISL,1984,
Iceland,ISL,1983,
Iceland,ISL,1982,
Iceland,ISL,1981,
Iceland,ISL,1980,
Iceland,ISL,1979,
Iceland,ISL,1978,
Iceland,ISL,1977,
Iceland,ISL,1976,
Iceland,ISL,1975,
Iceland,ISL,1974,
Iceland,ISL,1973,
Iceland,ISL,1972,
Iceland,ISL,1971,
Iceland,ISL,1970,
Iceland,ISL,1969,
Iceland,ISL,1968,
Iceland,ISL,1967,
Iceland,ISL,1966,
Iceland,ISL,1965,
Iceland,ISL,1964,
Iceland,ISL,1963,
Iceland,ISL,1962,
Iceland,ISL,1961,
Iceland,ISL,1960,
India,IND,2025,
India,IND,2024,
India,IND,2023,2376562011.71875
India,IND,2022,2818065917.96875
India,IND,2021,3136778564.45313
India,IND,2020,1795723022.46094
India,IND,2019,2551398681.64063
India,IND,2018,2461992431.64063
India,IND,2017,3198135253.90625
India,IND,2016,2679044677.73438
India,IND,2015,3174348388.67188
India,IND,2014,2991821289.0625
India,IND,2013,2456343505.85938
India,IND,2012,1681847900.39063
India,IND,2011,3270217529.29688
India,IND,2010,2561070068.35938
India,IND,2009,2456610351.5625
India,IND,2008,2011584472.65625
India,IND,2007,1329207519.53125
India,IND,2006,1383576416.01563
India,IND,2005,1875962768.55469
India,IND,2004,778313415.527344
India,IND,2003,720896728.515625
India,IND,2002,1738208007.8125
India,IND,2001,1729608032.22656
India,IND,2000,1383423095.70313
India,IND,1999,1490759033.20313
India,IND,1998,1608949096.67969
India,IND,1997,1646250000.0
India,IND,1996,1904152954.10156
India,IND,1995,1732829956.05469
India,IND,1994,2322320068.35938
India,IND,1993,1466290039.0625
India,IND,1992,2425139892.57813
India,IND,1991,2733520019.53125
India,IND,1990,1395000000.0
India,IND,1989,1766109985.35156
India,IND,1988,1947650024.41406
India,IND,1987,1695479980.46875
India,IND,1986,1989939941.40625
India,IND,1985,1587010009.76563
India,IND,1984,1665939941.40625
India,IND,1983,1830510009.76563
India,IND,1982,1635750000.0
India,IND,1981,1972469970.70313
India,IND,1980,2185959960.9375
India,IND,1979,1363189941.40625
India,IND,1978,1131150024.41406
India,IND,1977,988809997.558594
India,IND,1976,1744609985.35156
India,IND,1975,1605189941.40625
India,IND,1974,1230400024.41406
India,IND,1973,778710021.972656
India,IND,1972,613900024.414063
India,IND,1971,1002400024.41406
India,IND,1970,824659973.144531
India,IND,1969,905260009.765625
India,IND,1968,924409973.144531
India,IND,1967,1382119995.11719
India,IND,1966,1249699951.17188
India,IND,1965,1284199951.17188
India,IND,1964,1216010009.76563
India,IND,1963,977440002.441406
India,IND,1962,677270019.53125
India,IND,1961,616590026.855469
India,IND,1960,729630004.882813
Indonesia,IDN,2025,
Indonesia,IDN,2024,
Indonesia,IDN,2023,1155079467.77344
Indonesia,IDN,2022,667683776.855469
Indonesia,IDN,2021,626984741.210938
Indonesia,IDN,2020,1211180786.13281
Indonesia,IDN,2019,-693161743.164063
Indonesia,IDN,2018,962693420.410156
Indonesia,IDN,2017,280185241.699219
Indonesia,IDN,2016,-108278182.983398
Indonesia,IDN,2015,-28457588.1958008
Indonesia,IDN,2014,-381941589.355469
Indonesia,IDN,2013,69474822.9980469
Indonesia,IDN,2012,69008773.8037109
Indonesia,IDN,2011,358105194.091797
Indonesia,IDN,2010,1212579956.05469
Indonesia,IDN,2009,902692077.636719
Indonesia,IDN,2008,1145673339.84375
Indonesia,IDN,2007,737037780.761719
Indonesia,IDN,2006,1229973632.8125
Indonesia,IDN,2005,2488997558.59375
Indonesia,IDN,2004,97564201.3549805
Indonesia,IDN,2003,1738635009.76563
Indonesia,IDN,2002,1296010131.83594
Indonesia,IDN,2001,1458182495.11719
Indonesia,IDN,2000,1645426269.53125
Indonesia,IDN,1999,2132456054.6875
Indonesia,IDN,1998,1265686035.15625
Indonesia,IDN,1997,797580017.089844
Indonesia,IDN,1996,1057969970.70313
Indonesia,IDN,1995,1251750000.0
Indonesia,IDN,1994,1505199951.17188
Indonesia,IDN,1993,1876089965.82031
Indonesia,IDN,1992,1919430053.71094
Indonesia,IDN,1991,1791609985.35156
Indonesia,IDN,1990,1592550048.82813
Indonesia,IDN,1989,1768359985.35156
Indonesia,IDN,1988,1560770019.53125
Indonesia,IDN,1987,1207170043.94531
Indonesia,IDN,1986,700179992.675781
Indonesia,IDN,1985,590859985.351563
Indonesia,IDN,1984,663469970.703125
Indonesia,IDN,1983,734669982.910156
Indonesia,IDN,1982,894750000.0
Indonesia,IDN,1981,964440002.441406
Indonesia,IDN,1980,936909973.144531
Indonesia,IDN,1979,716440002.441406
Indonesia,IDN,1978,625929992.675781
Indonesia,IDN,1977,499950012.207031
Indonesia,IDN,1976,643380004.882813
Indonesia,IDN,1975,668969970.703125
Indonesia,IDN,1974,649929992.675781
Indonesia,IDN,1973,597309997.558594
Indonesia,IDN,1972,494959991.455078
Indonesia,IDN,1971,584500000.0
Indonesia,IDN,1970,464359985.351563
Indonesia,IDN,1969,328609985.351563
Indonesia,IDN,1968,326029998.779297
Indonesia,IDN,1967,231940002.441406
Indonesia,IDN,1966,85430000.3051758
Indonesia,IDN,1965,42869998.9318848
Indonesia,IDN,1964,66900001.5258789
Indonesia,IDN,1963,108150001.525879
Indonesia,IDN,1962,157729995.727539
Indonesia,IDN,1961,113800003.051758
Indonesia,IDN,1960,83080001.8310547
"Iran, Islamic Rep.",IRN,2025,
"Iran, Islamic Rep.",IRN,2024,
"Iran, Islamic Rep.",IRN,2023,240743408.203125
"Iran, Islamic Rep.",IRN,2022,290900268.554688
"Iran, Islamic Rep.",IRN,2021,304880004.882813
"Iran, Islamic Rep.",IRN,2020,236513610.839844
"Iran, Islamic Rep.",IRN,2019,205580688.476563
"Iran, Islamic Rep.",IRN,2018,166452621.459961
"Iran, Islamic Rep.",IRN,2017,140277343.75
"Iran, Islamic Rep.",IRN,2016,116192543.029785
"Iran, Islamic Rep.",IRN,2015,110902206.420898
"Iran, Islamic Rep.",IRN,2014,81171401.9775391
"Iran, Islamic Rep.",IRN,2013,131601470.947266
"Iran, Islamic Rep.",IRN,2012,151789199.829102
"Iran, Islamic Rep.",IRN,2011,105786804.199219
"Iran, Islamic Rep.",IRN,2010,110790000.915527
"Iran, Islamic Rep.",IRN,2009,92572662.3535156
"Iran, Islamic Rep.",IRN,2008,100466659.545898
"Iran, Islamic Rep.",IRN,2007,103769500.732422
"Iran, Islamic Rep.",IRN,2006,117239501.953125
"Iran, Islamic Rep.",IRN,2005,100665496.826172
"Iran, Islamic Rep.",IRN,2004,188647369.384766
"Iran, Islamic Rep.",IRN,2003,131045700.073242
"Iran, Islamic Rep.",IRN,2002,114535697.937012
"Iran, Islamic Rep.",IRN,2001,114562522.888184
"Iran, Islamic Rep.",IRN,2000,129869995.117188
"Iran, Islamic Rep.",IRN,1999,161493331.90918
"Iran, Islamic Rep.",IRN,1998,164563339.233398
"Iran, Islamic Rep.",IRN,1997,200763336.181641
"Iran, Islamic Rep.",IRN,1996,164500000.0
"Iran, Islamic Rep.",IRN,1995,186940002.441406
"Iran, Islamic Rep.",IRN,1994,130039993.286133
"Iran, Islamic Rep.",IRN,1993,140479995.727539
"Iran, Islamic Rep.",IRN,1992,105699996.948242
"Iran, Islamic Rep.",IRN,1991,193399993.896484
"Iran, Islamic Rep.",IRN,1990,106449996.948242
"Iran, Islamic Rep.",IRN,1989,91290000.9155273
"Iran, Islamic Rep.",IRN,1988,81330001.8310547
"Iran, Islamic Rep.",IRN,1987,70879997.253418
"Iran, Islamic Rep.",IRN,1986,26309999.4659424
"Iran, Islamic Rep.",IRN,1985,11430000.3051758
"Iran, Islamic Rep.",IRN,1984,7800000.19073486
"Iran, Islamic Rep.",IRN,1983,42720001.2207031
"Iran, Islamic Rep.",IRN,1982,-629999.995231628
"Iran, Islamic Rep.",IRN,1981,4840000.15258789
"Iran, Islamic Rep.",IRN,1980,28159999.8474121
"Iran, Islamic Rep.",IRN,1979,5840000.15258789
"Iran, Islamic Rep.",IRN,1978,243050003.051758
"Iran, Islamic Rep.",IRN,1977,38689998.626709
"Iran, Islamic Rep.",IRN,1976,-5460000.03814697
"Iran, Islamic Rep.",IRN,1975,1519999.98092651
"Iran, Islamic Rep.",IRN,1974,9079999.92370605
"Iran, Islamic Rep.",IRN,1973,-3740000.00953674
"Iran, Islamic Rep.",IRN,1972,8880000.11444092
"Iran, Islamic Rep.",IRN,1971,7550000.19073486
"Iran, Islamic Rep.",IRN,1970,20950000.7629395
"Iran, Islamic Rep.",IRN,1969,17040000.9155273
"Iran, Islamic Rep.",IRN,1968,8380000.11444092
"Iran, Islamic Rep.",IRN,1967,32130001.0681152
"Iran, Islamic Rep.",IRN,1966,11340000.1525879
"Iran, Islamic Rep.",IRN,1965,21420000.0762939
"Iran, Islamic Rep.",IRN,1964,4269999.98092651
"Iran, Islamic Rep.",IRN,1963,27350000.3814697
"Iran, Islamic Rep.",IRN,1962,56409999.8474121
"Iran, Islamic Rep.",IRN,1961,129800003.051758
"Iran, Islamic Rep.",IRN,1960,27129999.1607666
Iraq,IRQ,2025,
Iraq,IRQ,2024,
Iraq,IRQ,2023,2007466674.80469
Iraq,IRQ,2022,1570884521.48438
Iraq,IRQ,2021,1809198364.25781
Iraq,IRQ,2020,2360435791.01563
Iraq,IRQ,2019,2091603759.76563
Iraq,IRQ,2018,2300608642.57813
Iraq,IRQ,2017,2907511474.60938
Iraq,IRQ,2016,2287895507.8125
Iraq,IRQ,2015,1482942382.8125
Iraq,IRQ,2014,1369267333.98438
Iraq,IRQ,2013,1541537963.86719
Iraq,IRQ,2012,1300883178.71094
Iraq,IRQ,2011,1914689941.40625
Iraq,IRQ,2010,2116439941.40625
Iraq,IRQ,2009,2791229736.32813
Iraq,IRQ,2008,9884529296.875
Iraq,IRQ,2007,9204339843.75
Iraq,IRQ,2006,8889320312.5
Iraq,IRQ,2005,22057089843.75
Iraq,IRQ,2004,4650649902.34375
Iraq,IRQ,2003,2287649902.34375
Iraq,IRQ,2002,113379997.253418
Iraq,IRQ,2001,122699996.948242
Iraq,IRQ,2000,101830001.831055
Iraq,IRQ,1999,76790000.9155273
Iraq,IRQ,1998,117760002.13623
Iraq,IRQ,1997,221929992.675781
Iraq,IRQ,1996,349739990.234375
Iraq,IRQ,1995,332769989.013672
Iraq,IRQ,1994,253500000.0
Iraq,IRQ,1993,168699996.948242
Iraq,IRQ,1992,138100006.103516
Iraq,IRQ,1991,552479980.46875
Iraq,IRQ,1990,63090000.1525879
Iraq,IRQ,1989,10869999.8855591
Iraq,IRQ,1988,6500000.0
Iraq,IRQ,1987,86360000.6103516
Iraq,IRQ,1986,28280000.6866455
Iraq,IRQ,1985,19899999.6185303
Iraq,IRQ,1984,-1980000.01907349
Iraq,IRQ,1983,6869999.88555908
Iraq,IRQ,1982,3619999.88555908
Iraq,IRQ,1981,262769989.013672
Iraq,IRQ,1980,12430000.3051758
Iraq,IRQ,1979,28899999.6185303
Iraq,IRQ,1978,73919998.1689453
Iraq,IRQ,1977,81720001.2207031
Iraq,IRQ,1976,20299999.2370605
Iraq,IRQ,1975,110330001.831055
Iraq,IRQ,1974,4230000.01907349
Iraq,IRQ,1973,13300000.1907349
Iraq,IRQ,1972,22709999.0844727
Iraq,IRQ,1971,16360000.6103516
Iraq,IRQ,1970,8060000.4196167
Iraq,IRQ,1969,4289999.96185303
Iraq,IRQ,1968,2289999.96185303
Iraq,IRQ,1967,4079999.92370605
Iraq,IRQ,1966,4090000.15258789
Iraq,IRQ,1965,10720000.2670288
Iraq,IRQ,1964,12880000.1144409
Iraq,IRQ,1963,5159999.84741211
Iraq,IRQ,1962,2180000.0667572
Iraq,IRQ,1961,680000.007152557
Iraq,IRQ,1960,1450000.04768372
Ireland,IRL,2025,
Ireland,IRL,2024,
Ireland,IRL,2023,
Ireland,IRL,2022,
Ireland,IRL,2021,
Ireland,IRL,2020,
Ireland,IRL,2019,
Ireland,IRL,2018,
Ireland,IRL,2017,
Ireland,IRL,2016,
Ireland,IRL,2015,
Ireland,IRL,2014,
Ireland,IRL,2013,
Ireland,IRL,2012,
Ireland,IRL,2011,
Ireland,IRL,2010,
Ireland,IRL,2009,
Ireland,IRL,2008,
Ireland,IRL,2007,
Ireland,IRL,2006,
Ireland,IRL,2005,
Ireland,IRL,2004,
Ireland,IRL,2003,
Ireland,IRL,2002,
Ireland,IRL,2001,
Ireland,IRL,2000,
Ireland,IRL,1999,
Ireland,IRL,1998,
Ireland,IRL,1997,
Ireland,IRL,1996,
Ireland,IRL,1995,
Ireland,IRL,1994,
Ireland,IRL,1993,
Ireland,IRL,1992,
Ireland,IRL,1991,
Ireland,IRL,1990,
Ireland,IRL,1989,
Ireland,IRL,1988,
Ireland,IRL,1987,
Ireland,IRL,1986,
Ireland,IRL,1985,
Ireland,IRL,1984,
Ireland,IRL,1983,
Ireland,IRL,1982,
Ireland,IRL,1981,
Ireland,IRL,1980,
Ireland,IRL,1979,
Ireland,IRL,1978,
Ireland,IRL,1977,
Ireland,IRL,1976,
Ireland,IRL,1975,
Ireland,IRL,1974,
Ireland,IRL,1973,
Ireland,IRL,1972,
Ireland,IRL,1971,
Ireland,IRL,1970,
Ireland,IRL,1969,
Ireland,IRL,1968,
Ireland,IRL,1967,
Ireland,IRL,1966,
Ireland,IRL,1965,
Ireland,IRL,1964,
Ireland,IRL,1963,
Ireland,IRL,1962,
Ireland,IRL,1961,
Ireland,IRL,1960,
Isle of Man,IMN,2025,
Isle of Man,IMN,2024,
Isle of Man,IMN,2023,
Isle of Man,IMN,2022,
Isle of Man,IMN,2021,
Isle of Man,IMN,2020,
Isle of Man,IMN,2019,
Isle of Man,IMN,2018,
Isle of Man,IMN,2017,
Isle of Man,IMN,2016,
Isle of Man,IMN,2015,
Isle of Man,IMN,2014,
Isle of Man,IMN,2013,
Isle of Man,IMN,2012,
Isle of Man,IMN,2011,
Isle of Man,IMN,2010,
Isle of Man,IMN,2009,
Isle of Man,IMN,2008,
Isle of Man,IMN,2007,
Isle of Man,IMN,2006,
Isle of Man,IMN,2005,
Isle of Man,IMN,2004,
Isle of Man,IMN,2003,
Isle of Man,IMN,2002,
Isle of Man,IMN,2001,
Isle of Man,IMN,2000,
Isle of Man,IMN,1999,
Isle of Man,IMN,1998,
Isle of Man,IMN,1997,
Isle of Man,IMN,1996,
Isle of Man,IMN,1995,
Isle of Man,IMN,1994,
Isle of Man,IMN,1993,
Isle of Man,IMN,1992,
Isle of Man,IMN,1991,
Isle of Man,IMN,1990,
Isle of Man,IMN,1989,
Isle of Man,IMN,1988,
Isle of Man,IMN,1987,
Isle of Man,IMN,1986,
Isle of Man,IMN,1985,
Isle of Man,IMN,1984,
Isle of Man,IMN,1983,
Isle of Man,IMN,1982,
Isle of Man,IMN,1981,
Isle of Man,IMN,1980,
Isle of Man,IMN,1979,
Isle of Man,IMN,1978,
Isle of Man,IMN,1977,
Isle of Man,IMN,1976,
Isle of Man,IMN,1975,
Isle of Man,IMN,1974,
Isle of Man,IMN,1973,
Isle of Man,IMN,1972,
Isle of Man,IMN,1971,
Isle of Man,IMN,1970,
Isle of Man,IMN,1969,
Isle of Man,IMN,1968,
Isle of Man,IMN,1967,
Isle of Man,IMN,1966,
Isle of Man,IMN,1965,
Isle of Man,IMN,1964,
Isle of Man,IMN,1963,
Isle of Man,IMN,1962,
Isle of Man,IMN,1961,
Isle of Man,IMN,1960,
Israel,ISR,2025,
Israel,ISR,2024,
Israel,ISR,2023,
Israel,ISR,2022,
Israel,ISR,2021,
Israel,ISR,2020,
Israel,ISR,2019,
Israel,ISR,2018,
Israel,ISR,2017,
Israel,ISR,2016,
Israel,ISR,2015,
Israel,ISR,2014,
Israel,ISR,2013,
Israel,ISR,2012,
Israel,ISR,2011,
Israel,ISR,2010,
Israel,ISR,2009,
Israel,ISR,2008,
Israel,ISR,2007,
Israel,ISR,2006,
Israel,ISR,2005,
Israel,ISR,2004,
Israel,ISR,2003,
Israel,ISR,2002,
Israel,ISR,2001,
Israel,ISR,2000,
Israel,ISR,1999,
Israel,ISR,1998,
Israel,ISR,1997,
Israel,ISR,1996,2216760009.76563
Israel,ISR,1995,335589996.337891
Israel,ISR,1994,1237180053.71094
Israel,ISR,1993,1266170043.94531
Israel,ISR,1992,2065770019.53125
Israel,ISR,1991,1749459960.9375
Israel,ISR,1990,1371890014.64844
Israel,ISR,1989,1191760009.76563
Israel,ISR,1988,1241060058.59375
Israel,ISR,1987,1250800048.82813
Israel,ISR,1986,1937109985.35156
Israel,ISR,1985,1978400024.41406
Israel,ISR,1984,1255910034.17969
Israel,ISR,1983,1344979980.46875
Israel,ISR,1982,857440002.441406
Israel,ISR,1981,772409973.144531
Israel,ISR,1980,892159973.144531
Israel,ISR,1979,1184680053.71094
Israel,ISR,1978,899669982.910156
Israel,ISR,1977,797400024.414063
Israel,ISR,1976,643340026.855469
Israel,ISR,1975,467480010.986328
Israel,ISR,1974,117589996.337891
Israel,ISR,1973,186039993.286133
Israel,ISR,1972,85370002.746582
Israel,ISR,1971,72220001.2207031
Israel,ISR,1970,63159999.8474121
Israel,ISR,1969,55150001.5258789
Israel,ISR,1968,61990001.6784668
Israel,ISR,1967,70669998.1689453
Israel,ISR,1966,111099998.474121
Israel,ISR,1965,122830001.831055
Israel,ISR,1964,95959999.0844727
Israel,ISR,1963,113639999.389648
Israel,ISR,1962,106400001.525879
Israel,ISR,1961,107349998.474121
Israel,ISR,1960,105260002.13623
Italy,ITA,2025,
Italy,ITA,2024,
Italy,ITA,2023,
Italy,ITA,2022,
Italy,ITA,2021,
Italy,ITA,2020,
Italy,ITA,2019,
Italy,ITA,2018,
Italy,ITA,2017,
Italy,ITA,2016,
Italy,ITA,2015,
Italy,ITA,2014,
Italy,ITA,2013,
Italy,ITA,2012,
Italy,ITA,2011,
Italy,ITA,2010,
Italy,ITA,2009,
Italy,ITA,2008,
Italy,ITA,2007,
Italy,ITA,2006,
Italy,ITA,2005,
Italy,ITA,2004,
Italy,ITA,2003,
Italy,ITA,2002,
Italy,ITA,2001,
Italy,ITA,2000,
Italy,ITA,1999,
Italy,ITA,1998,
Italy,ITA,1997,
Italy,ITA,1996,
Italy,ITA,1995,
Italy,ITA,1994,
Italy,ITA,1993,
Italy,ITA,1992,
Italy,ITA,1991,
Italy,ITA,1990,
Italy,ITA,1989,
Italy,ITA,1988,
Italy,ITA,1987,
Italy,ITA,1986,
Italy,ITA,1985,
Italy,ITA,1984,
Italy,ITA,1983,
Italy,ITA,1982,
Italy,ITA,1981,
Italy,ITA,1980,
Italy,ITA,1979,
Italy,ITA,1978,
Italy,ITA,1977,
Italy,ITA,1976,
Italy,ITA,1975,
Italy,ITA,1974,
Italy,ITA,1973,
Italy,ITA,1972,
Italy,ITA,1971,
Italy,ITA,1970,
Italy,ITA,1969,
Italy,ITA,1968,
Italy,ITA,1967,
Italy,ITA,1966,
Italy,ITA,1965,
Italy,ITA,1964,
Italy,ITA,1963,
Italy,ITA,1962,
Italy,ITA,1961,
Italy,ITA,1960,
Jamaica,JAM,2025,
Jamaica,JAM,2024,
Jamaica,JAM,2023,86414985.6567383
Jamaica,JAM,2022,96620437.6220703
Jamaica,JAM,2021,59953330.9936523
Jamaica,JAM,2020,67849090.5761719
Jamaica,JAM,2019,125933029.174805
Jamaica,JAM,2018,100306388.85498
Jamaica,JAM,2017,61547187.8051758
Jamaica,JAM,2016,26846397.3999023
Jamaica,JAM,2015,59072452.545166
Jamaica,JAM,2014,95994010.925293
Jamaica,JAM,2013,71592742.9199219
Jamaica,JAM,2012,28057689.666748
Jamaica,JAM,2011,41032165.5273438
Jamaica,JAM,2010,142350006.103516
Jamaica,JAM,2009,152283493.041992
Jamaica,JAM,2008,89812873.840332
Jamaica,JAM,2007,31659999.8474121
Jamaica,JAM,2006,40700000.7629395
Jamaica,JAM,2005,43750511.1694336
Jamaica,JAM,2004,86750511.1694336
Jamaica,JAM,2003,10545511.2457275
Jamaica,JAM,2002,28530000.6866455
Jamaica,JAM,2001,58900001.5258789
Jamaica,JAM,2000,14131871.2234497
Jamaica,JAM,1999,-17228128.4332275
Jamaica,JAM,1998,23101871.4904785
Jamaica,JAM,1997,76279998.7792969
Jamaica,JAM,1996,62409999.8474121
Jamaica,JAM,1995,114510002.13623
Jamaica,JAM,1994,121166000.366211
Jamaica,JAM,1993,105000000.0
Jamaica,JAM,1992,122919998.168945
Jamaica,JAM,1991,164009994.506836
Jamaica,JAM,1990,271579986.572266
Jamaica,JAM,1989,258910003.662109
Jamaica,JAM,1988,184809997.558594
Jamaica,JAM,1987,160729995.727539
Jamaica,JAM,1986,174479995.727539
Jamaica,JAM,1985,165919998.168945
Jamaica,JAM,1984,165360000.610352
Jamaica,JAM,1983,171110000.610352
Jamaica,JAM,1982,162610000.610352
Jamaica,JAM,1981,136559997.558594
Jamaica,JAM,1980,110790000.915527
Jamaica,JAM,1979,114389999.389648
Jamaica,JAM,1978,113739997.86377
Jamaica,JAM,1977,24760000.2288818
Jamaica,JAM,1976,19680000.3051758
Jamaica,JAM,1975,20250000.0
Jamaica,JAM,1974,21219999.3133545
Jamaica,JAM,1973,15430000.3051758
Jamaica,JAM,1972,16950000.7629395
Jamaica,JAM,1971,17950000.7629395
Jamaica,JAM,1970,10500000.0
Jamaica,JAM,1969,13270000.4577637
Jamaica,JAM,1968,16059999.4659424
Jamaica,JAM,1967,9760000.22888184
Jamaica,JAM,1966,10220000.2670288
Jamaica,JAM,1965,9869999.88555908
Jamaica,JAM,1964,4000000.0
Jamaica,JAM,1963,3450000.04768372
Jamaica,JAM,1962,12600000.3814697
Jamaica,JAM,1961,10090000.1525879
Jamaica,JAM,1960,
Japan,JPN,2025,
Japan,JPN,2024,
Japan,JPN,2023,
Japan,JPN,2022,
Japan,JPN,2021,
Japan,JPN,2020,
Japan,JPN,2019,
Japan,JPN,2018,
Japan,JPN,2017,
Japan,JPN,2016,
Japan,JPN,2015,
Japan,JPN,2014,
Japan,JPN,2013,
Japan,JPN,2012,
Japan,JPN,2011,
Japan,JPN,2010,
Japan,JPN,2009,
Japan,JPN,2008,
Japan,JPN,2007,
Japan,JPN,2006,
Japan,JPN,2005,
Japan,JPN,2004,
Japan,JPN,2003,
Japan,JPN,2002,
Japan,JPN,2001,
Japan,JPN,2000,
Japan,JPN,1999,
Japan,JPN,1998,
Japan,JPN,1997,
Japan,JPN,1996,
Japan,JPN,1995,
Japan,JPN,1994,
Japan,JPN,1993,
Japan,JPN,1992,
Japan,JPN,1991,
Japan,JPN,1990,
Japan,JPN,1989,
Japan,JPN,1988,
Japan,JPN,1987,
Japan,JPN,1986,
Japan,JPN,1985,
Japan,JPN,1984,
Japan,JPN,1983,
Japan,JPN,1982,
Japan,JPN,1981,
Japan,JPN,1980,
Japan,JPN,1979,
Japan,JPN,1978,
Japan,JPN,1977,
Japan,JPN,1976,
Japan,JPN,1975,
Japan,JPN,1974,
Japan,JPN,1973,
Japan,JPN,1972,
Japan,JPN,1971,
Japan,JPN,1970,
Japan,JPN,1969,
Japan,JPN,1968,
Japan,JPN,1967,
Japan,JPN,1966,
Japan,JPN,1965,
Japan,JPN,1964,
Japan,JPN,1963,
Japan,JPN,1962,
Japan,JPN,1961,
Japan,JPN,1960,
Jordan,JOR,2025,
Jordan,JOR,2024,
Jordan,JOR,2023,2834251464.84375
Jordan,JOR,2022,1987528320.3125
Jordan,JOR,2021,3435530761.71875
Jordan,JOR,2020,3116034667.96875
Jordan,JOR,2019,2691228271.48438
Jordan,JOR,2018,2526103515.625
Jordan,JOR,2017,2979661621.09375
Jordan,JOR,2016,2727970703.125
Jordan,JOR,2015,2141048095.70313
Jordan,JOR,2014,2697162841.79688
Jordan,JOR,2013,1400333740.23438
Jordan,JOR,2012,1157494995.11719
Jordan,JOR,2011,974096130.371094
Jordan,JOR,2010,881469970.703125
Jordan,JOR,2009,740419006.347656
Jordan,JOR,2008,734092285.15625
Jordan,JOR,2007,631505981.445313
Jordan,JOR,2006,573570007.324219
Jordan,JOR,2005,709849975.585938
Jordan,JOR,2004,604625488.28125
Jordan,JOR,2003,1321215454.10156
Jordan,JOR,2002,562715515.136719
Jordan,JOR,2001,450309814.453125
Jordan,JOR,2000,554178955.078125
Jordan,JOR,1999,435198974.609375
Jordan,JOR,1998,413908966.064453
Jordan,JOR,1997,475566467.285156
Jordan,JOR,1996,509075653.076172
Jordan,JOR,1995,540490661.621094
Jordan,JOR,1994,373809997.558594
Jordan,JOR,1993,310839996.337891
Jordan,JOR,1992,425269989.013672
Jordan,JOR,1991,939309997.558594
Jordan,JOR,1990,951659973.144531
Jordan,JOR,1989,338470001.220703
Jordan,JOR,1988,475679992.675781
Jordan,JOR,1987,646489990.234375
Jordan,JOR,1986,632919982.910156
Jordan,JOR,1985,607419982.910156
Jordan,JOR,1984,701359985.351563
Jordan,JOR,1983,854169982.910156
Jordan,JOR,1982,904000000.0
Jordan,JOR,1981,1248989990.23438
Jordan,JOR,1980,1576130004.88281
Jordan,JOR,1979,1461290039.0625
Jordan,JOR,1978,472140014.648438
Jordan,JOR,1977,441000000.0
Jordan,JOR,1976,573200012.207031
Jordan,JOR,1975,491679992.675781
Jordan,JOR,1974,311420013.427734
Jordan,JOR,1973,205380004.882813
Jordan,JOR,1972,109290000.915527
Jordan,JOR,1971,64309997.5585938
Jordan,JOR,1970,80080001.8310547
Jordan,JOR,1969,48529998.7792969
Jordan,JOR,1968,45729999.5422363
Jordan,JOR,1967,53500000.0
Jordan,JOR,1966,76919998.1689453
Jordan,JOR,1965,68949996.9482422
Jordan,JOR,1964,75550003.0517578
Jordan,JOR,1963,82650001.5258789
Jordan,JOR,1962,81730003.3569336
Jordan,JOR,1961,91790000.9155273
Jordan,JOR,1960,88290000.9155273
Kazakhstan,KAZ,2025,
Kazakhstan,KAZ,2024,
Kazakhstan,KAZ,2023,79082290.6494141
Kazakhstan,KAZ,2022,74683914.1845703
Kazakhstan,KAZ,2021,58528591.1560059
Kazakhstan,KAZ,2020,75096458.4350586
Kazakhstan,KAZ,2019,54619979.8583984
Kazakhstan,KAZ,2018,79985260.0097656
Kazakhstan,KAZ,2017,59487106.3232422
Kazakhstan,KAZ,2016,62782726.2878418
Kazakhstan,KAZ,2015,81700286.8652344
Kazakhstan,KAZ,2014,92795074.4628906
Kazakhstan,KAZ,2013,90755836.4868164
Kazakhstan,KAZ,2012,131856719.970703
Kazakhstan,KAZ,2011,201033447.265625
Kazakhstan,KAZ,2010,198320007.324219
Kazakhstan,KAZ,2009,294880371.09375
Kazakhstan,KAZ,2008,337681152.34375
Kazakhstan,KAZ,2007,261248138.427734
Kazakhstan,KAZ,2006,178725906.37207
Kazakhstan,KAZ,2005,225201354.980469
Kazakhstan,KAZ,2004,272409332.275391
Kazakhstan,KAZ,2003,289562347.412109
Kazakhstan,KAZ,2002,189293685.913086
Kazakhstan,KAZ,2001,149595687.866211
Kazakhstan,KAZ,2000,184839996.337891
Kazakhstan,KAZ,1999,168309997.558594
Kazakhstan,KAZ,1998,210514221.191406
Kazakhstan,KAZ,1997,124244224.54834
Kazakhstan,KAZ,1996,118494224.54834
Kazakhstan,KAZ,1995,58860000.6103516
Kazakhstan,KAZ,1994,52430000.3051758
Kazakhstan,KAZ,1993,15350000.3814697
Kazakhstan,KAZ,1992,12069999.6948242
Kazakhstan,KAZ,1991,111500000.0
Kazakhstan,KAZ,1990,
Kazakhstan,KAZ,1989,
Kazakhstan,KAZ,1988,
Kazakhstan,KAZ,1987,
Kazakhstan,KAZ,1986,
Kazakhstan,KAZ,1985,
Kazakhstan,KAZ,1984,
Kazakhstan,KAZ,1983,
Kazakhstan,KAZ,1982,
Kazakhstan,KAZ,1981,
Kazakhstan,KAZ,1980,
Kazakhstan,KAZ,1979,
Kazakhstan,KAZ,1978,
Kazakhstan,KAZ,1977,
Kazakhstan,KAZ,1976,
Kazakhstan,KAZ,1975,
Kazakhstan,KAZ,1974,
Kazakhstan,KAZ,1973,
Kazakhstan,KAZ,1972,
Kazakhstan,KAZ,1971,
Kazakhstan,KAZ,1970,
Kazakhstan,KAZ,1969,
Kazakhstan,KAZ,1968,
Kazakhstan,KAZ,1967,
Kazakhstan,KAZ,1966,
Kazakhstan,KAZ,1965,
Kazakhstan,KAZ,1964,
Kazakhstan,KAZ,1963,
Kazakhstan,KAZ,1962,
Kazakhstan,KAZ,1961,
Kazakhstan,KAZ,1960,
Kenya,KEN,2025,
Kenya,KEN,2024,
Kenya,KEN,2023,2595822998.04688
Kenya,KEN,2022,2639365234.375
Kenya,KEN,2021,3178648437.5
Kenya,KEN,2020,3990595703.125
Kenya,KEN,2019,3173125732.42188
Kenya,KEN,2018,2491010253.90625
Kenya,KEN,2017,2480221923.82813
Kenya,KEN,2016,2188385498.04688
Kenya,KEN,2015,2463558593.75
Kenya,KEN,2014,2661029541.01563
Kenya,KEN,2013,3306840820.3125
Kenya,KEN,2012,2653659179.6875
Kenya,KEN,2011,2478818359.375
Kenya,KEN,2010,1489670043.94531
Kenya,KEN,2009,1782476928.71094
Kenya,KEN,2008,1363400634.76563
Kenya,KEN,2007,1329359863.28125
Kenya,KEN,2006,941650329.589844
Kenya,KEN,2005,756570678.710938
Kenya,KEN,2004,655934265.136719
Kenya,KEN,2003,522895080.566406
Kenya,KEN,2002,388216400.146484
Kenya,KEN,2001,472409881.591797
Kenya,KEN,2000,513924865.722656
Kenya,KEN,1999,311250518.798828
Kenya,KEN,1998,415262329.101563
Kenya,KEN,1997,448652343.75
Kenya,KEN,1996,596260009.765625
Kenya,KEN,1995,733090026.855469
Kenya,KEN,1994,677869995.117188
Kenya,KEN,1993,915630004.882813
Kenya,KEN,1992,884924987.792969
Kenya,KEN,1991,916460021.972656
Kenya,KEN,1990,1181290039.0625
Kenya,KEN,1989,1059699951.17188
Kenya,KEN,1988,832030029.296875
Kenya,KEN,1987,557219970.703125
Kenya,KEN,1986,442959991.455078
Kenya,KEN,1985,426660003.662109
Kenya,KEN,1984,408429992.675781
Kenya,KEN,1983,396100006.103516
Kenya,KEN,1982,484600006.103516
Kenya,KEN,1981,448149993.896484
Kenya,KEN,1980,394790008.544922
Kenya,KEN,1979,348339996.337891
Kenya,KEN,1978,245610000.610352
Kenya,KEN,1977,160759994.506836
Kenya,KEN,1976,154600006.103516
Kenya,KEN,1975,124819999.694824
Kenya,KEN,1974,116580001.831055
Kenya,KEN,1973,94970001.2207031
Kenya,KEN,1972,71860000.6103516
Kenya,KEN,1971,66849998.4741211
Kenya,KEN,1970,57349998.4741211
Kenya,KEN,1969,55810001.373291
Kenya,KEN,1968,60709999.0844727
Kenya,KEN,1967,36709999.0844727
Kenya,KEN,1966,55409999.8474121
Kenya,KEN,1965,72129997.253418
Kenya,KEN,1964,56709999.0844727
Kenya,KEN,1963,55590000.1525879
Kenya,KEN,1962,49119998.9318848
Kenya,KEN,1961,63229999.5422363
Kenya,KEN,1960,21110000.6103516
Kiribati,KIR,2025,
Kiribati,KIR,2024,
Kiribati,KIR,2023,98323959.3505859
Kiribati,KIR,2022,91053092.956543
Kiribati,KIR,2021,72770118.7133789
Kiribati,KIR,2020,58046539.3066406
Kiribati,KIR,2019,56659671.7834473
Kiribati,KIR,2018,80030273.4375
Kiribati,KIR,2017,77150733.9477539
Kiribati,KIR,2016,60843200.6835938
Kiribati,KIR,2015,64954345.703125
Kiribati,KIR,2014,80661155.7006836
Kiribati,KIR,2013,64987899.7802734
Kiribati,KIR,2012,65665908.8134766
Kiribati,KIR,2011,64544982.9101563
Kiribati,KIR,2010,22180000.3051758
Kiribati,KIR,2009,25146667.4804688
Kiribati,KIR,2008,26979999.5422363
Kiribati,KIR,2007,27506666.1834717
Kiribati,KIR,2006,25522432.3272705
Kiribati,KIR,2005,26637332.9162598
Kiribati,KIR,2004,14555666.9235229
Kiribati,KIR,2003,16229000.0915527
Kiribati,KIR,2002,20124267.578125
Kiribati,KIR,2001,11074267.3873901
Kiribati,KIR,2000,16930530.5480957
Kiribati,KIR,1999,20976263.0462646
Kiribati,KIR,1998,17416263.5803223
Kiribati,KIR,1997,15729999.5422363
Kiribati,KIR,1996,12890000.3433228
Kiribati,KIR,1995,14529999.7329712
Kiribati,KIR,1994,14260000.2288818
Kiribati,KIR,1993,15229999.5422363
Kiribati,KIR,1992,25489999.7711182
Kiribati,KIR,1991,19120000.8392334
Kiribati,KIR,1990,19280000.6866455
Kiribati,KIR,1989,16930000.3051758
Kiribati,KIR,1988,15890000.3433228
Kiribati,KIR,1987,17479999.5422363
Kiribati,KIR,1986,13210000.038147
Kiribati,KIR,1985,11819999.6948242
Kiribati,KIR,1984,11579999.9237061
Kiribati,KIR,1983,16420000.0762939
Kiribati,KIR,1982,15100000.3814697
Kiribati,KIR,1981,15300000.1907349
Kiribati,KIR,1980,19059999.4659424
Kiribati,KIR,1979,9060000.4196167
Kiribati,KIR,1978,10189999.5803833
Kiribati,KIR,1977,6170000.07629395
Kiribati,KIR,1976,3980000.01907349
Kiribati,KIR,1975,5659999.84741211
Kiribati,KIR,1974,5610000.1335144
Kiribati,KIR,1973,5969999.79019165
Kiribati,KIR,1972,4210000.03814697
Kiribati,KIR,1971,2539999.96185303
Kiribati,KIR,1970,2180000.0667572
Kiribati,KIR,1969,1379999.99523163
Kiribati,KIR,1968,1279999.97138977
Kiribati,KIR,1967,1429999.94754791
Kiribati,KIR,1966,620000.004768372
Kiribati,KIR,1965,430000.007152557
Kiribati,KIR,1964,280000.001192093
Kiribati,KIR,1963,409999.996423721
Kiribati,KIR,1962,319999.992847443
Kiribati,KIR,1961,259999.990463257
Kiribati,KIR,1960,19999.9995529652
"Korea, Dem. People's Rep.",PRK,2025,
"Korea, Dem. People's Rep.",PRK,2024,
"Korea, Dem. People's Rep.",PRK,2023,14424407.0053101
"Korea, Dem. People's Rep.",PRK,2022,13594014.1677856
"Korea, Dem. People's Rep.",PRK,2021,20954397.2015381
"Korea, Dem. People's Rep.",PRK,2020,125573127.746582
"Korea, Dem. People's Rep.",PRK,2019,134714950.561523
"Korea, Dem. People's Rep.",PRK,2018,120509132.385254
"Korea, Dem. People's Rep.",PRK,2017,133115386.962891
"Korea, Dem. People's Rep.",PRK,2016,119649452.209473
"Korea, Dem. People's Rep.",PRK,2015,131428344.726563
"Korea, Dem. People's Rep.",PRK,2014,153534896.850586
"Korea, Dem. People's Rep.",PRK,2013,109102539.0625
"Korea, Dem. People's Rep.",PRK,2012,97872795.1049805
"Korea, Dem. People's Rep.",PRK,2011,118486915.588379
"Korea, Dem. People's Rep.",PRK,2010,73650001.5258789
"Korea, Dem. People's Rep.",PRK,2009,65220001.2207031
"Korea, Dem. People's Rep.",PRK,2008,206233337.402344
"Korea, Dem. People's Rep.",PRK,2007,99574996.9482422
"Korea, Dem. People's Rep.",PRK,2006,55177104.9499512
"Korea, Dem. People's Rep.",PRK,2005,87448768.6157227
"Korea, Dem. People's Rep.",PRK,2004,160852111.816406
"Korea, Dem. People's Rep.",PRK,2003,131144897.460938
"Korea, Dem. People's Rep.",PRK,2002,264404907.226563
"Korea, Dem. People's Rep.",PRK,2001,117889999.389648
"Korea, Dem. People's Rep.",PRK,2000,73550003.0517578
"Korea, Dem. People's Rep.",PRK,1999,200931152.34375
"Korea, Dem. People's Rep.",PRK,1998,105261146.54541
"Korea, Dem. People's Rep.",PRK,1997,88431152.34375
"Korea, Dem. People's Rep.",PRK,1996,25569999.6948242
"Korea, Dem. People's Rep.",PRK,1995,13479999.5422363
"Korea, Dem. People's Rep.",PRK,1994,5659999.84741211
"Korea, Dem. People's Rep.",PRK,1993,14060000.4196167
"Korea, Dem. People's Rep.",PRK,1992,10590000.1525879
"Korea, Dem. People's Rep.",PRK,1991,8619999.88555908
"Korea, Dem. People's Rep.",PRK,1990,7730000.01907349
"Korea, Dem. People's Rep.",PRK,1989,8310000.4196167
"Korea, Dem. People's Rep.",PRK,1988,9039999.96185303
"Korea, Dem. People's Rep.",PRK,1987,16399999.6185303
"Korea, Dem. People's Rep.",PRK,1986,5429999.82833862
"Korea, Dem. People's Rep.",PRK,1985,5510000.22888184
"Korea, Dem. People's Rep.",PRK,1984,
"Korea, Dem. People's Rep.",PRK,1983,
"Korea, Dem. People's Rep.",PRK,1982,
"Korea, Dem. People's Rep.",PRK,1981,
"Korea, Dem. People's Rep.",PRK,1980,
"Korea, Dem. People's Rep.",PRK,1979,
"Korea, Dem. People's Rep.",PRK,1978,50000000.0
"Korea, Dem. People's Rep.",PRK,1977,
"Korea, Dem. People's Rep.",PRK,1976,
"Korea, Dem. People's Rep.",PRK,1975,
"Korea, Dem. People's Rep.",PRK,1974,
"Korea, Dem. People's Rep.",PRK,1973,
"Korea, Dem. People's Rep.",PRK,1972,
"Korea, Dem. People's Rep.",PRK,1971,
"Korea, Dem. People's Rep.",PRK,1970,
"Korea, Dem. People's Rep.",PRK,1969,
"Korea, Dem. People's Rep.",PRK,1968,
"Korea, Dem. People's Rep.",PRK,1967,
"Korea, Dem. People's Rep.",PRK,1966,
"Korea, Dem. People's Rep.",PRK,1965,
"Korea, Dem. People's Rep.",PRK,1964,
"Korea, Dem. People's Rep.",PRK,1963,
"Korea, Dem. People's Rep.",PRK,1962,
"Korea, Dem. People's Rep.",PRK,1961,
"Korea, Dem. People's Rep.",PRK,1960,
"Korea, Rep.",KOR,2025,
"Korea, Rep.",KOR,2024,
"Korea, Rep.",KOR,2023,
"Korea, Rep.",KOR,2022,
"Korea, Rep.",KOR,2021,
"Korea, Rep.",KOR,2020,
"Korea, Rep.",KOR,2019,
"Korea, Rep.",KOR,2018,
"Korea, Rep.",KOR,2017,
"Korea, Rep.",KOR,2016,
"Korea, Rep.",KOR,2015,
"Korea, Rep.",KOR,2014,
"Korea, Rep.",KOR,2013,
"Korea, Rep.",KOR,2012,
"Korea, Rep.",KOR,2011,
"Korea, Rep.",KOR,2010,
"Korea, Rep.",KOR,2009,
"Korea, Rep.",KOR,2008,
"Korea, Rep.",KOR,2007,
"Korea, Rep.",KOR,2006,
"Korea, Rep.",KOR,2005,
"Korea, Rep.",KOR,2004,
"Korea, Rep.",KOR,2003,
"Korea, Rep.",KOR,2002,
"Korea, Rep.",KOR,2001,
"Korea, Rep.",KOR,2000,
"Korea, Rep.",KOR,1999,-55099998.4741211
"Korea, Rep.",KOR,1998,-50369998.9318848
"Korea, Rep.",KOR,1997,-159649993.896484
"Korea, Rep.",KOR,1996,-148899993.896484
"Korea, Rep.",KOR,1995,57000000.0
"Korea, Rep.",KOR,1994,-114230003.356934
"Korea, Rep.",KOR,1993,-35110000.6103516
"Korea, Rep.",KOR,1992,-3099999.90463257
"Korea, Rep.",KOR,1991,54419998.1689453
"Korea, Rep.",KOR,1990,52279998.7792969
"Korea, Rep.",KOR,1989,51669998.1689453
"Korea, Rep.",KOR,1988,9279999.73297119
"Korea, Rep.",KOR,1987,10659999.8474121
"Korea, Rep.",KOR,1986,-17569999.6948242
"Korea, Rep.",KOR,1985,-8819999.69482422
"Korea, Rep.",KOR,1984,-36880001.0681152
"Korea, Rep.",KOR,1983,7639999.8664856
"Korea, Rep.",KOR,1982,33779998.7792969
"Korea, Rep.",KOR,1981,330390014.648438
"Korea, Rep.",KOR,1980,138710006.713867
"Korea, Rep.",KOR,1979,133860000.610352
"Korea, Rep.",KOR,1978,164210006.713867
"Korea, Rep.",KOR,1977,237179992.675781
"Korea, Rep.",KOR,1976,216139999.389648
"Korea, Rep.",KOR,1975,247479995.727539
"Korea, Rep.",KOR,1974,252039993.286133
"Korea, Rep.",KOR,1973,282000000.0
"Korea, Rep.",KOR,1972,365429992.675781
"Korea, Rep.",KOR,1971,324510009.765625
"Korea, Rep.",KOR,1970,274670013.427734
"Korea, Rep.",KOR,1969,338299987.792969
"Korea, Rep.",KOR,1968,239630004.882813
"Korea, Rep.",KOR,1967,259089996.337891
"Korea, Rep.",KOR,1966,230630004.882813
"Korea, Rep.",KOR,1965,220490005.493164
"Korea, Rep.",KOR,1964,171690002.441406
"Korea, Rep.",KOR,1963,262200012.207031
"Korea, Rep.",KOR,1962,236210006.713867
"Korea, Rep.",KOR,1961,229149993.896484
"Korea, Rep.",KOR,1960,250710006.713867
Kosovo,XKX,2025,
Kosovo,XKX,2024,
Kosovo,XKX,2023,402262634.277344
Kosovo,XKX,2022,382462890.625
Kosovo,XKX,2021,454593414.306641
Kosovo,XKX,2020,545129760.742188
Kosovo,XKX,2019,345836334.228516
Kosovo,XKX,2018,345107788.085938
Kosovo,XKX,2017,392374176.025391
Kosovo,XKX,2016,370034088.134766
Kosovo,XKX,2015,437812500.0
Kosovo,XKX,2014,579389038.085938
Kosovo,XKX,2013,568551879.882813
Kosovo,XKX,2012,566739624.023438
Kosovo,XKX,2011,583177612.304688
Kosovo,XKX,2010,526940002.441406
Kosovo,XKX,2009,782125976.5625
Kosovo,XKX,2008,
Kosovo,XKX,2007,
Kosovo,XKX,2006,
Kosovo,XKX,2005,
Kosovo,XKX,2004,
Kosovo,XKX,2003,
Kosovo,XKX,2002,
Kosovo,XKX,2001,
Kosovo,XKX,2000,
Kosovo,XKX,1999,
Kosovo,XKX,1998,
Kosovo,XKX,1997,
Kosovo,XKX,1996,
Kosovo,XKX,1995,
Kosovo,XKX,1994,
Kosovo,XKX,1993,
Kosovo,XKX,1992,
Kosovo,XKX,1991,
Kosovo,XKX,1990,
Kosovo,XKX,1989,
Kosovo,XKX,1988,
Kosovo,XKX,1987,
Kosovo,XKX,1986,
Kosovo,XKX,1985,
Kosovo,XKX,1984,
Kosovo,XKX,1983,
Kosovo,XKX,1982,
Kosovo,XKX,1981,
Kosovo,XKX,1980,
Kosovo,XKX,1979,
Kosovo,XKX,1978,
Kosovo,XKX,1977,
Kosovo,XKX,1976,
Kosovo,XKX,1975,
Kosovo,XKX,1974,
Kosovo,XKX,1973,
Kosovo,XKX,1972,
Kosovo,XKX,1971,
Kosovo,XKX,1970,
Kosovo,XKX,1969,
Kosovo,XKX,1968,
Kosovo,XKX,1967,
Kosovo,XKX,1966,
Kosovo,XKX,1965,
Kosovo,XKX,1964,
Kosovo,XKX,1963,
Kosovo,XKX,1962,
Kosovo,XKX,1961,
Kosovo,XKX,1960,
Kuwait,KWT,2025,
Kuwait,KWT,2024,
Kuwait,KWT,2023,
Kuwait,KWT,2022,
Kuwait,KWT,2021,
Kuwait,KWT,2020,
Kuwait,KWT,2019,
Kuwait,KWT,2018,
Kuwait,KWT,2017,
Kuwait,KWT,2016,
Kuwait,KWT,2015,
Kuwait,KWT,2014,
Kuwait,KWT,2013,
Kuwait,KWT,2012,
Kuwait,KWT,2011,
Kuwait,KWT,2010,
Kuwait,KWT,2009,
Kuwait,KWT,2008,
Kuwait,KWT,2007,
Kuwait,KWT,2006,
Kuwait,KWT,2005,
Kuwait,KWT,2004,
Kuwait,KWT,2003,
Kuwait,KWT,2002,
Kuwait,KWT,2001,
Kuwait,KWT,2000,
Kuwait,KWT,1999,
Kuwait,KWT,1998,
Kuwait,KWT,1997,
Kuwait,KWT,1996,
Kuwait,KWT,1995,4230000.01907349
Kuwait,KWT,1994,4469999.79019165
Kuwait,KWT,1993,2029999.97138977
Kuwait,KWT,1992,6530000.20980835
Kuwait,KWT,1991,11760000.2288818
Kuwait,KWT,1990,12859999.6566772
Kuwait,KWT,1989,4719999.79019165
Kuwait,KWT,1988,5940000.05722046
Kuwait,KWT,1987,3390000.10490417
Kuwait,KWT,1986,4960000.03814697
Kuwait,KWT,1985,4210000.03814697
Kuwait,KWT,1984,4469999.79019165
Kuwait,KWT,1983,5159999.84741211
Kuwait,KWT,1982,5860000.1335144
Kuwait,KWT,1981,9399999.61853027
Kuwait,KWT,1980,10250000.0
Kuwait,KWT,1979,1169999.95708466
Kuwait,KWT,1978,939999.997615814
Kuwait,KWT,1977,509999.990463257
Kuwait,KWT,1976,189999.997615814
Kuwait,KWT,1975,330000.013113022
Kuwait,KWT,1974,379999.995231628
Kuwait,KWT,1973,389999.985694885
Kuwait,KWT,1972,589999.973773956
Kuwait,KWT,1971,509999.990463257
Kuwait,KWT,1970,349999.994039536
Kuwait,KWT,1969,330000.013113022
Kuwait,KWT,1968,9999.99977648258
Kuwait,KWT,1967,-1440000.05722046
Kuwait,KWT,1966,-1440000.05722046
Kuwait,KWT,1965,-1279999.97138977
Kuwait,KWT,1964,-879999.995231628
Kuwait,KWT,1963,-1009999.99046326
Kuwait,KWT,1962,-2480000.01907349
Kuwait,KWT,1961,-159999.996423721
Kuwait,KWT,1960,
Kyrgyz Republic,KGZ,2025,
Kyrgyz Republic,KGZ,2024,
Kyrgyz Republic,KGZ,2023,440522277.832031
Kyrgyz Republic,KGZ,2022,735214660.644531
Kyrgyz Republic,KGZ,2021,453706512.451172
Kyrgyz Republic,KGZ,2020,475085754.394531
Kyrgyz Republic,KGZ,2019,444498474.121094
Kyrgyz Republic,KGZ,2018,438932434.082031
Kyrgyz Republic,KGZ,2017,464969421.386719
Kyrgyz Republic,KGZ,2016,519485229.492188
Kyrgyz Republic,KGZ,2015,774706237.792969
Kyrgyz Republic,KGZ,2014,626572509.765625
Kyrgyz Republic,KGZ,2013,539450927.734375
Kyrgyz Republic,KGZ,2012,470490936.279297
Kyrgyz Republic,KGZ,2011,437863311.767578
Kyrgyz Republic,KGZ,2010,327190002.441406
Kyrgyz Republic,KGZ,2009,279415893.554688
Kyrgyz Republic,KGZ,2008,316281066.894531
Kyrgyz Republic,KGZ,2007,254523666.381836
Kyrgyz Republic,KGZ,2006,270559326.171875
Kyrgyz Republic,KGZ,2005,237866668.701172
Kyrgyz Republic,KGZ,2004,206713333.129883
Kyrgyz Republic,KGZ,2003,174298004.150391
Kyrgyz Republic,KGZ,2002,158520660.400391
Kyrgyz Republic,KGZ,2001,129420669.555664
Kyrgyz Republic,KGZ,2000,193350006.103516
Kyrgyz Republic,KGZ,1999,203565994.262695
Kyrgyz Republic,KGZ,1998,196205993.652344
Kyrgyz Republic,KGZ,1997,187675994.873047
Kyrgyz Republic,KGZ,1996,204229995.727539
Kyrgyz Republic,KGZ,1995,244669998.168945
Kyrgyz Republic,KGZ,1994,171139999.389648
Kyrgyz Republic,KGZ,1993,95010002.1362305
Kyrgyz Republic,KGZ,1992,21079999.9237061
Kyrgyz Republic,KGZ,1991,
Kyrgyz Republic,KGZ,1990,
Kyrgyz Republic,KGZ,1989,
Kyrgyz Republic,KGZ,1988,
Kyrgyz Republic,KGZ,1987,
Kyrgyz Republic,KGZ,1986,
Kyrgyz Republic,KGZ,1985,
Kyrgyz Republic,KGZ,1984,
Kyrgyz Republic,KGZ,1983,
Kyrgyz Republic,KGZ,1982,
Kyrgyz Republic,KGZ,1981,
Kyrgyz Republic,KGZ,1980,
Kyrgyz Republic,KGZ,1979,
Kyrgyz Republic,KGZ,1978,
Kyrgyz Republic,KGZ,1977,
Kyrgyz Republic,KGZ,1976,
Kyrgyz Republic,KGZ,1975,
Kyrgyz Republic,KGZ,1974,
Kyrgyz Republic,KGZ,1973,
Kyrgyz Republic,KGZ,1972,
Kyrgyz Republic,KGZ,1971,
Kyrgyz Republic,KGZ,1970,
Kyrgyz Republic,KGZ,1969,
Kyrgyz Republic,KGZ,1968,
Kyrgyz Republic,KGZ,1967,
Kyrgyz Republic,KGZ,1966,
Kyrgyz Republic,KGZ,1965,
Kyrgyz Republic,KGZ,1964,
Kyrgyz Republic,KGZ,1963,
Kyrgyz Republic,KGZ,1962,
Kyrgyz Republic,KGZ,1961,
Kyrgyz Republic,KGZ,1960,
Lao PDR,LAO,2025,
Lao PDR,LAO,2024,
Lao PDR,LAO,2023,514838562.011719
Lao PDR,LAO,2022,547333801.269531
Lao PDR,LAO,2021,576953491.210938
Lao PDR,LAO,2020,530884277.34375
Lao PDR,LAO,2019,622608154.296875
Lao PDR,LAO,2018,588737243.652344
Lao PDR,LAO,2017,480364410.400391
Lao PDR,LAO,2016,399464294.433594
Lao PDR,LAO,2015,471087554.931641
Lao PDR,LAO,2014,474416473.388672
Lao PDR,LAO,2013,423334564.208984
Lao PDR,LAO,2012,410703674.316406
Lao PDR,LAO,2011,371949096.679688
Lao PDR,LAO,2010,350019989.013672
Lao PDR,LAO,2009,373119995.117188
Lao PDR,LAO,2008,457389862.060547
Lao PDR,LAO,2007,344090118.408203
Lao PDR,LAO,2006,307238006.591797
Lao PDR,LAO,2005,241293014.526367
Lao PDR,LAO,2004,230977615.356445
Lao PDR,LAO,2003,253669281.005859
Lao PDR,LAO,2002,234359283.447266
Lao PDR,LAO,2001,204630004.882813
Lao PDR,LAO,2000,233608001.708984
Lao PDR,LAO,1999,250817993.164063
Lao PDR,LAO,1998,212282333.374023
Lao PDR,LAO,1997,243234329.223633
Lao PDR,LAO,1996,248474334.716797
Lao PDR,LAO,1995,246470001.220703
Lao PDR,LAO,1994,191240005.493164
Lao PDR,LAO,1993,155179992.675781
Lao PDR,LAO,1992,142979995.727539
Lao PDR,LAO,1991,109080001.831055
Lao PDR,LAO,1990,104779998.779297
Lao PDR,LAO,1989,107019996.643066
Lao PDR,LAO,1988,70150001.5258789
Lao PDR,LAO,1987,54119998.9318848
Lao PDR,LAO,1986,40569999.6948242
Lao PDR,LAO,1985,35759998.3215332
Lao PDR,LAO,1984,33450000.7629395
Lao PDR,LAO,1983,31620000.8392334
Lao PDR,LAO,1982,40049999.2370605
Lao PDR,LAO,1981,41669998.1689453
Lao PDR,LAO,1980,45159999.8474121
Lao PDR,LAO,1979,52419998.1689453
Lao PDR,LAO,1978,69040000.9155273
Lao PDR,LAO,1977,31620000.8392334
Lao PDR,LAO,1976,28180000.3051758
Lao PDR,LAO,1975,35849998.4741211
Lao PDR,LAO,1974,58939998.626709
Lao PDR,LAO,1973,73809997.5585938
Lao PDR,LAO,1972,66650001.5258789
Lao PDR,LAO,1971,71860000.6103516
Lao PDR,LAO,1970,69239997.8637695
Lao PDR,LAO,1969,66800003.0517578
Lao PDR,LAO,1968,60000000.0
Lao PDR,LAO,1967,74059997.5585938
Lao PDR,LAO,1966,69230003.3569336
Lao PDR,LAO,1965,68199996.9482422
Lao PDR,LAO,1964,45790000.9155273
Lao PDR,LAO,1963,36500000.0
Lao PDR,LAO,1962,31239999.7711182
Lao PDR,LAO,1961,51680000.3051758
Lao PDR,LAO,1960,33369998.9318848
Latvia,LVA,2025,
Latvia,LVA,2024,
Latvia,LVA,2023,
Latvia,LVA,2022,
Latvia,LVA,2021,
Latvia,LVA,2020,
Latvia,LVA,2019,
Latvia,LVA,2018,
Latvia,LVA,2017,
Latvia,LVA,2016,
Latvia,LVA,2015,
Latvia,LVA,2014,
Latvia,LVA,2013,
Latvia,LVA,2012,
Latvia,LVA,2011,
Latvia,LVA,2010,
Latvia,LVA,2009,
Latvia,LVA,2008,
Latvia,LVA,2007,
Latvia,LVA,2006,
Latvia,LVA,2005,
Latvia,LVA,2004,161809997.558594
Latvia,LVA,2003,113370002.746582
Latvia,LVA,2002,75199996.9482422
Latvia,LVA,2001,105180000.305176
Latvia,LVA,2000,90589996.3378906
Latvia,LVA,1999,98930000.3051758
Latvia,LVA,1998,97889999.3896484
Latvia,LVA,1997,81199996.9482422
Latvia,LVA,1996,72190002.4414063
Latvia,LVA,1995,63349998.4741211
Latvia,LVA,1994,52759998.3215332
Latvia,LVA,1993,33310001.373291
Latvia,LVA,1992,80309997.5585938
Latvia,LVA,1991,3420000.07629395
Latvia,LVA,1990,
Latvia,LVA,1989,
Latvia,LVA,1988,
Latvia,LVA,1987,
Latvia,LVA,1986,
Latvia,LVA,1985,
Latvia,LVA,1984,
Latvia,LVA,1983,
Latvia,LVA,1982,
Latvia,LVA,1981,
Latvia,LVA,1980,
Latvia,LVA,1979,
Latvia,LVA,1978,
Latvia,LVA,1977,
Latvia,LVA,1976,
Latvia,LVA,1975,
Latvia,LVA,1974,
Latvia,LVA,1973,
Latvia,LVA,1972,
Latvia,LVA,1971,
Latvia,LVA,1970,
Latvia,LVA,1969,
Latvia,LVA,1968,
Latvia,LVA,1967,
Latvia,LVA,1966,
Latvia,LVA,1965,
Latvia,LVA,1964,
Latvia,LVA,1963,
Latvia,LVA,1962,
Latvia,LVA,1961,
Latvia,LVA,1960,
Lebanon,LBN,2025,
Lebanon,LBN,2024,
Lebanon,LBN,2023,1747103271.48438
Lebanon,LBN,2022,1427493896.48438
Lebanon,LBN,2021,1405172973.63281
Lebanon,LBN,2020,1422794921.875
Lebanon,LBN,2019,1237653442.38281
Lebanon,LBN,2018,1422302124.02344
Lebanon,LBN,2017,1303035644.53125
Lebanon,LBN,2016,1129342407.22656
Lebanon,LBN,2015,965611328.125
Lebanon,LBN,2014,820953491.210938
Lebanon,LBN,2013,621604187.011719
Lebanon,LBN,2012,711583496.09375
Lebanon,LBN,2011,475490264.892578
Lebanon,LBN,2010,418160003.662109
Lebanon,LBN,2009,580081848.144531
Lebanon,LBN,2008,1068363281.25
Lebanon,LBN,2007,978969970.703125
Lebanon,LBN,2006,819039978.027344
Lebanon,LBN,2005,230723495.483398
Lebanon,LBN,2004,266673492.431641
Lebanon,LBN,2003,534635192.871094
Lebanon,LBN,2002,204016662.597656
Lebanon,LBN,2001,198966659.545898
Lebanon,LBN,2000,201193161.010742
Lebanon,LBN,1999,194511505.126953
Lebanon,LBN,1998,340829040.527344
Lebanon,LBN,1997,261235870.361328
Lebanon,LBN,1996,235256530.761719
Lebanon,LBN,1995,191289993.286133
Lebanon,LBN,1994,228029998.779297
Lebanon,LBN,1993,140369995.117188
Lebanon,LBN,1992,110169998.168945
Lebanon,LBN,1991,125239997.86377
Lebanon,LBN,1990,285679992.675781
Lebanon,LBN,1989,117809997.558594
Lebanon,LBN,1988,144169998.168945
Lebanon,LBN,1987,101150001.525879
Lebanon,LBN,1986,62330001.8310547
Lebanon,LBN,1985,82410003.6621094
Lebanon,LBN,1984,77180000.3051758
Lebanon,LBN,1983,125900001.525879
Lebanon,LBN,1982,187009994.506836
Lebanon,LBN,1981,454980010.986328
Lebanon,LBN,1980,297829986.572266
Lebanon,LBN,1979,123480003.356934
Lebanon,LBN,1978,232949996.948242
Lebanon,LBN,1977,135839996.337891
Lebanon,LBN,1976,39150001.5258789
Lebanon,LBN,1975,14300000.1907349
Lebanon,LBN,1974,139199996.948242
Lebanon,LBN,1973,11630000.1144409
Lebanon,LBN,1972,15020000.4577637
Lebanon,LBN,1971,6070000.17166138
Lebanon,LBN,1970,19979999.5422363
Lebanon,LBN,1969,9229999.54223633
Lebanon,LBN,1968,19049999.2370605
Lebanon,LBN,1967,8680000.30517578
Lebanon,LBN,1966,8420000.07629395
Lebanon,LBN,1965,7940000.05722046
Lebanon,LBN,1964,2960000.03814697
Lebanon,LBN,1963,8180000.30517578
Lebanon,LBN,1962,9199999.80926514
Lebanon,LBN,1961,12810000.4196167
Lebanon,LBN,1960,13409999.8474121
Lesotho,LSO,2025,
Lesotho,LSO,2024,
Lesotho,LSO,2023,172315887.451172
Lesotho,LSO,2022,153728332.519531
Lesotho,LSO,2021,180333953.857422
Lesotho,LSO,2020,172013900.756836
Lesotho,LSO,2019,141216827.392578
Lesotho,LSO,2018,153757339.477539
Lesotho,LSO,2017,145663604.736328
Lesotho,LSO,2016,112066635.131836
Lesotho,LSO,2015,86489837.6464844
Lesotho,LSO,2014,107174263.000488
Lesotho,LSO,2013,320674407.958984
Lesotho,LSO,2012,276257324.21875
Lesotho,LSO,2011,256770111.083984
Lesotho,LSO,2010,218279998.779297
Lesotho,LSO,2009,122273742.675781
Lesotho,LSO,2008,144707809.448242
Lesotho,LSO,2007,130898437.5
Lesotho,LSO,2006,71186668.3959961
Lesotho,LSO,2005,68440002.4414063
Lesotho,LSO,2004,95307983.3984375
Lesotho,LSO,2003,79129646.3012695
Lesotho,LSO,2002,77002716.0644531
Lesotho,LSO,2001,55549732.208252
Lesotho,LSO,2000,37166400.9094238
Lesotho,LSO,1999,31671226.5014648
Lesotho,LSO,1998,61846225.7385254
Lesotho,LSO,1997,91494827.2705078
Lesotho,LSO,1996,103209999.084473
Lesotho,LSO,1995,112650001.525879
Lesotho,LSO,1994,115620002.746582
Lesotho,LSO,1993,143059997.558594
Lesotho,LSO,1992,143160003.662109
Lesotho,LSO,1991,123309997.558594
Lesotho,LSO,1990,139130004.882813
Lesotho,LSO,1989,134509994.506836
Lesotho,LSO,1988,108900001.525879
Lesotho,LSO,1987,104849998.474121
Lesotho,LSO,1986,85379997.253418
Lesotho,LSO,1985,92180000.3051758
Lesotho,LSO,1984,98459999.0844727
Lesotho,LSO,1983,106180000.305176
Lesotho,LSO,1982,92349998.4741211
Lesotho,LSO,1981,103250000.0
Lesotho,LSO,1980,93160003.6621094
Lesotho,LSO,1979,64709999.0844727
Lesotho,LSO,1978,49409999.8474121
Lesotho,LSO,1977,36669998.1689453
Lesotho,LSO,1976,28520000.4577637
Lesotho,LSO,1975,28479999.5422363
Lesotho,LSO,1974,20620000.8392334
Lesotho,LSO,1973,13930000.3051758
Lesotho,LSO,1972,13840000.1525879
Lesotho,LSO,1971,16569999.6948242
Lesotho,LSO,1970,9729999.54223633
Lesotho,LSO,1969,13069999.6948242
Lesotho,LSO,1968,13180000.3051758
Lesotho,LSO,1967,13779999.7329712
Lesotho,LSO,1966,12539999.961853
Lesotho,LSO,1965,9489999.77111816
Lesotho,LSO,1964,5659999.84741211
Lesotho,LSO,1963,5639999.8664856
Lesotho,LSO,1962,5929999.82833862
Lesotho,LSO,1961,4139999.8664856
Lesotho,LSO,1960,1559999.94277954
Liberia,LBR,2025,
Liberia,LBR,2024,
Liberia,LBR,2023,562641967.773438
Liberia,LBR,2022,485491546.630859
Liberia,LBR,2021,608156433.105469
Liberia,LBR,2020,653389709.472656
Liberia,LBR,2019,582571655.273438
Liberia,LBR,2018,593953613.28125
Liberia,LBR,2017,631585205.078125
Liberia,LBR,2016,819183410.644531
Liberia,LBR,2015,1094455200.19531
Liberia,LBR,2014,749594787.597656
Liberia,LBR,2013,535932373.046875
Liberia,LBR,2012,566705688.476563
Liberia,LBR,2011,762253479.003906
Liberia,LBR,2010,1371199951.17188
Liberia,LBR,2009,510750885.009766
Liberia,LBR,2008,1250405273.4375
Liberia,LBR,2007,1123023315.42969
Liberia,LBR,2006,260904998.779297
Liberia,LBR,2005,222093994.140625
Liberia,LBR,2004,213394332.885742
Liberia,LBR,2003,106779335.021973
Liberia,LBR,2002,54985332.4890137
Liberia,LBR,2001,38479999.5422363
Liberia,LBR,2000,67419998.1689453
Liberia,LBR,1999,93949996.9482422
Liberia,LBR,1998,71989997.8637695
Liberia,LBR,1997,75690002.4414063
Liberia,LBR,1996,172669998.168945
Liberia,LBR,1995,123099998.474121
Liberia,LBR,1994,63400001.5258789
Liberia,LBR,1993,122330001.831055
Liberia,LBR,1992,119599998.474121
Liberia,LBR,1991,157630004.882813
Liberia,LBR,1990,113739997.86377
Liberia,LBR,1989,60130001.0681152
Liberia,LBR,1988,64220001.2207031
Liberia,LBR,1987,78099998.4741211
Liberia,LBR,1986,96839996.3378906
Liberia,LBR,1985,90489997.8637695
Liberia,LBR,1984,130509994.506836
Liberia,LBR,1983,117250000.0
Liberia,LBR,1982,108309997.558594
Liberia,LBR,1981,108190002.441406
Liberia,LBR,1980,97050003.0517578
Liberia,LBR,1979,80379997.253418
Liberia,LBR,1978,46569999.6948242
Liberia,LBR,1977,32619998.9318848
Liberia,LBR,1976,26459999.0844727
Liberia,LBR,1975,20010000.2288818
Liberia,LBR,1974,14539999.961853
Liberia,LBR,1973,10289999.961853
Liberia,LBR,1972,12909999.8474121
Liberia,LBR,1971,12750000.0
Liberia,LBR,1970,12890000.3433228
Liberia,LBR,1969,16370000.8392334
Liberia,LBR,1968,16329999.9237061
Liberia,LBR,1967,25659999.8474121
Liberia,LBR,1966,37959999.0844727
Liberia,LBR,1965,35310001.373291
Liberia,LBR,1964,15739999.7711182
Liberia,LBR,1963,34090000.1525879
Liberia,LBR,1962,79080001.8310547
Liberia,LBR,1961,26870000.8392334
Liberia,LBR,1960,9920000.07629395
Libya,LBY,2025,
Libya,LBY,2024,
Libya,LBY,2023,359675231.933594
Libya,LBY,2022,264933715.820313
Libya,LBY,2021,344516845.703125
Libya,LBY,2020,296714996.337891
Libya,LBY,2019,294708984.375
Libya,LBY,2018,303460968.017578
Libya,LBY,2017,431871337.890625
Libya,LBY,2016,179489471.435547
Libya,LBY,2015,157370803.833008
Libya,LBY,2014,210283538.818359
Libya,LBY,2013,128828781.12793
Libya,LBY,2012,87122604.3701172
Libya,LBY,2011,641096252.441406
Libya,LBY,2010,7610000.1335144
Libya,LBY,2009,40040000.9155273
Libya,LBY,2008,74199996.9482422
Libya,LBY,2007,19409999.8474121
Libya,LBY,2006,37509998.3215332
Libya,LBY,2005,23836666.1071777
Libya,LBY,2004,
Libya,LBY,2003,
Libya,LBY,2002,
Libya,LBY,2001,
Libya,LBY,2000,
Libya,LBY,1999,4699999.80926514
Libya,LBY,1998,5550000.19073486
Libya,LBY,1997,3980000.01907349
Libya,LBY,1996,3769999.98092651
Libya,LBY,1995,5840000.15258789
Libya,LBY,1994,3950000.04768372
Libya,LBY,1993,2869999.88555908
Libya,LBY,1992,3279999.97138977
Libya,LBY,1991,7489999.77111816
Libya,LBY,1990,8340000.15258789
Libya,LBY,1989,9779999.73297119
Libya,LBY,1988,5500000.0
Libya,LBY,1987,6130000.11444092
Libya,LBY,1986,10739999.7711182
Libya,LBY,1985,5230000.01907349
Libya,LBY,1984,4639999.8664856
Libya,LBY,1983,5250000.0
Libya,LBY,1982,107620002.746582
Libya,LBY,1981,4690000.05722046
Libya,LBY,1980,12130000.1144409
Libya,LBY,1979,3430000.0667572
Libya,LBY,1978,5170000.07629395
Libya,LBY,1977,6320000.17166138
Libya,LBY,1976,6969999.79019165
Libya,LBY,1975,1549999.95231628
Libya,LBY,1974,11329999.9237061
Libya,LBY,1973,12310000.4196167
Libya,LBY,1972,7090000.15258789
Libya,LBY,1971,3369999.88555908
Libya,LBY,1970,4300000.19073486
Libya,LBY,1969,7280000.20980835
Libya,LBY,1968,6880000.11444092
Libya,LBY,1967,2009999.99046326
Libya,LBY,1966,2000000.0
Libya,LBY,1965,7889999.8664856
Libya,LBY,1964,18600000.3814697
Libya,LBY,1963,26139999.3896484
Libya,LBY,1962,32060001.373291
Libya,LBY,1961,36680000.3051758
Libya,LBY,1960,42860000.6103516
Liechtenstein,LIE,2025,
Liechtenstein,LIE,2024,
Liechtenstein,LIE,2023,
Liechtenstein,LIE,2022,
Liechtenstein,LIE,2021,
Liechtenstein,LIE,2020,
Liechtenstein,LIE,2019,
Liechtenstein,LIE,2018,
Liechtenstein,LIE,2017,
Liechtenstein,LIE,2016,
Liechtenstein,LIE,2015,
Liechtenstein,LIE,2014,
Liechtenstein,LIE,2013,
Liechtenstein,LIE,2012,
Liechtenstein,LIE,2011,
Liechtenstein,LIE,2010,
Liechtenstein,LIE,2009,
Liechtenstein,LIE,2008,
Liechtenstein,LIE,2007,
Liechtenstein,LIE,2006,
Liechtenstein,LIE,2005,
Liechtenstein,LIE,2004,
Liechtenstein,LIE,2003,
Liechtenstein,LIE,2002,
Liechtenstein,LIE,2001,
Liechtenstein,LIE,2000,
Liechtenstein,LIE,1999,
Liechtenstein,LIE,1998,
Liechtenstein,LIE,1997,
Liechtenstein,LIE,1996,
Liechtenstein,LIE,1995,
Liechtenstein,LIE,1994,
Liechtenstein,LIE,1993,
Liechtenstein,LIE,1992,
Liechtenstein,LIE,1991,
Liechtenstein,LIE,1990,
Liechtenstein,LIE,1989,
Liechtenstein,LIE,1988,
Liechtenstein,LIE,1987,
Liechtenstein,LIE,1986,
Liechtenstein,LIE,1985,
Liechtenstein,LIE,1984,
Liechtenstein,LIE,1983,
Liechtenstein,LIE,1982,
Liechtenstein,LIE,1981,
Liechtenstein,LIE,1980,
Liechtenstein,LIE,1979,
Liechtenstein,LIE,1978,
Liechtenstein,LIE,1977,
Liechtenstein,LIE,1976,
Liechtenstein,LIE,1975,
Liechtenstein,LIE,1974,
Liechtenstein,LIE,1973,
Liechtenstein,LIE,1972,
Liechtenstein,LIE,1971,
Liechtenstein,LIE,1970,
Liechtenstein,LIE,1969,
Liechtenstein,LIE,1968,
Liechtenstein,LIE,1967,
Liechtenstein,LIE,1966,
Liechtenstein,LIE,1965,
Liechtenstein,LIE,1964,
Liechtenstein,LIE,1963,
Liechtenstein,LIE,1962,
Liechtenstein,LIE,1961,
Liechtenstein,LIE,1960,
Lithuania,LTU,2025,
Lithuania,LTU,2024,
Lithuania,LTU,2023,
Lithuania,LTU,2022,
Lithuania,LTU,2021,
Lithuania,LTU,2020,
Lithuania,LTU,2019,
Lithuania,LTU,2018,
Lithuania,LTU,2017,
Lithuania,LTU,2016,
Lithuania,LTU,2015,
Lithuania,LTU,2014,
Lithuania,LTU,2013,
Lithuania,LTU,2012,
Lithuania,LTU,2011,
Lithuania,LTU,2010,
Lithuania,LTU,2009,
Lithuania,LTU,2008,
Lithuania,LTU,2007,
Lithuania,LTU,2006,
Lithuania,LTU,2005,
Lithuania,LTU,2004,249380004.882813
Lithuania,LTU,2003,370880004.882813
Lithuania,LTU,2002,132210006.713867
Lithuania,LTU,2001,130229995.727539
Lithuania,LTU,2000,97819999.6948242
Lithuania,LTU,1999,132399993.896484
Lithuania,LTU,1998,130130004.882813
Lithuania,LTU,1997,103580001.831055
Lithuania,LTU,1996,90720001.2207031
Lithuania,LTU,1995,179130004.882813
Lithuania,LTU,1994,71430000.3051758
Lithuania,LTU,1993,62200000.7629395
Lithuania,LTU,1992,93849998.4741211
Lithuania,LTU,1991,3960000.03814697
Lithuania,LTU,1990,
Lithuania,LTU,1989,
Lithuania,LTU,1988,
Lithuania,LTU,1987,
Lithuania,LTU,1986,
Lithuania,LTU,1985,
Lithuania,LTU,1984,
Lithuania,LTU,1983,
Lithuania,LTU,1982,
Lithuania,LTU,1981,
Lithuania,LTU,1980,
Lithuania,LTU,1979,
Lithuania,LTU,1978,
Lithuania,LTU,1977,
Lithuania,LTU,1976,
Lithuania,LTU,1975,
Lithuania,LTU,1974,
Lithuania,LTU,1973,
Lithuania,LTU,1972,
Lithuania,LTU,1971,
Lithuania,LTU,1970,
Lithuania,LTU,1969,
Lithuania,LTU,1968,
Lithuania,LTU,1967,
Lithuania,LTU,1966,
Lithuania,LTU,1965,
Lithuania,LTU,1964,
Lithuania,LTU,1963,
Lithuania,LTU,1962,
Lithuania,LTU,1961,
Lithuania,LTU,1960,
Luxembourg,LUX,2025,
Luxembourg,LUX,2024,
Luxembourg,LUX,2023,
Luxembourg,LUX,2022,
Luxembourg,LUX,2021,
Luxembourg,LUX,2020,
Luxembourg,LUX,2019,
Luxembourg,LUX,2018,
Luxembourg,LUX,2017,
Luxembourg,LUX,2016,
Luxembourg,LUX,2015,
Luxembourg,LUX,2014,
Luxembourg,LUX,2013,
Luxembourg,LUX,2012,
Luxembourg,LUX,2011,
Luxembourg,LUX,2010,
Luxembourg,LUX,2009,
Luxembourg,LUX,2008,
Luxembourg,LUX,2007,
Luxembourg,LUX,2006,
Luxembourg,LUX,2005,
Luxembourg,LUX,2004,
Luxembourg,LUX,2003,
Luxembourg,LUX,2002,
Luxembourg,LUX,2001,
Luxembourg,LUX,2000,
Luxembourg,LUX,1999,
Luxembourg,LUX,1998,
Luxembourg,LUX,1997,
Luxembourg,LUX,1996,
Luxembourg,LUX,1995,
Luxembourg,LUX,1994,
Luxembourg,LUX,1993,
Luxembourg,LUX,1992,
Luxembourg,LUX,1991,
Luxembourg,LUX,1990,
Luxembourg,LUX,1989,
Luxembourg,LUX,1988,
Luxembourg,LUX,1987,
Luxembourg,LUX,1986,
Luxembourg,LUX,1985,
Luxembourg,LUX,1984,
Luxembourg,LUX,1983,
Luxembourg,LUX,1982,
Luxembourg,LUX,1981,
Luxembourg,LUX,1980,
Luxembourg,LUX,1979,
Luxembourg,LUX,1978,
Luxembourg,LUX,1977,
Luxembourg,LUX,1976,
Luxembourg,LUX,1975,
Luxembourg,LUX,1974,
Luxembourg,LUX,1973,
Luxembourg,LUX,1972,
Luxembourg,LUX,1971,
Luxembourg,LUX,1970,
Luxembourg,LUX,1969,
Luxembourg,LUX,1968,
Luxembourg,LUX,1967,
Luxembourg,LUX,1966,
Luxembourg,LUX,1965,
Luxembourg,LUX,1964,
Luxembourg,LUX,1963,
Luxembourg,LUX,1962,
Luxembourg,LUX,1961,
Luxembourg,LUX,1960,
"Macao SAR, China",MAC,2025,
"Macao SAR, China",MAC,2024,
"Macao SAR, China",MAC,2023,
"Macao SAR, China",MAC,2022,
"Macao SAR, China",MAC,2021,
"Macao SAR, China",MAC,2020,
"Macao SAR, China",MAC,2019,
"Macao SAR, China",MAC,2018,
"Macao SAR, China",MAC,2017,
"Macao SAR, China",MAC,2016,
"Macao SAR, China",MAC,2015,
"Macao SAR, China",MAC,2014,
"Macao SAR, China",MAC,2013,
"Macao SAR, China",MAC,2012,
"Macao SAR, China",MAC,2011,
"Macao SAR, China",MAC,2010,
"Macao SAR, China",MAC,2009,
"Macao SAR, China",MAC,2008,
"Macao SAR, China",MAC,2007,
"Macao SAR, China",MAC,2006,
"Macao SAR, China",MAC,2005,
"Macao SAR, China",MAC,2004,
"Macao SAR, China",MAC,2003,
"Macao SAR, China",MAC,2002,
"Macao SAR, China",MAC,2001,
"Macao SAR, China",MAC,2000,
"Macao SAR, China",MAC,1999,319999.992847443
"Macao SAR, China",MAC,1998,500000.0
"Macao SAR, China",MAC,1997,360000.014305115
"Macao SAR, China",MAC,1996,319999.992847443
"Macao SAR, China",MAC,1995,-4010000.22888184
"Macao SAR, China",MAC,1994,289999.99165535
"Macao SAR, China",MAC,1993,180000.007152557
"Macao SAR, China",MAC,1992,129999.995231628
"Macao SAR, China",MAC,1991,119999.997317791
"Macao SAR, China",MAC,1990,230000.004172325
"Macao SAR, China",MAC,1989,330000.013113022
"Macao SAR, China",MAC,1988,349999.994039536
"Macao SAR, China",MAC,1987,140000.000596046
"Macao SAR, China",MAC,1986,360000.014305115
"Macao SAR, China",MAC,1985,419999.986886978
"Macao SAR, China",MAC,1984,449999.988079071
"Macao SAR, China",MAC,1983,560000.002384186
"Macao SAR, China",MAC,1982,720000.028610229
"Macao SAR, China",MAC,1981,9999.99977648258
"Macao SAR, China",MAC,1980,4429999.82833862
"Macao SAR, China",MAC,1979,19999.9995529652
"Macao SAR, China",MAC,1978,
"Macao SAR, China",MAC,1977,
"Macao SAR, China",MAC,1976,
"Macao SAR, China",MAC,1975,19999.9995529652
"Macao SAR, China",MAC,1974,29999.9993294477
"Macao SAR, China",MAC,1973,119999.997317791
"Macao SAR, China",MAC,1972,90000.0035762787
"Macao SAR, China",MAC,1971,239999.994635582
"Macao SAR, China",MAC,1970,209999.993443489
"Macao SAR, China",MAC,1969,70000.0002980232
"Macao SAR, China",MAC,1968,170000.001788139
"Macao SAR, China",MAC,1967,140000.000596046
"Macao SAR, China",MAC,1966,340000.003576279
"Macao SAR, China",MAC,1965,
"Macao SAR, China",MAC,1964,
"Macao SAR, China",MAC,1963,1019999.98092651
"Macao SAR, China",MAC,1962,
"Macao SAR, China",MAC,1961,1200000.04768372
"Macao SAR, China",MAC,1960,1779999.97138977
Madagascar,MDG,2025,
Madagascar,MDG,2024,
Madagascar,MDG,2023,1253593261.71875
Madagascar,MDG,2022,1004462097.16797
Madagascar,MDG,2021,1069393676.75781
Madagascar,MDG,2020,1299780273.4375
Madagascar,MDG,2019,733117553.710938
Madagascar,MDG,2018,755010498.046875
Madagascar,MDG,2017,779036132.8125
Madagascar,MDG,2016,621582397.460938
Madagascar,MDG,2015,677508850.097656
Madagascar,MDG,2014,588121276.855469
Madagascar,MDG,2013,499280151.367188
Madagascar,MDG,2012,368490081.787109
Madagascar,MDG,2011,447277557.373047
Madagascar,MDG,2010,384279998.779297
Madagascar,MDG,2009,434508209.228516
Madagascar,MDG,2008,847196289.0625
Madagascar,MDG,2007,896834594.726563
Madagascar,MDG,2006,784410339.355469
Madagascar,MDG,2005,916151672.363281
Madagascar,MDG,2004,1252516357.42188
Madagascar,MDG,2003,545359680.175781
Madagascar,MDG,2002,373938323.974609
Madagascar,MDG,2001,374526672.363281
Madagascar,MDG,2000,324480010.986328
Madagascar,MDG,1999,362388336.181641
Madagascar,MDG,1998,484671661.376953
Madagascar,MDG,1997,837668334.960938
Madagascar,MDG,1996,354690002.441406
Madagascar,MDG,1995,299410003.662109
Madagascar,MDG,1994,288140014.648438
Madagascar,MDG,1993,361220001.220703
Madagascar,MDG,1992,361549987.792969
Madagascar,MDG,1991,455109985.351563
Madagascar,MDG,1990,396959991.455078
Madagascar,MDG,1989,347230010.986328
Madagascar,MDG,1988,295980010.986328
Madagascar,MDG,1987,330589996.337891
Madagascar,MDG,1986,309820007.324219
Madagascar,MDG,1985,184639999.389648
Madagascar,MDG,1984,150210006.713867
Madagascar,MDG,1983,181179992.675781
Madagascar,MDG,1982,240119995.117188
Madagascar,MDG,1981,232979995.727539
Madagascar,MDG,1980,229550003.051758
Madagascar,MDG,1979,137089996.337891
Madagascar,MDG,1978,90470001.2207031
Madagascar,MDG,1977,60580001.8310547
Madagascar,MDG,1976,61349998.4741211
Madagascar,MDG,1975,82209999.0844727
Madagascar,MDG,1974,62750000.0
Madagascar,MDG,1973,52500000.0
Madagascar,MDG,1972,54700000.7629395
Madagascar,MDG,1971,46880001.0681152
Madagascar,MDG,1970,47950000.7629395
Madagascar,MDG,1969,45569999.6948242
Madagascar,MDG,1968,48619998.9318848
Madagascar,MDG,1967,43639999.3896484
Madagascar,MDG,1966,47700000.7629395
Madagascar,MDG,1965,50819999.6948242
Madagascar,MDG,1964,47590000.1525879
Madagascar,MDG,1963,8289999.96185303
Madagascar,MDG,1962,4989999.77111816
Madagascar,MDG,1961,1490000.00953674
Madagascar,MDG,1960,2650000.09536743
Malawi,MWI,2025,
Malawi,MWI,2024,
Malawi,MWI,2023,1731495849.60938
Malawi,MWI,2022,1371369140.625
Malawi,MWI,2021,1185611083.98438
Malawi,MWI,2020,1455589965.82031
Malawi,MWI,2019,1168642211.91406
Malawi,MWI,2018,1279302001.95313
Malawi,MWI,2017,1520217773.4375
Malawi,MWI,2016,1241607666.01563
Malawi,MWI,2015,1049796020.50781
Malawi,MWI,2014,931158874.511719
Malawi,MWI,2013,1132548706.05469
Malawi,MWI,2012,1170907104.49219
Malawi,MWI,2011,798283996.582031
Malawi,MWI,2010,883859985.351563
Malawi,MWI,2009,773705139.160156
Malawi,MWI,2008,924743347.167969
Malawi,MWI,2007,766673828.125
Malawi,MWI,2006,722865722.65625
Malawi,MWI,2005,573647888.183594
Malawi,MWI,2004,507416839.599609
Malawi,MWI,2003,519566101.074219
Malawi,MWI,2002,379743927.001953
Malawi,MWI,2001,411100585.9375
Malawi,MWI,2000,448149078.369141
Malawi,MWI,1999,446784545.898438
Malawi,MWI,1998,434684539.794922
Malawi,MWI,1997,344100891.113281
Malawi,MWI,1996,492540008.544922
Malawi,MWI,1995,435140014.648438
Malawi,MWI,1994,471140014.648438
Malawi,MWI,1993,497339996.337891
Malawi,MWI,1992,578039978.027344
Malawi,MWI,1991,549570007.324219
Malawi,MWI,1990,500359985.351563
Malawi,MWI,1989,417299987.792969
Malawi,MWI,1988,375600006.103516
Malawi,MWI,1987,275839996.337891
Malawi,MWI,1986,194490005.493164
Malawi,MWI,1985,112459999.084473
Malawi,MWI,1984,181320007.324219
Malawi,MWI,1983,115489997.86377
Malawi,MWI,1982,120230003.356934
Malawi,MWI,1981,136639999.389648
Malawi,MWI,1980,141179992.675781
Malawi,MWI,1979,141419998.168945
Malawi,MWI,1978,98209999.0844727
Malawi,MWI,1977,78910003.6621094
Malawi,MWI,1976,61659999.8474121
Malawi,MWI,1975,62880001.0681152
Malawi,MWI,1974,41389999.3896484
Malawi,MWI,1973,29610000.6103516
Malawi,MWI,1972,36169998.1689453
Malawi,MWI,1971,31520000.4577637
Malawi,MWI,1970,36770000.4577637
Malawi,MWI,1969,27500000.0
Malawi,MWI,1968,46930000.3051758
Malawi,MWI,1967,30040000.9155273
Malawi,MWI,1966,31709999.0844727
Malawi,MWI,1965,33909999.8474121
Malawi,MWI,1964,32560001.373291
Malawi,MWI,1963,16459999.0844727
Malawi,MWI,1962,11609999.6566772
Malawi,MWI,1961,8229999.54223633
Malawi,MWI,1960,4159999.84741211
Malaysia,MYS,2025,
Malaysia,MYS,2024,
Malaysia,MYS,2023,6578659.05761719
Malaysia,MYS,2022,5940240.85998535
Malaysia,MYS,2021,15473509.7885132
Malaysia,MYS,2020,-4258187.77084351
Malaysia,MYS,2019,-1948065.04249573
Malaysia,MYS,2018,-34465194.7021484
Malaysia,MYS,2017,-29250389.0991211
Malaysia,MYS,2016,-51818664.5507813
Malaysia,MYS,2015,-600624.024868011
Malaysia,MYS,2014,19922899.2462158
Malaysia,MYS,2013,-113312217.712402
Malaysia,MYS,2012,18323242.1875
Malaysia,MYS,2011,40812160.4919434
Malaysia,MYS,2010,-8189999.5803833
Malaysia,MYS,2009,139920364.379883
Malaysia,MYS,2008,156349227.905273
Malaysia,MYS,2007,202151504.516602
Malaysia,MYS,2006,241361511.230469
Malaysia,MYS,2005,29219339.3707275
Malaysia,MYS,2004,299228820.800781
Malaysia,MYS,2003,110320396.42334
Malaysia,MYS,2002,89343116.7602539
Malaysia,MYS,2001,29328119.2779541
Malaysia,MYS,2000,48647418.9758301
Malaysia,MYS,1999,145932373.046875
Malaysia,MYS,1998,201742248.535156
Malaysia,MYS,1997,-240341079.711914
Malaysia,MYS,1996,-456603332.519531
Malaysia,MYS,1995,106746665.95459
Malaysia,MYS,1994,65690002.4414063
Malaysia,MYS,1993,94010002.1362305
Malaysia,MYS,1992,202440002.441406
Malaysia,MYS,1991,287899993.896484
Malaysia,MYS,1990,466540008.544922
Malaysia,MYS,1989,137509994.506836
Malaysia,MYS,1988,101980003.356934
Malaysia,MYS,1987,362059997.558594
Malaysia,MYS,1986,190559997.558594
Malaysia,MYS,1985,226800003.051758
Malaysia,MYS,1984,325029998.779297
Malaysia,MYS,1983,175470001.220703
Malaysia,MYS,1982,134720001.220703
Malaysia,MYS,1981,142720001.220703
Malaysia,MYS,1980,134490005.493164
Malaysia,MYS,1979,124589996.337891
Malaysia,MYS,1978,79620002.746582
Malaysia,MYS,1977,70410003.6621094
Malaysia,MYS,1976,62490001.6784668
Malaysia,MYS,1975,98220001.2207031
Malaysia,MYS,1974,68339996.3378906
Malaysia,MYS,1973,44209999.0844727
Malaysia,MYS,1972,50080001.8310547
Malaysia,MYS,1971,42189998.626709
Malaysia,MYS,1970,26360000.6103516
Malaysia,MYS,1969,30819999.6948242
Malaysia,MYS,1968,25670000.0762939
Malaysia,MYS,1967,23100000.3814697
Malaysia,MYS,1966,30149999.6185303
Malaysia,MYS,1965,22180000.3051758
Malaysia,MYS,1964,17180000.3051758
Malaysia,MYS,1963,12729999.5422363
Malaysia,MYS,1962,21819999.6948242
Malaysia,MYS,1961,18909999.8474121
Malaysia,MYS,1960,13279999.7329712
Maldives,MDV,2025,
Maldives,MDV,2024,
Maldives,MDV,2023,200507659.912109
Maldives,MDV,2022,120292236.328125
Maldives,MDV,2021,113484550.476074
Maldives,MDV,2020,312050476.074219
Maldives,MDV,2019,71582244.8730469
Maldives,MDV,2018,131431213.378906
Maldives,MDV,2017,46478187.5610352
Maldives,MDV,2016,22713554.3823242
Maldives,MDV,2015,23987913.1317139
Maldives,MDV,2014,22543342.590332
Maldives,MDV,2013,21702138.9007568
Maldives,MDV,2012,56732288.3605957
Maldives,MDV,2011,49827495.5749512
Maldives,MDV,2010,66910003.6621094
Maldives,MDV,2009,29086437.2253418
Maldives,MDV,2008,52929866.7907715
Maldives,MDV,2007,33787288.6657715
Maldives,MDV,2006,34092353.8208008
Maldives,MDV,2005,72392349.2431641
Maldives,MDV,2004,26622352.6000977
Maldives,MDV,2003,17004020.690918
Maldives,MDV,2002,21534069.0612793
Maldives,MDV,2001,22304069.519043
Maldives,MDV,2000,18144069.6716309
Maldives,MDV,1999,30420227.0507813
Maldives,MDV,1998,24830226.8981934
Maldives,MDV,1997,23483560.5621338
Maldives,MDV,1996,26493333.8165283
Maldives,MDV,1995,52493331.9091797
Maldives,MDV,1994,27489999.7711182
Maldives,MDV,1993,26540000.9155273
Maldives,MDV,1992,30950000.7629395
Maldives,MDV,1991,27020000.4577637
Maldives,MDV,1990,15649999.6185303
Maldives,MDV,1989,27079999.9237061
Maldives,MDV,1988,25350000.3814697
Maldives,MDV,1987,15289999.961853
Maldives,MDV,1986,15220000.2670288
Maldives,MDV,1985,8510000.22888184
Maldives,MDV,1984,5170000.07629395
Maldives,MDV,1983,9930000.30517578
Maldives,MDV,1982,5260000.22888184
Maldives,MDV,1981,12670000.0762939
Maldives,MDV,1980,20909999.8474121
Maldives,MDV,1979,6280000.20980835
Maldives,MDV,1978,8100000.38146973
Maldives,MDV,1977,3650000.09536743
Maldives,MDV,1976,3009999.99046326
Maldives,MDV,1975,3250000.0
Maldives,MDV,1974,610000.014305115
Maldives,MDV,1973,579999.983310699
Maldives,MDV,1972,639999.985694885
Maldives,MDV,1971,850000.023841858
Maldives,MDV,1970,239999.994635582
Maldives,MDV,1969,170000.001788139
Maldives,MDV,1968,289999.99165535
Maldives,MDV,1967,370000.004768372
Maldives,MDV,1966,1990000.00953674
Maldives,MDV,1965,119999.997317791
Maldives,MDV,1964,280000.001192093
Maldives,MDV,1963,300000.011920929
Maldives,MDV,1962,479999.989271164
Maldives,MDV,1961,259999.990463257
Maldives,MDV,1960,29999.9993294477
Mali,MLI,2025,
Mali,MLI,2024,
Mali,MLI,2023,1292478637.69531
Mali,MLI,2022,1201138916.01563
Mali,MLI,2021,1439193237.30469
Mali,MLI,2020,1567402465.82031
Mali,MLI,2019,1816762207.03125
Mali,MLI,2018,1556926757.8125
Mali,MLI,2017,1360057983.39844
Mali,MLI,2016,1205116943.35938
Mali,MLI,2015,1201644409.17969
Mali,MLI,2014,1235838134.76563
Mali,MLI,2013,1397521362.30469
Mali,MLI,2012,995577636.71875
Mali,MLI,2011,1267623901.36719
Mali,MLI,2010,935510009.765625
Mali,MLI,2009,984660766.601563
Mali,MLI,2008,967752807.617188
Mali,MLI,2007,1021013916.01563
Mali,MLI,2006,869202819.824219
Mali,MLI,2005,724588317.871094
Mali,MLI,2004,585304138.183594
Mali,MLI,2003,556226013.183594
Mali,MLI,2002,420479827.880859
Mali,MLI,2001,351743347.167969
Mali,MLI,2000,288035980.224609
Mali,MLI,1999,354390014.648438
Mali,MLI,1998,346820037.841797
Mali,MLI,1997,429334045.410156
Mali,MLI,1996,490170013.427734
Mali,MLI,1995,540409973.144531
Mali,MLI,1994,440149993.896484
Mali,MLI,1993,369959991.455078
Mali,MLI,1992,429690002.441406
Mali,MLI,1991,449679992.675781
Mali,MLI,1990,479170013.427734
Mali,MLI,1989,447179992.675781
Mali,MLI,1988,435380004.882813
Mali,MLI,1987,360149993.896484
Mali,MLI,1986,378690002.441406
Mali,MLI,1985,378649993.896484
Mali,MLI,1984,319570007.324219
Mali,MLI,1983,218369995.117188
Mali,MLI,1982,208839996.337891
Mali,MLI,1981,228009994.506836
Mali,MLI,1980,266420013.427734
Mali,MLI,1979,187529998.779297
Mali,MLI,1978,157080001.831055
Mali,MLI,1977,110199996.948242
Mali,MLI,1976,87040000.9155273
Mali,MLI,1975,143970001.220703
Mali,MLI,1974,115889999.389648
Mali,MLI,1973,70610000.6103516
Mali,MLI,1972,37810001.373291
Mali,MLI,1971,29840000.1525879
Mali,MLI,1970,22090000.1525879
Mali,MLI,1969,23219999.3133545
Mali,MLI,1968,27889999.3896484
Mali,MLI,1967,17200000.7629395
Mali,MLI,1966,24950000.7629395
Mali,MLI,1965,21610000.6103516
Mali,MLI,1964,17239999.7711182
Mali,MLI,1963,7110000.1335144
Mali,MLI,1962,9560000.4196167
Mali,MLI,1961,2440000.05722046
Mali,MLI,1960,79999.9982118607
Malta,MLT,2025,
Malta,MLT,2024,
Malta,MLT,2023,
Malta,MLT,2022,
Malta,MLT,2021,
Malta,MLT,2020,
Malta,MLT,2019,
Malta,MLT,2018,
Malta,MLT,2017,
Malta,MLT,2016,
Malta,MLT,2015,
Malta,MLT,2014,
Malta,MLT,2013,
Malta,MLT,2012,
Malta,MLT,2011,
Malta,MLT,2010,
Malta,MLT,2009,
Malta,MLT,2008,
Malta,MLT,2007,
Malta,MLT,2006,
Malta,MLT,2005,
Malta,MLT,2004,
Malta,MLT,2003,
Malta,MLT,2002,11039999.961853
Malta,MLT,2001,1700000.04768372
Malta,MLT,2000,21239999.7711182
Malta,MLT,1999,25100000.3814697
Malta,MLT,1998,21870000.8392334
Malta,MLT,1997,22389999.3896484
Malta,MLT,1996,72169998.1689453
Malta,MLT,1995,9210000.03814697
Malta,MLT,1994,42490001.6784668
Malta,MLT,1993,30870000.8392334
Malta,MLT,1992,4630000.11444092
Malta,MLT,1991,21799999.2370605
Malta,MLT,1990,5309999.94277954
Malta,MLT,1989,-5210000.03814697
Malta,MLT,1988,-2829999.92370605
Malta,MLT,1987,-1429999.94754791
Malta,MLT,1986,6829999.92370605
Malta,MLT,1985,18329999.9237061
Malta,MLT,1984,11409999.8474121
Malta,MLT,1983,44029998.7792969
Malta,MLT,1982,25079999.9237061
Malta,MLT,1981,49369998.9318848
Malta,MLT,1980,15930000.3051758
Malta,MLT,1979,51799999.2370605
Malta,MLT,1978,39529998.7792969
Malta,MLT,1977,31170000.0762939
Malta,MLT,1976,30319999.6948242
Malta,MLT,1975,33650001.5258789
Malta,MLT,1974,21530000.6866455
Malta,MLT,1973,27489999.7711182
Malta,MLT,1972,15039999.961853
Malta,MLT,1971,16040000.9155273
Malta,MLT,1970,19559999.4659424
Malta,MLT,1969,15050000.1907349
Malta,MLT,1968,16850000.3814697
Malta,MLT,1967,16120000.8392334
Malta,MLT,1966,17440000.5340576
Malta,MLT,1965,16540000.9155273
Malta,MLT,1964,19600000.3814697
Malta,MLT,1963,17239999.7711182
Malta,MLT,1962,8840000.15258789
Malta,MLT,1961,9770000.45776367
Malta,MLT,1960,12329999.9237061
Marshall Islands,MHL,2025,
Marshall Islands,MHL,2024,
Marshall Islands,MHL,2023,126128410.339355
Marshall Islands,MHL,2022,140286956.787109
Marshall Islands,MHL,2021,107031799.316406
Marshall Islands,MHL,2020,183085052.490234
Marshall Islands,MHL,2019,65981147.7661133
Marshall Islands,MHL,2018,54400421.1425781
Marshall Islands,MHL,2017,72513481.1401367
Marshall Islands,MHL,2016,12564118.3853149
Marshall Islands,MHL,2015,57064647.6745605
Marshall Islands,MHL,2014,55696426.3916016
Marshall Islands,MHL,2013,93741218.5668945
Marshall Islands,MHL,2012,83846824.6459961
Marshall Islands,MHL,2011,84519996.6430664
Marshall Islands,MHL,2010,24610000.6103516
Marshall Islands,MHL,2009,61165000.9155273
Marshall Islands,MHL,2008,53209999.0844727
Marshall Islands,MHL,2007,53316665.6494141
Marshall Islands,MHL,2006,55326667.7856445
Marshall Islands,MHL,2005,56287132.2631836
Marshall Islands,MHL,2004,49918800.3540039
Marshall Islands,MHL,2003,52128799.4384766
Marshall Islands,MHL,2002,55733333.5876465
Marshall Islands,MHL,2001,67709999.0844727
Marshall Islands,MHL,2000,47459999.0844727
Marshall Islands,MHL,1999,59076667.7856445
Marshall Islands,MHL,1998,42476665.4968262
Marshall Islands,MHL,1997,52926666.2597656
Marshall Islands,MHL,1996,69940002.4414063
Marshall Islands,MHL,1995,33389999.3896484
Marshall Islands,MHL,1994,46330001.8310547
Marshall Islands,MHL,1993,30159999.8474121
Marshall Islands,MHL,1992,5570000.17166138
Marshall Islands,MHL,1991,280000.001192093
Marshall Islands,MHL,1990,
Marshall Islands,MHL,1989,
Marshall Islands,MHL,1988,
Marshall Islands,MHL,1987,
Marshall Islands,MHL,1986,
Marshall Islands,MHL,1985,
Marshall Islands,MHL,1984,
Marshall Islands,MHL,1983,
Marshall Islands,MHL,1982,
Marshall Islands,MHL,1981,
Marshall Islands,MHL,1980,
Marshall Islands,MHL,1979,
Marshall Islands,MHL,1978,
Marshall Islands,MHL,1977,
Marshall Islands,MHL,1976,
Marshall Islands,MHL,1975,
Marshall Islands,MHL,1974,
Marshall Islands,MHL,1973,
Marshall Islands,MHL,1972,
Marshall Islands,MHL,1971,
Marshall Islands,MHL,1970,
Marshall Islands,MHL,1969,
Marshall Islands,MHL,1968,
Marshall Islands,MHL,1967,
Marshall Islands,MHL,1966,
Marshall Islands,MHL,1965,
Marshall Islands,MHL,1964,
Marshall Islands,MHL,1963,
Marshall Islands,MHL,1962,
Marshall Islands,MHL,1961,
Marshall Islands,MHL,1960,
Mauritania,MRT,2025,
Mauritania,MRT,2024,
Mauritania,MRT,2023,419490051.269531
Mauritania,MRT,2022,327710571.289063
Mauritania,MRT,2021,452874328.613281
Mauritania,MRT,2020,646728454.589844
Mauritania,MRT,2019,397322418.212891
Mauritania,MRT,2018,448410400.390625
Mauritania,MRT,2017,291710205.078125
Mauritania,MRT,2016,307278198.242188
Mauritania,MRT,2015,329462982.177734
Mauritania,MRT,2014,260706695.556641
Mauritania,MRT,2013,294742279.052734
Mauritania,MRT,2012,409785064.697266
Mauritania,MRT,2011,381719909.667969
Mauritania,MRT,2010,314309997.558594
Mauritania,MRT,2009,375983551.025391
Mauritania,MRT,2008,454789916.992188
Mauritania,MRT,2007,348850341.796875
Mauritania,MRT,2006,216321670.532227
Mauritania,MRT,2005,188799331.665039
Mauritania,MRT,2004,194770660.400391
Mauritania,MRT,2003,260850097.65625
Mauritania,MRT,2002,363460754.394531
Mauritania,MRT,2001,282739440.917969
Mauritania,MRT,2000,223631332.397461
Mauritania,MRT,1999,222699005.126953
Mauritania,MRT,1998,165858993.530273
Mauritania,MRT,1997,239067672.729492
Mauritania,MRT,1996,272269989.013672
Mauritania,MRT,1995,230229995.727539
Mauritania,MRT,1994,268940002.441406
Mauritania,MRT,1993,337839996.337891
Mauritania,MRT,1992,199619995.117188
Mauritania,MRT,1991,217399993.896484
Mauritania,MRT,1990,236179992.675781
Mauritania,MRT,1989,250839996.337891
Mauritania,MRT,1988,182929992.675781
Mauritania,MRT,1987,193910003.662109
Mauritania,MRT,1986,230589996.337891
Mauritania,MRT,1985,207559997.558594
Mauritania,MRT,1984,172759994.506836
Mauritania,MRT,1983,179559997.558594
Mauritania,MRT,1982,187679992.675781
Mauritania,MRT,1981,223130004.882813
Mauritania,MRT,1980,175369995.117188
Mauritania,MRT,1979,170169998.168945
Mauritania,MRT,1978,240089996.337891
Mauritania,MRT,1977,177910003.662109
Mauritania,MRT,1976,206190002.441406
Mauritania,MRT,1975,83180000.3051758
Mauritania,MRT,1974,97980003.3569336
Mauritania,MRT,1973,30879999.1607666
Mauritania,MRT,1972,13350000.3814697
Mauritania,MRT,1971,14609999.6566772
Mauritania,MRT,1970,7510000.22888184
Mauritania,MRT,1969,11819999.6948242
Mauritania,MRT,1968,20989999.7711182
Mauritania,MRT,1967,12489999.7711182
Mauritania,MRT,1966,21700000.7629395
Mauritania,MRT,1965,9300000.19073486
Mauritania,MRT,1964,12079999.9237061
Mauritania,MRT,1963,1620000.00476837
Mauritania,MRT,1962,2240000.00953674
Mauritania,MRT,1961,1009999.99046326
Mauritania,MRT,1960,39999.9991059303
Mauritius,MUS,2025,
Mauritius,MUS,2024,
Mauritius,MUS,2023,94860664.3676758
Mauritius,MUS,2022,77855636.5966797
Mauritius,MUS,2021,294674072.265625
Mauritius,MUS,2020,336734924.316406
Mauritius,MUS,2019,23158819.1986084
Mauritius,MUS,2018,69215362.5488281
Mauritius,MUS,2017,14627085.68573
Mauritius,MUS,2016,42335067.7490234
Mauritius,MUS,2015,78424797.0581055
Mauritius,MUS,2014,44592834.4726563
Mauritius,MUS,2013,145737365.722656
Mauritius,MUS,2012,176675231.933594
Mauritius,MUS,2011,185685516.357422
Mauritius,MUS,2010,125930000.305176
Mauritius,MUS,2009,156032302.856445
Mauritius,MUS,2008,108683502.197266
Mauritius,MUS,2007,69205619.8120117
Mauritius,MUS,2006,19128200.5310059
Mauritius,MUS,2005,34399234.7717285
Mauritius,MUS,2004,32801231.3842773
Mauritius,MUS,2003,-14521367.0730591
Mauritius,MUS,2002,23850000.3814697
Mauritius,MUS,2001,21280000.6866455
Mauritius,MUS,2000,20750766.7541504
Mauritius,MUS,1999,41819248.1994629
Mauritius,MUS,1998,40409248.3520508
Mauritius,MUS,1997,42058479.309082
Mauritius,MUS,1996,20329999.9237061
Mauritius,MUS,1995,23819999.6948242
Mauritius,MUS,1994,14840000.1525879
Mauritius,MUS,1993,26739999.7711182
Mauritius,MUS,1992,45689998.626709
Mauritius,MUS,1991,67319999.6948242
Mauritius,MUS,1990,88290000.9155273
Mauritius,MUS,1989,60340000.1525879
Mauritius,MUS,1988,57310001.373291
Mauritius,MUS,1987,62599998.4741211
Mauritius,MUS,1986,54020000.4577637
Mauritius,MUS,1985,26639999.3896484
Mauritius,MUS,1984,33409999.8474121
Mauritius,MUS,1983,40139999.3896484
Mauritius,MUS,1982,47709999.0844727
Mauritius,MUS,1981,58279998.7792969
Mauritius,MUS,1980,33090000.1525879
Mauritius,MUS,1979,32040000.9155273
Mauritius,MUS,1978,43779998.7792969
Mauritius,MUS,1977,22360000.6103516
Mauritius,MUS,1976,17030000.6866455
Mauritius,MUS,1975,28420000.0762939
Mauritius,MUS,1974,24969999.3133545
Mauritius,MUS,1973,13720000.2670288
Mauritius,MUS,1972,10560000.4196167
Mauritius,MUS,1971,9239999.77111816
Mauritius,MUS,1970,6010000.22888184
Mauritius,MUS,1969,5400000.09536743
Mauritius,MUS,1968,9640000.34332275
Mauritius,MUS,1967,5179999.82833862
Mauritius,MUS,1966,4380000.11444092
Mauritius,MUS,1965,2190000.05722046
Mauritius,MUS,1964,2150000.09536743
Mauritius,MUS,1963,5809999.94277954
Mauritius,MUS,1962,4289999.96185303
Mauritius,MUS,1961,5500000.0
Mauritius,MUS,1960,529999.971389771
Mexico,MEX,2025,
Mexico,MEX,2024,
Mexico,MEX,2023,451662292.480469
Mexico,MEX,2022,496684570.3125
Mexico,MEX,2021,564826477.050781
Mexico,MEX,2020,794995605.46875
Mexico,MEX,2019,526257812.5
Mexico,MEX,2018,549208068.847656
Mexico,MEX,2017,754608337.402344
Mexico,MEX,2016,809336181.640625
Mexico,MEX,2015,321074615.478516
Mexico,MEX,2014,814892395.019531
Mexico,MEX,2013,562386230.46875
Mexico,MEX,2012,407930389.404297
Mexico,MEX,2011,967016723.632813
Mexico,MEX,2010,435970001.220703
Mexico,MEX,2009,186676971.435547
Mexico,MEX,2008,148297958.374023
Mexico,MEX,2007,112459197.998047
Mexico,MEX,2006,245900299.072266
Mexico,MEX,2005,200000900.268555
Mexico,MEX,2004,135934234.619141
Mexico,MEX,2003,115640556.335449
Mexico,MEX,2002,135553359.985352
Mexico,MEX,2001,98935539.2456055
Mexico,MEX,2000,-40460056.3049316
Mexico,MEX,1999,45945941.9250488
Mexico,MEX,1998,30035999.2980957
Mexico,MEX,1997,113797996.520996
Mexico,MEX,1996,305432006.835938
Mexico,MEX,1995,410562011.71875
Mexico,MEX,1994,450220001.220703
Mexico,MEX,1993,446410003.662109
Mexico,MEX,1992,339190002.441406
Mexico,MEX,1991,290220001.220703
Mexico,MEX,1990,178339996.337891
Mexico,MEX,1989,114519996.643066
Mexico,MEX,1988,178220001.220703
Mexico,MEX,1987,176500000.0
Mexico,MEX,1986,269399993.896484
Mexico,MEX,1985,150940002.441406
Mexico,MEX,1984,93500000.0
Mexico,MEX,1983,149759994.506836
Mexico,MEX,1982,150080001.831055
Mexico,MEX,1981,111370002.746582
Mexico,MEX,1980,67389999.3896484
Mexico,MEX,1979,67190002.4414063
Mexico,MEX,1978,17360000.6103516
Mexico,MEX,1977,18510000.2288818
Mexico,MEX,1976,20469999.3133545
Mexico,MEX,1975,21620000.8392334
Mexico,MEX,1974,22059999.4659424
Mexico,MEX,1973,13210000.038147
Mexico,MEX,1972,21200000.7629395
Mexico,MEX,1971,16819999.6948242
Mexico,MEX,1970,29930000.3051758
Mexico,MEX,1969,21670000.0762939
Mexico,MEX,1968,27120000.8392334
Mexico,MEX,1967,36020000.4577637
Mexico,MEX,1966,36220001.2207031
Mexico,MEX,1965,48950000.7629395
Mexico,MEX,1964,-22729999.5422363
Mexico,MEX,1963,3059999.94277954
Mexico,MEX,1962,37130001.0681152
Mexico,MEX,1961,84699996.9482422
Mexico,MEX,1960,7760000.22888184
"Micronesia, Fed. Sts.",FSM,2025,
"Micronesia, Fed. Sts.",FSM,2024,
"Micronesia, Fed. Sts.",FSM,2023,125806556.70166
"Micronesia, Fed. Sts.",FSM,2022,152271896.362305
"Micronesia, Fed. Sts.",FSM,2021,131254821.777344
"Micronesia, Fed. Sts.",FSM,2020,171628128.051758
"Micronesia, Fed. Sts.",FSM,2019,92541961.6699219
"Micronesia, Fed. Sts.",FSM,2018,98786018.371582
"Micronesia, Fed. Sts.",FSM,2017,98150947.5708008
"Micronesia, Fed. Sts.",FSM,2016,50830165.8630371
"Micronesia, Fed. Sts.",FSM,2015,81393936.1572266
"Micronesia, Fed. Sts.",FSM,2014,117005218.505859
"Micronesia, Fed. Sts.",FSM,2013,143210037.231445
"Micronesia, Fed. Sts.",FSM,2012,143257293.701172
"Micronesia, Fed. Sts.",FSM,2011,130639999.389648
"Micronesia, Fed. Sts.",FSM,2010,63770000.4577637
"Micronesia, Fed. Sts.",FSM,2009,120910003.662109
"Micronesia, Fed. Sts.",FSM,2008,91129997.253418
"Micronesia, Fed. Sts.",FSM,2007,111706665.039063
"Micronesia, Fed. Sts.",FSM,2006,106236663.818359
"Micronesia, Fed. Sts.",FSM,2005,104821670.532227
"Micronesia, Fed. Sts.",FSM,2004,85365333.5571289
"Micronesia, Fed. Sts.",FSM,2003,112265335.083008
"Micronesia, Fed. Sts.",FSM,2002,110728416.442871
"Micronesia, Fed. Sts.",FSM,2001,135403076.171875
"Micronesia, Fed. Sts.",FSM,2000,97483078.0029297
"Micronesia, Fed. Sts.",FSM,1999,102879997.253418
"Micronesia, Fed. Sts.",FSM,1998,73639999.3896484
"Micronesia, Fed. Sts.",FSM,1997,84440002.4414063
"Micronesia, Fed. Sts.",FSM,1996,112690002.441406
"Micronesia, Fed. Sts.",FSM,1995,73550003.0517578
"Micronesia, Fed. Sts.",FSM,1994,102660003.662109
"Micronesia, Fed. Sts.",FSM,1993,62130001.0681152
"Micronesia, Fed. Sts.",FSM,1992,13189999.5803833
"Micronesia, Fed. Sts.",FSM,1991,460000.00834465
"Micronesia, Fed. Sts.",FSM,1990,
"Micronesia, Fed. Sts.",FSM,1989,
"Micronesia, Fed. Sts.",FSM,1988,
"Micronesia, Fed. Sts.",FSM,1987,
"Micronesia, Fed. Sts.",FSM,1986,
"Micronesia, Fed. Sts.",FSM,1985,
"Micronesia, Fed. Sts.",FSM,1984,
"Micronesia, Fed. Sts.",FSM,1983,
"Micronesia, Fed. Sts.",FSM,1982,
"Micronesia, Fed. Sts.",FSM,1981,
"Micronesia, Fed. Sts.",FSM,1980,
"Micronesia, Fed. Sts.",FSM,1979,
"Micronesia, Fed. Sts.",FSM,1978,
"Micronesia, Fed. Sts.",FSM,1977,
"Micronesia, Fed. Sts.",FSM,1976,
"Micronesia, Fed. Sts.",FSM,1975,
"Micronesia, Fed. Sts.",FSM,1974,
"Micronesia, Fed. Sts.",FSM,1973,
"Micronesia, Fed. Sts.",FSM,1972,
"Micronesia, Fed. Sts.",FSM,1971,
"Micronesia, Fed. Sts.",FSM,1970,
"Micronesia, Fed. Sts.",FSM,1969,
"Micronesia, Fed. Sts.",FSM,1968,
"Micronesia, Fed. Sts.",FSM,1967,
"Micronesia, Fed. Sts.",FSM,1966,
"Micronesia, Fed. Sts.",FSM,1965,
"Micronesia, Fed. Sts.",FSM,1964,
"Micronesia, Fed. Sts.",FSM,1963,
"Micronesia, Fed. Sts.",FSM,1962,
"Micronesia, Fed. Sts.",FSM,1961,
"Micronesia, Fed. Sts.",FSM,1960,
Moldova,MDA,2025,
Moldova,MDA,2024,
Moldova,MDA,2023,1051385864.25781
Moldova,MDA,2022,885744079.589844
Moldova,MDA,2021,597209777.832031
Moldova,MDA,2020,525234008.789063
Moldova,MDA,2019,342089813.232422
Moldova,MDA,2018,259717498.779297
Moldova,MDA,2017,243205596.923828
Moldova,MDA,2016,262047210.693359
Moldova,MDA,2015,312582702.636719
Moldova,MDA,2014,517796142.578125
Moldova,MDA,2013,348692199.707031
Moldova,MDA,2012,475486236.572266
Moldova,MDA,2011,461690155.029297
Moldova,MDA,2010,407269989.013672
Moldova,MDA,2009,245775009.155273
Moldova,MDA,2008,298165679.931641
Moldova,MDA,2007,270298889.160156
Moldova,MDA,2006,224824096.679688
Moldova,MDA,2005,169710968.017578
Moldova,MDA,2004,119898834.228516
Moldova,MDA,2003,119061996.459961
Moldova,MDA,2002,142980331.420898
Moldova,MDA,2001,119243164.0625
Moldova,MDA,2000,122650001.525879
Moldova,MDA,1999,107260002.13623
Moldova,MDA,1998,39779998.7792969
Moldova,MDA,1997,65290000.9155273
Moldova,MDA,1996,
Moldova,MDA,1995,
Moldova,MDA,1994,
Moldova,MDA,1993,
Moldova,MDA,1992,
Moldova,MDA,1991,
Moldova,MDA,1990,
Moldova,MDA,1989,
Moldova,MDA,1988,
Moldova,MDA,1987,
Moldova,MDA,1986,
Moldova,MDA,1985,
Moldova,MDA,1984,
Moldova,MDA,1983,
Moldova,MDA,1982,
Moldova,MDA,1981,
Moldova,MDA,1980,
Moldova,MDA,1979,
Moldova,MDA,1978,
Moldova,MDA,1977,
Moldova,MDA,1976,
Moldova,MDA,1975,
Moldova,MDA,1974,
Moldova,MDA,1973,
Moldova,MDA,1972,
Moldova,MDA,1971,
Moldova,MDA,1970,
Moldova,MDA,1969,
Moldova,MDA,1968,
Moldova,MDA,1967,
Moldova,MDA,1966,
Moldova,MDA,1965,
Moldova,MDA,1964,
Moldova,MDA,1963,
Moldova,MDA,1962,
Moldova,MDA,1961,
Moldova,MDA,1960,
Monaco,MCO,2025,
Monaco,MCO,2024,
Monaco,MCO,2023,
Monaco,MCO,2022,
Monaco,MCO,2021,
Monaco,MCO,2020,
Monaco,MCO,2019,
Monaco,MCO,2018,
Monaco,MCO,2017,
Monaco,MCO,2016,
Monaco,MCO,2015,
Monaco,MCO,2014,
Monaco,MCO,2013,
Monaco,MCO,2012,
Monaco,MCO,2011,
Monaco,MCO,2010,
Monaco,MCO,2009,
Monaco,MCO,2008,
Monaco,MCO,2007,
Monaco,MCO,2006,
Monaco,MCO,2005,
Monaco,MCO,2004,
Monaco,MCO,2003,
Monaco,MCO,2002,
Monaco,MCO,2001,
Monaco,MCO,2000,
Monaco,MCO,1999,
Monaco,MCO,1998,
Monaco,MCO,1997,
Monaco,MCO,1996,
Monaco,MCO,1995,
Monaco,MCO,1994,
Monaco,MCO,1993,
Monaco,MCO,1992,
Monaco,MCO,1991,
Monaco,MCO,1990,
Monaco,MCO,1989,
Monaco,MCO,1988,
Monaco,MCO,1987,
Monaco,MCO,1986,
Monaco,MCO,1985,
Monaco,MCO,1984,
Monaco,MCO,1983,
Monaco,MCO,1982,
Monaco,MCO,1981,
Monaco,MCO,1980,
Monaco,MCO,1979,
Monaco,MCO,1978,
Monaco,MCO,1977,
Monaco,MCO,1976,
Monaco,MCO,1975,
Monaco,MCO,1974,
Monaco,MCO,1973,
Monaco,MCO,1972,
Monaco,MCO,1971,
Monaco,MCO,1970,
Monaco,MCO,1969,
Monaco,MCO,1968,
Monaco,MCO,1967,
Monaco,MCO,1966,
Monaco,MCO,1965,
Monaco,MCO,1964,
Monaco,MCO,1963,
Monaco,MCO,1962,
Monaco,MCO,1961,
Monaco,MCO,1960,
Mongolia,MNG,2025,
Mongolia,MNG,2024,
Mongolia,MNG,2023,260169830.322266
Mongolia,MNG,2022,285571807.861328
Mongolia,MNG,2021,283391296.386719
Mongolia,MNG,2020,703438781.738281
Mongolia,MNG,2019,311184387.207031
Mongolia,MNG,2018,333605773.925781
Mongolia,MNG,2017,765590637.207031
Mongolia,MNG,2016,325665527.34375
Mongolia,MNG,2015,236339996.337891
Mongolia,MNG,2014,316907012.939453
Mongolia,MNG,2013,430519897.460938
Mongolia,MNG,2012,446533447.265625
Mongolia,MNG,2011,337446502.685547
Mongolia,MNG,2010,255789993.286133
Mongolia,MNG,2009,306761840.820313
Mongolia,MNG,2008,230630065.917969
Mongolia,MNG,2007,212086364.746094
Mongolia,MNG,2006,182400665.283203
Mongolia,MNG,2005,195195999.145508
Mongolia,MNG,2004,219485992.431641
Mongolia,MNG,2003,213568298.339844
Mongolia,MNG,2002,183559631.347656
Mongolia,MNG,2001,183300613.40332
Mongolia,MNG,2000,185569335.9375
Mongolia,MNG,1999,176563873.291016
Mongolia,MNG,1998,171790847.77832
Mongolia,MNG,1997,183550857.543945
Mongolia,MNG,1996,165179992.675781
Mongolia,MNG,1995,153179992.675781
Mongolia,MNG,1994,156350006.103516
Mongolia,MNG,1993,106870002.746582
Mongolia,MNG,1992,100800003.051758
Mongolia,MNG,1991,69559997.5585938
Mongolia,MNG,1990,13050000.1907349
Mongolia,MNG,1989,6090000.15258789
Mongolia,MNG,1988,3829999.92370605
Mongolia,MNG,1987,4679999.82833862
Mongolia,MNG,1986,6519999.98092651
Mongolia,MNG,1985,5170000.07629395
Mongolia,MNG,1984,2119999.88555908
Mongolia,MNG,1983,2000000.0
Mongolia,MNG,1982,2400000.09536743
Mongolia,MNG,1981,2400000.09536743
Mongolia,MNG,1980,2400000.09536743
Mongolia,MNG,1979,3400000.09536743
Mongolia,MNG,1978,3400000.09536743
Mongolia,MNG,1977,3400000.09536743
Mongolia,MNG,1976,3400000.09536743
Mongolia,MNG,1975,
Mongolia,MNG,1974,
Mongolia,MNG,1973,
Mongolia,MNG,1972,
Mongolia,MNG,1971,
Mongolia,MNG,1970,
Mongolia,MNG,1969,
Mongolia,MNG,1968,
Mongolia,MNG,1967,
Mongolia,MNG,1966,
Mongolia,MNG,1965,
Mongolia,MNG,1964,
Mongolia,MNG,1963,
Mongolia,MNG,1962,
Mongolia,MNG,1961,
Mongolia,MNG,1960,
Montenegro,MNE,2025,
Montenegro,MNE,2024,
Montenegro,MNE,2023,92358413.6962891
Montenegro,MNE,2022,103711677.55127
Montenegro,MNE,2021,134142288.208008
Montenegro,MNE,2020,206043991.088867
Montenegro,MNE,2019,96601860.0463867
Montenegro,MNE,2018,156216354.370117
Montenegro,MNE,2017,117992591.85791
Montenegro,MNE,2016,85728492.7368164
Montenegro,MNE,2015,99964675.9033203
Montenegro,MNE,2014,100417686.462402
Montenegro,MNE,2013,117181816.101074
Montenegro,MNE,2012,103092536.92627
Montenegro,MNE,2011,126625915.527344
Montenegro,MNE,2010,74940002.4414063
Montenegro,MNE,2009,76487709.0454102
Montenegro,MNE,2008,104470664.978027
Montenegro,MNE,2007,105651199.34082
Montenegro,MNE,2006,95589996.3378906
Montenegro,MNE,2005,3859999.89509583
Montenegro,MNE,2004,20129999.1607666
Montenegro,MNE,2003,8140000.34332275
Montenegro,MNE,2002,
Montenegro,MNE,2001,
Montenegro,MNE,2000,
Montenegro,MNE,1999,
Montenegro,MNE,1998,
Montenegro,MNE,1997,
Montenegro,MNE,1996,
Montenegro,MNE,1995,
Montenegro,MNE,1994,
Montenegro,MNE,1993,
Montenegro,MNE,1992,
Montenegro,MNE,1991,
Montenegro,MNE,1990,
Montenegro,MNE,1989,
Montenegro,MNE,1988,
Montenegro,MNE,1987,
Montenegro,MNE,1986,
Montenegro,MNE,1985,
Montenegro,MNE,1984,
Montenegro,MNE,1983,
Montenegro,MNE,1982,
Montenegro,MNE,1981,
Montenegro,MNE,1980,
Montenegro,MNE,1979,
Montenegro,MNE,1978,
Montenegro,MNE,1977,
Montenegro,MNE,1976,
Montenegro,MNE,1975,
Montenegro,MNE,1974,
Montenegro,MNE,1973,
Montenegro,MNE,1972,
Montenegro,MNE,1971,
Montenegro,MNE,1970,
Montenegro,MNE,1969,
Montenegro,MNE,1968,
Montenegro,MNE,1967,
Montenegro,MNE,1966,
Montenegro,MNE,1965,
Montenegro,MNE,1964,
Montenegro,MNE,1963,
Montenegro,MNE,1962,
Montenegro,MNE,1961,
Montenegro,MNE,1960,
Morocco,MAR,2025,
Morocco,MAR,2024,
Morocco,MAR,2023,771669433.59375
Morocco,MAR,2022,1416493408.20313
Morocco,MAR,2021,995351806.640625
Morocco,MAR,2020,1829469360.35156
Morocco,MAR,2019,752764953.613281
Morocco,MAR,2018,818291809.082031
Morocco,MAR,2017,2427642333.98438
Morocco,MAR,2016,2062304931.64063
Morocco,MAR,2015,1518276123.04688
Morocco,MAR,2014,2240145263.67188
Morocco,MAR,2013,2008623046.875
Morocco,MAR,2012,1471133911.13281
Morocco,MAR,2011,1440238159.17969
Morocco,MAR,2010,971059997.558594
Morocco,MAR,2009,1045957763.67188
Morocco,MAR,2008,1453362548.82813
Morocco,MAR,2007,1219231933.59375
Morocco,MAR,2006,1101534423.82813
Morocco,MAR,2005,732636657.714844
Morocco,MAR,2004,780595642.089844
Morocco,MAR,2003,584385681.152344
Morocco,MAR,2002,364385681.152344
Morocco,MAR,2001,493850067.138672
Morocco,MAR,2000,447382141.113281
Morocco,MAR,1999,681938415.527344
Morocco,MAR,1998,531208374.023438
Morocco,MAR,1997,471563720.703125
Morocco,MAR,1996,649590026.855469
Morocco,MAR,1995,500559997.558594
Morocco,MAR,1994,683520019.53125
Morocco,MAR,1993,780000000.0
Morocco,MAR,1992,953599975.585938
Morocco,MAR,1991,1532670043.94531
Morocco,MAR,1990,1241089965.82031
Morocco,MAR,1989,499119995.117188
Morocco,MAR,1988,483260009.765625
Morocco,MAR,1987,425790008.544922
Morocco,MAR,1986,427779998.779297
Morocco,MAR,1985,865859985.351563
Morocco,MAR,1984,339769989.013672
Morocco,MAR,1983,446779998.779297
Morocco,MAR,1982,850539978.027344
Morocco,MAR,1981,1044099975.58594
Morocco,MAR,1980,1160839965.82031
Morocco,MAR,1979,537380004.882813
Morocco,MAR,1978,428859985.351563
Morocco,MAR,1977,605690002.441406
Morocco,MAR,1976,251509994.506836
Morocco,MAR,1975,270109985.351563
Morocco,MAR,1974,114750000.0
Morocco,MAR,1973,94160003.6621094
Morocco,MAR,1972,101449996.948242
Morocco,MAR,1971,132520004.272461
Morocco,MAR,1970,85559997.5585938
Morocco,MAR,1969,77629997.253418
Morocco,MAR,1968,92690002.4414063
Morocco,MAR,1967,62209999.0844727
Morocco,MAR,1966,98209999.0844727
Morocco,MAR,1965,106610000.610352
Morocco,MAR,1964,101379997.253418
Morocco,MAR,1963,94510002.1362305
Morocco,MAR,1962,79790000.9155273
Morocco,MAR,1961,111330001.831055
Morocco,MAR,1960,59799999.2370605
Mozambique,MOZ,2025,
Mozambique,MOZ,2024,
Mozambique,MOZ,2023,2927378417.96875
Mozambique,MOZ,2022,2574513427.73438
Mozambique,MOZ,2021,2286182617.1875
Mozambique,MOZ,2020,2557619628.90625
Mozambique,MOZ,2019,1842462768.55469
Mozambique,MOZ,2018,1823561401.36719
Mozambique,MOZ,2017,1806093627.92969
Mozambique,MOZ,2016,1533772827.14844
Mozambique,MOZ,2015,1819124877.92969
Mozambique,MOZ,2014,2106009765.625
Mozambique,MOZ,2013,2312700683.59375
Mozambique,MOZ,2012,2071697021.48438
Mozambique,MOZ,2011,2065466552.73438
Mozambique,MOZ,2010,1774119995.11719
Mozambique,MOZ,2009,2013599853.51563
Mozambique,MOZ,2008,1993090942.38281
Mozambique,MOZ,2007,1784988647.46094
Mozambique,MOZ,2006,1641941772.46094
Mozambique,MOZ,2005,1289858520.50781
Mozambique,MOZ,2004,1244290161.13281
Mozambique,MOZ,2003,1049523315.42969
Mozambique,MOZ,2002,2217371582.03125
Mozambique,MOZ,2001,961466003.417969
Mozambique,MOZ,2000,907392456.054688
Mozambique,MOZ,1999,818668457.03125
Mozambique,MOZ,1998,1039948486.32813
Mozambique,MOZ,1997,948211975.097656
Mozambique,MOZ,1996,886729980.46875
Mozambique,MOZ,1995,1063390014.64844
Mozambique,MOZ,1994,1199939941.40625
Mozambique,MOZ,1993,1176957031.25
Mozambique,MOZ,1992,1459680053.71094
Mozambique,MOZ,1991,1065099975.58594
Mozambique,MOZ,1990,997510009.765625
Mozambique,MOZ,1989,805000000.0
Mozambique,MOZ,1988,916599975.585938
Mozambique,MOZ,1987,665210021.972656
Mozambique,MOZ,1986,420029998.779297
Mozambique,MOZ,1985,295690002.441406
Mozambique,MOZ,1984,254320007.324219
Mozambique,MOZ,1983,207009994.506836
Mozambique,MOZ,1982,204509994.506836
Mozambique,MOZ,1981,140250000.0
Mozambique,MOZ,1980,167059997.558594
Mozambique,MOZ,1979,143899993.896484
Mozambique,MOZ,1978,104080001.831055
Mozambique,MOZ,1977,79800003.0517578
Mozambique,MOZ,1976,69870002.746582
Mozambique,MOZ,1975,20329999.9237061
Mozambique,MOZ,1974,689999.997615814
Mozambique,MOZ,1973,109999.999403954
Mozambique,MOZ,1972,129999.995231628
Mozambique,MOZ,1971,119999.997317791
Mozambique,MOZ,1970,79999.9982118607
Mozambique,MOZ,1969,29999.9993294477
Mozambique,MOZ,1968,19999.9995529652
Mozambique,MOZ,1967,18030000.6866455
Mozambique,MOZ,1966,6849999.90463257
Mozambique,MOZ,1965,
Mozambique,MOZ,1964,-39999.9991059303
Mozambique,MOZ,1963,170000.001788139
Mozambique,MOZ,1962,90000.0035762787
Mozambique,MOZ,1961,3589999.91416931
Mozambique,MOZ,1960,19999.9995529652
Myanmar,MMR,2025,
Myanmar,MMR,2024,
Myanmar,MMR,2023,1140740966.79688
Myanmar,MMR,2022,1000781677.24609
Myanmar,MMR,2021,1507776611.32813
Myanmar,MMR,2020,2871274169.92188
Myanmar,MMR,2019,2044929931.64063
Myanmar,MMR,2018,1711839843.75
Myanmar,MMR,2017,1542340576.17188
Myanmar,MMR,2016,1536660156.25
Myanmar,MMR,2015,1168501831.05469
Myanmar,MMR,2014,1384460571.28906
Myanmar,MMR,2013,3936118896.48438
Myanmar,MMR,2012,504525543.212891
Myanmar,MMR,2011,379951354.980469
Myanmar,MMR,2010,354700012.207031
Myanmar,MMR,2009,355963317.871094
Myanmar,MMR,2008,534593322.753906
Myanmar,MMR,2007,195889999.389648
Myanmar,MMR,2006,145710006.713867
Myanmar,MMR,2005,144830001.831055
Myanmar,MMR,2004,123449996.948242
Myanmar,MMR,2003,125019996.643066
Myanmar,MMR,2002,119029998.779297
Myanmar,MMR,2001,125669998.168945
Myanmar,MMR,2000,105639999.389648
Myanmar,MMR,1999,81050003.0517578
Myanmar,MMR,1998,72430000.3051758
Myanmar,MMR,1997,61040000.9155273
Myanmar,MMR,1996,49419998.1689453
Myanmar,MMR,1995,160449996.948242
Myanmar,MMR,1994,177149993.896484
Myanmar,MMR,1993,103529998.779297
Myanmar,MMR,1992,114319999.694824
Myanmar,MMR,1991,174570007.324219
Myanmar,MMR,1990,154559997.558594
Myanmar,MMR,1989,149320007.324219
Myanmar,MMR,1988,399690002.441406
Myanmar,MMR,1987,314320007.324219
Myanmar,MMR,1986,372619995.117188
Myanmar,MMR,1985,311489990.234375
Myanmar,MMR,1984,242690002.441406
Myanmar,MMR,1983,281790008.544922
Myanmar,MMR,1982,281250000.0
Myanmar,MMR,1981,260489990.234375
Myanmar,MMR,1980,294529998.779297
Myanmar,MMR,1979,342149993.896484
Myanmar,MMR,1978,216029998.779297
Myanmar,MMR,1977,91830001.8310547
Myanmar,MMR,1976,65089996.3378906
Myanmar,MMR,1975,54659999.8474121
Myanmar,MMR,1974,66699996.9482422
Myanmar,MMR,1973,70489997.8637695
Myanmar,MMR,1972,44340000.1525879
Myanmar,MMR,1971,40840000.1525879
Myanmar,MMR,1970,23030000.6866455
Myanmar,MMR,1969,28629999.1607666
Myanmar,MMR,1968,15510000.2288818
Myanmar,MMR,1967,12819999.6948242
Myanmar,MMR,1966,16780000.6866455
Myanmar,MMR,1965,17110000.6103516
Myanmar,MMR,1964,21360000.6103516
Myanmar,MMR,1963,42000000.0
Myanmar,MMR,1962,28559999.4659424
Myanmar,MMR,1961,21379999.1607666
Myanmar,MMR,1960,35659999.8474121
Namibia,NAM,2025,
Namibia,NAM,2024,
Namibia,NAM,2023,271632598.876953
Namibia,NAM,2022,326610687.255859
Namibia,NAM,2021,183700286.865234
Namibia,NAM,2020,181494430.541992
Namibia,NAM,2019,144809631.347656
Namibia,NAM,2018,159495361.328125
Namibia,NAM,2017,190445175.170898
Namibia,NAM,2016,170194458.007813
Namibia,NAM,2015,142377258.300781
Namibia,NAM,2014,226220611.572266
Namibia,NAM,2013,261043426.513672
Namibia,NAM,2012,252440765.380859
Namibia,NAM,2011,278207275.390625
Namibia,NAM,2010,256000000.0
Namibia,NAM,2009,331127990.722656
Namibia,NAM,2008,205493331.90918
Namibia,NAM,2007,220849166.870117
Namibia,NAM,2006,149328567.504883
Namibia,NAM,2005,113383567.810059
Namibia,NAM,2004,175327728.271484
Namibia,NAM,2003,148382736.206055
Namibia,NAM,2002,135020736.694336
Namibia,NAM,2001,109510734.558105
Namibia,NAM,2000,152410736.083984
Namibia,NAM,1999,178630737.304688
Namibia,NAM,1998,180830001.831055
Namibia,NAM,1997,165160003.662109
Namibia,NAM,1996,185919998.168945
Namibia,NAM,1995,190369995.117188
Namibia,NAM,1994,137100006.103516
Namibia,NAM,1993,152550003.051758
Namibia,NAM,1992,142339996.337891
Namibia,NAM,1991,180449996.948242
Namibia,NAM,1990,119620002.746582
Namibia,NAM,1989,58500000.0
Namibia,NAM,1988,22120000.8392334
Namibia,NAM,1987,16530000.6866455
Namibia,NAM,1986,14579999.9237061
Namibia,NAM,1985,5269999.98092651
Namibia,NAM,1984,
Namibia,NAM,1983,9999.99977648258
Namibia,NAM,1982,
Namibia,NAM,1981,
Namibia,NAM,1980,
Namibia,NAM,1979,
Namibia,NAM,1978,
Namibia,NAM,1977,
Namibia,NAM,1976,
Namibia,NAM,1975,
Namibia,NAM,1974,
Namibia,NAM,1973,
Namibia,NAM,1972,19999.9995529652
Namibia,NAM,1971,
Namibia,NAM,1970,
Namibia,NAM,1969,
Namibia,NAM,1968,
Namibia,NAM,1967,
Namibia,NAM,1966,
Namibia,NAM,1965,
Namibia,NAM,1964,
Namibia,NAM,1963,
Namibia,NAM,1962,
Namibia,NAM,1961,
Namibia,NAM,1960,
Nauru,NRU,2025,
Nauru,NRU,2024,
Nauru,NRU,2023,37581523.8952637
Nauru,NRU,2022,35494575.5004883
Nauru,NRU,2021,33764232.635498
Nauru,NRU,2020,28254600.5249023
Nauru,NRU,2019,54330463.4094238
Nauru,NRU,2018,37531688.6901855
Nauru,NRU,2017,25757862.0910645
Nauru,NRU,2016,22680368.4234619
Nauru,NRU,2015,31246572.4945068
Nauru,NRU,2014,22522470.4742432
Nauru,NRU,2013,28754899.9786377
Nauru,NRU,2012,35618453.9794922
Nauru,NRU,2011,37529998.7792969
Nauru,NRU,2010,27780000.6866455
Nauru,NRU,2009,23430000.3051758
Nauru,NRU,2008,31239999.7711182
Nauru,NRU,2007,25606000.9002686
Nauru,NRU,2006,17519699.0966797
Nauru,NRU,2005,9239700.31738281
Nauru,NRU,2004,13753700.2563477
Nauru,NRU,2003,16139999.3896484
Nauru,NRU,2002,11720000.2670288
Nauru,NRU,2001,7260000.22888184
Nauru,NRU,2000,4000000.0
Nauru,NRU,1999,6550000.19073486
Nauru,NRU,1998,2119999.88555908
Nauru,NRU,1997,2619999.88555908
Nauru,NRU,1996,3250000.0
Nauru,NRU,1995,2529999.97138977
Nauru,NRU,1994,11119999.8855591
Nauru,NRU,1993,419999.986886978
Nauru,NRU,1992,409999.996423721
Nauru,NRU,1991,379999.995231628
Nauru,NRU,1990,159999.996423721
Nauru,NRU,1989,50000.0007450581
Nauru,NRU,1988,180000.007152557
Nauru,NRU,1987,59999.9986588955
Nauru,NRU,1986,39999.9991059303
Nauru,NRU,1985,50000.0007450581
Nauru,NRU,1984,29999.9993294477
Nauru,NRU,1983,29999.9993294477
Nauru,NRU,1982,19999.9995529652
Nauru,NRU,1981,29999.9993294477
Nauru,NRU,1980,29999.9993294477
Nauru,NRU,1979,19999.9995529652
Nauru,NRU,1978,
Nauru,NRU,1977,9999.99977648258
Nauru,NRU,1976,
Nauru,NRU,1975,9999.99977648258
Nauru,NRU,1974,
Nauru,NRU,1973,
Nauru,NRU,1972,
Nauru,NRU,1971,
Nauru,NRU,1970,
Nauru,NRU,1969,
Nauru,NRU,1968,
Nauru,NRU,1967,
Nauru,NRU,1966,
Nauru,NRU,1965,
Nauru,NRU,1964,
Nauru,NRU,1963,
Nauru,NRU,1962,
Nauru,NRU,1961,
Nauru,NRU,1960,
Nepal,NPL,2025,
Nepal,NPL,2024,
Nepal,NPL,2023,1173136840.82031
Nepal,NPL,2022,1198725219.72656
Nepal,NPL,2021,1599871459.96094
Nepal,NPL,2020,1760075439.45313
Nepal,NPL,2019,1333569213.86719
Nepal,NPL,2018,1452363159.17969
Nepal,NPL,2017,1269647583.00781
Nepal,NPL,2016,1064495727.53906
Nepal,NPL,2015,1224444335.9375
Nepal,NPL,2014,883815490.722656
Nepal,NPL,2013,873331359.863281
Nepal,NPL,2012,769683105.46875
Nepal,NPL,2011,749321960.449219
Nepal,NPL,2010,636330017.089844
Nepal,NPL,2009,708989318.847656
Nepal,NPL,2008,614661926.269531
Nepal,NPL,2007,556966369.628906
Nepal,NPL,2006,452512115.478516
Nepal,NPL,2005,407225433.349609
Nepal,NPL,2004,429662292.480469
Nepal,NPL,2003,452878021.240234
Nepal,NPL,2002,334497344.970703
Nepal,NPL,2001,347815246.582031
Nepal,NPL,2000,311240234.375
Nepal,NPL,1999,292227722.167969
Nepal,NPL,1998,307733337.402344
Nepal,NPL,1997,315339996.337891
Nepal,NPL,1996,331339996.337891
Nepal,NPL,1995,380630004.882813
Nepal,NPL,1994,384160003.662109
Nepal,NPL,1993,299380004.882813
Nepal,NPL,1992,388529998.779297
Nepal,NPL,1991,374029998.779297
Nepal,NPL,1990,357179992.675781
Nepal,NPL,1989,415179992.675781
Nepal,NPL,1988,366660003.662109
Nepal,NPL,1987,322529998.779297
Nepal,NPL,1986,260250000.0
Nepal,NPL,1985,188360000.610352
Nepal,NPL,1984,157380004.882813
Nepal,NPL,1983,174809997.558594
Nepal,NPL,1982,177229995.727539
Nepal,NPL,1981,163919998.168945
Nepal,NPL,1980,150770004.272461
Nepal,NPL,1979,126959999.084473
Nepal,NPL,1978,70269996.6430664
Nepal,NPL,1977,71110000.6103516
Nepal,NPL,1976,43009998.3215332
Nepal,NPL,1975,39919998.1689453
Nepal,NPL,1974,28670000.0762939
Nepal,NPL,1973,32340000.1525879
Nepal,NPL,1972,28909999.8474121
Nepal,NPL,1971,22829999.9237061
Nepal,NPL,1970,23319999.6948242
Nepal,NPL,1969,10840000.1525879
Nepal,NPL,1968,10899999.6185303
Nepal,NPL,1967,14189999.5803833
Nepal,NPL,1966,15399999.6185303
Nepal,NPL,1965,17879999.1607666
Nepal,NPL,1964,19489999.7711182
Nepal,NPL,1963,16219999.3133545
Nepal,NPL,1962,9039999.96185303
Nepal,NPL,1961,10729999.5422363
Nepal,NPL,1960,8619999.88555908
Netherlands,NLD,2025,
Netherlands,NLD,2024,
Netherlands,NLD,2023,
Netherlands,NLD,2022,
Netherlands,NLD,2021,
Netherlands,NLD,2020,
Netherlands,NLD,2019,
Netherlands,NLD,2018,
Netherlands,NLD,2017,
Netherlands,NLD,2016,
Netherlands,NLD,2015,
Netherlands,NLD,2014,
Netherlands,NLD,2013,
Netherlands,NLD,2012,
Netherlands,NLD,2011,
Netherlands,NLD,2010,
Netherlands,NLD,2009,
Netherlands,NLD,2008,
Netherlands,NLD,2007,
Netherlands,NLD,2006,
Netherlands,NLD,2005,
Netherlands,NLD,2004,
Netherlands,NLD,2003,
Netherlands,NLD,2002,
Netherlands,NLD,2001,
Netherlands,NLD,2000,
Netherlands,NLD,1999,
Netherlands,NLD,1998,
Netherlands,NLD,1997,
Netherlands,NLD,1996,
Netherlands,NLD,1995,
Netherlands,NLD,1994,
Netherlands,NLD,1993,
Netherlands,NLD,1992,
Netherlands,NLD,1991,
Netherlands,NLD,1990,
Netherlands,NLD,1989,
Netherlands,NLD,1988,
Netherlands,NLD,1987,
Netherlands,NLD,1986,
Netherlands,NLD,1985,
Netherlands,NLD,1984,
Netherlands,NLD,1983,
Netherlands,NLD,1982,
Netherlands,NLD,1981,
Netherlands,NLD,1980,
Netherlands,NLD,1979,
Netherlands,NLD,1978,
Netherlands,NLD,1977,
Netherlands,NLD,1976,
Netherlands,NLD,1975,
Netherlands,NLD,1974,
Netherlands,NLD,1973,
Netherlands,NLD,1972,
Netherlands,NLD,1971,
Netherlands,NLD,1970,
Netherlands,NLD,1969,
Netherlands,NLD,1968,
Netherlands,NLD,1967,
Netherlands,NLD,1966,
Netherlands,NLD,1965,
Netherlands,NLD,1964,
Netherlands,NLD,1963,
Netherlands,NLD,1962,
Netherlands,NLD,1961,
Netherlands,NLD,1960,
New Caledonia,NCL,2025,
New Caledonia,NCL,2024,
New Caledonia,NCL,2023,
New Caledonia,NCL,2022,
New Caledonia,NCL,2021,
New Caledonia,NCL,2020,
New Caledonia,NCL,2019,
New Caledonia,NCL,2018,
New Caledonia,NCL,2017,
New Caledonia,NCL,2016,
New Caledonia,NCL,2015,
New Caledonia,NCL,2014,
New Caledonia,NCL,2013,
New Caledonia,NCL,2012,
New Caledonia,NCL,2011,
New Caledonia,NCL,2010,
New Caledonia,NCL,2009,
New Caledonia,NCL,2008,
New Caledonia,NCL,2007,
New Caledonia,NCL,2006,
New Caledonia,NCL,2005,
New Caledonia,NCL,2004,
New Caledonia,NCL,2003,
New Caledonia,NCL,2002,
New Caledonia,NCL,2001,
New Caledonia,NCL,2000,
New Caledonia,NCL,1999,314510009.765625
New Caledonia,NCL,1998,338390014.648438
New Caledonia,NCL,1997,338820007.324219
New Caledonia,NCL,1996,396140014.648438
New Caledonia,NCL,1995,451209991.455078
New Caledonia,NCL,1994,408429992.675781
New Caledonia,NCL,1993,394730010.986328
New Caledonia,NCL,1992,357980010.986328
New Caledonia,NCL,1991,310679992.675781
New Caledonia,NCL,1990,302410003.662109
New Caledonia,NCL,1989,281600006.103516
New Caledonia,NCL,1988,261100006.103516
New Caledonia,NCL,1987,282630004.882813
New Caledonia,NCL,1986,206589996.337891
New Caledonia,NCL,1985,145369995.117188
New Caledonia,NCL,1984,130509994.506836
New Caledonia,NCL,1983,181899993.896484
New Caledonia,NCL,1982,158660003.662109
New Caledonia,NCL,1981,150169998.168945
New Caledonia,NCL,1980,197970001.220703
New Caledonia,NCL,1979,148649993.896484
New Caledonia,NCL,1978,115010002.13623
New Caledonia,NCL,1977,78059997.5585938
New Caledonia,NCL,1976,46490001.6784668
New Caledonia,NCL,1975,64709999.0844727
New Caledonia,NCL,1974,62049999.2370605
New Caledonia,NCL,1973,74639999.3896484
New Caledonia,NCL,1972,54959999.0844727
New Caledonia,NCL,1971,38229999.5422363
New Caledonia,NCL,1970,22870000.8392334
New Caledonia,NCL,1969,16500000.0
New Caledonia,NCL,1968,15810000.4196167
New Caledonia,NCL,1967,11609999.6566772
New Caledonia,NCL,1966,17200000.7629395
New Caledonia,NCL,1965,
New Caledonia,NCL,1964,
New Caledonia,NCL,1963,
New Caledonia,NCL,1962,
New Caledonia,NCL,1961,
New Caledonia,NCL,1960,
New Zealand,NZL,2025,
New Zealand,NZL,2024,
New Zealand,NZL,2023,
New Zealand,NZL,2022,
New Zealand,NZL,2021,
New Zealand,NZL,2020,
New Zealand,NZL,2019,
New Zealand,NZL,2018,
New Zealand,NZL,2017,
New Zealand,NZL,2016,
New Zealand,NZL,2015,
New Zealand,NZL,2014,
New Zealand,NZL,2013,
New Zealand,NZL,2012,
New Zealand,NZL,2011,
New Zealand,NZL,2010,
New Zealand,NZL,2009,
New Zealand,NZL,2008,
New Zealand,NZL,2007,
New Zealand,NZL,2006,
New Zealand,NZL,2005,
New Zealand,NZL,2004,
New Zealand,NZL,2003,
New Zealand,NZL,2002,
New Zealand,NZL,2001,
New Zealand,NZL,2000,
New Zealand,NZL,1999,
New Zealand,NZL,1998,
New Zealand,NZL,1997,
New Zealand,NZL,1996,
New Zealand,NZL,1995,
New Zealand,NZL,1994,
New Zealand,NZL,1993,
New Zealand,NZL,1992,
New Zealand,NZL,1991,
New Zealand,NZL,1990,
New Zealand,NZL,1989,
New Zealand,NZL,1988,
New Zealand,NZL,1987,
New Zealand,NZL,1986,
New Zealand,NZL,1985,
New Zealand,NZL,1984,
New Zealand,NZL,1983,
New Zealand,NZL,1982,
New Zealand,NZL,1981,
New Zealand,NZL,1980,
New Zealand,NZL,1979,
New Zealand,NZL,1978,
New Zealand,NZL,1977,
New Zealand,NZL,1976,
New Zealand,NZL,1975,
New Zealand,NZL,1974,
New Zealand,NZL,1973,
New Zealand,NZL,1972,
New Zealand,NZL,1971,
New Zealand,NZL,1970,
New Zealand,NZL,1969,
New Zealand,NZL,1968,
New Zealand,NZL,1967,
New Zealand,NZL,1966,
New Zealand,NZL,1965,
New Zealand,NZL,1964,
New Zealand,NZL,1963,
New Zealand,NZL,1962,
New Zealand,NZL,1961,
New Zealand,NZL,1960,
Nicaragua,NIC,2025,
Nicaragua,NIC,2024,
Nicaragua,NIC,2023,581782470.703125
Nicaragua,NIC,2022,1127424682.61719
Nicaragua,NIC,2021,754050720.214844
Nicaragua,NIC,2020,460904174.804688
Nicaragua,NIC,2019,388128753.662109
Nicaragua,NIC,2018,353860992.431641
Nicaragua,NIC,2017,562592102.050781
Nicaragua,NIC,2016,430980285.644531
Nicaragua,NIC,2015,457921081.542969
Nicaragua,NIC,2014,432171966.552734
Nicaragua,NIC,2013,495796325.683594
Nicaragua,NIC,2012,532323852.539063
Nicaragua,NIC,2011,536584899.902344
Nicaragua,NIC,2010,459329986.572266
Nicaragua,NIC,2009,661431945.800781
Nicaragua,NIC,2008,662229187.011719
Nicaragua,NIC,2007,729804199.21875
Nicaragua,NIC,2006,623847351.074219
Nicaragua,NIC,2005,656351684.570313
Nicaragua,NIC,2004,1104911865.23438
Nicaragua,NIC,2003,737344238.28125
Nicaragua,NIC,2002,416045013.427734
Nicaragua,NIC,2001,825074096.679688
Nicaragua,NIC,2000,501933776.855469
Nicaragua,NIC,1999,597739685.058594
Nicaragua,NIC,1998,504509704.589844
Nicaragua,NIC,1997,354160003.662109
Nicaragua,NIC,1996,883359985.351563
Nicaragua,NIC,1995,569070007.324219
Nicaragua,NIC,1994,538539978.027344
Nicaragua,NIC,1993,316929992.675781
Nicaragua,NIC,1992,612080017.089844
Nicaragua,NIC,1991,799020019.53125
Nicaragua,NIC,1990,329559997.558594
Nicaragua,NIC,1989,242149993.896484
Nicaragua,NIC,1988,220589996.337891
Nicaragua,NIC,1987,145000000.0
Nicaragua,NIC,1986,146330001.831055
Nicaragua,NIC,1985,100809997.558594
Nicaragua,NIC,1984,104680000.305176
Nicaragua,NIC,1983,93889999.3896484
Nicaragua,NIC,1982,96809997.5585938
Nicaragua,NIC,1981,95720001.2207031
Nicaragua,NIC,1980,183479995.727539
Nicaragua,NIC,1979,82849998.4741211
Nicaragua,NIC,1978,28799999.2370605
Nicaragua,NIC,1977,23690000.5340576
Nicaragua,NIC,1976,26500000.0
Nicaragua,NIC,1975,27190000.5340576
Nicaragua,NIC,1974,30370000.8392334
Nicaragua,NIC,1973,27760000.2288818
Nicaragua,NIC,1972,11020000.4577637
Nicaragua,NIC,1971,15010000.2288818
Nicaragua,NIC,1970,22389999.3896484
Nicaragua,NIC,1969,16190000.5340576
Nicaragua,NIC,1968,11319999.6948242
Nicaragua,NIC,1967,11279999.7329712
Nicaragua,NIC,1966,12630000.1144409
Nicaragua,NIC,1965,9250000.0
Nicaragua,NIC,1964,9279999.73297119
Nicaragua,NIC,1963,7780000.20980835
Nicaragua,NIC,1962,7460000.03814697
Nicaragua,NIC,1961,9380000.11444092
Nicaragua,NIC,1960,8319999.69482422
Niger,NER,2025,
Niger,NER,2024,
Niger,NER,2023,1282570190.42969
Niger,NER,2022,2045331298.82813
Niger,NER,2021,1806760986.32813
Niger,NER,2020,1930935180.66406
Niger,NER,2019,1440771240.23438
Niger,NER,2018,1308503540.03906
Niger,NER,2017,1224695312.5
Niger,NER,2016,952478454.589844
Niger,NER,2015,869518127.441406
Niger,NER,2014,917779968.261719
Niger,NER,2013,797301269.53125
Niger,NER,2012,891142517.089844
Niger,NER,2011,644670471.191406
Niger,NER,2010,664380004.882813
Niger,NER,2009,470634490.966797
Niger,NER,2008,615453369.140625
Niger,NER,2007,575445251.464844
Niger,NER,2006,541940307.617188
Niger,NER,2005,523086303.710938
Niger,NER,2004,548684692.382813
Niger,NER,2003,481021331.787109
Niger,NER,2002,295811676.025391
Niger,NER,2001,258983337.402344
Niger,NER,2000,209208984.375
Niger,NER,1999,187265472.412109
Niger,NER,1998,292335479.736328
Niger,NER,1997,333226501.464844
Niger,NER,1996,252059997.558594
Niger,NER,1995,272390014.648438
Niger,NER,1994,372950012.207031
Niger,NER,1993,338519989.013672
Niger,NER,1992,356709991.455078
Niger,NER,1991,369559997.558594
Niger,NER,1990,387589996.337891
Niger,NER,1989,298049987.792969
Niger,NER,1988,371410003.662109
Niger,NER,1987,354649993.896484
Niger,NER,1986,303709991.455078
Niger,NER,1985,297640014.648438
Niger,NER,1984,157750000.0
Niger,NER,1983,173570007.324219
Niger,NER,1982,257160003.662109
Niger,NER,1981,191360000.610352
Niger,NER,1980,165429992.675781
Niger,NER,1979,172529998.779297
Niger,NER,1978,155229995.727539
Niger,NER,1977,95019996.6430664
Niger,NER,1976,125709999.084473
Niger,NER,1975,137270004.272461
Niger,NER,1974,134809997.558594
Niger,NER,1973,70849998.4741211
Niger,NER,1972,43240001.6784668
Niger,NER,1971,40889999.3896484
Niger,NER,1970,31540000.9155273
Niger,NER,1969,33380001.0681152
Niger,NER,1968,30649999.6185303
Niger,NER,1967,22020000.4577637
Niger,NER,1966,22069999.6948242
Niger,NER,1965,15130000.1144409
Niger,NER,1964,14859999.6566772
Niger,NER,1963,4510000.22888184
Niger,NER,1962,4380000.11444092
Niger,NER,1961,1990000.00953674
Niger,NER,1960,39999.9991059303
Nigeria,NGA,2025,
Nigeria,NGA,2024,
Nigeria,NGA,2023,3596401367.1875
Nigeria,NGA,2022,4408934082.03125
Nigeria,NGA,2021,3530076660.15625
Nigeria,NGA,2020,3377271484.375
Nigeria,NGA,2019,3276618164.0625
Nigeria,NGA,2018,3303270751.95313
Nigeria,NGA,2017,3356352783.20313
Nigeria,NGA,2016,2498185791.01563
Nigeria,NGA,2015,2431536865.23438
Nigeria,NGA,2014,2478598876.95313
Nigeria,NGA,2013,2515660644.53125
Nigeria,NGA,2012,1916110473.63281
Nigeria,NGA,2011,1809857666.01563
Nigeria,NGA,2010,1071239990.23438
Nigeria,NGA,2009,1639229125.97656
Nigeria,NGA,2008,1293723510.74219
Nigeria,NGA,2007,1958600463.86719
Nigeria,NGA,2006,11431957031.25
Nigeria,NGA,2005,6401793945.3125
Nigeria,NGA,2004,578772888.183594
Nigeria,NGA,2003,309852905.273438
Nigeria,NGA,2002,299546234.130859
Nigeria,NGA,2001,167820007.324219
Nigeria,NGA,2000,173804580.688477
Nigeria,NGA,1999,151991104.125977
Nigeria,NGA,1998,203341094.970703
Nigeria,NGA,1997,199836517.333984
Nigeria,NGA,1996,188750000.0
Nigeria,NGA,1995,210960006.713867
Nigeria,NGA,1994,189660003.662109
Nigeria,NGA,1993,288420013.427734
Nigeria,NGA,1992,258820007.324219
Nigeria,NGA,1991,258320007.324219
Nigeria,NGA,1990,255080001.831055
Nigeria,NGA,1989,344000000.0
Nigeria,NGA,1988,118080001.831055
Nigeria,NGA,1987,67620002.746582
Nigeria,NGA,1986,58119998.9318848
Nigeria,NGA,1985,31709999.0844727
Nigeria,NGA,1984,32389999.3896484
Nigeria,NGA,1983,46750000.0
Nigeria,NGA,1982,34950000.7629395
Nigeria,NGA,1981,39250000.0
Nigeria,NGA,1980,34400001.5258789
Nigeria,NGA,1979,25739999.7711182
Nigeria,NGA,1978,40150001.5258789
Nigeria,NGA,1977,42009998.3215332
Nigeria,NGA,1976,51819999.6948242
Nigeria,NGA,1975,81379997.253418
Nigeria,NGA,1974,72610000.6103516
Nigeria,NGA,1973,76379997.253418
Nigeria,NGA,1972,83000000.0
Nigeria,NGA,1971,107110000.610352
Nigeria,NGA,1970,107540000.915527
Nigeria,NGA,1969,85110000.6103516
Nigeria,NGA,1968,68800003.0517578
Nigeria,NGA,1967,72800003.0517578
Nigeria,NGA,1966,68360000.6103516
Nigeria,NGA,1965,75309997.5585938
Nigeria,NGA,1964,44970001.2207031
Nigeria,NGA,1963,20719999.3133545
Nigeria,NGA,1962,30979999.5422363
Nigeria,NGA,1961,30389999.3896484
Nigeria,NGA,1960,32639999.3896484
North Macedonia,MKD,2025,
North Macedonia,MKD,2024,
North Macedonia,MKD,2023,414461212.158203
North Macedonia,MKD,2022,225123275.756836
North Macedonia,MKD,2021,339202636.71875
North Macedonia,MKD,2020,283989776.611328
North Macedonia,MKD,2019,140524383.544922
North Macedonia,MKD,2018,170320495.605469
North Macedonia,MKD,2017,149945587.158203
North Macedonia,MKD,2016,168354415.893555
North Macedonia,MKD,2015,214319488.525391
North Macedonia,MKD,2014,211918838.500977
North Macedonia,MKD,2013,196726593.017578
North Macedonia,MKD,2012,147710952.758789
North Macedonia,MKD,2011,192289703.369141
North Macedonia,MKD,2010,194020004.272461
North Macedonia,MKD,2009,194219650.268555
North Macedonia,MKD,2008,202802963.256836
North Macedonia,MKD,2007,201833389.282227
North Macedonia,MKD,2006,200850006.103516
North Macedonia,MKD,2005,227398468.017578
North Macedonia,MKD,2004,264004119.873047
North Macedonia,MKD,2003,266106292.724609
North Macedonia,MKD,2002,273857818.603516
North Macedonia,MKD,2001,247637161.254883
North Macedonia,MKD,2000,250854995.727539
North Macedonia,MKD,1999,276945007.324219
North Macedonia,MKD,1998,104910003.662109
North Macedonia,MKD,1997,98279998.7792969
North Macedonia,MKD,1996,105389999.389648
North Macedonia,MKD,1995,78800003.0517578
North Macedonia,MKD,1994,104260002.13623
North Macedonia,MKD,1993,3319999.9332428
North Macedonia,MKD,1992,
North Macedonia,MKD,1991,
North Macedonia,MKD,1990,
North Macedonia,MKD,1989,
North Macedonia,MKD,1988,
North Macedonia,MKD,1987,
North Macedonia,MKD,1986,
North Macedonia,MKD,1985,
North Macedonia,MKD,1984,
North Macedonia,MKD,1983,
North Macedonia,MKD,1982,
North Macedonia,MKD,1981,
North Macedonia,MKD,1980,
North Macedonia,MKD,1979,
North Macedonia,MKD,1978,
North Macedonia,MKD,1977,
North Macedonia,MKD,1976,
North Macedonia,MKD,1975,
North Macedonia,MKD,1974,
North Macedonia,MKD,1973,
North Macedonia,MKD,1972,
North Macedonia,MKD,1971,
North Macedonia,MKD,1970,
North Macedonia,MKD,1969,
North Macedonia,MKD,1968,
North Macedonia,MKD,1967,
North Macedonia,MKD,1966,
North Macedonia,MKD,1965,
North Macedonia,MKD,1964,
North Macedonia,MKD,1963,
North Macedonia,MKD,1962,
North Macedonia,MKD,1961,
North Macedonia,MKD,1960,
Northern Mariana Islands,MNP,2025,
Northern Mariana Islands,MNP,2024,
Northern Mariana Islands,MNP,2023,
Northern Mariana Islands,MNP,2022,
Northern Mariana Islands,MNP,2021,
Northern Mariana Islands,MNP,2020,
Northern Mariana Islands,MNP,2019,
Northern Mariana Islands,MNP,2018,
Northern Mariana Islands,MNP,2017,
Northern Mariana Islands,MNP,2016,
Northern Mariana Islands,MNP,2015,
Northern Mariana Islands,MNP,2014,
Northern Mariana Islands,MNP,2013,
Northern Mariana Islands,MNP,2012,
Northern Mariana Islands,MNP,2011,
Northern Mariana Islands,MNP,2010,
Northern Mariana Islands,MNP,2009,
Northern Mariana Islands,MNP,2008,
Northern Mariana Islands,MNP,2007,
Northern Mariana Islands,MNP,2006,
Northern Mariana Islands,MNP,2005,
Northern Mariana Islands,MNP,2004,
Northern Mariana Islands,MNP,2003,
Northern Mariana Islands,MNP,2002,
Northern Mariana Islands,MNP,2001,
Northern Mariana Islands,MNP,2000,
Northern Mariana Islands,MNP,1999,119999.997317791
Northern Mariana Islands,MNP,1998,200000.002980232
Northern Mariana Islands,MNP,1997,689999.997615814
Northern Mariana Islands,MNP,1996,-1570000.05245209
Northern Mariana Islands,MNP,1995,-699999.988079071
Northern Mariana Islands,MNP,1994,2299999.95231628
Northern Mariana Islands,MNP,1993,88949996.9482422
Northern Mariana Islands,MNP,1992,7389999.8664856
Northern Mariana Islands,MNP,1991,28059999.4659424
Northern Mariana Islands,MNP,1990,62540000.9155273
Northern Mariana Islands,MNP,1989,158750000.0
Northern Mariana Islands,MNP,1988,152210006.713867
Northern Mariana Islands,MNP,1987,185279998.779297
Northern Mariana Islands,MNP,1986,232059997.558594
Northern Mariana Islands,MNP,1985,158979995.727539
Northern Mariana Islands,MNP,1984,185229995.727539
Northern Mariana Islands,MNP,1983,133860000.610352
Northern Mariana Islands,MNP,1982,161839996.337891
Northern Mariana Islands,MNP,1981,136289993.286133
Northern Mariana Islands,MNP,1980,109139999.389648
Northern Mariana Islands,MNP,1979,111669998.168945
Northern Mariana Islands,MNP,1978,101209999.084473
Northern Mariana Islands,MNP,1977,91610000.6103516
Northern Mariana Islands,MNP,1976,89569999.6948242
Northern Mariana Islands,MNP,1975,81330001.8310547
Northern Mariana Islands,MNP,1974,75279998.7792969
Northern Mariana Islands,MNP,1973,65610000.6103516
Northern Mariana Islands,MNP,1972,57209999.0844727
Northern Mariana Islands,MNP,1971,53259998.3215332
Northern Mariana Islands,MNP,1970,48189998.626709
Northern Mariana Islands,MNP,1969,46110000.6103516
Northern Mariana Islands,MNP,1968,29909999.8474121
Northern Mariana Islands,MNP,1967,20219999.3133545
Northern Mariana Islands,MNP,1966,18079999.9237061
Northern Mariana Islands,MNP,1965,18209999.0844727
Northern Mariana Islands,MNP,1964,11079999.9237061
Northern Mariana Islands,MNP,1963,17010000.2288818
Northern Mariana Islands,MNP,1962,8020000.45776367
Northern Mariana Islands,MNP,1961,6010000.22888184
Northern Mariana Islands,MNP,1960,5000000.0
Norway,NOR,2025,
Norway,NOR,2024,
Norway,NOR,2023,
Norway,NOR,2022,
Norway,NOR,2021,
Norway,NOR,2020,
Norway,NOR,2019,
Norway,NOR,2018,
Norway,NOR,2017,
Norway,NOR,2016,
Norway,NOR,2015,
Norway,NOR,2014,
Norway,NOR,2013,
Norway,NOR,2012,
Norway,NOR,2011,
Norway,NOR,2010,
Norway,NOR,2009,
Norway,NOR,2008,
Norway,NOR,2007,
Norway,NOR,2006,
Norway,NOR,2005,
Norway,NOR,2004,
Norway,NOR,2003,
Norway,NOR,2002,
Norway,NOR,2001,
Norway,NOR,2000,
Norway,NOR,1999,
Norway,NOR,1998,
Norway,NOR,1997,
Norway,NOR,1996,
Norway,NOR,1995,
Norway,NOR,1994,
Norway,NOR,1993,
Norway,NOR,1992,
Norway,NOR,1991,
Norway,NOR,1990,
Norway,NOR,1989,
Norway,NOR,1988,
Norway,NOR,1987,
Norway,NOR,1986,
Norway,NOR,1985,
Norway,NOR,1984,
Norway,NOR,1983,
Norway,NOR,1982,
Norway,NOR,1981,
Norway,NOR,1980,
Norway,NOR,1979,
Norway,NOR,1978,
Norway,NOR,1977,
Norway,NOR,1976,
Norway,NOR,1975,
Norway,NOR,1974,
Norway,NOR,1973,
Norway,NOR,1972,
Norway,NOR,1971,
Norway,NOR,1970,
Norway,NOR,1969,
Norway,NOR,1968,
Norway,NOR,1967,
Norway,NOR,1966,
Norway,NOR,1965,
Norway,NOR,1964,
Norway,NOR,1963,
Norway,NOR,1962,
Norway,NOR,1961,
Norway,NOR,1960,
Oman,OMN,2025,
Oman,OMN,2024,
Oman,OMN,2023,
Oman,OMN,2022,
Oman,OMN,2021,
Oman,OMN,2020,
Oman,OMN,2019,
Oman,OMN,2018,
Oman,OMN,2017,
Oman,OMN,2016,
Oman,OMN,2015,
Oman,OMN,2014,
Oman,OMN,2013,
Oman,OMN,2012,
Oman,OMN,2011,
Oman,OMN,2010,7090000.15258789
Oman,OMN,2009,144485870.361328
Oman,OMN,2008,74650001.5258789
Oman,OMN,2007,213979995.727539
Oman,OMN,2006,54069999.6948242
Oman,OMN,2005,19040000.9155273
Oman,OMN,2004,100339996.337891
Oman,OMN,2003,64309997.5585938
Oman,OMN,2002,76970001.2207031
Oman,OMN,2001,8310000.4196167
Oman,OMN,2000,79669998.1689453
Oman,OMN,1999,53150001.5258789
Oman,OMN,1998,555739990.234375
Oman,OMN,1997,100400001.525879
Oman,OMN,1996,82930000.3051758
Oman,OMN,1995,75089996.3378906
Oman,OMN,1994,155470001.220703
Oman,OMN,1993,129679992.675781
Oman,OMN,1992,39630001.0681152
Oman,OMN,1991,13090000.1525879
Oman,OMN,1990,68199996.9482422
Oman,OMN,1989,24690000.5340576
Oman,OMN,1988,5099999.90463257
Oman,OMN,1987,44919998.1689453
Oman,OMN,1986,103849998.474121
Oman,OMN,1985,77580001.8310547
Oman,OMN,1984,106430000.305176
Oman,OMN,1983,71230003.3569336
Oman,OMN,1982,136539993.286133
Oman,OMN,1981,252000000.0
Oman,OMN,1980,219330001.831055
Oman,OMN,1979,243839996.337891
Oman,OMN,1978,60619998.9318848
Oman,OMN,1977,363250000.0
Oman,OMN,1976,170440002.441406
Oman,OMN,1975,140130004.882813
Oman,OMN,1974,169630004.882813
Oman,OMN,1973,22540000.9155273
Oman,OMN,1972,9859999.65667725
Oman,OMN,1971,2039999.96185303
Oman,OMN,1970,70000.0002980232
Oman,OMN,1969,39999.9991059303
Oman,OMN,1968,50000.0007450581
Oman,OMN,1967,939999.997615814
Oman,OMN,1966,620000.004768372
Oman,OMN,1965,1840000.0333786
Oman,OMN,1964,4059999.94277954
Oman,OMN,1963,360000.014305115
Oman,OMN,1962,439999.997615814
Oman,OMN,1961,330000.013113022
Oman,OMN,1960,250000.0
Pakistan,PAK,2025,
Pakistan,PAK,2024,
Pakistan,PAK,2023,3963701660.15625
Pakistan,PAK,2022,1733554077.14844
Pakistan,PAK,2021,2924211669.92188
Pakistan,PAK,2020,2593080078.125
Pakistan,PAK,2019,2010312377.92969
Pakistan,PAK,2018,1386938720.70313
Pakistan,PAK,2017,2364291503.90625
Pakistan,PAK,2016,2961087646.48438
Pakistan,PAK,2015,3764020263.67188
Pakistan,PAK,2014,3615822265.625
Pakistan,PAK,2013,2194469970.70313
Pakistan,PAK,2012,2017402709.96094
Pakistan,PAK,2011,3714356689.45313
Pakistan,PAK,2010,2658189941.40625
Pakistan,PAK,2009,2532872558.59375
Pakistan,PAK,2008,1060077514.64844
Pakistan,PAK,2007,2003903442.38281
Pakistan,PAK,2006,2059508056.64063
Pakistan,PAK,2005,1476695068.35938
Pakistan,PAK,2004,1327512207.03125
Pakistan,PAK,2003,1043203247.07031
Pakistan,PAK,2002,1951550048.82813
Pakistan,PAK,2001,1785151489.25781
Pakistan,PAK,2000,549624206.542969
Pakistan,PAK,1999,613634216.308594
Pakistan,PAK,1998,825550781.25
Pakistan,PAK,1997,682229980.46875
Pakistan,PAK,1996,687250000.0
Pakistan,PAK,1995,500640014.648438
Pakistan,PAK,1994,1187180053.71094
Pakistan,PAK,1993,826059997.558594
Pakistan,PAK,1992,846729980.46875
Pakistan,PAK,1991,1143030029.29688
Pakistan,PAK,1990,908590026.855469
Pakistan,PAK,1989,1193520019.53125
Pakistan,PAK,1988,1164949951.17188
Pakistan,PAK,1987,667159973.144531
Pakistan,PAK,1986,808070007.324219
Pakistan,PAK,1985,668070007.324219
Pakistan,PAK,1984,624659973.144531
Pakistan,PAK,1983,662840026.855469
Pakistan,PAK,1982,869419982.910156
Pakistan,PAK,1981,802309997.558594
Pakistan,PAK,1980,1160219970.70313
Pakistan,PAK,1979,702380004.882813
Pakistan,PAK,1978,631669982.910156
Pakistan,PAK,1977,593270019.53125
Pakistan,PAK,1976,1008239990.23438
Pakistan,PAK,1975,731070007.324219
Pakistan,PAK,1974,468519989.013672
Pakistan,PAK,1973,282350006.103516
Pakistan,PAK,1972,304730010.986328
Pakistan,PAK,1971,426040008.544922
Pakistan,PAK,1970,420829986.572266
Pakistan,PAK,1969,327910003.662109
Pakistan,PAK,1968,390660003.662109
Pakistan,PAK,1967,485019989.013672
Pakistan,PAK,1966,375859985.351563
Pakistan,PAK,1965,498859985.351563
Pakistan,PAK,1964,510320007.324219
Pakistan,PAK,1963,485779998.779297
Pakistan,PAK,1962,379790008.544922
Pakistan,PAK,1961,252740005.493164
Pakistan,PAK,1960,253559997.558594
Palau,PLW,2025,
Palau,PLW,2024,
Palau,PLW,2023,28785337.4481201
Palau,PLW,2022,55674930.5725098
Palau,PLW,2021,49441715.2404785
Palau,PLW,2020,66238082.8857422
Palau,PLW,2019,24951759.3383789
Palau,PLW,2018,84542808.5327148
Palau,PLW,2017,22145433.4259033
Palau,PLW,2016,17798099.5178223
Palau,PLW,2015,13934621.8109131
Palau,PLW,2014,23475973.1292725
Palau,PLW,2013,35415184.0209961
Palau,PLW,2012,15457707.4050903
Palau,PLW,2011,24514999.3896484
Palau,PLW,2010,28430000.3051758
Palau,PLW,2009,34919998.1689453
Palau,PLW,2008,42290000.9155273
Palau,PLW,2007,22406667.7093506
Palau,PLW,2006,37386665.3442383
Palau,PLW,2005,23667333.6029053
Palau,PLW,2004,19775667.1905518
Palau,PLW,2003,25828666.6870117
Palau,PLW,2002,31462999.3438721
Palau,PLW,2001,34283000.9460449
Palau,PLW,2000,39130001.0681152
Palau,PLW,1999,28840000.1525879
Palau,PLW,1998,89120002.746582
Palau,PLW,1997,38380001.0681152
Palau,PLW,1996,63020000.4577637
Palau,PLW,1995,142320007.324219
Palau,PLW,1994,201889999.389648
Palau,PLW,1993,9999.99977648258
Palau,PLW,1992,9999.99977648258
Palau,PLW,1991,
Palau,PLW,1990,
Palau,PLW,1989,
Palau,PLW,1988,
Palau,PLW,1987,
Palau,PLW,1986,
Palau,PLW,1985,
Palau,PLW,1984,
Palau,PLW,1983,
Palau,PLW,1982,
Palau,PLW,1981,
Palau,PLW,1980,
Palau,PLW,1979,
Palau,PLW,1978,
Palau,PLW,1977,
Palau,PLW,1976,
Palau,PLW,1975,
Palau,PLW,1974,
Palau,PLW,1973,
Palau,PLW,1972,
Palau,PLW,1971,
Palau,PLW,1970,
Palau,PLW,1969,
Palau,PLW,1968,
Palau,PLW,1967,
Palau,PLW,1966,
Palau,PLW,1965,
Palau,PLW,1964,
Palau,PLW,1963,
Palau,PLW,1962,
Palau,PLW,1961,
Palau,PLW,1960,
Panama,PAN,2025,
Panama,PAN,2024,
Panama,PAN,2023,410184387.207031
Panama,PAN,2022,131429748.535156
Panama,PAN,2021,92565071.105957
Panama,PAN,2020,146001403.808594
Panama,PAN,2019,71655578.6132813
Panama,PAN,2018,39135925.2929688
Panama,PAN,2017,41749691.0095215
Panama,PAN,2016,22612695.6939697
Panama,PAN,2015,10250074.3865967
Panama,PAN,2014,-193256942.749023
Panama,PAN,2013,9205000.87738037
Panama,PAN,2012,51347682.9528809
Panama,PAN,2011,110937309.265137
Panama,PAN,2010,126830001.831055
Panama,PAN,2009,66546676.6357422
Panama,PAN,2008,35439998.626709
Panama,PAN,2007,-127665969.848633
Panama,PAN,2006,38805698.3947754
Panama,PAN,2005,28440700.5310059
Panama,PAN,2004,30966667.175293
Panama,PAN,2003,36536933.8989258
Panama,PAN,2002,29776933.6700439
Panama,PAN,2001,34818599.7009277
Panama,PAN,2000,26945899.9633789
Panama,PAN,1999,24352567.6727295
Panama,PAN,1998,32060901.6418457
Panama,PAN,1997,54931667.3278809
Panama,PAN,1996,58020000.4577637
Panama,PAN,1995,46549999.2370605
Panama,PAN,1994,38470001.2207031
Panama,PAN,1993,80709999.0844727
Panama,PAN,1992,197070007.324219
Panama,PAN,1991,111690002.441406
Panama,PAN,1990,99730003.3569336
Panama,PAN,1989,19989999.7711182
Panama,PAN,1988,22709999.0844727
Panama,PAN,1987,38130001.0681152
Panama,PAN,1986,35450000.7629395
Panama,PAN,1985,49130001.0681152
Panama,PAN,1984,62270000.4577637
Panama,PAN,1983,31959999.0844727
Panama,PAN,1982,28389999.3896484
Panama,PAN,1981,24309999.4659424
Panama,PAN,1980,24329999.9237061
Panama,PAN,1979,19850000.3814697
Panama,PAN,1978,20809999.4659424
Panama,PAN,1977,24190000.5340576
Panama,PAN,1976,29510000.2288818
Panama,PAN,1975,22239999.7711182
Panama,PAN,1974,15960000.038147
Panama,PAN,1973,22409999.8474121
Panama,PAN,1972,12800000.1907349
Panama,PAN,1971,19500000.0
Panama,PAN,1970,15770000.4577637
Panama,PAN,1969,16500000.0
Panama,PAN,1968,12899999.6185303
Panama,PAN,1967,16909999.8474121
Panama,PAN,1966,19819999.6948242
Panama,PAN,1965,32779998.7792969
Panama,PAN,1964,10909999.8474121
Panama,PAN,1963,18600000.3814697
Panama,PAN,1962,11590000.1525879
Panama,PAN,1961,10149999.6185303
Panama,PAN,1960,13310000.4196167
Papua New Guinea,PNG,2025,
Papua New Guinea,PNG,2024,
Papua New Guinea,PNG,2023,691091125.488281
Papua New Guinea,PNG,2022,667487365.722656
Papua New Guinea,PNG,2021,1186668457.03125
Papua New Guinea,PNG,2020,1057487182.61719
Papua New Guinea,PNG,2019,650619628.90625
Papua New Guinea,PNG,2018,790353637.695313
Papua New Guinea,PNG,2017,532627807.617188
Papua New Guinea,PNG,2016,531579223.632813
Papua New Guinea,PNG,2015,591394836.425781
Papua New Guinea,PNG,2014,581906372.070313
Papua New Guinea,PNG,2013,657444641.113281
Papua New Guinea,PNG,2012,670272705.078125
Papua New Guinea,PNG,2011,616479125.976563
Papua New Guinea,PNG,2010,507750000.0
Papua New Guinea,PNG,2009,405411315.917969
Papua New Guinea,PNG,2008,306424194.335938
Papua New Guinea,PNG,2007,328660217.285156
Papua New Guinea,PNG,2006,273687347.412109
Papua New Guinea,PNG,2005,268392333.984375
Papua New Guinea,PNG,2004,262149993.896484
Papua New Guinea,PNG,2003,222839401.245117
Papua New Guinea,PNG,2002,203600006.103516
Papua New Guinea,PNG,2001,205950668.334961
Papua New Guinea,PNG,2000,274980651.855469
Papua New Guinea,PNG,1999,212410659.790039
Papua New Guinea,PNG,1998,358795196.533203
Papua New Guinea,PNG,1997,338695190.429688
Papua New Guinea,PNG,1996,379215209.960938
Papua New Guinea,PNG,1995,358320007.324219
Papua New Guinea,PNG,1994,298750000.0
Papua New Guinea,PNG,1993,282890014.648438
Papua New Guinea,PNG,1992,433239990.234375
Papua New Guinea,PNG,1991,344369995.117188
Papua New Guinea,PNG,1990,370200012.207031
Papua New Guinea,PNG,1989,326079986.572266
Papua New Guinea,PNG,1988,364170013.427734
Papua New Guinea,PNG,1987,312230010.986328
Papua New Guinea,PNG,1986,256410003.662109
Papua New Guinea,PNG,1985,252710006.713867
Papua New Guinea,PNG,1984,315649993.896484
Papua New Guinea,PNG,1983,323859985.351563
Papua New Guinea,PNG,1982,306100006.103516
Papua New Guinea,PNG,1981,319450012.207031
Papua New Guinea,PNG,1980,318160003.662109
Papua New Guinea,PNG,1979,281510009.765625
Papua New Guinea,PNG,1978,291070007.324219
Papua New Guinea,PNG,1977,251369995.117188
Papua New Guinea,PNG,1976,236360000.610352
Papua New Guinea,PNG,1975,304480010.986328
Papua New Guinea,PNG,1974,262839996.337891
Papua New Guinea,PNG,1973,194979995.727539
Papua New Guinea,PNG,1972,193960006.713867
Papua New Guinea,PNG,1971,144559997.558594
Papua New Guinea,PNG,1970,147660003.662109
Papua New Guinea,PNG,1969,118889999.389648
Papua New Guinea,PNG,1968,110220001.220703
Papua New Guinea,PNG,1967,98260002.1362305
Papua New Guinea,PNG,1966,85589996.3378906
Papua New Guinea,PNG,1965,82559997.5585938
Papua New Guinea,PNG,1964,
Papua New Guinea,PNG,1963,9999.99977648258
Papua New Guinea,PNG,1962,
Papua New Guinea,PNG,1961,9999.99977648258
Papua New Guinea,PNG,1960,9999.99977648258
Paraguay,PRY,2025,
Paraguay,PRY,2024,
Paraguay,PRY,2023,223693115.234375
Paraguay,PRY,2022,98176002.5024414
Paraguay,PRY,2021,176413772.583008
Paraguay,PRY,2020,305740875.244141
Paraguay,PRY,2019,128175201.416016
Paraguay,PRY,2018,164637954.711914
Paraguay,PRY,2017,142754867.553711
Paraguay,PRY,2016,88539772.0336914
Paraguay,PRY,2015,60176727.2949219
Paraguay,PRY,2014,62420558.9294434
Paraguay,PRY,2013,130709960.9375
Paraguay,PRY,2012,104570114.135742
Paraguay,PRY,2011,79977012.6342773
Paraguay,PRY,2010,112949996.948242
Paraguay,PRY,2009,161666976.928711
Paraguay,PRY,2008,138556640.625
Paraguay,PRY,2007,120663635.253906
Paraguay,PRY,2006,68990669.2504883
Paraguay,PRY,2005,63618503.5705566
Paraguay,PRY,2004,34551837.9211426
Paraguay,PRY,2003,65502838.1347656
Paraguay,PRY,2002,65993331.9091797
Paraguay,PRY,2001,68885643.0053711
Paraguay,PRY,2000,80189163.2080078
Paraguay,PRY,1999,74044158.9355469
Paraguay,PRY,1998,60693515.7775879
Paraguay,PRY,1997,82019996.6430664
Paraguay,PRY,1996,71980003.3569336
Paraguay,PRY,1995,121309997.558594
Paraguay,PRY,1994,90330001.8310547
Paraguay,PRY,1993,106279998.779297
Paraguay,PRY,1992,72080001.8310547
Paraguay,PRY,1991,133619995.117188
Paraguay,PRY,1990,58319999.6948242
Paraguay,PRY,1989,92870002.746582
Paraguay,PRY,1988,64569999.6948242
Paraguay,PRY,1987,59330001.8310547
Paraguay,PRY,1986,52880001.0681152
Paraguay,PRY,1985,33500000.0
Paraguay,PRY,1984,40810001.373291
Paraguay,PRY,1983,44279998.7792969
Paraguay,PRY,1982,72190002.4414063
Paraguay,PRY,1981,44060001.373291
Paraguay,PRY,1980,30420000.0762939
Paraguay,PRY,1979,24420000.0762939
Paraguay,PRY,1978,29870000.8392334
Paraguay,PRY,1977,31840000.1525879
Paraguay,PRY,1976,22180000.3051758
Paraguay,PRY,1975,16500000.0
Paraguay,PRY,1974,21799999.2370605
Paraguay,PRY,1973,14649999.6185303
Paraguay,PRY,1972,14819999.6948242
Paraguay,PRY,1971,16129999.1607666
Paraguay,PRY,1970,13239999.7711182
Paraguay,PRY,1969,14029999.7329712
Paraguay,PRY,1968,10539999.961853
Paraguay,PRY,1967,12180000.3051758
Paraguay,PRY,1966,9270000.45776367
Paraguay,PRY,1965,9289999.96185303
Paraguay,PRY,1964,8670000.07629395
Paraguay,PRY,1963,8710000.03814697
Paraguay,PRY,1962,3180000.0667572
Paraguay,PRY,1961,10109999.6566772
Paraguay,PRY,1960,9939999.5803833
Peru,PER,2025,
Peru,PER,2024,
Peru,PER,2023,586267578.125
Peru,PER,2022,830557983.398438
Peru,PER,2021,304853759.765625
Peru,PER,2020,489924682.617188
Peru,PER,2019,459717102.050781
Peru,PER,2018,450834625.244141
Peru,PER,2017,-1257220.02983093
Peru,PER,2016,320201263.427734
Peru,PER,2015,334829620.361328
Peru,PER,2014,328298034.667969
Peru,PER,2013,363655212.402344
Peru,PER,2012,385562652.587891
Peru,PER,2011,590716125.488281
Peru,PER,2010,-305609985.351563
Peru,PER,2009,442949951.171875
Peru,PER,2008,474594207.763672
Peru,PER,2007,321335998.535156
Peru,PER,2006,459901062.011719
Peru,PER,2005,465424041.748047
Peru,PER,2004,479079040.527344
Peru,PER,2003,509155029.296875
Peru,PER,2002,497543334.960938
Peru,PER,2001,461085784.912109
Peru,PER,2000,412666839.599609
Peru,PER,1999,459282379.150391
Peru,PER,1998,492820953.369141
Peru,PER,1997,402335235.595703
Peru,PER,1996,331700012.207031
Peru,PER,1995,386950012.207031
Peru,PER,1994,347209991.455078
Peru,PER,1993,577000000.0
Peru,PER,1992,436329986.572266
Peru,PER,1991,665169982.910156
Peru,PER,1990,397149993.896484
Peru,PER,1989,309029998.779297
Peru,PER,1988,280290008.544922
Peru,PER,1987,297350006.103516
Peru,PER,1986,270989990.234375
Peru,PER,1985,307390014.648438
Peru,PER,1984,267670013.427734
Peru,PER,1983,248789993.286133
Peru,PER,1982,158889999.389648
Peru,PER,1981,202270004.272461
Peru,PER,1980,186110000.610352
Peru,PER,1979,190570007.324219
Peru,PER,1978,132740005.493164
Peru,PER,1977,88330001.8310547
Peru,PER,1976,73660003.6621094
Peru,PER,1975,64599998.4741211
Peru,PER,1974,68059997.5585938
Peru,PER,1973,80040000.9155273
Peru,PER,1972,37069999.6948242
Peru,PER,1971,38389999.3896484
Peru,PER,1970,43779998.7792969
Peru,PER,1969,33090000.1525879
Peru,PER,1968,33279998.7792969
Peru,PER,1967,44040000.9155273
Peru,PER,1966,43400001.5258789
Peru,PER,1965,55580001.8310547
Peru,PER,1964,20170000.0762939
Peru,PER,1963,9489999.77111816
Peru,PER,1962,7380000.11444092
Peru,PER,1961,-16959999.0844727
Peru,PER,1960,-9770000.45776367
Philippines,PHL,2025,
Philippines,PHL,2024,
Philippines,PHL,2023,1842688842.77344
Philippines,PHL,2022,1613607910.15625
Philippines,PHL,2021,1634966552.73438
Philippines,PHL,2020,1457351196.28906
Philippines,PHL,2019,887076354.980469
Philippines,PHL,2018,547397460.9375
Philippines,PHL,2017,160477447.509766
Philippines,PHL,2016,283649810.791016
Philippines,PHL,2015,514947875.976563
Philippines,PHL,2014,677440795.898438
Philippines,PHL,2013,192059906.005859
Philippines,PHL,2012,-3372701.88331604
Philippines,PHL,2011,-135870025.634766
Philippines,PHL,2010,579400024.414063
Philippines,PHL,2009,339688079.833984
Philippines,PHL,2008,66877639.7705078
Philippines,PHL,2007,636289306.640625
Philippines,PHL,2006,595007751.464844
Philippines,PHL,2005,587757202.148438
Philippines,PHL,2004,465006286.621094
Philippines,PHL,2003,724769042.96875
Philippines,PHL,2002,553177246.09375
Philippines,PHL,2001,553184570.3125
Philippines,PHL,2000,552795410.15625
Philippines,PHL,1999,662553588.867188
Philippines,PHL,1998,592723571.777344
Philippines,PHL,1997,630840026.855469
Philippines,PHL,1996,860909973.144531
Philippines,PHL,1995,857570007.324219
Philippines,PHL,1994,1008820007.32422
Philippines,PHL,1993,1390089965.82031
Philippines,PHL,1992,1636449951.17188
Philippines,PHL,1991,949719970.703125
Philippines,PHL,1990,1143089965.82031
Philippines,PHL,1989,773150024.414063
Philippines,PHL,1988,778159973.144531
Philippines,PHL,1987,695500000.0
Philippines,PHL,1986,889109985.351563
Philippines,PHL,1985,454989990.234375
Philippines,PHL,1984,376119995.117188
Philippines,PHL,1983,415380004.882813
Philippines,PHL,1982,324440002.441406
Philippines,PHL,1981,372029998.779297
Philippines,PHL,1980,291529998.779297
Philippines,PHL,1979,266470001.220703
Philippines,PHL,1978,247509994.506836
Philippines,PHL,1977,179039993.286133
Philippines,PHL,1976,182880004.882813
Philippines,PHL,1975,176300003.051758
Philippines,PHL,1974,153110000.610352
Philippines,PHL,1973,221410003.662109
Philippines,PHL,1972,162960006.713867
Philippines,PHL,1971,71319999.6948242
Philippines,PHL,1970,45970001.2207031
Philippines,PHL,1969,80599998.4741211
Philippines,PHL,1968,65209999.0844727
Philippines,PHL,1967,86459999.0844727
Philippines,PHL,1966,45520000.4577637
Philippines,PHL,1965,92400001.5258789
Philippines,PHL,1964,73180000.3051758
Philippines,PHL,1963,21959999.0844727
Philippines,PHL,1962,30510000.2288818
Philippines,PHL,1961,19000000.0
Philippines,PHL,1960,51729999.5422363
Poland,POL,2025,
Poland,POL,2024,
Poland,POL,2023,
Poland,POL,2022,
Poland,POL,2021,
Poland,POL,2020,
Poland,POL,2019,
Poland,POL,2018,
Poland,POL,2017,
Poland,POL,2016,
Poland,POL,2015,
Poland,POL,2014,
Poland,POL,2013,
Poland,POL,2012,
Poland,POL,2011,
Poland,POL,2010,
Poland,POL,2009,
Poland,POL,2008,
Poland,POL,2007,
Poland,POL,2006,
Poland,POL,2005,
Poland,POL,2004,1520160034.17969
Poland,POL,2003,1185640014.64844
Poland,POL,2002,876440002.441406
Poland,POL,2001,958489990.234375
Poland,POL,2000,1393410034.17969
Poland,POL,1999,1179150024.41406
Poland,POL,1998,875330017.089844
Poland,POL,1997,860479980.46875
Poland,POL,1996,1164369995.11719
Poland,POL,1995,3788879882.8125
Poland,POL,1994,1809520019.53125
Poland,POL,1993,1071560058.59375
Poland,POL,1992,1435530029.29688
Poland,POL,1991,2507260009.76563
Poland,POL,1990,1320280029.29688
Poland,POL,1989,
Poland,POL,1988,
Poland,POL,1987,
Poland,POL,1986,
Poland,POL,1985,
Poland,POL,1984,
Poland,POL,1983,
Poland,POL,1982,
Poland,POL,1981,
Poland,POL,1980,
Poland,POL,1979,
Poland,POL,1978,
Poland,POL,1977,
Poland,POL,1976,
Poland,POL,1975,
Poland,POL,1974,
Poland,POL,1973,
Poland,POL,1972,
Poland,POL,1971,
Poland,POL,1970,
Poland,POL,1969,
Poland,POL,1968,
Poland,POL,1967,
Poland,POL,1966,
Poland,POL,1965,
Poland,POL,1964,
Poland,POL,1963,
Poland,POL,1962,
Poland,POL,1961,
Poland,POL,1960,
Portugal,PRT,2025,
Portugal,PRT,2024,
Portugal,PRT,2023,
Portugal,PRT,2022,
Portugal,PRT,2021,
Portugal,PRT,2020,
Portugal,PRT,2019,
Portugal,PRT,2018,
Portugal,PRT,2017,
Portugal,PRT,2016,
Portugal,PRT,2015,
Portugal,PRT,2014,
Portugal,PRT,2013,
Portugal,PRT,2012,
Portugal,PRT,2011,
Portugal,PRT,2010,
Portugal,PRT,2009,
Portugal,PRT,2008,
Portugal,PRT,2007,
Portugal,PRT,2006,
Portugal,PRT,2005,
Portugal,PRT,2004,
Portugal,PRT,2003,
Portugal,PRT,2002,
Portugal,PRT,2001,
Portugal,PRT,2000,
Portugal,PRT,1999,
Portugal,PRT,1998,
Portugal,PRT,1997,
Portugal,PRT,1996,
Portugal,PRT,1995,
Portugal,PRT,1994,
Portugal,PRT,1993,
Portugal,PRT,1992,
Portugal,PRT,1991,
Portugal,PRT,1990,
Portugal,PRT,1989,
Portugal,PRT,1988,
Portugal,PRT,1987,
Portugal,PRT,1986,
Portugal,PRT,1985,
Portugal,PRT,1984,
Portugal,PRT,1983,
Portugal,PRT,1982,
Portugal,PRT,1981,
Portugal,PRT,1980,
Portugal,PRT,1979,
Portugal,PRT,1978,
Portugal,PRT,1977,
Portugal,PRT,1976,
Portugal,PRT,1975,
Portugal,PRT,1974,
Portugal,PRT,1973,
Portugal,PRT,1972,
Portugal,PRT,1971,
Portugal,PRT,1970,
Portugal,PRT,1969,
Portugal,PRT,1968,
Portugal,PRT,1967,
Portugal,PRT,1966,
Portugal,PRT,1965,
Portugal,PRT,1964,
Portugal,PRT,1963,
Portugal,PRT,1962,
Portugal,PRT,1961,
Portugal,PRT,1960,
Puerto Rico (US),PRI,2025,
Puerto Rico (US),PRI,2024,
Puerto Rico (US),PRI,2023,
Puerto Rico (US),PRI,2022,
Puerto Rico (US),PRI,2021,
Puerto Rico (US),PRI,2020,
Puerto Rico (US),PRI,2019,
Puerto Rico (US),PRI,2018,
Puerto Rico (US),PRI,2017,
Puerto Rico (US),PRI,2016,
Puerto Rico (US),PRI,2015,
Puerto Rico (US),PRI,2014,
Puerto Rico (US),PRI,2013,
Puerto Rico (US),PRI,2012,
Puerto Rico (US),PRI,2011,
Puerto Rico (US),PRI,2010,
Puerto Rico (US),PRI,2009,
Puerto Rico (US),PRI,2008,
Puerto Rico (US),PRI,2007,
Puerto Rico (US),PRI,2006,
Puerto Rico (US),PRI,2005,
Puerto Rico (US),PRI,2004,
Puerto Rico (US),PRI,2003,
Puerto Rico (US),PRI,2002,
Puerto Rico (US),PRI,2001,
Puerto Rico (US),PRI,2000,
Puerto Rico (US),PRI,1999,
Puerto Rico (US),PRI,1998,
Puerto Rico (US),PRI,1997,
Puerto Rico (US),PRI,1996,
Puerto Rico (US),PRI,1995,
Puerto Rico (US),PRI,1994,
Puerto Rico (US),PRI,1993,
Puerto Rico (US),PRI,1992,
Puerto Rico (US),PRI,1991,
Puerto Rico (US),PRI,1990,
Puerto Rico (US),PRI,1989,
Puerto Rico (US),PRI,1988,
Puerto Rico (US),PRI,1987,
Puerto Rico (US),PRI,1986,
Puerto Rico (US),PRI,1985,
Puerto Rico (US),PRI,1984,
Puerto Rico (US),PRI,1983,
Puerto Rico (US),PRI,1982,
Puerto Rico (US),PRI,1981,
Puerto Rico (US),PRI,1980,
Puerto Rico (US),PRI,1979,
Puerto Rico (US),PRI,1978,
Puerto Rico (US),PRI,1977,
Puerto Rico (US),PRI,1976,
Puerto Rico (US),PRI,1975,
Puerto Rico (US),PRI,1974,
Puerto Rico (US),PRI,1973,
Puerto Rico (US),PRI,1972,
Puerto Rico (US),PRI,1971,
Puerto Rico (US),PRI,1970,
Puerto Rico (US),PRI,1969,
Puerto Rico (US),PRI,1968,
Puerto Rico (US),PRI,1967,
Puerto Rico (US),PRI,1966,
Puerto Rico (US),PRI,1965,
Puerto Rico (US),PRI,1964,
Puerto Rico (US),PRI,1963,
Puerto Rico (US),PRI,1962,
Puerto Rico (US),PRI,1961,
Puerto Rico (US),PRI,1960,
Qatar,QAT,2025,
Qatar,QAT,2024,
Qatar,QAT,2023,
Qatar,QAT,2022,
Qatar,QAT,2021,
Qatar,QAT,2020,
Qatar,QAT,2019,
Qatar,QAT,2018,
Qatar,QAT,2017,
Qatar,QAT,2016,
Qatar,QAT,2015,
Qatar,QAT,2014,
Qatar,QAT,2013,
Qatar,QAT,2012,
Qatar,QAT,2011,
Qatar,QAT,2010,
Qatar,QAT,2009,
Qatar,QAT,2008,
Qatar,QAT,2007,
Qatar,QAT,2006,
Qatar,QAT,2005,
Qatar,QAT,2004,
Qatar,QAT,2003,
Qatar,QAT,2002,
Qatar,QAT,2001,
Qatar,QAT,2000,
Qatar,QAT,1999,
Qatar,QAT,1998,
Qatar,QAT,1997,
Qatar,QAT,1996,
Qatar,QAT,1995,3740000.00953674
Qatar,QAT,1994,3220000.02861023
Qatar,QAT,1993,3769999.98092651
Qatar,QAT,1992,2920000.07629395
Qatar,QAT,1991,2880000.11444092
Qatar,QAT,1990,2970000.02861023
Qatar,QAT,1989,4989999.77111816
Qatar,QAT,1988,1830000.04291534
Qatar,QAT,1987,2829999.92370605
Qatar,QAT,1986,2349999.90463257
Qatar,QAT,1985,1860000.01430511
Qatar,QAT,1984,1330000.04291534
Qatar,QAT,1983,1049999.95231628
Qatar,QAT,1982,860000.014305115
Qatar,QAT,1981,850000.023841858
Qatar,QAT,1980,540000.021457672
Qatar,QAT,1979,170000.001788139
Qatar,QAT,1978,140000.000596046
Qatar,QAT,1977,839999.973773956
Qatar,QAT,1976,1259999.99046326
Qatar,QAT,1975,769999.980926514
Qatar,QAT,1974,509999.990463257
Qatar,QAT,1973,300000.011920929
Qatar,QAT,1972,200000.002980232
Qatar,QAT,1971,100000.001490116
Qatar,QAT,1970,59999.9986588955
Qatar,QAT,1969,39999.9991059303
Qatar,QAT,1968,
Qatar,QAT,1967,9999.99977648258
Qatar,QAT,1966,9999.99977648258
Qatar,QAT,1965,
Qatar,QAT,1964,
Qatar,QAT,1963,-19999.9995529652
Qatar,QAT,1962,
Qatar,QAT,1961,
Qatar,QAT,1960,
Romania,ROU,2025,
Romania,ROU,2024,
Romania,ROU,2023,
Romania,ROU,2022,
Romania,ROU,2021,
Romania,ROU,2020,
Romania,ROU,2019,
Romania,ROU,2018,
Romania,ROU,2017,
Romania,ROU,2016,
Romania,ROU,2015,
Romania,ROU,2014,
Romania,ROU,2013,
Romania,ROU,2012,
Romania,ROU,2011,
Romania,ROU,2010,
Romania,ROU,2009,
Romania,ROU,2008,
Romania,ROU,2007,
Romania,ROU,2006,
Romania,ROU,2005,
Romania,ROU,2004,910950012.207031
Romania,ROU,2003,597729980.46875
Romania,ROU,2002,418149993.896484
Romania,ROU,2001,646580017.089844
Romania,ROU,2000,430769989.013672
Romania,ROU,1999,386390014.648438
Romania,ROU,1998,366119995.117188
Romania,ROU,1997,218419998.168945
Romania,ROU,1996,230919998.168945
Romania,ROU,1995,297850006.103516
Romania,ROU,1994,154389999.389648
Romania,ROU,1993,166679992.675781
Romania,ROU,1992,258190002.441406
Romania,ROU,1991,320750000.0
Romania,ROU,1990,243399993.896484
Romania,ROU,1989,
Romania,ROU,1988,
Romania,ROU,1987,
Romania,ROU,1986,
Romania,ROU,1985,
Romania,ROU,1984,
Romania,ROU,1983,
Romania,ROU,1982,
Romania,ROU,1981,
Romania,ROU,1980,
Romania,ROU,1979,
Romania,ROU,1978,
Romania,ROU,1977,
Romania,ROU,1976,
Romania,ROU,1975,
Romania,ROU,1974,
Romania,ROU,1973,
Romania,ROU,1972,
Romania,ROU,1971,
Romania,ROU,1970,
Romania,ROU,1969,
Romania,ROU,1968,
Romania,ROU,1967,
Romania,ROU,1966,
Romania,ROU,1965,
Romania,ROU,1964,
Romania,ROU,1963,
Romania,ROU,1962,
Romania,ROU,1961,
Romania,ROU,1960,
Russian Federation,RUS,2025,
Russian Federation,RUS,2024,
Russian Federation,RUS,2023,
Russian Federation,RUS,2022,
Russian Federation,RUS,2021,
Russian Federation,RUS,2020,
Russian Federation,RUS,2019,
Russian Federation,RUS,2018,
Russian Federation,RUS,2017,
Russian Federation,RUS,2016,
Russian Federation,RUS,2015,
Russian Federation,RUS,2014,
Russian Federation,RUS,2013,
Russian Federation,RUS,2012,
Russian Federation,RUS,2011,
Russian Federation,RUS,2010,
Russian Federation,RUS,2009,
Russian Federation,RUS,2008,
Russian Federation,RUS,2007,
Russian Federation,RUS,2006,
Russian Federation,RUS,2005,
Russian Federation,RUS,2004,1319550048.82813
Russian Federation,RUS,2003,1244479980.46875
Russian Federation,RUS,2002,1284520019.53125
Russian Federation,RUS,2001,1089810058.59375
Russian Federation,RUS,2000,1553719970.70313
Russian Federation,RUS,1999,1937319946.28906
Russian Federation,RUS,1998,1183119995.11719
Russian Federation,RUS,1997,903010009.765625
Russian Federation,RUS,1996,1403150024.41406
Russian Federation,RUS,1995,1916780029.29688
Russian Federation,RUS,1994,1846890014.64844
Russian Federation,RUS,1993,2419399902.34375
Russian Federation,RUS,1992,1935099975.58594
Russian Federation,RUS,1991,563710021.972656
Russian Federation,RUS,1990,254020004.272461
Russian Federation,RUS,1989,
Russian Federation,RUS,1988,
Russian Federation,RUS,1987,
Russian Federation,RUS,1986,
Russian Federation,RUS,1985,
Russian Federation,RUS,1984,
Russian Federation,RUS,1983,
Russian Federation,RUS,1982,
Russian Federation,RUS,1981,
Russian Federation,RUS,1980,
Russian Federation,RUS,1979,
Russian Federation,RUS,1978,
Russian Federation,RUS,1977,
Russian Federation,RUS,1976,
Russian Federation,RUS,1975,
Russian Federation,RUS,1974,
Russian Federation,RUS,1973,
Russian Federation,RUS,1972,
Russian Federation,RUS,1971,
Russian Federation,RUS,1970,
Russian Federation,RUS,1969,
Russian Federation,RUS,1968,
Russian Federation,RUS,1967,
Russian Federation,RUS,1966,
Russian Federation,RUS,1965,
Russian Federation,RUS,1964,
Russian Federation,RUS,1963,
Russian Federation,RUS,1962,
Russian Federation,RUS,1961,
Russian Federation,RUS,1960,
Rwanda,RWA,2025,
Rwanda,RWA,2024,
Rwanda,RWA,2023,1387333129.88281
Rwanda,RWA,2022,1075493896.48438
Rwanda,RWA,2021,1331493530.27344
Rwanda,RWA,2020,1626373779.29688
Rwanda,RWA,2019,1169081542.96875
Rwanda,RWA,2018,1119698974.60938
Rwanda,RWA,2017,1231326049.80469
Rwanda,RWA,2016,1150473999.02344
Rwanda,RWA,2015,1089121704.10156
Rwanda,RWA,2014,1035032470.70313
Rwanda,RWA,2013,1086289306.64063
Rwanda,RWA,2012,878636718.75
Rwanda,RWA,2011,1263208496.09375
Rwanda,RWA,2010,882530029.296875
Rwanda,RWA,2009,934249145.507813
Rwanda,RWA,2008,935495117.1875
Rwanda,RWA,2007,780037231.445313
Rwanda,RWA,2006,605390319.824219
Rwanda,RWA,2005,572706970.214844
Rwanda,RWA,2004,491136993.408203
Rwanda,RWA,2003,335963653.564453
Rwanda,RWA,2002,359589996.337891
Rwanda,RWA,2001,304660003.662109
Rwanda,RWA,2000,321464660.644531
Rwanda,RWA,1999,373141540.527344
Rwanda,RWA,1998,350131530.761719
Rwanda,RWA,1997,229726882.93457
Rwanda,RWA,1996,465309997.558594
Rwanda,RWA,1995,694700012.207031
Rwanda,RWA,1994,711750000.0
Rwanda,RWA,1993,353910003.662109
Rwanda,RWA,1992,348929992.675781
Rwanda,RWA,1991,359160003.662109
Rwanda,RWA,1990,287920013.427734
Rwanda,RWA,1989,225630004.882813
Rwanda,RWA,1988,244910003.662109
Rwanda,RWA,1987,238970001.220703
Rwanda,RWA,1986,205029998.779297
Rwanda,RWA,1985,176630004.882813
Rwanda,RWA,1984,162779998.779297
Rwanda,RWA,1983,148720001.220703
Rwanda,RWA,1982,150250000.0
Rwanda,RWA,1981,153300003.051758
Rwanda,RWA,1980,154110000.610352
Rwanda,RWA,1979,147210006.713867
Rwanda,RWA,1978,124239997.86377
Rwanda,RWA,1977,94959999.0844727
Rwanda,RWA,1976,78760002.1362305
Rwanda,RWA,1975,90370002.746582
Rwanda,RWA,1974,46500000.0
Rwanda,RWA,1973,38819999.6948242
Rwanda,RWA,1972,30090000.1525879
Rwanda,RWA,1971,25129999.1607666
Rwanda,RWA,1970,21739999.7711182
Rwanda,RWA,1969,17649999.6185303
Rwanda,RWA,1968,16079999.9237061
Rwanda,RWA,1967,13430000.3051758
Rwanda,RWA,1966,11909999.8474121
Rwanda,RWA,1965,8170000.07629395
Rwanda,RWA,1964,7239999.77111816
Rwanda,RWA,1963,6719999.79019165
Rwanda,RWA,1962,11060000.4196167
Rwanda,RWA,1961,7179999.82833862
Rwanda,RWA,1960,7530000.20980835
Samoa,WSM,2025,
Samoa,WSM,2024,
Samoa,WSM,2023,117172477.722168
Samoa,WSM,2022,127959831.237793
Samoa,WSM,2021,85923858.6425781
Samoa,WSM,2020,168139617.919922
Samoa,WSM,2019,124878738.40332
Samoa,WSM,2018,128104736.328125
Samoa,WSM,2017,136224517.822266
Samoa,WSM,2016,88637908.9355469
Samoa,WSM,2015,93722206.1157227
Samoa,WSM,2014,93991218.5668945
Samoa,WSM,2013,113010055.541992
Samoa,WSM,2012,117287796.020508
Samoa,WSM,2011,88797180.1757813
Samoa,WSM,2010,101260002.13623
Samoa,WSM,2009,67728088.3789063
Samoa,WSM,2008,40511913.2995605
Samoa,WSM,2007,39101222.9919434
Samoa,WSM,2006,48246665.9545898
Samoa,WSM,2005,43233333.5876465
Samoa,WSM,2004,30384166.7175293
Samoa,WSM,2003,33267166.1376953
Samoa,WSM,2002,38040500.6408691
Samoa,WSM,2001,40814659.1186523
Samoa,WSM,2000,28847328.1860352
Samoa,WSM,1999,24662328.7200928
Samoa,WSM,1998,32857337.9516602
Samoa,WSM,1997,28110000.6103516
Samoa,WSM,1996,32459999.0844727
Samoa,WSM,1995,38419998.1689453
Samoa,WSM,1994,44250000.0
Samoa,WSM,1993,48540000.9155273
Samoa,WSM,1992,45689998.626709
Samoa,WSM,1991,42459999.0844727
Samoa,WSM,1990,35909999.8474121
Samoa,WSM,1989,27209999.0844727
Samoa,WSM,1988,28260000.2288818
Samoa,WSM,1987,33169998.1689453
Samoa,WSM,1986,22079999.9237061
Samoa,WSM,1985,17629999.1607666
Samoa,WSM,1984,16280000.6866455
Samoa,WSM,1983,23030000.6866455
Samoa,WSM,1982,21379999.1607666
Samoa,WSM,1981,21579999.9237061
Samoa,WSM,1980,21010000.2288818
Samoa,WSM,1979,26100000.3814697
Samoa,WSM,1978,15600000.3814697
Samoa,WSM,1977,17290000.9155273
Samoa,WSM,1976,9920000.07629395
Samoa,WSM,1975,11510000.2288818
Samoa,WSM,1974,5289999.96185303
Samoa,WSM,1973,2990000.00953674
Samoa,WSM,1972,2329999.92370605
Samoa,WSM,1971,1059999.94277954
Samoa,WSM,1970,920000.016689301
Samoa,WSM,1969,509999.990463257
Samoa,WSM,1968,1090000.0333786
Samoa,WSM,1967,779999.971389771
Samoa,WSM,1966,419999.986886978
Samoa,WSM,1965,230000.004172325
Samoa,WSM,1964,209999.993443489
Samoa,WSM,1963,170000.001788139
Samoa,WSM,1962,90000.0035762787
Samoa,WSM,1961,29999.9993294477
Samoa,WSM,1960,
San Marino,SMR,2025,
San Marino,SMR,2024,
San Marino,SMR,2023,
San Marino,SMR,2022,
San Marino,SMR,2021,
San Marino,SMR,2020,
San Marino,SMR,2019,
San Marino,SMR,2018,
San Marino,SMR,2017,
San Marino,SMR,2016,
San Marino,SMR,2015,
San Marino,SMR,2014,
San Marino,SMR,2013,
San Marino,SMR,2012,
San Marino,SMR,2011,
San Marino,SMR,2010,
San Marino,SMR,2009,
San Marino,SMR,2008,
San Marino,SMR,2007,
San Marino,SMR,2006,
San Marino,SMR,2005,
San Marino,SMR,2004,
San Marino,SMR,2003,
San Marino,SMR,2002,
San Marino,SMR,2001,
San Marino,SMR,2000,
San Marino,SMR,1999,
San Marino,SMR,1998,
San Marino,SMR,1997,
San Marino,SMR,1996,
San Marino,SMR,1995,
San Marino,SMR,1994,
San Marino,SMR,1993,
San Marino,SMR,1992,
San Marino,SMR,1991,
San Marino,SMR,1990,
San Marino,SMR,1989,
San Marino,SMR,1988,
San Marino,SMR,1987,
San Marino,SMR,1986,
San Marino,SMR,1985,
San Marino,SMR,1984,
San Marino,SMR,1983,
San Marino,SMR,1982,
San Marino,SMR,1981,
San Marino,SMR,1980,
San Marino,SMR,1979,
San Marino,SMR,1978,
San Marino,SMR,1977,
San Marino,SMR,1976,
San Marino,SMR,1975,
San Marino,SMR,1974,
San Marino,SMR,1973,
San Marino,SMR,1972,
San Marino,SMR,1971,
San Marino,SMR,1970,
San Marino,SMR,1969,
San Marino,SMR,1968,
San Marino,SMR,1967,
San Marino,SMR,1966,
San Marino,SMR,1965,
San Marino,SMR,1964,
San Marino,SMR,1963,
San Marino,SMR,1962,
San Marino,SMR,1961,
San Marino,SMR,1960,
Sao Tome and Principe,STP,2025,
Sao Tome and Principe,STP,2024,
Sao Tome and Principe,STP,2023,86840171.8139648
Sao Tome and Principe,STP,2022,55170074.4628906
Sao Tome and Principe,STP,2021,72983970.6420898
Sao Tome and Principe,STP,2020,93117263.7939453
Sao Tome and Principe,STP,2019,51827579.498291
Sao Tome and Principe,STP,2018,52176284.7900391
Sao Tome and Principe,STP,2017,40242568.9697266
Sao Tome and Principe,STP,2016,47036037.4450684
Sao Tome and Principe,STP,2015,48997791.2902832
Sao Tome and Principe,STP,2014,41377082.824707
Sao Tome and Principe,STP,2013,53749443.0541992
Sao Tome and Principe,STP,2012,50700428.0090332
Sao Tome and Principe,STP,2011,73479949.9511719
Sao Tome and Principe,STP,2010,47130001.0681152
Sao Tome and Principe,STP,2009,30464834.2132568
Sao Tome and Principe,STP,2008,47291477.2033691
Sao Tome and Principe,STP,2007,51073963.1652832
Sao Tome and Principe,STP,2006,23063333.5113525
Sao Tome and Principe,STP,2005,32697631.8359375
Sao Tome and Principe,STP,2004,33682632.4462891
Sao Tome and Principe,STP,2003,37850967.4072266
Sao Tome and Principe,STP,2002,26090999.6032715
Sao Tome and Principe,STP,2001,38180999.7558594
Sao Tome and Principe,STP,2000,34944332.1228027
Sao Tome and Principe,STP,1999,27520000.4577637
Sao Tome and Principe,STP,1998,28059999.4659424
Sao Tome and Principe,STP,1997,33419998.1689453
Sao Tome and Principe,STP,1996,47400001.5258789
Sao Tome and Principe,STP,1995,84089996.3378906
Sao Tome and Principe,STP,1994,49930000.3051758
Sao Tome and Principe,STP,1993,46490001.6784668
Sao Tome and Principe,STP,1992,56430000.3051758
Sao Tome and Principe,STP,1991,51009998.3215332
Sao Tome and Principe,STP,1990,54119998.9318848
Sao Tome and Principe,STP,1989,44500000.0
Sao Tome and Principe,STP,1988,24430000.3051758
Sao Tome and Principe,STP,1987,17219999.3133545
Sao Tome and Principe,STP,1986,12350000.3814697
Sao Tome and Principe,STP,1985,12210000.038147
Sao Tome and Principe,STP,1984,11170000.0762939
Sao Tome and Principe,STP,1983,11579999.9237061
Sao Tome and Principe,STP,1982,9840000.15258789
Sao Tome and Principe,STP,1981,6000000.0
Sao Tome and Principe,STP,1980,3819999.9332428
Sao Tome and Principe,STP,1979,2950000.04768372
Sao Tome and Principe,STP,1978,3980000.01907349
Sao Tome and Principe,STP,1977,3039999.96185303
Sao Tome and Principe,STP,1976,11649999.6185303
Sao Tome and Principe,STP,1975,839999.973773956
Sao Tome and Principe,STP,1974,
Sao Tome and Principe,STP,1973,
Sao Tome and Principe,STP,1972,
Sao Tome and Principe,STP,1971,
Sao Tome and Principe,STP,1970,
Sao Tome and Principe,STP,1969,
Sao Tome and Principe,STP,1968,209999.993443489
Sao Tome and Principe,STP,1967,379999.995231628
Sao Tome and Principe,STP,1966,1059999.94277954
Sao Tome and Principe,STP,1965,
Sao Tome and Principe,STP,1964,
Sao Tome and Principe,STP,1963,
Sao Tome and Principe,STP,1962,
Sao Tome and Principe,STP,1961,1009999.99046326
Sao Tome and Principe,STP,1960,109999.999403954
Saudi Arabia,SAU,2025,
Saudi Arabia,SAU,2024,
Saudi Arabia,SAU,2023,
Saudi Arabia,SAU,2022,
Saudi Arabia,SAU,2021,
Saudi Arabia,SAU,2020,
Saudi Arabia,SAU,2019,
Saudi Arabia,SAU,2018,
Saudi Arabia,SAU,2017,
Saudi Arabia,SAU,2016,
Saudi Arabia,SAU,2015,
Saudi Arabia,SAU,2014,
Saudi Arabia,SAU,2013,
Saudi Arabia,SAU,2012,
Saudi Arabia,SAU,2011,
Saudi Arabia,SAU,2010,
Saudi Arabia,SAU,2009,
Saudi Arabia,SAU,2008,
Saudi Arabia,SAU,2007,-131070007.324219
Saudi Arabia,SAU,2006,24299999.2370605
Saudi Arabia,SAU,2005,25110000.6103516
Saudi Arabia,SAU,2004,20239999.7711182
Saudi Arabia,SAU,2003,13789999.961853
Saudi Arabia,SAU,2002,16780000.6866455
Saudi Arabia,SAU,2001,13109999.6566772
Saudi Arabia,SAU,2000,21959999.0844727
Saudi Arabia,SAU,1999,22149999.6185303
Saudi Arabia,SAU,1998,16590000.1525879
Saudi Arabia,SAU,1997,1379999.99523163
Saudi Arabia,SAU,1996,14079999.9237061
Saudi Arabia,SAU,1995,16989999.7711182
Saudi Arabia,SAU,1994,16719999.3133545
Saudi Arabia,SAU,1993,29069999.6948242
Saudi Arabia,SAU,1992,49810001.373291
Saudi Arabia,SAU,1991,13789999.961853
Saudi Arabia,SAU,1990,14659999.8474121
Saudi Arabia,SAU,1989,13609999.6566772
Saudi Arabia,SAU,1988,18709999.0844727
Saudi Arabia,SAU,1987,21319999.6948242
Saudi Arabia,SAU,1986,30180000.3051758
Saudi Arabia,SAU,1985,27479999.5422363
Saudi Arabia,SAU,1984,35099998.4741211
Saudi Arabia,SAU,1983,42369998.9318848
Saudi Arabia,SAU,1982,46340000.1525879
Saudi Arabia,SAU,1981,25440000.5340576
Saudi Arabia,SAU,1980,12829999.9237061
Saudi Arabia,SAU,1979,10729999.5422363
Saudi Arabia,SAU,1978,6150000.09536743
Saudi Arabia,SAU,1977,6690000.05722046
Saudi Arabia,SAU,1976,1779999.97138977
Saudi Arabia,SAU,1975,2990000.00953674
Saudi Arabia,SAU,1974,3609999.89509583
Saudi Arabia,SAU,1973,2730000.01907349
Saudi Arabia,SAU,1972,2230000.01907349
Saudi Arabia,SAU,1971,1909999.9666214
Saudi Arabia,SAU,1970,1460000.03814697
Saudi Arabia,SAU,1969,1360000.01430511
Saudi Arabia,SAU,1968,500000.0
Saudi Arabia,SAU,1967,430000.007152557
Saudi Arabia,SAU,1966,319999.992847443
Saudi Arabia,SAU,1965,349999.994039536
Saudi Arabia,SAU,1964,-430000.007152557
Saudi Arabia,SAU,1963,-2529999.97138977
Saudi Arabia,SAU,1962,-10250000.0
Saudi Arabia,SAU,1961,-189999.997615814
Saudi Arabia,SAU,1960,8010000.22888184
Senegal,SEN,2025,
Senegal,SEN,2024,
Senegal,SEN,2023,1859611206.05469
Senegal,SEN,2022,1454576171.875
Senegal,SEN,2021,1390736450.19531
Senegal,SEN,2020,1613282104.49219
Senegal,SEN,2019,1439260864.25781
Senegal,SEN,2018,999021484.375
Senegal,SEN,2017,908146728.515625
Senegal,SEN,2016,731164184.570313
Senegal,SEN,2015,869399475.097656
Senegal,SEN,2014,1108678955.07813
Senegal,SEN,2013,994424133.300781
Senegal,SEN,2012,1075769409.17969
Senegal,SEN,2011,1054601440.42969
Senegal,SEN,2010,800200012.207031
Senegal,SEN,2009,1017991027.83203
Senegal,SEN,2008,1065827270.50781
Senegal,SEN,2007,865328552.246094
Senegal,SEN,2006,869361755.371094
Senegal,SEN,2005,701353576.660156
Senegal,SEN,2004,1066340087.89063
Senegal,SEN,2003,458278442.382813
Senegal,SEN,2002,445283325.195313
Senegal,SEN,2001,423583343.505859
Senegal,SEN,2000,432146118.164063
Senegal,SEN,1999,535984558.105469
Senegal,SEN,1998,502084533.691406
Senegal,SEN,1997,424530212.402344
Senegal,SEN,1996,573880004.882813
Senegal,SEN,1995,652340026.855469
Senegal,SEN,1994,635489990.234375
Senegal,SEN,1993,493119995.117188
Senegal,SEN,1992,662380004.882813
Senegal,SEN,1991,627520019.53125
Senegal,SEN,1990,811729980.46875
Senegal,SEN,1989,710789978.027344
Senegal,SEN,1988,599750000.0
Senegal,SEN,1987,664229980.46875
Senegal,SEN,1986,580229980.46875
Senegal,SEN,1985,290480010.986328
Senegal,SEN,1984,361890014.648438
Senegal,SEN,1983,326429992.675781
Senegal,SEN,1982,284619995.117188
Senegal,SEN,1981,394859985.351563
Senegal,SEN,1980,261109985.351563
Senegal,SEN,1979,303839996.337891
Senegal,SEN,1978,212500000.0
Senegal,SEN,1977,119690002.441406
Senegal,SEN,1976,118050003.051758
Senegal,SEN,1975,139389999.389648
Senegal,SEN,1974,138160003.662109
Senegal,SEN,1973,78440002.4414063
Senegal,SEN,1972,48200000.7629395
Senegal,SEN,1971,53240001.6784668
Senegal,SEN,1970,42509998.3215332
Senegal,SEN,1969,55240001.6784668
Senegal,SEN,1968,49229999.5422363
Senegal,SEN,1967,48069999.6948242
Senegal,SEN,1966,43840000.1525879
Senegal,SEN,1965,47520000.4577637
Senegal,SEN,1964,57459999.0844727
Senegal,SEN,1963,11180000.3051758
Senegal,SEN,1962,12840000.1525879
Senegal,SEN,1961,239999.994635582
Senegal,SEN,1960,129999.995231628
Serbia,SRB,2025,
Serbia,SRB,2024,
Serbia,SRB,2023,578221740.722656
Serbia,SRB,2022,511412139.892578
Serbia,SRB,2021,534290771.484375
Serbia,SRB,2020,489367584.228516
Serbia,SRB,2019,565125976.5625
Serbia,SRB,2018,1070118896.48438
Serbia,SRB,2017,1688415649.41406
Serbia,SRB,2016,633469238.28125
Serbia,SRB,2015,312481506.347656
Serbia,SRB,2014,367045257.568359
Serbia,SRB,2013,780272827.148438
Serbia,SRB,2012,1087777221.67969
Serbia,SRB,2011,1379172119.14063
Serbia,SRB,2010,635250000.0
Serbia,SRB,2009,623142395.019531
Serbia,SRB,2008,975886474.609375
Serbia,SRB,2007,842456726.074219
Serbia,SRB,2006,1579587402.34375
Serbia,SRB,2005,1068493774.41406
Serbia,SRB,2004,1159703735.35156
Serbia,SRB,2003,1310476318.35938
Serbia,SRB,2002,2084639892.57813
Serbia,SRB,2001,1304180053.71094
Serbia,SRB,2000,1134270019.53125
Serbia,SRB,1999,707400024.414063
Serbia,SRB,1998,108230003.356934
Serbia,SRB,1997,97360000.6103516
Serbia,SRB,1996,69510002.1362305
Serbia,SRB,1995,95059997.5585938
Serbia,SRB,1994,49220001.2207031
Serbia,SRB,1993,
Serbia,SRB,1992,
Serbia,SRB,1991,
Serbia,SRB,1990,
Serbia,SRB,1989,
Serbia,SRB,1988,
Serbia,SRB,1987,
Serbia,SRB,1986,
Serbia,SRB,1985,
Serbia,SRB,1984,
Serbia,SRB,1983,
Serbia,SRB,1982,
Serbia,SRB,1981,
Serbia,SRB,1980,
Serbia,SRB,1979,
Serbia,SRB,1978,
Serbia,SRB,1977,
Serbia,SRB,1976,
Serbia,SRB,1975,
Serbia,SRB,1974,
Serbia,SRB,1973,
Serbia,SRB,1972,
Serbia,SRB,1971,
Serbia,SRB,1970,
Serbia,SRB,1969,
Serbia,SRB,1968,
Serbia,SRB,1967,
Serbia,SRB,1966,
Serbia,SRB,1965,
Serbia,SRB,1964,
Serbia,SRB,1963,
Serbia,SRB,1962,
Serbia,SRB,1961,
Serbia,SRB,1960,
Seychelles,SYC,2025,
Seychelles,SYC,2024,
Seychelles,SYC,2023,
Seychelles,SYC,2022,
Seychelles,SYC,2021,
Seychelles,SYC,2020,
Seychelles,SYC,2019,
Seychelles,SYC,2018,
Seychelles,SYC,2017,16201305.3894043
Seychelles,SYC,2016,5798510.07461548
Seychelles,SYC,2015,6782155.99060059
Seychelles,SYC,2014,12002858.1619263
Seychelles,SYC,2013,27418546.6766357
Seychelles,SYC,2012,34746582.03125
Seychelles,SYC,2011,22720363.6169434
Seychelles,SYC,2010,35540000.9155273
Seychelles,SYC,2009,23158332.824707
Seychelles,SYC,2008,7489999.77111816
Seychelles,SYC,2007,6079999.92370605
Seychelles,SYC,2006,13706666.9464111
Seychelles,SYC,2005,17195999.1455078
Seychelles,SYC,2004,10627499.5803833
Seychelles,SYC,2003,9387666.70227051
Seychelles,SYC,2002,57932334.8999023
Seychelles,SYC,2001,13412332.53479
Seychelles,SYC,2000,23599033.3557129
Seychelles,SYC,1999,13315463.0661011
Seychelles,SYC,1998,24345462.7990723
Seychelles,SYC,1997,17195430.7556152
Seychelles,SYC,1996,19260000.2288818
Seychelles,SYC,1995,13189999.5803833
Seychelles,SYC,1994,13069999.6948242
Seychelles,SYC,1993,19739999.7711182
Seychelles,SYC,1992,19450000.7629395
Seychelles,SYC,1991,22739999.7711182
Seychelles,SYC,1990,35560001.373291
Seychelles,SYC,1989,19559999.4659424
Seychelles,SYC,1988,20610000.6103516
Seychelles,SYC,1987,24149999.6185303
Seychelles,SYC,1986,28540000.9155273
Seychelles,SYC,1985,22040000.9155273
Seychelles,SYC,1984,15029999.7329712
Seychelles,SYC,1983,15329999.9237061
Seychelles,SYC,1982,18100000.3814697
Seychelles,SYC,1981,16829999.9237061
Seychelles,SYC,1980,21500000.0
Seychelles,SYC,1979,25129999.1607666
Seychelles,SYC,1978,16370000.8392334
Seychelles,SYC,1977,10890000.3433228
Seychelles,SYC,1976,7400000.09536743
Seychelles,SYC,1975,7480000.01907349
Seychelles,SYC,1974,8529999.73297119
Seychelles,SYC,1973,7989999.77111816
Seychelles,SYC,1972,8720000.26702881
Seychelles,SYC,1971,7739999.77111816
Seychelles,SYC,1970,4019999.98092651
Seychelles,SYC,1969,1289999.96185303
Seychelles,SYC,1968,2460000.03814697
Seychelles,SYC,1967,2240000.00953674
Seychelles,SYC,1966,930000.007152557
Seychelles,SYC,1965,1549999.95231628
Seychelles,SYC,1964,939999.997615814
Seychelles,SYC,1963,639999.985694885
Seychelles,SYC,1962,490000.009536743
Seychelles,SYC,1961,1000000.0
Seychelles,SYC,1960,1100000.02384186
Sierra Leone,SLE,2025,
Sierra Leone,SLE,2024,
Sierra Leone,SLE,2023,497800445.556641
Sierra Leone,SLE,2022,519246398.925781
Sierra Leone,SLE,2021,711213317.871094
Sierra Leone,SLE,2020,842418395.996094
Sierra Leone,SLE,2019,567083679.199219
Sierra Leone,SLE,2018,508151275.634766
Sierra Leone,SLE,2017,541119445.800781
Sierra Leone,SLE,2016,693210266.113281
Sierra Leone,SLE,2015,946966125.488281
Sierra Leone,SLE,2014,914030822.753906
Sierra Leone,SLE,2013,449064392.089844
Sierra Leone,SLE,2012,439737945.556641
Sierra Leone,SLE,2011,423892974.853516
Sierra Leone,SLE,2010,398269989.013672
Sierra Leone,SLE,2009,447292846.679688
Sierra Leone,SLE,2008,379340972.900391
Sierra Leone,SLE,2007,550531982.421875
Sierra Leone,SLE,2006,380342163.085938
Sierra Leone,SLE,2005,339980621.337891
Sierra Leone,SLE,2004,376225646.972656
Sierra Leone,SLE,2003,337171661.376953
Sierra Leone,SLE,2002,383211669.921875
Sierra Leone,SLE,2001,334631652.832031
Sierra Leone,SLE,2000,180639999.389648
Sierra Leone,SLE,1999,73733001.7089844
Sierra Leone,SLE,1998,106532997.131348
Sierra Leone,SLE,1997,118013000.488281
Sierra Leone,SLE,1996,182520004.272461
Sierra Leone,SLE,1995,212270004.272461
Sierra Leone,SLE,1994,273730010.986328
Sierra Leone,SLE,1993,206470001.220703
Sierra Leone,SLE,1992,133059997.558594
Sierra Leone,SLE,1991,103269996.643066
Sierra Leone,SLE,1990,59319999.6948242
Sierra Leone,SLE,1989,98660003.6621094
Sierra Leone,SLE,1988,101519996.643066
Sierra Leone,SLE,1987,66010002.1362305
Sierra Leone,SLE,1986,90489997.8637695
Sierra Leone,SLE,1985,63799999.2370605
Sierra Leone,SLE,1984,57909999.8474121
Sierra Leone,SLE,1983,64800003.0517578
Sierra Leone,SLE,1982,81750000.0
Sierra Leone,SLE,1981,59599998.4741211
Sierra Leone,SLE,1980,90559997.5585938
Sierra Leone,SLE,1979,52919998.1689453
Sierra Leone,SLE,1978,39310001.373291
Sierra Leone,SLE,1977,25280000.6866455
Sierra Leone,SLE,1976,13000000.0
Sierra Leone,SLE,1975,16629999.1607666
Sierra Leone,SLE,1974,10319999.6948242
Sierra Leone,SLE,1973,14079999.9237061
Sierra Leone,SLE,1972,10199999.8092651
Sierra Leone,SLE,1971,10409999.8474121
Sierra Leone,SLE,1970,6630000.11444092
Sierra Leone,SLE,1969,8810000.4196167
Sierra Leone,SLE,1968,10729999.5422363
Sierra Leone,SLE,1967,7489999.77111816
Sierra Leone,SLE,1966,10220000.2670288
Sierra Leone,SLE,1965,17520000.4577637
Sierra Leone,SLE,1964,10060000.4196167
Sierra Leone,SLE,1963,9789999.96185303
Sierra Leone,SLE,1962,7599999.90463257
Sierra Leone,SLE,1961,14970000.2670288
Sierra Leone,SLE,1960,6719999.79019165
Singapore,SGP,2025,
Singapore,SGP,2024,
Singapore,SGP,2023,
Singapore,SGP,2022,
Singapore,SGP,2021,
Singapore,SGP,2020,
Singapore,SGP,2019,
Singapore,SGP,2018,
Singapore,SGP,2017,
Singapore,SGP,2016,
Singapore,SGP,2015,
Singapore,SGP,2014,
Singapore,SGP,2013,
Singapore,SGP,2012,
Singapore,SGP,2011,
Singapore,SGP,2010,
Singapore,SGP,2009,
Singapore,SGP,2008,
Singapore,SGP,2007,
Singapore,SGP,2006,
Singapore,SGP,2005,
Singapore,SGP,2004,
Singapore,SGP,2003,
Singapore,SGP,2002,
Singapore,SGP,2001,
Singapore,SGP,2000,
Singapore,SGP,1999,
Singapore,SGP,1998,
Singapore,SGP,1997,
Singapore,SGP,1996,
Singapore,SGP,1995,16659999.8474121
Singapore,SGP,1994,16860000.6103516
Singapore,SGP,1993,23639999.3896484
Singapore,SGP,1992,19940000.5340576
Singapore,SGP,1991,7769999.98092651
Singapore,SGP,1990,-1740000.00953674
Singapore,SGP,1989,95029998.7792969
Singapore,SGP,1988,22090000.1525879
Singapore,SGP,1987,23459999.0844727
Singapore,SGP,1986,29489999.7711182
Singapore,SGP,1985,23430000.3051758
Singapore,SGP,1984,40340000.1525879
Singapore,SGP,1983,14520000.4577637
Singapore,SGP,1982,20579999.9237061
Singapore,SGP,1981,21879999.1607666
Singapore,SGP,1980,13890000.3433228
Singapore,SGP,1979,5519999.98092651
Singapore,SGP,1978,6630000.11444092
Singapore,SGP,1977,12310000.4196167
Singapore,SGP,1976,11010000.2288818
Singapore,SGP,1975,11710000.038147
Singapore,SGP,1974,20829999.9237061
Singapore,SGP,1973,25229999.5422363
Singapore,SGP,1972,29799999.2370605
Singapore,SGP,1971,30920000.0762939
Singapore,SGP,1970,28649999.6185303
Singapore,SGP,1969,15300000.1907349
Singapore,SGP,1968,4610000.1335144
Singapore,SGP,1967,7389999.8664856
Singapore,SGP,1966,2359999.89509583
Singapore,SGP,1965,2279999.97138977
Singapore,SGP,1964,449999.988079071
Singapore,SGP,1963,620000.004768372
Singapore,SGP,1962,1019999.98092651
Singapore,SGP,1961,9999.99977648258
Singapore,SGP,1960,-230000.004172325
Sint Maarten (Dutch part),SXM,2025,
Sint Maarten (Dutch part),SXM,2024,
Sint Maarten (Dutch part),SXM,2023,
Sint Maarten (Dutch part),SXM,2022,
Sint Maarten (Dutch part),SXM,2021,
Sint Maarten (Dutch part),SXM,2020,
Sint Maarten (Dutch part),SXM,2019,
Sint Maarten (Dutch part),SXM,2018,
Sint Maarten (Dutch part),SXM,2017,
Sint Maarten (Dutch part),SXM,2016,
Sint Maarten (Dutch part),SXM,2015,
Sint Maarten (Dutch part),SXM,2014,
Sint Maarten (Dutch part),SXM,2013,
Sint Maarten (Dutch part),SXM,2012,
Sint Maarten (Dutch part),SXM,2011,
Sint Maarten (Dutch part),SXM,2010,
Sint Maarten (Dutch part),SXM,2009,
Sint Maarten (Dutch part),SXM,2008,
Sint Maarten (Dutch part),SXM,2007,
Sint Maarten (Dutch part),SXM,2006,
Sint Maarten (Dutch part),SXM,2005,
Sint Maarten (Dutch part),SXM,2004,
Sint Maarten (Dutch part),SXM,2003,
Sint Maarten (Dutch part),SXM,2002,
Sint Maarten (Dutch part),SXM,2001,
Sint Maarten (Dutch part),SXM,2000,
Sint Maarten (Dutch part),SXM,1999,126980003.356934
Sint Maarten (Dutch part),SXM,1998,129080001.831055
Sint Maarten (Dutch part),SXM,1997,110610000.610352
Sint Maarten (Dutch part),SXM,1996,120680000.305176
Sint Maarten (Dutch part),SXM,1995,98389999.3896484
Sint Maarten (Dutch part),SXM,1994,37740001.6784668
Sint Maarten (Dutch part),SXM,1993,79900001.5258789
Sint Maarten (Dutch part),SXM,1992,92449996.9482422
Sint Maarten (Dutch part),SXM,1991,82099998.4741211
Sint Maarten (Dutch part),SXM,1990,57990001.6784668
Sint Maarten (Dutch part),SXM,1989,61130001.0681152
Sint Maarten (Dutch part),SXM,1988,53419998.1689453
Sint Maarten (Dutch part),SXM,1987,64480003.3569336
Sint Maarten (Dutch part),SXM,1986,57520000.4577637
Sint Maarten (Dutch part),SXM,1985,64809997.5585938
Sint Maarten (Dutch part),SXM,1984,62970001.2207031
Sint Maarten (Dutch part),SXM,1983,65099998.4741211
Sint Maarten (Dutch part),SXM,1982,64930000.3051758
Sint Maarten (Dutch part),SXM,1981,73629997.253418
Sint Maarten (Dutch part),SXM,1980,96569999.6948242
Sint Maarten (Dutch part),SXM,1979,56869998.9318848
Sint Maarten (Dutch part),SXM,1978,47909999.8474121
Sint Maarten (Dutch part),SXM,1977,41450000.7629395
Sint Maarten (Dutch part),SXM,1976,49240001.6784668
Sint Maarten (Dutch part),SXM,1975,33270000.4577637
Sint Maarten (Dutch part),SXM,1974,28750000.0
Sint Maarten (Dutch part),SXM,1973,22250000.0
Sint Maarten (Dutch part),SXM,1972,34650001.5258789
Sint Maarten (Dutch part),SXM,1971,25149999.6185303
Sint Maarten (Dutch part),SXM,1970,27399999.6185303
Sint Maarten (Dutch part),SXM,1969,19020000.4577637
Sint Maarten (Dutch part),SXM,1968,18370000.8392334
Sint Maarten (Dutch part),SXM,1967,15880000.1144409
Sint Maarten (Dutch part),SXM,1966,1519999.98092651
Sint Maarten (Dutch part),SXM,1965,5760000.22888184
Sint Maarten (Dutch part),SXM,1964,12920000.0762939
Sint Maarten (Dutch part),SXM,1963,2730000.01907349
Sint Maarten (Dutch part),SXM,1962,589999.973773956
Sint Maarten (Dutch part),SXM,1961,540000.021457672
Sint Maarten (Dutch part),SXM,1960,100000.001490116
Slovak Republic,SVK,2025,
Slovak Republic,SVK,2024,
Slovak Republic,SVK,2023,
Slovak Republic,SVK,2022,
Slovak Republic,SVK,2021,
Slovak Republic,SVK,2020,
Slovak Republic,SVK,2019,
Slovak Republic,SVK,2018,
Slovak Republic,SVK,2017,
Slovak Republic,SVK,2016,
Slovak Republic,SVK,2015,
Slovak Republic,SVK,2014,
Slovak Republic,SVK,2013,
Slovak Republic,SVK,2012,
Slovak Republic,SVK,2011,
Slovak Republic,SVK,2010,
Slovak Republic,SVK,2009,
Slovak Republic,SVK,2008,
Slovak Republic,SVK,2007,
Slovak Republic,SVK,2006,
Slovak Republic,SVK,2005,
Slovak Republic,SVK,2004,234789993.286133
Slovak Republic,SVK,2003,161869995.117188
Slovak Republic,SVK,2002,152649993.896484
Slovak Republic,SVK,2001,164039993.286133
Slovak Republic,SVK,2000,112989997.86377
Slovak Republic,SVK,1999,318709991.455078
Slovak Republic,SVK,1998,154820007.324219
Slovak Republic,SVK,1997,70419998.1689453
Slovak Republic,SVK,1996,97589996.3378906
Slovak Republic,SVK,1995,97959999.0844727
Slovak Republic,SVK,1994,78389999.3896484
Slovak Republic,SVK,1993,50520000.4577637
Slovak Republic,SVK,1992,63360000.6103516
Slovak Republic,SVK,1991,114699996.948242
Slovak Republic,SVK,1990,6840000.15258789
Slovak Republic,SVK,1989,
Slovak Republic,SVK,1988,
Slovak Republic,SVK,1987,
Slovak Republic,SVK,1986,
Slovak Republic,SVK,1985,
Slovak Republic,SVK,1984,
Slovak Republic,SVK,1983,
Slovak Republic,SVK,1982,
Slovak Republic,SVK,1981,
Slovak Republic,SVK,1980,
Slovak Republic,SVK,1979,
Slovak Republic,SVK,1978,
Slovak Republic,SVK,1977,
Slovak Republic,SVK,1976,
Slovak Republic,SVK,1975,
Slovak Republic,SVK,1974,
Slovak Republic,SVK,1973,
Slovak Republic,SVK,1972,
Slovak Republic,SVK,1971,
Slovak Republic,SVK,1970,
Slovak Republic,SVK,1969,
Slovak Republic,SVK,1968,
Slovak Republic,SVK,1967,
Slovak Republic,SVK,1966,
Slovak Republic,SVK,1965,
Slovak Republic,SVK,1964,
Slovak Republic,SVK,1963,
Slovak Republic,SVK,1962,
Slovak Republic,SVK,1961,
Slovak Republic,SVK,1960,
Slovenia,SVN,2025,
Slovenia,SVN,2024,
Slovenia,SVN,2023,
Slovenia,SVN,2022,
Slovenia,SVN,2021,
Slovenia,SVN,2020,
Slovenia,SVN,2019,
Slovenia,SVN,2018,
Slovenia,SVN,2017,
Slovenia,SVN,2016,
Slovenia,SVN,2015,
Slovenia,SVN,2014,
Slovenia,SVN,2013,
Slovenia,SVN,2012,
Slovenia,SVN,2011,
Slovenia,SVN,2010,
Slovenia,SVN,2009,
Slovenia,SVN,2008,
Slovenia,SVN,2007,
Slovenia,SVN,2006,
Slovenia,SVN,2005,
Slovenia,SVN,2004,
Slovenia,SVN,2003,
Slovenia,SVN,2002,52759998.3215332
Slovenia,SVN,2001,125559997.558594
Slovenia,SVN,2000,60810001.373291
Slovenia,SVN,1999,31049999.2370605
Slovenia,SVN,1998,39759998.3215332
Slovenia,SVN,1997,96620002.746582
Slovenia,SVN,1996,82199996.9482422
Slovenia,SVN,1995,52540000.9155273
Slovenia,SVN,1994,31870000.8392334
Slovenia,SVN,1993,7139999.8664856
Slovenia,SVN,1992,
Slovenia,SVN,1991,
Slovenia,SVN,1990,
Slovenia,SVN,1989,
Slovenia,SVN,1988,
Slovenia,SVN,1987,
Slovenia,SVN,1986,
Slovenia,SVN,1985,
Slovenia,SVN,1984,
Slovenia,SVN,1983,
Slovenia,SVN,1982,
Slovenia,SVN,1981,
Slovenia,SVN,1980,
Slovenia,SVN,1979,
Slovenia,SVN,1978,
Slovenia,SVN,1977,
Slovenia,SVN,1976,
Slovenia,SVN,1975,
Slovenia,SVN,1974,
Slovenia,SVN,1973,
Slovenia,SVN,1972,
Slovenia,SVN,1971,
Slovenia,SVN,1970,
Slovenia,SVN,1969,
Slovenia,SVN,1968,
Slovenia,SVN,1967,
Slovenia,SVN,1966,
Slovenia,SVN,1965,
Slovenia,SVN,1964,
Slovenia,SVN,1963,
Slovenia,SVN,1962,
Slovenia,SVN,1961,
Slovenia,SVN,1960,
Solomon Islands,SLB,2025,
Solomon Islands,SLB,2024,
Solomon Islands,SLB,2023,243661376.953125
Solomon Islands,SLB,2022,253521606.445313
Solomon Islands,SLB,2021,264620849.609375
Solomon Islands,SLB,2020,214311080.932617
Solomon Islands,SLB,2019,223892639.160156
Solomon Islands,SLB,2018,195561187.744141
Solomon Islands,SLB,2017,186809005.737305
Solomon Islands,SLB,2016,175502349.853516
Solomon Islands,SLB,2015,190026168.823242
Solomon Islands,SLB,2014,200519821.166992
Solomon Islands,SLB,2013,289831481.933594
Solomon Islands,SLB,2012,305098052.978516
Solomon Islands,SLB,2011,327875976.5625
Solomon Islands,SLB,2010,333239990.234375
Solomon Islands,SLB,2009,205780654.907227
Solomon Islands,SLB,2008,224160507.202148
Solomon Islands,SLB,2007,237172592.163086
Solomon Islands,SLB,2006,199703338.623047
Solomon Islands,SLB,2005,196788330.078125
Solomon Islands,SLB,2004,121559997.558594
Solomon Islands,SLB,2003,61939998.626709
Solomon Islands,SLB,2002,26180000.3051758
Solomon Islands,SLB,2001,59182861.328125
Solomon Islands,SLB,2000,68382858.2763672
Solomon Islands,SLB,1999,40073860.168457
Solomon Islands,SLB,1998,28631000.5187988
Solomon Islands,SLB,1997,41791000.3662109
Solomon Islands,SLB,1996,42750000.0
Solomon Islands,SLB,1995,47830001.8310547
Solomon Islands,SLB,1994,46889999.3896484
Solomon Islands,SLB,1993,53430000.3051758
Solomon Islands,SLB,1992,44340000.1525879
Solomon Islands,SLB,1991,36840000.1525879
Solomon Islands,SLB,1990,41610000.6103516
Solomon Islands,SLB,1989,45639999.3896484
Solomon Islands,SLB,1988,52150001.5258789
Solomon Islands,SLB,1987,52549999.2370605
Solomon Islands,SLB,1986,27649999.6185303
Solomon Islands,SLB,1985,19059999.4659424
Solomon Islands,SLB,1984,18389999.3896484
Solomon Islands,SLB,1983,25590000.1525879
Solomon Islands,SLB,1982,26239999.7711182
Solomon Islands,SLB,1981,27780000.6866455
Solomon Islands,SLB,1980,41060001.373291
Solomon Islands,SLB,1979,24329999.9237061
Solomon Islands,SLB,1978,26100000.3814697
Solomon Islands,SLB,1977,16450000.7629395
Solomon Islands,SLB,1976,19329999.9237061
Solomon Islands,SLB,1975,22299999.2370605
Solomon Islands,SLB,1974,12020000.4577637
Solomon Islands,SLB,1973,11630000.1144409
Solomon Islands,SLB,1972,12560000.4196167
Solomon Islands,SLB,1971,7070000.17166138
Solomon Islands,SLB,1970,8220000.26702881
Solomon Islands,SLB,1969,7449999.80926514
Solomon Islands,SLB,1968,6690000.05722046
Solomon Islands,SLB,1967,6000000.0
Solomon Islands,SLB,1966,5309999.94277954
Solomon Islands,SLB,1965,4230000.01907349
Solomon Islands,SLB,1964,2910000.08583069
Solomon Islands,SLB,1963,2950000.04768372
Solomon Islands,SLB,1962,2309999.94277954
Solomon Islands,SLB,1961,2009999.99046326
Solomon Islands,SLB,1960,1840000.0333786
"Somalia, Fed. Rep.",SOM,2025,
"Somalia, Fed. Rep.",SOM,2024,
"Somalia, Fed. Rep.",SOM,2023,2281094970.70313
"Somalia, Fed. Rep.",SOM,2022,1950879394.53125
"Somalia, Fed. Rep.",SOM,2021,2407831542.96875
"Somalia, Fed. Rep.",SOM,2020,3045629394.53125
"Somalia, Fed. Rep.",SOM,2019,1720547241.21094
"Somalia, Fed. Rep.",SOM,2018,1575183105.46875
"Somalia, Fed. Rep.",SOM,2017,1760372314.45313
"Somalia, Fed. Rep.",SOM,2016,1183635620.11719
"Somalia, Fed. Rep.",SOM,2015,1260561889.64844
"Somalia, Fed. Rep.",SOM,2014,1109195800.78125
"Somalia, Fed. Rep.",SOM,2013,1054583984.375
"Somalia, Fed. Rep.",SOM,2012,990456665.039063
"Somalia, Fed. Rep.",SOM,2011,1098981201.17188
"Somalia, Fed. Rep.",SOM,2010,503239990.234375
"Somalia, Fed. Rep.",SOM,2009,661643005.371094
"Somalia, Fed. Rep.",SOM,2008,765869995.117188
"Somalia, Fed. Rep.",SOM,2007,393739990.234375
"Somalia, Fed. Rep.",SOM,2006,396170013.427734
"Somalia, Fed. Rep.",SOM,2005,240220001.220703
"Somalia, Fed. Rep.",SOM,2004,201279998.779297
"Somalia, Fed. Rep.",SOM,2003,176179992.675781
"Somalia, Fed. Rep.",SOM,2002,152720001.220703
"Somalia, Fed. Rep.",SOM,2001,149300003.051758
"Somalia, Fed. Rep.",SOM,2000,102230003.356934
"Somalia, Fed. Rep.",SOM,1999,115699996.948242
"Somalia, Fed. Rep.",SOM,1998,81319999.6948242
"Somalia, Fed. Rep.",SOM,1997,81180000.3051758
"Somalia, Fed. Rep.",SOM,1996,88180000.3051758
"Somalia, Fed. Rep.",SOM,1995,187929992.675781
"Somalia, Fed. Rep.",SOM,1994,535119995.117188
"Somalia, Fed. Rep.",SOM,1993,892119995.117188
"Somalia, Fed. Rep.",SOM,1992,653659973.144531
"Somalia, Fed. Rep.",SOM,1991,186419998.168945
"Somalia, Fed. Rep.",SOM,1990,514809997.558594
"Somalia, Fed. Rep.",SOM,1989,419149993.896484
"Somalia, Fed. Rep.",SOM,1988,431720001.220703
"Somalia, Fed. Rep.",SOM,1987,587070007.324219
"Somalia, Fed. Rep.",SOM,1986,506500000.0
"Somalia, Fed. Rep.",SOM,1985,350709991.455078
"Somalia, Fed. Rep.",SOM,1984,347589996.337891
"Somalia, Fed. Rep.",SOM,1983,341029998.779297
"Somalia, Fed. Rep.",SOM,1982,473880004.882813
"Somalia, Fed. Rep.",SOM,1981,382380004.882813
"Somalia, Fed. Rep.",SOM,1980,479959991.455078
"Somalia, Fed. Rep.",SOM,1979,274089996.337891
"Somalia, Fed. Rep.",SOM,1978,263040008.544922
"Somalia, Fed. Rep.",SOM,1977,234949996.948242
"Somalia, Fed. Rep.",SOM,1976,101150001.525879
"Somalia, Fed. Rep.",SOM,1975,165399993.896484
"Somalia, Fed. Rep.",SOM,1974,80949996.9482422
"Somalia, Fed. Rep.",SOM,1973,50959999.0844727
"Somalia, Fed. Rep.",SOM,1972,29729999.5422363
"Somalia, Fed. Rep.",SOM,1971,30569999.6948242
"Somalia, Fed. Rep.",SOM,1970,27620000.8392334
"Somalia, Fed. Rep.",SOM,1969,32959999.0844727
"Somalia, Fed. Rep.",SOM,1968,31899999.6185303
"Somalia, Fed. Rep.",SOM,1967,14409999.8474121
"Somalia, Fed. Rep.",SOM,1966,50229999.5422363
"Somalia, Fed. Rep.",SOM,1965,28670000.0762939
"Somalia, Fed. Rep.",SOM,1964,21750000.0
"Somalia, Fed. Rep.",SOM,1963,30450000.7629395
"Somalia, Fed. Rep.",SOM,1962,23770000.4577637
"Somalia, Fed. Rep.",SOM,1961,23209999.0844727
"Somalia, Fed. Rep.",SOM,1960,21469999.3133545
South Africa,ZAF,2025,
South Africa,ZAF,2024,
South Africa,ZAF,2023,1506946411.13281
South Africa,ZAF,2022,1029895507.8125
South Africa,ZAF,2021,1042872802.73438
South Africa,ZAF,2020,1204524047.85156
South Africa,ZAF,2019,965903198.242188
South Africa,ZAF,2018,920971069.335938
South Africa,ZAF,2017,1014808898.92578
South Africa,ZAF,2016,1180279663.08594
South Africa,ZAF,2015,1420273681.64063
South Africa,ZAF,2014,1077397216.79688
South Africa,ZAF,2013,1295342285.15625
South Africa,ZAF,2012,1065828979.49219
South Africa,ZAF,2011,1396965454.10156
South Africa,ZAF,2010,1025280029.29688
South Africa,ZAF,2009,1074176391.60156
South Africa,ZAF,2008,1114911743.16406
South Africa,ZAF,2007,795124511.71875
South Africa,ZAF,2006,723240600.585938
South Africa,ZAF,2005,681234863.28125
South Africa,ZAF,2004,631614807.128906
South Africa,ZAF,2003,642149047.851563
South Africa,ZAF,2002,506961883.544922
South Africa,ZAF,2001,428879302.978516
South Africa,ZAF,2000,490014770.507813
South Africa,ZAF,1999,543269287.109375
South Africa,ZAF,1998,515640441.894531
South Africa,ZAF,1997,495589996.337891
South Africa,ZAF,1996,362339996.337891
South Africa,ZAF,1995,386170013.427734
South Africa,ZAF,1994,293079986.572266
South Africa,ZAF,1993,270450012.207031
South Africa,ZAF,1992,
South Africa,ZAF,1991,
South Africa,ZAF,1990,
South Africa,ZAF,1989,
South Africa,ZAF,1988,
South Africa,ZAF,1987,
South Africa,ZAF,1986,
South Africa,ZAF,1985,
South Africa,ZAF,1984,
South Africa,ZAF,1983,
South Africa,ZAF,1982,
South Africa,ZAF,1981,
South Africa,ZAF,1980,
South Africa,ZAF,1979,
South Africa,ZAF,1978,
South Africa,ZAF,1977,
South Africa,ZAF,1976,
South Africa,ZAF,1975,
South Africa,ZAF,1974,
South Africa,ZAF,1973,
South Africa,ZAF,1972,
South Africa,ZAF,1971,
South Africa,ZAF,1970,
South Africa,ZAF,1969,
South Africa,ZAF,1968,
South Africa,ZAF,1967,
South Africa,ZAF,1966,
South Africa,ZAF,1965,
South Africa,ZAF,1964,
South Africa,ZAF,1963,
South Africa,ZAF,1962,
South Africa,ZAF,1961,
South Africa,ZAF,1960,
South Sudan,SSD,2025,
South Sudan,SSD,2024,
South Sudan,SSD,2023,1791723999.02344
South Sudan,SSD,2022,2077975097.65625
South Sudan,SSD,2021,2120690185.54688
South Sudan,SSD,2020,1824250610.35156
South Sudan,SSD,2019,1678002197.26563
South Sudan,SSD,2018,1577496459.96094
South Sudan,SSD,2017,2183241210.9375
South Sudan,SSD,2016,1587029541.01563
South Sudan,SSD,2015,1674833251.95313
South Sudan,SSD,2014,1964120727.53906
South Sudan,SSD,2013,1399301147.46094
South Sudan,SSD,2012,1186258056.64063
South Sudan,SSD,2011,435829681.396484
South Sudan,SSD,2010,
South Sudan,SSD,2009,
South Sudan,SSD,2008,
South Sudan,SSD,2007,
South Sudan,SSD,2006,
South Sudan,SSD,2005,
South Sudan,SSD,2004,
South Sudan,SSD,2003,
South Sudan,SSD,2002,
South Sudan,SSD,2001,
South Sudan,SSD,2000,
South Sudan,SSD,1999,
South Sudan,SSD,1998,
South Sudan,SSD,1997,
South Sudan,SSD,1996,
South Sudan,SSD,1995,
South Sudan,SSD,1994,
South Sudan,SSD,1993,
South Sudan,SSD,1992,
South Sudan,SSD,1991,
South Sudan,SSD,1990,
South Sudan,SSD,1989,
South Sudan,SSD,1988,
South Sudan,SSD,1987,
South Sudan,SSD,1986,
South Sudan,SSD,1985,
South Sudan,SSD,1984,
South Sudan,SSD,1983,
South Sudan,SSD,1982,
South Sudan,SSD,1981,
South Sudan,SSD,1980,
South Sudan,SSD,1979,
South Sudan,SSD,1978,
South Sudan,SSD,1977,
South Sudan,SSD,1976,
South Sudan,SSD,1975,
South Sudan,SSD,1974,
South Sudan,SSD,1973,
South Sudan,SSD,1972,
South Sudan,SSD,1971,
South Sudan,SSD,1970,
South Sudan,SSD,1969,
South Sudan,SSD,1968,
South Sudan,SSD,1967,
South Sudan,SSD,1966,
South Sudan,SSD,1965,
South Sudan,SSD,1964,
South Sudan,SSD,1963,
South Sudan,SSD,1962,
South Sudan,SSD,1961,
South Sudan,SSD,1960,
Spain,ESP,2025,
Spain,ESP,2024,
Spain,ESP,2023,
Spain,ESP,2022,
Spain,ESP,2021,
Spain,ESP,2020,
Spain,ESP,2019,
Spain,ESP,2018,
Spain,ESP,2017,
Spain,ESP,2016,
Spain,ESP,2015,
Spain,ESP,2014,
Spain,ESP,2013,
Spain,ESP,2012,
Spain,ESP,2011,
Spain,ESP,2010,
Spain,ESP,2009,
Spain,ESP,2008,
Spain,ESP,2007,
Spain,ESP,2006,
Spain,ESP,2005,
Spain,ESP,2004,
Spain,ESP,2003,
Spain,ESP,2002,
Spain,ESP,2001,
Spain,ESP,2000,
Spain,ESP,1999,
Spain,ESP,1998,
Spain,ESP,1997,
Spain,ESP,1996,
Spain,ESP,1995,
Spain,ESP,1994,
Spain,ESP,1993,
Spain,ESP,1992,
Spain,ESP,1991,
Spain,ESP,1990,
Spain,ESP,1989,
Spain,ESP,1988,
Spain,ESP,1987,
Spain,ESP,1986,
Spain,ESP,1985,
Spain,ESP,1984,
Spain,ESP,1983,
Spain,ESP,1982,
Spain,ESP,1981,
Spain,ESP,1980,
Spain,ESP,1979,
Spain,ESP,1978,
Spain,ESP,1977,
Spain,ESP,1976,
Spain,ESP,1975,
Spain,ESP,1974,
Spain,ESP,1973,
Spain,ESP,1972,
Spain,ESP,1971,
Spain,ESP,1970,
Spain,ESP,1969,
Spain,ESP,1968,
Spain,ESP,1967,
Spain,ESP,1966,
Spain,ESP,1965,
Spain,ESP,1964,
Spain,ESP,1963,
Spain,ESP,1962,
Spain,ESP,1961,
Spain,ESP,1960,
Sri Lanka,LKA,2025,
Sri Lanka,LKA,2024,
Sri Lanka,LKA,2023,827259826.660156
Sri Lanka,LKA,2022,12256580.3527832
Sri Lanka,LKA,2021,155349655.151367
Sri Lanka,LKA,2020,219439498.901367
Sri Lanka,LKA,2019,192955871.582031
Sri Lanka,LKA,2018,-247283721.923828
Sri Lanka,LKA,2017,316173950.195313
Sri Lanka,LKA,2016,373471252.441406
Sri Lanka,LKA,2015,445012969.970703
Sri Lanka,LKA,2014,491632171.630859
Sri Lanka,LKA,2013,403168273.925781
Sri Lanka,LKA,2012,490851562.5
Sri Lanka,LKA,2011,612639343.261719
Sri Lanka,LKA,2010,459000000.0
Sri Lanka,LKA,2009,606478393.554688
Sri Lanka,LKA,2008,634498352.050781
Sri Lanka,LKA,2007,506524993.896484
Sri Lanka,LKA,2006,685006652.832031
Sri Lanka,LKA,2005,1039756713.86719
Sri Lanka,LKA,2004,408351654.052734
Sri Lanka,LKA,2003,525908325.195313
Sri Lanka,LKA,2002,249879882.8125
Sri Lanka,LKA,2001,265957672.119141
Sri Lanka,LKA,2000,222429336.547852
Sri Lanka,LKA,1999,181973464.96582
Sri Lanka,LKA,1998,321518463.134766
Sri Lanka,LKA,1997,253787063.598633
Sri Lanka,LKA,1996,347667419.433594
Sri Lanka,LKA,1995,471467437.744141
Sri Lanka,LKA,1994,512467407.226563
Sri Lanka,LKA,1993,544537414.550781
Sri Lanka,LKA,1992,510547424.316406
Sri Lanka,LKA,1991,738250000.0
Sri Lanka,LKA,1990,615950012.207031
Sri Lanka,LKA,1989,541460021.972656
Sri Lanka,LKA,1988,570469970.703125
Sri Lanka,LKA,1987,429160003.662109
Sri Lanka,LKA,1986,507450012.207031
Sri Lanka,LKA,1985,439000000.0
Sri Lanka,LKA,1984,428440002.441406
Sri Lanka,LKA,1983,440410003.662109
Sri Lanka,LKA,1982,397420013.427734
Sri Lanka,LKA,1981,365540008.544922
Sri Lanka,LKA,1980,381170013.427734
Sri Lanka,LKA,1979,309670013.427734
Sri Lanka,LKA,1978,297929992.675781
Sri Lanka,LKA,1977,175100006.103516
Sri Lanka,LKA,1976,160309997.558594
Sri Lanka,LKA,1975,141429992.675781
Sri Lanka,LKA,1974,76970001.2207031
Sri Lanka,LKA,1973,55340000.1525879
Sri Lanka,LKA,1972,55590000.1525879
Sri Lanka,LKA,1971,55080001.8310547
Sri Lanka,LKA,1970,49139999.3896484
Sri Lanka,LKA,1969,49860000.6103516
Sri Lanka,LKA,1968,52020000.4577637
Sri Lanka,LKA,1967,46659999.8474121
Sri Lanka,LKA,1966,29879999.1607666
Sri Lanka,LKA,1965,14949999.8092651
Sri Lanka,LKA,1964,8880000.11444092
Sri Lanka,LKA,1963,10789999.961853
Sri Lanka,LKA,1962,13079999.9237061
Sri Lanka,LKA,1961,11229999.5422363
Sri Lanka,LKA,1960,11090000.1525879
St. Kitts and Nevis,KNA,2025,
St. Kitts and Nevis,KNA,2024,
St. Kitts and Nevis,KNA,2023,
St. Kitts and Nevis,KNA,2022,
St. Kitts and Nevis,KNA,2021,
St. Kitts and Nevis,KNA,2020,
St. Kitts and Nevis,KNA,2019,
St. Kitts and Nevis,KNA,2018,
St. Kitts and Nevis,KNA,2017,
St. Kitts and Nevis,KNA,2016,
St. Kitts and Nevis,KNA,2015,
St. Kitts and Nevis,KNA,2014,
St. Kitts and Nevis,KNA,2013,30047193.5272217
St. Kitts and Nevis,KNA,2012,21739004.1351318
St. Kitts and Nevis,KNA,2011,15758995.0561523
St. Kitts and Nevis,KNA,2010,12310000.4196167
St. Kitts and Nevis,KNA,2009,3206132.88879395
St. Kitts and Nevis,KNA,2008,46824947.3571777
St. Kitts and Nevis,KNA,2007,3438471.07887268
St. Kitts and Nevis,KNA,2006,5235000.1335144
St. Kitts and Nevis,KNA,2005,2608333.11080933
St. Kitts and Nevis,KNA,2004,-81666.998565197
St. Kitts and Nevis,KNA,2003,93332.9984545708
St. Kitts and Nevis,KNA,2002,28100000.3814697
St. Kitts and Nevis,KNA,2001,10130000.1144409
St. Kitts and Nevis,KNA,2000,3987540.00663757
St. Kitts and Nevis,KNA,1999,4757540.22598267
St. Kitts and Nevis,KNA,1998,6687540.05432129
St. Kitts and Nevis,KNA,1997,7230000.01907349
St. Kitts and Nevis,KNA,1996,6829999.92370605
St. Kitts and Nevis,KNA,1995,3900000.09536743
St. Kitts and Nevis,KNA,1994,6210000.03814697
St. Kitts and Nevis,KNA,1993,10770000.4577637
St. Kitts and Nevis,KNA,1992,8069999.69482422
St. Kitts and Nevis,KNA,1991,7510000.22888184
St. Kitts and Nevis,KNA,1990,8119999.88555908
St. Kitts and Nevis,KNA,1989,13439999.5803833
St. Kitts and Nevis,KNA,1988,14090000.1525879
St. Kitts and Nevis,KNA,1987,7449999.80926514
St. Kitts and Nevis,KNA,1986,5510000.22888184
St. Kitts and Nevis,KNA,1985,4449999.80926514
St. Kitts and Nevis,KNA,1984,3609999.89509583
St. Kitts and Nevis,KNA,1983,2829999.92370605
St. Kitts and Nevis,KNA,1982,3200000.04768372
St. Kitts and Nevis,KNA,1981,3779999.97138977
St. Kitts and Nevis,KNA,1980,6210000.03814697
St. Kitts and Nevis,KNA,1979,1769999.98092651
St. Kitts and Nevis,KNA,1978,2049999.95231628
St. Kitts and Nevis,KNA,1977,2039999.96185303
St. Kitts and Nevis,KNA,1976,2559999.94277954
St. Kitts and Nevis,KNA,1975,1600000.02384186
St. Kitts and Nevis,KNA,1974,3599999.90463257
St. Kitts and Nevis,KNA,1973,9999.99977648258
St. Kitts and Nevis,KNA,1972,
St. Kitts and Nevis,KNA,1971,
St. Kitts and Nevis,KNA,1970,
St. Kitts and Nevis,KNA,1969,
St. Kitts and Nevis,KNA,1968,
St. Kitts and Nevis,KNA,1967,
St. Kitts and Nevis,KNA,1966,
St. Kitts and Nevis,KNA,1965,
St. Kitts and Nevis,KNA,1964,
St. Kitts and Nevis,KNA,1963,
St. Kitts and Nevis,KNA,1962,
St. Kitts and Nevis,KNA,1961,
St. Kitts and Nevis,KNA,1960,
St. Lucia,LCA,2025,
St. Lucia,LCA,2024,
St. Lucia,LCA,2023,35849578.8574219
St. Lucia,LCA,2022,33405929.5654297
St. Lucia,LCA,2021,99951652.5268555
St. Lucia,LCA,2020,98179611.2060547
St. Lucia,LCA,2019,32107833.8623047
St. Lucia,LCA,2018,8558011.05499268
St. Lucia,LCA,2017,15375439.6438599
St. Lucia,LCA,2016,15228572.845459
St. Lucia,LCA,2015,13756343.8415527
St. Lucia,LCA,2014,19369928.3599854
St. Lucia,LCA,2013,25364498.1384277
St. Lucia,LCA,2012,26803428.6499023
St. Lucia,LCA,2011,35289012.9089355
St. Lucia,LCA,2010,32080001.8310547
St. Lucia,LCA,2009,38992603.302002
St. Lucia,LCA,2008,16688661.5753174
St. Lucia,LCA,2007,19436899.1851807
St. Lucia,LCA,2006,18642299.6520996
St. Lucia,LCA,2005,10682299.6139526
St. Lucia,LCA,2004,-21671367.6452637
St. Lucia,LCA,2003,15556799.8886108
St. Lucia,LCA,2002,33286800.3845215
St. Lucia,LCA,2001,16333467.4835205
St. Lucia,LCA,2000,11093167.3049927
St. Lucia,LCA,1999,25743167.8771973
St. Lucia,LCA,1998,6213167.19055176
St. Lucia,LCA,1997,25459999.0844727
St. Lucia,LCA,1996,38580001.8310547
St. Lucia,LCA,1995,48220001.2207031
St. Lucia,LCA,1994,31500000.0
St. Lucia,LCA,1993,25629999.1607666
St. Lucia,LCA,1992,27120000.8392334
St. Lucia,LCA,1991,23120000.8392334
St. Lucia,LCA,1990,12310000.4196167
St. Lucia,LCA,1989,18670000.0762939
St. Lucia,LCA,1988,17959999.0844727
St. Lucia,LCA,1987,10710000.038147
St. Lucia,LCA,1986,11659999.8474121
St. Lucia,LCA,1985,6980000.01907349
St. Lucia,LCA,1984,5650000.09536743
St. Lucia,LCA,1983,6889999.8664856
St. Lucia,LCA,1982,8159999.84741211
St. Lucia,LCA,1981,11479999.5422363
St. Lucia,LCA,1980,8630000.11444092
St. Lucia,LCA,1979,2130000.11444092
St. Lucia,LCA,1978,3710000.03814697
St. Lucia,LCA,1977,4400000.09536743
St. Lucia,LCA,1976,7190000.05722046
St. Lucia,LCA,1975,8829999.92370605
St. Lucia,LCA,1974,7460000.03814697
St. Lucia,LCA,1973,90000.0035762787
St. Lucia,LCA,1972,
St. Lucia,LCA,1971,
St. Lucia,LCA,1970,
St. Lucia,LCA,1969,
St. Lucia,LCA,1968,
St. Lucia,LCA,1967,
St. Lucia,LCA,1966,
St. Lucia,LCA,1965,
St. Lucia,LCA,1964,
St. Lucia,LCA,1963,
St. Lucia,LCA,1962,
St. Lucia,LCA,1961,
St. Lucia,LCA,1960,
St. Martin (French part),MAF,2025,
St. Martin (French part),MAF,2024,
St. Martin (French part),MAF,2023,
St. Martin (French part),MAF,2022,
St. Martin (French part),MAF,2021,
St. Martin (French part),MAF,2020,
St. Martin (French part),MAF,2019,
St. Martin (French part),MAF,2018,
St. Martin (French part),MAF,2017,
St. Martin (French part),MAF,2016,
St. Martin (French part),MAF,2015,
St. Martin (French part),MAF,2014,
St. Martin (French part),MAF,2013,
St. Martin (French part),MAF,2012,
St. Martin (French part),MAF,2011,
St. Martin (French part),MAF,2010,
St. Martin (French part),MAF,2009,
St. Martin (French part),MAF,2008,
St. Martin (French part),MAF,2007,
St. Martin (French part),MAF,2006,
St. Martin (French part),MAF,2005,
St. Martin (French part),MAF,2004,
St. Martin (French part),MAF,2003,
St. Martin (French part),MAF,2002,
St. Martin (French part),MAF,2001,
St. Martin (French part),MAF,2000,
St. Martin (French part),MAF,1999,
St. Martin (French part),MAF,1998,
St. Martin (French part),MAF,1997,
St. Martin (French part),MAF,1996,
St. Martin (French part),MAF,1995,
St. Martin (French part),MAF,1994,
St. Martin (French part),MAF,1993,
St. Martin (French part),MAF,1992,
St. Martin (French part),MAF,1991,
St. Martin (French part),MAF,1990,
St. Martin (French part),MAF,1989,
St. Martin (French part),MAF,1988,
St. Martin (French part),MAF,1987,
St. Martin (French part),MAF,1986,
St. Martin (French part),MAF,1985,
St. Martin (French part),MAF,1984,
St. Martin (French part),MAF,1983,
St. Martin (French part),MAF,1982,
St. Martin (French part),MAF,1981,
St. Martin (French part),MAF,1980,
St. Martin (French part),MAF,1979,
St. Martin (French part),MAF,1978,
St. Martin (French part),MAF,1977,
St. Martin (French part),MAF,1976,
St. Martin (French part),MAF,1975,
St. Martin (French part),MAF,1974,
St. Martin (French part),MAF,1973,
St. Martin (French part),MAF,1972,
St. Martin (French part),MAF,1971,
St. Martin (French part),MAF,1970,
St. Martin (French part),MAF,1969,
St. Martin (French part),MAF,1968,
St. Martin (French part),MAF,1967,
St. Martin (French part),MAF,1966,
St. Martin (French part),MAF,1965,
St. Martin (French part),MAF,1964,
St. Martin (French part),MAF,1963,
St. Martin (French part),MAF,1962,
St. Martin (French part),MAF,1961,
St. Martin (French part),MAF,1960,
St. Vincent and the Grenadines,VCT,2025,
St. Vincent and the Grenadines,VCT,2024,
St. Vincent and the Grenadines,VCT,2023,21283740.9973145
St. Vincent and the Grenadines,VCT,2022,15491520.8816528
St. Vincent and the Grenadines,VCT,2021,126322387.695313
St. Vincent and the Grenadines,VCT,2020,76142677.3071289
St. Vincent and the Grenadines,VCT,2019,84475410.4614258
St. Vincent and the Grenadines,VCT,2018,18153308.8684082
St. Vincent and the Grenadines,VCT,2017,11855214.1189575
St. Vincent and the Grenadines,VCT,2016,9122389.793396
St. Vincent and the Grenadines,VCT,2015,13498237.6098633
St. Vincent and the Grenadines,VCT,2014,9886679.64935303
St. Vincent and the Grenadines,VCT,2013,8520571.7086792
St. Vincent and the Grenadines,VCT,2012,8312846.18377686
St. Vincent and the Grenadines,VCT,2011,17755115.5090332
St. Vincent and the Grenadines,VCT,2010,16309999.4659424
St. Vincent and the Grenadines,VCT,2009,28783199.3103027
St. Vincent and the Grenadines,VCT,2008,26276527.4047852
St. Vincent and the Grenadines,VCT,2007,65850692.7490234
St. Vincent and the Grenadines,VCT,2006,4796667.09899902
St. Vincent and the Grenadines,VCT,2005,7858666.89682007
St. Vincent and the Grenadines,VCT,2004,10583666.8014526
St. Vincent and the Grenadines,VCT,2003,6271999.83596802
St. Vincent and the Grenadines,VCT,2002,4570000.17166138
St. Vincent and the Grenadines,VCT,2001,8119999.88555908
St. Vincent and the Grenadines,VCT,2000,6296500.20599365
St. Vincent and the Grenadines,VCT,1999,16485500.3356934
St. Vincent and the Grenadines,VCT,1998,20655500.4119873
St. Vincent and the Grenadines,VCT,1997,5939000.12969971
St. Vincent and the Grenadines,VCT,1996,26319999.6948242
St. Vincent and the Grenadines,VCT,1995,47639999.3896484
St. Vincent and the Grenadines,VCT,1994,12619999.8855591
St. Vincent and the Grenadines,VCT,1993,13689999.5803833
St. Vincent and the Grenadines,VCT,1992,18129999.1607666
St. Vincent and the Grenadines,VCT,1991,15930000.3051758
St. Vincent and the Grenadines,VCT,1990,15369999.8855591
St. Vincent and the Grenadines,VCT,1989,15300000.1907349
St. Vincent and the Grenadines,VCT,1988,16950000.7629395
St. Vincent and the Grenadines,VCT,1987,13340000.1525879
St. Vincent and the Grenadines,VCT,1986,12409999.8474121
St. Vincent and the Grenadines,VCT,1985,5489999.77111816
St. Vincent and the Grenadines,VCT,1984,3960000.03814697
St. Vincent and the Grenadines,VCT,1983,5260000.22888184
St. Vincent and the Grenadines,VCT,1982,7579999.92370605
St. Vincent and the Grenadines,VCT,1981,9140000.34332275
St. Vincent and the Grenadines,VCT,1980,9699999.80926514
St. Vincent and the Grenadines,VCT,1979,5699999.80926514
St. Vincent and the Grenadines,VCT,1978,4440000.05722046
St. Vincent and the Grenadines,VCT,1977,3950000.04768372
St. Vincent and the Grenadines,VCT,1976,4420000.07629395
St. Vincent and the Grenadines,VCT,1975,5980000.01907349
St. Vincent and the Grenadines,VCT,1974,3660000.08583069
St. Vincent and the Grenadines,VCT,1973,119999.997317791
St. Vincent and the Grenadines,VCT,1972,
St. Vincent and the Grenadines,VCT,1971,
St. Vincent and the Grenadines,VCT,1970,
St. Vincent and the Grenadines,VCT,1969,
St. Vincent and the Grenadines,VCT,1968,
St. Vincent and the Grenadines,VCT,1967,
St. Vincent and the Grenadines,VCT,1966,
St. Vincent and the Grenadines,VCT,1965,
St. Vincent and the Grenadines,VCT,1964,
St. Vincent and the Grenadines,VCT,1963,
St. Vincent and the Grenadines,VCT,1962,
St. Vincent and the Grenadines,VCT,1961,
St. Vincent and the Grenadines,VCT,1960,
Sudan,SDN,2025,
Sudan,SDN,2024,
Sudan,SDN,2023,1390063232.42188
Sudan,SDN,2022,1547002441.40625
Sudan,SDN,2021,3821638427.73438
Sudan,SDN,2020,2350729980.46875
Sudan,SDN,2019,1536798583.98438
Sudan,SDN,2018,967558044.433594
Sudan,SDN,2017,862414611.816406
Sudan,SDN,2016,809085571.289063
Sudan,SDN,2015,969695556.640625
Sudan,SDN,2014,874680908.203125
Sudan,SDN,2013,1507328857.42188
Sudan,SDN,2012,1369125732.42188
Sudan,SDN,2011,1742399047.85156
Sudan,SDN,2010,2008650024.41406
Sudan,SDN,2009,2352475097.65625
Sudan,SDN,2008,2566428955.07813
Sudan,SDN,2007,2120589843.75
Sudan,SDN,2006,2048436767.57813
Sudan,SDN,2005,1826109985.35156
Sudan,SDN,2004,994575012.207031
Sudan,SDN,2003,620227355.957031
Sudan,SDN,2002,304927337.646484
Sudan,SDN,2001,192263671.875
Sudan,SDN,2000,225291000.366211
Sudan,SDN,1999,246342666.625977
Sudan,SDN,1998,211211334.228516
Sudan,SDN,1997,138936660.766602
Sudan,SDN,1996,218096664.428711
Sudan,SDN,1995,237426666.259766
Sudan,SDN,1994,408290008.544922
Sudan,SDN,1993,447899993.896484
Sudan,SDN,1992,536309997.558594
Sudan,SDN,1991,867109985.351563
Sudan,SDN,1990,848239990.234375
Sudan,SDN,1989,741919982.910156
Sudan,SDN,1988,930469970.703125
Sudan,SDN,1987,890489990.234375
Sudan,SDN,1986,934739990.234375
Sudan,SDN,1985,1124709960.9375
Sudan,SDN,1984,614760009.765625
Sudan,SDN,1983,957539978.027344
Sudan,SDN,1982,749869995.117188
Sudan,SDN,1981,631469970.703125
Sudan,SDN,1980,672140014.648438
Sudan,SDN,1979,694179992.675781
Sudan,SDN,1978,377929992.675781
Sudan,SDN,1977,305410003.662109
Sudan,SDN,1976,262390014.648438
Sudan,SDN,1975,293829986.572266
Sudan,SDN,1974,209160003.662109
Sudan,SDN,1973,37159999.8474121
Sudan,SDN,1972,63639999.3896484
Sudan,SDN,1971,8899999.61853027
Sudan,SDN,1970,7789999.96185303
Sudan,SDN,1969,8890000.34332275
Sudan,SDN,1968,32200000.7629395
Sudan,SDN,1967,14789999.961853
Sudan,SDN,1966,37709999.0844727
Sudan,SDN,1965,29450000.7629395
Sudan,SDN,1964,20069999.6948242
Sudan,SDN,1963,15220000.2670288
Sudan,SDN,1962,9789999.96185303
Sudan,SDN,1961,14380000.1144409
Sudan,SDN,1960,27590000.1525879
Suriname,SUR,2025,
Suriname,SUR,2024,
Suriname,SUR,2023,43524604.7973633
Suriname,SUR,2022,55243419.6472168
Suriname,SUR,2021,29174047.4700928
Suriname,SUR,2020,27499084.4726563
Suriname,SUR,2019,23690048.2177734
Suriname,SUR,2018,14181736.946106
Suriname,SUR,2017,20128007.8887939
Suriname,SUR,2016,16526849.7467041
Suriname,SUR,2015,15980072.9751587
Suriname,SUR,2014,13392944.3359375
Suriname,SUR,2013,30818239.2120361
Suriname,SUR,2012,40353988.6474609
Suriname,SUR,2011,76331855.7739258
Suriname,SUR,2010,100449996.948242
Suriname,SUR,2009,154520004.272461
Suriname,SUR,2008,100015930.175781
Suriname,SUR,2007,150312606.811523
Suriname,SUR,2006,63032600.402832
Suriname,SUR,2005,42876667.0227051
Suriname,SUR,2004,24798000.3356934
Suriname,SUR,2003,11137999.5346069
Suriname,SUR,2002,12328000.0686646
Suriname,SUR,2001,23754667.2821045
Suriname,SUR,2000,34834667.2058105
Suriname,SUR,1999,33817333.2214355
Suriname,SUR,1998,57950668.3349609
Suriname,SUR,1997,75380668.6401367
Suriname,SUR,1996,108470001.220703
Suriname,SUR,1995,76730003.3569336
Suriname,SUR,1994,60020000.4577637
Suriname,SUR,1993,78029998.7792969
Suriname,SUR,1992,79830001.8310547
Suriname,SUR,1991,43259998.3215332
Suriname,SUR,1990,61029998.7792969
Suriname,SUR,1989,50689998.626709
Suriname,SUR,1988,21120000.8392334
Suriname,SUR,1987,18639999.3896484
Suriname,SUR,1986,13359999.6566772
Suriname,SUR,1985,9500000.0
Suriname,SUR,1984,5059999.94277954
Suriname,SUR,1983,3819999.9332428
Suriname,SUR,1982,101260002.13623
Suriname,SUR,1981,96559997.5585938
Suriname,SUR,1980,82010002.1362305
Suriname,SUR,1979,94370002.746582
Suriname,SUR,1978,65290000.9155273
Suriname,SUR,1977,89900001.5258789
Suriname,SUR,1976,103389999.389648
Suriname,SUR,1975,52569999.6948242
Suriname,SUR,1974,47939998.626709
Suriname,SUR,1973,29620000.8392334
Suriname,SUR,1972,35209999.0844727
Suriname,SUR,1971,27110000.6103516
Suriname,SUR,1970,25239999.7711182
Suriname,SUR,1969,17579999.9237061
Suriname,SUR,1968,17860000.6103516
Suriname,SUR,1967,3910000.08583069
Suriname,SUR,1966,3630000.11444092
Suriname,SUR,1965,16469999.3133545
Suriname,SUR,1964,11649999.6185303
Suriname,SUR,1963,13789999.961853
Suriname,SUR,1962,8960000.03814697
Suriname,SUR,1961,10340000.1525879
Suriname,SUR,1960,8819999.69482422
Sweden,SWE,2025,
Sweden,SWE,2024,
Sweden,SWE,2023,
Sweden,SWE,2022,
Sweden,SWE,2021,
Sweden,SWE,2020,
Sweden,SWE,2019,
Sweden,SWE,2018,
Sweden,SWE,2017,
Sweden,SWE,2016,
Sweden,SWE,2015,
Sweden,SWE,2014,
Sweden,SWE,2013,
Sweden,SWE,2012,
Sweden,SWE,2011,
Sweden,SWE,2010,
Sweden,SWE,2009,
Sweden,SWE,2008,
Sweden,SWE,2007,
Sweden,SWE,2006,
Sweden,SWE,2005,
Sweden,SWE,2004,
Sweden,SWE,2003,
Sweden,SWE,2002,
Sweden,SWE,2001,
Sweden,SWE,2000,
Sweden,SWE,1999,
Sweden,SWE,1998,
Sweden,SWE,1997,
Sweden,SWE,1996,
Sweden,SWE,1995,
Sweden,SWE,1994,
Sweden,SWE,1993,
Sweden,SWE,1992,
Sweden,SWE,1991,
Sweden,SWE,1990,
Sweden,SWE,1989,
Sweden,SWE,1988,
Sweden,SWE,1987,
Sweden,SWE,1986,
Sweden,SWE,1985,
Sweden,SWE,1984,
Sweden,SWE,1983,
Sweden,SWE,1982,
Sweden,SWE,1981,
Sweden,SWE,1980,
Sweden,SWE,1979,
Sweden,SWE,1978,
Sweden,SWE,1977,
Sweden,SWE,1976,
Sweden,SWE,1975,
Sweden,SWE,1974,
Sweden,SWE,1973,
Sweden,SWE,1972,
Sweden,SWE,1971,
Sweden,SWE,1970,
Sweden,SWE,1969,
Sweden,SWE,1968,
Sweden,SWE,1967,
Sweden,SWE,1966,
Sweden,SWE,1965,
Sweden,SWE,1964,
Sweden,SWE,1963,
Sweden,SWE,1962,
Sweden,SWE,1961,
Sweden,SWE,1960,
Switzerland,CHE,2025,
Switzerland,CHE,2024,
Switzerland,CHE,2023,
Switzerland,CHE,2022,
Switzerland,CHE,2021,
Switzerland,CHE,2020,
Switzerland,CHE,2019,
Switzerland,CHE,2018,
Switzerland,CHE,2017,
Switzerland,CHE,2016,
Switzerland,CHE,2015,
Switzerland,CHE,2014,
Switzerland,CHE,2013,
Switzerland,CHE,2012,
Switzerland,CHE,2011,
Switzerland,CHE,2010,
Switzerland,CHE,2009,
Switzerland,CHE,2008,
Switzerland,CHE,2007,
Switzerland,CHE,2006,
Switzerland,CHE,2005,
Switzerland,CHE,2004,
Switzerland,CHE,2003,
Switzerland,CHE,2002,
Switzerland,CHE,2001,
Switzerland,CHE,2000,
Switzerland,CHE,1999,
Switzerland,CHE,1998,
Switzerland,CHE,1997,
Switzerland,CHE,1996,
Switzerland,CHE,1995,
Switzerland,CHE,1994,
Switzerland,CHE,1993,
Switzerland,CHE,1992,
Switzerland,CHE,1991,
Switzerland,CHE,1990,
Switzerland,CHE,1989,
Switzerland,CHE,1988,
Switzerland,CHE,1987,
Switzerland,CHE,1986,
Switzerland,CHE,1985,
Switzerland,CHE,1984,
Switzerland,CHE,1983,
Switzerland,CHE,1982,
Switzerland,CHE,1981,
Switzerland,CHE,1980,
Switzerland,CHE,1979,
Switzerland,CHE,1978,
Switzerland,CHE,1977,
Switzerland,CHE,1976,
Switzerland,CHE,1975,
Switzerland,CHE,1974,
Switzerland,CHE,1973,
Switzerland,CHE,1972,
Switzerland,CHE,1971,
Switzerland,CHE,1970,
Switzerland,CHE,1969,
Switzerland,CHE,1968,
Switzerland,CHE,1967,
Switzerland,CHE,1966,
Switzerland,CHE,1965,
Switzerland,CHE,1964,
Switzerland,CHE,1963,
Switzerland,CHE,1962,
Switzerland,CHE,1961,
Switzerland,CHE,1960,
Syrian Arab Republic,SYR,2025,
Syrian Arab Republic,SYR,2024,
Syrian Arab Republic,SYR,2023,9206277343.75
Syrian Arab Republic,SYR,2022,7182862792.96875
Syrian Arab Republic,SYR,2021,9691870117.1875
Syrian Arab Republic,SYR,2020,10036421875.0
Syrian Arab Republic,SYR,2019,10125923828.125
Syrian Arab Republic,SYR,2018,9990871093.75
Syrian Arab Republic,SYR,2017,10415775390.625
Syrian Arab Republic,SYR,2016,8899744140.625
Syrian Arab Republic,SYR,2015,4920466796.875
Syrian Arab Republic,SYR,2014,4174310546.875
Syrian Arab Republic,SYR,2013,3637695556.64063
Syrian Arab Republic,SYR,2012,1671554443.35938
Syrian Arab Republic,SYR,2011,335524505.615234
Syrian Arab Republic,SYR,2010,174089996.337891
Syrian Arab Republic,SYR,2009,203618545.532227
Syrian Arab Republic,SYR,2008,157744735.717773
Syrian Arab Republic,SYR,2007,84199729.9194336
Syrian Arab Republic,SYR,2006,19915037.1551514
Syrian Arab Republic,SYR,2005,71101203.918457
Syrian Arab Republic,SYR,2004,106505203.24707
Syrian Arab Republic,SYR,2003,118386169.433594
Syrian Arab Republic,SYR,2002,62824668.8842773
Syrian Arab Republic,SYR,2001,153678665.161133
Syrian Arab Republic,SYR,2000,159758666.992188
Syrian Arab Republic,SYR,1999,229368667.602539
Syrian Arab Republic,SYR,1998,156018661.499023
Syrian Arab Republic,SYR,1997,198108673.095703
Syrian Arab Republic,SYR,1996,215990005.493164
Syrian Arab Republic,SYR,1995,355970001.220703
Syrian Arab Republic,SYR,1994,744020019.53125
Syrian Arab Republic,SYR,1993,258579986.572266
Syrian Arab Republic,SYR,1992,196740005.493164
Syrian Arab Republic,SYR,1991,535489990.234375
Syrian Arab Republic,SYR,1990,882820007.324219
Syrian Arab Republic,SYR,1989,124620002.746582
Syrian Arab Republic,SYR,1988,190029998.779297
Syrian Arab Republic,SYR,1987,792140014.648438
Syrian Arab Republic,SYR,1986,727090026.855469
Syrian Arab Republic,SYR,1985,609979980.46875
Syrian Arab Republic,SYR,1984,643979980.46875
Syrian Arab Republic,SYR,1983,890969970.703125
Syrian Arab Republic,SYR,1982,1155910034.17969
Syrian Arab Republic,SYR,1981,1810650024.41406
Syrian Arab Republic,SYR,1980,1912839965.82031
Syrian Arab Republic,SYR,1979,2054879882.8125
Syrian Arab Republic,SYR,1978,919900024.414063
Syrian Arab Republic,SYR,1977,1033319946.28906
Syrian Arab Republic,SYR,1976,795520019.53125
Syrian Arab Republic,SYR,1975,827479980.46875
Syrian Arab Republic,SYR,1974,771500000.0
Syrian Arab Republic,SYR,1973,425779998.779297
Syrian Arab Republic,SYR,1972,54549999.2370605
Syrian Arab Republic,SYR,1971,21680000.3051758
Syrian Arab Republic,SYR,1970,21840000.1525879
Syrian Arab Republic,SYR,1969,10989999.7711182
Syrian Arab Republic,SYR,1968,5219999.79019165
Syrian Arab Republic,SYR,1967,5809999.94277954
Syrian Arab Republic,SYR,1966,20290000.9155273
Syrian Arab Republic,SYR,1965,3269999.98092651
Syrian Arab Republic,SYR,1964,4699999.80926514
Syrian Arab Republic,SYR,1963,2710000.03814697
Syrian Arab Republic,SYR,1962,24979999.5422363
Syrian Arab Republic,SYR,1961,16200000.7629395
Syrian Arab Republic,SYR,1960,18389999.3896484
Tajikistan,TJK,2025,
Tajikistan,TJK,2024,
Tajikistan,TJK,2023,530799865.722656
Tajikistan,TJK,2022,594651794.433594
Tajikistan,TJK,2021,557532165.527344
Tajikistan,TJK,2020,715436096.191406
Tajikistan,TJK,2019,361986358.642578
Tajikistan,TJK,2018,403749359.130859
Tajikistan,TJK,2017,328191772.460938
Tajikistan,TJK,2016,359734680.175781
Tajikistan,TJK,2015,432252502.441406
Tajikistan,TJK,2014,356464813.232422
Tajikistan,TJK,2013,390554595.947266
Tajikistan,TJK,2012,394229888.916016
Tajikistan,TJK,2011,282127227.783203
Tajikistan,TJK,2010,324059997.558594
Tajikistan,TJK,2009,298252990.722656
Tajikistan,TJK,2008,234157882.69043
Tajikistan,TJK,2007,196426147.460938
Tajikistan,TJK,2006,206808776.855469
Tajikistan,TJK,2005,226366775.512695
Tajikistan,TJK,2004,228916778.564453
Tajikistan,TJK,2003,133302337.646484
Tajikistan,TJK,2002,154695739.746094
Tajikistan,TJK,2001,162635742.1875
Tajikistan,TJK,2000,111772903.442383
Tajikistan,TJK,1999,112629997.253418
Tajikistan,TJK,1998,160589996.337891
Tajikistan,TJK,1997,85940002.4414063
Tajikistan,TJK,1996,103139999.389648
Tajikistan,TJK,1995,65080001.8310547
Tajikistan,TJK,1994,66500000.0
Tajikistan,TJK,1993,25959999.0844727
Tajikistan,TJK,1992,11840000.1525879
Tajikistan,TJK,1991,
Tajikistan,TJK,1990,
Tajikistan,TJK,1989,
Tajikistan,TJK,1988,
Tajikistan,TJK,1987,
Tajikistan,TJK,1986,
Tajikistan,TJK,1985,
Tajikistan,TJK,1984,
Tajikistan,TJK,1983,
Tajikistan,TJK,1982,
Tajikistan,TJK,1981,
Tajikistan,TJK,1980,
Tajikistan,TJK,1979,
Tajikistan,TJK,1978,
Tajikistan,TJK,1977,
Tajikistan,TJK,1976,
Tajikistan,TJK,1975,
Tajikistan,TJK,1974,
Tajikistan,TJK,1973,
Tajikistan,TJK,1972,
Tajikistan,TJK,1971,
Tajikistan,TJK,1970,
Tajikistan,TJK,1969,
Tajikistan,TJK,1968,
Tajikistan,TJK,1967,
Tajikistan,TJK,1966,
Tajikistan,TJK,1965,
Tajikistan,TJK,1964,
Tajikistan,TJK,1963,
Tajikistan,TJK,1962,
Tajikistan,TJK,1961,
Tajikistan,TJK,1960,
Tanzania,TZA,2025,
Tanzania,TZA,2024,
Tanzania,TZA,2023,3056842041.01563
Tanzania,TZA,2022,2645265625.0
Tanzania,TZA,2021,2619769775.39063
Tanzania,TZA,2020,2278315917.96875
Tanzania,TZA,2019,2126976806.64063
Tanzania,TZA,2018,2455195068.35938
Tanzania,TZA,2017,2585599121.09375
Tanzania,TZA,2016,2317893066.40625
Tanzania,TZA,2015,2584706298.82813
Tanzania,TZA,2014,2650518554.6875
Tanzania,TZA,2013,3433236083.98438
Tanzania,TZA,2012,2822233154.29688
Tanzania,TZA,2011,2441826416.01563
Tanzania,TZA,2010,2255560058.59375
Tanzania,TZA,2009,3127202148.4375
Tanzania,TZA,2008,2331148193.35938
Tanzania,TZA,2007,2823809326.17188
Tanzania,TZA,2006,1887650268.55469
Tanzania,TZA,2005,1492452392.57813
Tanzania,TZA,2004,1774204833.98438
Tanzania,TZA,2003,1725764770.50781
Tanzania,TZA,2002,1260430175.78125
Tanzania,TZA,2001,1274898193.35938
Tanzania,TZA,2000,1064253784.17969
Tanzania,TZA,1999,991944641.113281
Tanzania,TZA,1998,1001504638.67188
Tanzania,TZA,1997,943849975.585938
Tanzania,TZA,1996,867210021.972656
Tanzania,TZA,1995,871049987.792969
Tanzania,TZA,1994,963570007.324219
Tanzania,TZA,1993,944429992.675781
Tanzania,TZA,1992,1334079956.05469
Tanzania,TZA,1991,1073000000.0
Tanzania,TZA,1990,1163150024.41406
Tanzania,TZA,1989,906890014.648438
Tanzania,TZA,1988,1007849975.58594
Tanzania,TZA,1987,894919982.910156
Tanzania,TZA,1986,660619995.117188
Tanzania,TZA,1985,477179992.675781
Tanzania,TZA,1984,547489990.234375
Tanzania,TZA,1983,587849975.585938
Tanzania,TZA,1982,678940002.441406
Tanzania,TZA,1981,697780029.296875
Tanzania,TZA,1980,675630004.882813
Tanzania,TZA,1979,586140014.648438
Tanzania,TZA,1978,421899993.896484
Tanzania,TZA,1977,338670013.427734
Tanzania,TZA,1976,266250000.0
Tanzania,TZA,1975,293269989.013672
Tanzania,TZA,1974,162210006.713867
Tanzania,TZA,1973,100150001.525879
Tanzania,TZA,1972,61159999.8474121
Tanzania,TZA,1971,62150001.5258789
Tanzania,TZA,1970,50970001.2207031
Tanzania,TZA,1969,38159999.8474121
Tanzania,TZA,1968,40490001.6784668
Tanzania,TZA,1967,40110000.6103516
Tanzania,TZA,1966,34430000.3051758
Tanzania,TZA,1965,38630001.0681152
Tanzania,TZA,1964,45650001.5258789
Tanzania,TZA,1963,31059999.4659424
Tanzania,TZA,1962,47009998.3215332
Tanzania,TZA,1961,39189998.626709
Tanzania,TZA,1960,10359999.6566772
Thailand,THA,2025,
Thailand,THA,2024,
Thailand,THA,2023,84968795.7763672
Thailand,THA,2022,555438781.738281
Thailand,THA,2021,133844970.703125
Thailand,THA,2020,199537307.739258
Thailand,THA,2019,-350669677.734375
Thailand,THA,2018,-419287841.796875
Thailand,THA,2017,250222869.873047
Thailand,THA,2016,227778488.15918
Thailand,THA,2015,58665554.0466309
Thailand,THA,2014,354508880.615234
Thailand,THA,2013,28794387.8173828
Thailand,THA,2012,-131373260.498047
Thailand,THA,2011,-134118484.49707
Thailand,THA,2010,-20860000.6103516
Thailand,THA,2009,-31034006.1187744
Thailand,THA,2008,-615511718.75
Thailand,THA,2007,-307226654.052734
Thailand,THA,2006,-214169998.168945
Thailand,THA,2005,-164583328.24707
Thailand,THA,2004,51857666.015625
Thailand,THA,2003,-938588989.257813
Thailand,THA,2002,297804321.289063
Thailand,THA,2001,284354339.599609
Thailand,THA,2000,700669189.453125
Thailand,THA,1999,1015943176.26953
Thailand,THA,1998,699843139.648438
Thailand,THA,1997,624869995.117188
Thailand,THA,1996,831440002.441406
Thailand,THA,1995,836380004.882813
Thailand,THA,1994,577780029.296875
Thailand,THA,1993,581900024.414063
Thailand,THA,1992,738645019.53125
Thailand,THA,1991,713770019.53125
Thailand,THA,1990,793989990.234375
Thailand,THA,1989,683640014.648438
Thailand,THA,1988,528229980.46875
Thailand,THA,1987,459200012.207031
Thailand,THA,1986,451880004.882813
Thailand,THA,1985,446929992.675781
Thailand,THA,1984,451209991.455078
Thailand,THA,1983,418440002.441406
Thailand,THA,1982,383570007.324219
Thailand,THA,1981,404609985.351563
Thailand,THA,1980,415980010.986328
Thailand,THA,1979,388380004.882813
Thailand,THA,1978,255779998.779297
Thailand,THA,1977,131029998.779297
Thailand,THA,1976,167789993.286133
Thailand,THA,1975,84510002.1362305
Thailand,THA,1974,70860000.6103516
Thailand,THA,1973,60790000.9155273
Thailand,THA,1972,53650001.5258789
Thailand,THA,1971,62700000.7629395
Thailand,THA,1970,73989997.8637695
Thailand,THA,1969,68250000.0
Thailand,THA,1968,65069999.6948242
Thailand,THA,1967,60209999.0844727
Thailand,THA,1966,44299999.2370605
Thailand,THA,1965,49090000.1525879
Thailand,THA,1964,31850000.3814697
Thailand,THA,1963,36330001.8310547
Thailand,THA,1962,37889999.3896484
Thailand,THA,1961,29340000.1525879
Thailand,THA,1960,43779998.7792969
Timor-Leste,TLS,2025,
Timor-Leste,TLS,2024,
Timor-Leste,TLS,2023,259935394.287109
Timor-Leste,TLS,2022,224597381.591797
Timor-Leste,TLS,2021,256549468.994141
Timor-Leste,TLS,2020,251282043.457031
Timor-Leste,TLS,2019,230733062.744141
Timor-Leste,TLS,2018,207648223.876953
Timor-Leste,TLS,2017,231957061.767578
Timor-Leste,TLS,2016,223699493.408203
Timor-Leste,TLS,2015,212285720.825195
Timor-Leste,TLS,2014,249539093.017578
Timor-Leste,TLS,2013,258567230.224609
Timor-Leste,TLS,2012,283642700.195313
Timor-Leste,TLS,2011,275718414.306641
Timor-Leste,TLS,2010,285269989.013672
Timor-Leste,TLS,2009,212395492.553711
Timor-Leste,TLS,2008,271353332.519531
Timor-Leste,TLS,2007,279961578.369141
Timor-Leste,TLS,2006,209136672.973633
Timor-Leste,TLS,2005,184621673.583984
Timor-Leste,TLS,2004,161240005.493164
Timor-Leste,TLS,2003,175029998.779297
Timor-Leste,TLS,2002,219050003.051758
Timor-Leste,TLS,2001,194169998.168945
Timor-Leste,TLS,2000,231270004.272461
Timor-Leste,TLS,1999,152820007.324219
Timor-Leste,TLS,1998,1669999.95708466
Timor-Leste,TLS,1997,430000.007152557
Timor-Leste,TLS,1996,79999.9982118607
Timor-Leste,TLS,1995,19999.9995529652
Timor-Leste,TLS,1994,230000.004172325
Timor-Leste,TLS,1993,419999.986886978
Timor-Leste,TLS,1992,129999.995231628
Timor-Leste,TLS,1991,939999.997615814
Timor-Leste,TLS,1990,100000.001490116
Timor-Leste,TLS,1989,
Timor-Leste,TLS,1988,19999.9995529652
Timor-Leste,TLS,1987,
Timor-Leste,TLS,1986,300000.011920929
Timor-Leste,TLS,1985,
Timor-Leste,TLS,1984,
Timor-Leste,TLS,1983,449999.988079071
Timor-Leste,TLS,1982,230000.004172325
Timor-Leste,TLS,1981,250000.0
Timor-Leste,TLS,1980,500000.0
Timor-Leste,TLS,1979,460000.00834465
Timor-Leste,TLS,1978,9999.99977648258
Timor-Leste,TLS,1977,
Timor-Leste,TLS,1976,449999.988079071
Timor-Leste,TLS,1975,250000.0
Timor-Leste,TLS,1974,9999.99977648258
Timor-Leste,TLS,1973,
Timor-Leste,TLS,1972,
Timor-Leste,TLS,1971,
Timor-Leste,TLS,1970,
Timor-Leste,TLS,1969,
Timor-Leste,TLS,1968,
Timor-Leste,TLS,1967,319999.992847443
Timor-Leste,TLS,1966,
Timor-Leste,TLS,1965,
Timor-Leste,TLS,1964,
Timor-Leste,TLS,1963,
Timor-Leste,TLS,1962,
Timor-Leste,TLS,1961,1639999.98569489
Timor-Leste,TLS,1960,
Togo,TGO,2025,
Togo,TGO,2024,
Togo,TGO,2023,615510925.292969
Togo,TGO,2022,429636474.609375
Togo,TGO,2021,352139984.130859
Togo,TGO,2020,562689758.300781
Togo,TGO,2019,404710876.464844
Togo,TGO,2018,336692321.777344
Togo,TGO,2017,344942596.435547
Togo,TGO,2016,168252273.55957
Togo,TGO,2015,199471633.911133
Togo,TGO,2014,210942382.8125
Togo,TGO,2013,226317443.847656
Togo,TGO,2012,245076599.121094
Togo,TGO,2011,542382385.253906
Togo,TGO,2010,394579986.572266
Togo,TGO,2009,494514282.226563
Togo,TGO,2008,330137969.970703
Togo,TGO,2007,122486663.818359
Togo,TGO,2006,79828330.9936523
Togo,TGO,2005,82606666.5649414
Togo,TGO,2004,65133163.4521484
Togo,TGO,2003,50089832.3059082
Togo,TGO,2002,51129432.6782227
Togo,TGO,2001,46092933.6547852
Togo,TGO,2000,69629600.5249023
Togo,TGO,1999,71532676.6967773
Togo,TGO,1998,128462677.001953
Togo,TGO,1997,125132682.800293
Togo,TGO,1996,155399993.896484
Togo,TGO,1995,191339996.337891
Togo,TGO,1994,124650001.525879
Togo,TGO,1993,95819999.6948242
Togo,TGO,1992,222429992.675781
Togo,TGO,1991,199270004.272461
Togo,TGO,1990,258239990.234375
Togo,TGO,1989,199100006.103516
Togo,TGO,1988,205410003.662109
Togo,TGO,1987,121279998.779297
Togo,TGO,1986,170339996.337891
Togo,TGO,1985,110879997.253418
Togo,TGO,1984,108260002.13623
Togo,TGO,1983,111019996.643066
Togo,TGO,1982,76400001.5258789
Togo,TGO,1981,62520000.4577637
Togo,TGO,1980,90449996.9482422
Togo,TGO,1979,109470001.220703
Togo,TGO,1978,101889999.389648
Togo,TGO,1977,63909999.8474121
Togo,TGO,1976,42799999.2370605
Togo,TGO,1975,41700000.7629395
Togo,TGO,1974,38619998.9318848
Togo,TGO,1973,25819999.6948242
Togo,TGO,1972,21600000.3814697
Togo,TGO,1971,19260000.2288818
Togo,TGO,1970,16950000.7629395
Togo,TGO,1969,17469999.3133545
Togo,TGO,1968,18920000.0762939
Togo,TGO,1967,14119999.8855591
Togo,TGO,1966,12130000.1144409
Togo,TGO,1965,13359999.6566772
Togo,TGO,1964,14939999.5803833
Togo,TGO,1963,6650000.09536743
Togo,TGO,1962,4530000.20980835
Togo,TGO,1961,2930000.0667572
Togo,TGO,1960,109999.999403954
Tonga,TON,2025,
Tonga,TON,2024,
Tonga,TON,2023,129549209.594727
Tonga,TON,2022,295049987.792969
Tonga,TON,2021,113074180.603027
Tonga,TON,2020,162980010.986328
Tonga,TON,2019,107947006.225586
Tonga,TON,2018,97448379.5166016
Tonga,TON,2017,87229316.7114258
Tonga,TON,2016,82605918.8842773
Tonga,TON,2015,68395751.953125
Tonga,TON,2014,80329811.0961914
Tonga,TON,2013,81089614.8681641
Tonga,TON,2012,78176849.3652344
Tonga,TON,2011,88558631.8969727
Tonga,TON,2010,59060001.373291
Tonga,TON,2009,36854209.8999023
Tonga,TON,2008,25639238.3575439
Tonga,TON,2007,32020244.5983887
Tonga,TON,2006,22556667.3278809
Tonga,TON,2005,32893665.3137207
Tonga,TON,2004,20308000.5645752
Tonga,TON,2003,22257999.420166
Tonga,TON,2002,18014333.7249756
Tonga,TON,2001,20638332.3669434
Tonga,TON,2000,16418333.0535889
Tonga,TON,1999,19319999.6948242
Tonga,TON,1998,20090000.1525879
Tonga,TON,1997,25670000.0762939
Tonga,TON,1996,29319999.6948242
Tonga,TON,1995,32040000.9155273
Tonga,TON,1994,29329999.9237061
Tonga,TON,1993,28420000.0762939
Tonga,TON,1992,22059999.4659424
Tonga,TON,1991,17079999.9237061
Tonga,TON,1990,27149999.6185303
Tonga,TON,1989,22809999.4659424
Tonga,TON,1988,17260000.2288818
Tonga,TON,1987,20559999.4659424
Tonga,TON,1986,14000000.0
Tonga,TON,1985,12729999.5422363
Tonga,TON,1984,14609999.6566772
Tonga,TON,1983,17159999.8474121
Tonga,TON,1982,17200000.7629395
Tonga,TON,1981,17260000.2288818
Tonga,TON,1980,15069999.6948242
Tonga,TON,1979,22680000.3051758
Tonga,TON,1978,8689999.5803833
Tonga,TON,1977,6480000.01907349
Tonga,TON,1976,4119999.88555908
Tonga,TON,1975,3240000.00953674
Tonga,TON,1974,3000000.0
Tonga,TON,1973,1340000.0333786
Tonga,TON,1972,1169999.95708466
Tonga,TON,1971,709999.978542328
Tonga,TON,1970,1350000.02384186
Tonga,TON,1969,589999.973773956
Tonga,TON,1968,1580000.04291534
Tonga,TON,1967,1320000.05245209
Tonga,TON,1966,610000.014305115
Tonga,TON,1965,500000.0
Tonga,TON,1964,59999.9986588955
Tonga,TON,1963,50000.0007450581
Tonga,TON,1962,70000.0002980232
Tonga,TON,1961,19999.9995529652
Tonga,TON,1960,9999.99977648258
Trinidad and Tobago,TTO,2025,
Trinidad and Tobago,TTO,2024,
Trinidad and Tobago,TTO,2023,
Trinidad and Tobago,TTO,2022,
Trinidad and Tobago,TTO,2021,
Trinidad and Tobago,TTO,2020,
Trinidad and Tobago,TTO,2019,
Trinidad and Tobago,TTO,2018,
Trinidad and Tobago,TTO,2017,
Trinidad and Tobago,TTO,2016,
Trinidad and Tobago,TTO,2015,
Trinidad and Tobago,TTO,2014,
Trinidad and Tobago,TTO,2013,
Trinidad and Tobago,TTO,2012,
Trinidad and Tobago,TTO,2011,
Trinidad and Tobago,TTO,2010,4340000.15258789
Trinidad and Tobago,TTO,2009,6699999.80926514
Trinidad and Tobago,TTO,2008,9289999.96185303
Trinidad and Tobago,TTO,2007,20469999.3133545
Trinidad and Tobago,TTO,2006,12289999.961853
Trinidad and Tobago,TTO,2005,-2410000.08583069
Trinidad and Tobago,TTO,2004,-1519999.98092651
Trinidad and Tobago,TTO,2003,-3140000.10490417
Trinidad and Tobago,TTO,2002,-9430000.30517578
Trinidad and Tobago,TTO,2001,-6179999.82833862
Trinidad and Tobago,TTO,2000,-1559999.94277954
Trinidad and Tobago,TTO,1999,26930000.3051758
Trinidad and Tobago,TTO,1998,14560000.4196167
Trinidad and Tobago,TTO,1997,33479999.5422363
Trinidad and Tobago,TTO,1996,15100000.3814697
Trinidad and Tobago,TTO,1995,23610000.6103516
Trinidad and Tobago,TTO,1994,20149999.6185303
Trinidad and Tobago,TTO,1993,1429999.94754791
Trinidad and Tobago,TTO,1992,5869999.88555908
Trinidad and Tobago,TTO,1991,-1870000.00476837
Trinidad and Tobago,TTO,1990,17040000.9155273
Trinidad and Tobago,TTO,1989,5130000.11444092
Trinidad and Tobago,TTO,1988,6269999.98092651
Trinidad and Tobago,TTO,1987,35000000.0
Trinidad and Tobago,TTO,1986,19600000.3814697
Trinidad and Tobago,TTO,1985,7260000.22888184
Trinidad and Tobago,TTO,1984,5170000.07629395
Trinidad and Tobago,TTO,1983,5940000.05722046
Trinidad and Tobago,TTO,1982,4769999.98092651
Trinidad and Tobago,TTO,1981,-3059999.94277954
Trinidad and Tobago,TTO,1980,3829999.92370605
Trinidad and Tobago,TTO,1979,3329999.92370605
Trinidad and Tobago,TTO,1978,3200000.04768372
Trinidad and Tobago,TTO,1977,2099999.90463257
Trinidad and Tobago,TTO,1976,3809999.94277954
Trinidad and Tobago,TTO,1975,4380000.11444092
Trinidad and Tobago,TTO,1974,3279999.97138977
Trinidad and Tobago,TTO,1973,2240000.00953674
Trinidad and Tobago,TTO,1972,2950000.04768372
Trinidad and Tobago,TTO,1971,3990000.00953674
Trinidad and Tobago,TTO,1970,5380000.11444092
Trinidad and Tobago,TTO,1969,6550000.19073486
Trinidad and Tobago,TTO,1968,4599999.90463257
Trinidad and Tobago,TTO,1967,5489999.77111816
Trinidad and Tobago,TTO,1966,9039999.96185303
Trinidad and Tobago,TTO,1965,16239999.7711182
Trinidad and Tobago,TTO,1964,12029999.7329712
Trinidad and Tobago,TTO,1963,11520000.4577637
Trinidad and Tobago,TTO,1962,550000.011920929
Trinidad and Tobago,TTO,1961,79999.9982118607
Trinidad and Tobago,TTO,1960,
Tunisia,TUN,2025,
Tunisia,TUN,2024,
Tunisia,TUN,2023,1225880737.30469
Tunisia,TUN,2022,1200546386.71875
Tunisia,TUN,2021,1116528076.17188
Tunisia,TUN,2020,975883361.816406
Tunisia,TUN,2019,980007568.359375
Tunisia,TUN,2018,806799804.6875
Tunisia,TUN,2017,811885070.800781
Tunisia,TUN,2016,646815673.828125
Tunisia,TUN,2015,495865936.279297
Tunisia,TUN,2014,922701477.050781
Tunisia,TUN,2013,714658386.230469
Tunisia,TUN,2012,1022133666.99219
Tunisia,TUN,2011,925227478.027344
Tunisia,TUN,2010,543190002.441406
Tunisia,TUN,2009,493693695.068359
Tunisia,TUN,2008,378762023.925781
Tunisia,TUN,2007,326492706.298828
Tunisia,TUN,2006,436853271.484375
Tunisia,TUN,2005,368346954.345703
Tunisia,TUN,2004,333693420.410156
Tunisia,TUN,2003,301668426.513672
Tunisia,TUN,2002,217351760.864258
Tunisia,TUN,2001,366221984.863281
Tunisia,TUN,2000,222838668.823242
Tunisia,TUN,1999,253428329.467773
Tunisia,TUN,1998,150956329.345703
Tunisia,TUN,1997,195218139.648438
Tunisia,TUN,1996,126858467.102051
Tunisia,TUN,1995,75388465.8813477
Tunisia,TUN,1994,105790000.915527
Tunisia,TUN,1993,243199996.948242
Tunisia,TUN,1992,387989990.234375
Tunisia,TUN,1991,354459991.455078
Tunisia,TUN,1990,392540008.544922
Tunisia,TUN,1989,279890014.648438
Tunisia,TUN,1988,314829986.572266
Tunisia,TUN,1987,274260009.765625
Tunisia,TUN,1986,220259994.506836
Tunisia,TUN,1985,160419998.168945
Tunisia,TUN,1984,176100006.103516
Tunisia,TUN,1983,202759994.506836
Tunisia,TUN,1982,207330001.831055
Tunisia,TUN,1981,242860000.610352
Tunisia,TUN,1980,240479995.727539
Tunisia,TUN,1979,209850006.103516
Tunisia,TUN,1978,310500000.0
Tunisia,TUN,1977,247080001.831055
Tunisia,TUN,1976,217860000.610352
Tunisia,TUN,1975,214270004.272461
Tunisia,TUN,1974,174210006.713867
Tunisia,TUN,1973,134039993.286133
Tunisia,TUN,1972,113349998.474121
Tunisia,TUN,1971,106430000.305176
Tunisia,TUN,1970,112849998.474121
Tunisia,TUN,1969,115730003.356934
Tunisia,TUN,1968,71860000.6103516
Tunisia,TUN,1967,89519996.6430664
Tunisia,TUN,1966,82839996.3378906
Tunisia,TUN,1965,90919998.1689453
Tunisia,TUN,1964,71069999.6948242
Tunisia,TUN,1963,83559997.5585938
Tunisia,TUN,1962,70110000.6103516
Tunisia,TUN,1961,93819999.6948242
Tunisia,TUN,1960,51830001.8310547
Turkiye,TUR,2025,
Turkiye,TUR,2024,
Turkiye,TUR,2023,1550410644.53125
Turkiye,TUR,2022,801440551.757813
Turkiye,TUR,2021,1060641113.28125
Turkiye,TUR,2020,543520324.707031
Turkiye,TUR,2019,701477355.957031
Turkiye,TUR,2018,1195925048.82813
Turkiye,TUR,2017,3159279785.15625
Turkiye,TUR,2016,3609088623.04688
Turkiye,TUR,2015,2141264648.4375
Turkiye,TUR,2014,3446769287.10938
Turkiye,TUR,2013,2847839843.75
Turkiye,TUR,2012,3112166992.1875
Turkiye,TUR,2011,3288269531.25
Turkiye,TUR,2010,1037630004.88281
Turkiye,TUR,2009,1356234985.35156
Turkiye,TUR,2008,1117479980.46875
Turkiye,TUR,2007,795656799.316406
Turkiye,TUR,2006,569261779.785156
Turkiye,TUR,2005,399328338.623047
Turkiye,TUR,2004,288876556.396484
Turkiye,TUR,2003,167636566.162109
Turkiye,TUR,2002,273440002.441406
Turkiye,TUR,2001,133259994.506836
Turkiye,TUR,2000,328570007.324219
Turkiye,TUR,1999,12449999.8092651
Turkiye,TUR,1998,28090000.1525879
Turkiye,TUR,1997,6760000.22888184
Turkiye,TUR,1996,246080001.831055
Turkiye,TUR,1995,313559997.558594
Turkiye,TUR,1994,198350006.103516
Turkiye,TUR,1993,447730010.986328
Turkiye,TUR,1992,356269989.013672
Turkiye,TUR,1991,1610030029.29688
Turkiye,TUR,1990,1303849975.58594
Turkiye,TUR,1989,144910003.662109
Turkiye,TUR,1988,281779998.779297
Turkiye,TUR,1987,378869995.117188
Turkiye,TUR,1986,339959991.455078
Turkiye,TUR,1985,180100006.103516
Turkiye,TUR,1984,240479995.727539
Turkiye,TUR,1983,355859985.351563
Turkiye,TUR,1982,647500000.0
Turkiye,TUR,1981,727099975.585938
Turkiye,TUR,1980,952929992.675781
Turkiye,TUR,1979,583419982.910156
Turkiye,TUR,1978,175610000.610352
Turkiye,TUR,1977,93010002.1362305
Turkiye,TUR,1976,126029998.779297
Turkiye,TUR,1975,58490001.6784668
Turkiye,TUR,1974,50189998.626709
Turkiye,TUR,1973,82919998.1689453
Turkiye,TUR,1972,232509994.506836
Turkiye,TUR,1971,203589996.337891
Turkiye,TUR,1970,175800003.051758
Turkiye,TUR,1969,172149993.896484
Turkiye,TUR,1968,174630004.882813
Turkiye,TUR,1967,197729995.727539
Turkiye,TUR,1966,202970001.220703
Turkiye,TUR,1965,189410003.662109
Turkiye,TUR,1964,162080001.831055
Turkiye,TUR,1963,222669998.168945
Turkiye,TUR,1962,229589996.337891
Turkiye,TUR,1961,188279998.779297
Turkiye,TUR,1960,137309997.558594
Turkmenistan,TKM,2025,
Turkmenistan,TKM,2024,
Turkmenistan,TKM,2023,36352214.8132324
Turkmenistan,TKM,2022,16325649.2614746
Turkmenistan,TKM,2021,29797052.3834229
Turkmenistan,TKM,2020,35199459.0759277
Turkmenistan,TKM,2019,26333873.7487793
Turkmenistan,TKM,2018,20459264.755249
Turkmenistan,TKM,2017,28143169.4030762
Turkmenistan,TKM,2016,32228855.1330566
Turkmenistan,TKM,2015,22954702.3773193
Turkmenistan,TKM,2014,34475269.317627
Turkmenistan,TKM,2013,35913993.8354492
Turkmenistan,TKM,2012,37658592.2241211
Turkmenistan,TKM,2011,40821235.6567383
Turkmenistan,TKM,2010,43470001.2207031
Turkmenistan,TKM,2009,40637386.3220215
Turkmenistan,TKM,2008,18122386.932373
Turkmenistan,TKM,2007,28765720.3674316
Turkmenistan,TKM,2006,41106391.9067383
Turkmenistan,TKM,2005,29050672.5311279
Turkmenistan,TKM,2004,54040672.3022461
Turkmenistan,TKM,2003,28843332.2906494
Turkmenistan,TKM,2002,44114513.3972168
Turkmenistan,TKM,2001,74927589.4165039
Turkmenistan,TKM,2000,35534252.166748
Turkmenistan,TKM,1999,25345905.3039551
Turkmenistan,TKM,1998,27526666.6412354
Turkmenistan,TKM,1997,20816667.5567627
Turkmenistan,TKM,1996,23639999.3896484
Turkmenistan,TKM,1995,30700000.7629395
Turkmenistan,TKM,1994,26579999.9237061
Turkmenistan,TKM,1993,31090000.1525879
Turkmenistan,TKM,1992,6590000.15258789
Turkmenistan,TKM,1991,
Turkmenistan,TKM,1990,
Turkmenistan,TKM,1989,
Turkmenistan,TKM,1988,
Turkmenistan,TKM,1987,
Turkmenistan,TKM,1986,
Turkmenistan,TKM,1985,
Turkmenistan,TKM,1984,
Turkmenistan,TKM,1983,
Turkmenistan,TKM,1982,
Turkmenistan,TKM,1981,
Turkmenistan,TKM,1980,
Turkmenistan,TKM,1979,
Turkmenistan,TKM,1978,
Turkmenistan,TKM,1977,
Turkmenistan,TKM,1976,
Turkmenistan,TKM,1975,
Turkmenistan,TKM,1974,
Turkmenistan,TKM,1973,
Turkmenistan,TKM,1972,
Turkmenistan,TKM,1971,
Turkmenistan,TKM,1970,
Turkmenistan,TKM,1969,
Turkmenistan,TKM,1968,
Turkmenistan,TKM,1967,
Turkmenistan,TKM,1966,
Turkmenistan,TKM,1965,
Turkmenistan,TKM,1964,
Turkmenistan,TKM,1963,
Turkmenistan,TKM,1962,
Turkmenistan,TKM,1961,
Turkmenistan,TKM,1960,
Turks and Caicos Islands,TCA,2025,
Turks and Caicos Islands,TCA,2024,
Turks and Caicos Islands,TCA,2023,
Turks and Caicos Islands,TCA,2022,
Turks and Caicos Islands,TCA,2021,
Turks and Caicos Islands,TCA,2020,
Turks and Caicos Islands,TCA,2019,
Turks and Caicos Islands,TCA,2018,
Turks and Caicos Islands,TCA,2017,
Turks and Caicos Islands,TCA,2016,
Turks and Caicos Islands,TCA,2015,
Turks and Caicos Islands,TCA,2014,
Turks and Caicos Islands,TCA,2013,
Turks and Caicos Islands,TCA,2012,
Turks and Caicos Islands,TCA,2011,
Turks and Caicos Islands,TCA,2010,
Turks and Caicos Islands,TCA,2009,
Turks and Caicos Islands,TCA,2008,
Turks and Caicos Islands,TCA,2007,15390000.3433228
Turks and Caicos Islands,TCA,2006,-419999.986886978
Turks and Caicos Islands,TCA,2005,5199999.80926514
Turks and Caicos Islands,TCA,2004,3150000.09536743
Turks and Caicos Islands,TCA,2003,2200000.04768372
Turks and Caicos Islands,TCA,2002,4099999.90463257
Turks and Caicos Islands,TCA,2001,6670000.07629395
Turks and Caicos Islands,TCA,2000,6650000.09536743
Turks and Caicos Islands,TCA,1999,7380000.11444092
Turks and Caicos Islands,TCA,1998,6019999.98092651
Turks and Caicos Islands,TCA,1997,4199999.80926514
Turks and Caicos Islands,TCA,1996,4179999.82833862
Turks and Caicos Islands,TCA,1995,5550000.19073486
Turks and Caicos Islands,TCA,1994,15789999.961853
Turks and Caicos Islands,TCA,1993,10899999.6185303
Turks and Caicos Islands,TCA,1992,14800000.1907349
Turks and Caicos Islands,TCA,1991,17500000.0
Turks and Caicos Islands,TCA,1990,11600000.3814697
Turks and Caicos Islands,TCA,1989,8779999.73297119
Turks and Caicos Islands,TCA,1988,7889999.8664856
Turks and Caicos Islands,TCA,1987,9550000.19073486
Turks and Caicos Islands,TCA,1986,8890000.34332275
Turks and Caicos Islands,TCA,1985,5550000.19073486
Turks and Caicos Islands,TCA,1984,6869999.88555908
Turks and Caicos Islands,TCA,1983,6739999.77111816
Turks and Caicos Islands,TCA,1982,10319999.6948242
Turks and Caicos Islands,TCA,1981,7070000.17166138
Turks and Caicos Islands,TCA,1980,3390000.10490417
Turks and Caicos Islands,TCA,1979,2319999.9332428
Turks and Caicos Islands,TCA,1978,2779999.97138977
Turks and Caicos Islands,TCA,1977,3450000.04768372
Turks and Caicos Islands,TCA,1976,3759999.99046326
Turks and Caicos Islands,TCA,1975,3250000.0
Turks and Caicos Islands,TCA,1974,2410000.08583069
Turks and Caicos Islands,TCA,1973,
Turks and Caicos Islands,TCA,1972,
Turks and Caicos Islands,TCA,1971,
Turks and Caicos Islands,TCA,1970,
Turks and Caicos Islands,TCA,1969,
Turks and Caicos Islands,TCA,1968,
Turks and Caicos Islands,TCA,1967,
Turks and Caicos Islands,TCA,1966,
Turks and Caicos Islands,TCA,1965,
Turks and Caicos Islands,TCA,1964,
Turks and Caicos Islands,TCA,1963,
Turks and Caicos Islands,TCA,1962,
Turks and Caicos Islands,TCA,1961,
Turks and Caicos Islands,TCA,1960,
Tuvalu,TUV,2025,
Tuvalu,TUV,2024,
Tuvalu,TUV,2023,68341110.2294922
Tuvalu,TUV,2022,63503723.1445313
Tuvalu,TUV,2021,35918796.5393066
Tuvalu,TUV,2020,43058704.3762207
Tuvalu,TUV,2019,36483135.2233887
Tuvalu,TUV,2018,27372798.9196777
Tuvalu,TUV,2017,28528327.9418945
Tuvalu,TUV,2016,24439786.9110107
Tuvalu,TUV,2015,49647796.6308594
Tuvalu,TUV,2014,34300853.729248
Tuvalu,TUV,2013,27594911.5753174
Tuvalu,TUV,2012,25484891.8914795
Tuvalu,TUV,2011,37250000.0
Tuvalu,TUV,2010,13229999.5422363
Tuvalu,TUV,2009,15927332.8781128
Tuvalu,TUV,2008,15747332.572937
Tuvalu,TUV,2007,10693567.276001
Tuvalu,TUV,2006,14233567.237854
Tuvalu,TUV,2005,9020233.15429688
Tuvalu,TUV,2004,8016667.36602783
Tuvalu,TUV,2003,6176667.21343994
Tuvalu,TUV,2002,11710000.038147
Tuvalu,TUV,2001,8340000.15258789
Tuvalu,TUV,2000,4030000.20980835
Tuvalu,TUV,1999,3980000.01907349
Tuvalu,TUV,1998,5190000.05722046
Tuvalu,TUV,1997,10130000.1144409
Tuvalu,TUV,1996,10340000.1525879
Tuvalu,TUV,1995,7440000.05722046
Tuvalu,TUV,1994,6739999.77111816
Tuvalu,TUV,1993,4050000.19073486
Tuvalu,TUV,1992,8060000.4196167
Tuvalu,TUV,1991,5010000.22888184
Tuvalu,TUV,1990,5059999.94277954
Tuvalu,TUV,1989,6920000.07629395
Tuvalu,TUV,1988,13970000.2670288
Tuvalu,TUV,1987,25680000.3051758
Tuvalu,TUV,1986,4300000.19073486
Tuvalu,TUV,1985,3329999.92370605
Tuvalu,TUV,1984,5469999.79019165
Tuvalu,TUV,1983,4210000.03814697
Tuvalu,TUV,1982,6230000.01907349
Tuvalu,TUV,1981,5349999.90463257
Tuvalu,TUV,1980,4909999.84741211
Tuvalu,TUV,1979,4099999.90463257
Tuvalu,TUV,1978,2849999.90463257
Tuvalu,TUV,1977,2380000.11444092
Tuvalu,TUV,1976,2940000.05722046
Tuvalu,TUV,1975,50000.0007450581
Tuvalu,TUV,1974,
Tuvalu,TUV,1973,
Tuvalu,TUV,1972,
Tuvalu,TUV,1971,
Tuvalu,TUV,1970,
Tuvalu,TUV,1969,
Tuvalu,TUV,1968,
Tuvalu,TUV,1967,
Tuvalu,TUV,1966,
Tuvalu,TUV,1965,
Tuvalu,TUV,1964,
Tuvalu,TUV,1963,
Tuvalu,TUV,1962,
Tuvalu,TUV,1961,
Tuvalu,TUV,1960,
Uganda,UGA,2025,
Uganda,UGA,2024,
Uganda,UGA,2023,2256590576.17188
Uganda,UGA,2022,2156962646.48438
Uganda,UGA,2021,2565440917.96875
Uganda,UGA,2020,3087860839.84375
Uganda,UGA,2019,2030926269.53125
Uganda,UGA,2018,1945594604.49219
Uganda,UGA,2017,2011814941.40625
Uganda,UGA,2016,1762597534.17969
Uganda,UGA,2015,1638163574.21875
Uganda,UGA,2014,1633680786.13281
Uganda,UGA,2013,1697089599.60938
Uganda,UGA,2012,1642503784.17969
Uganda,UGA,2011,1572918457.03125
Uganda,UGA,2010,1361800048.82813
Uganda,UGA,2009,1786354003.90625
Uganda,UGA,2008,1643385375.97656
Uganda,UGA,2007,1738145507.8125
Uganda,UGA,2006,1589231933.59375
Uganda,UGA,2005,1195334960.9375
Uganda,UGA,2004,1222241943.35938
Uganda,UGA,2003,1003708679.19922
Uganda,UGA,2002,732975341.796875
Uganda,UGA,2001,828943359.375
Uganda,UGA,2000,855931640.625
Uganda,UGA,1999,607681640.625
Uganda,UGA,1998,658098449.707031
Uganda,UGA,1997,813437805.175781
Uganda,UGA,1996,674877807.617188
Uganda,UGA,1995,833960021.972656
Uganda,UGA,1994,751969970.703125
Uganda,UGA,1993,609989990.234375
Uganda,UGA,1992,724950012.207031
Uganda,UGA,1991,663280029.296875
Uganda,UGA,1990,663099975.585938
Uganda,UGA,1989,516500000.0
Uganda,UGA,1988,391589996.337891
Uganda,UGA,1987,298950012.207031
Uganda,UGA,1986,191559997.558594
Uganda,UGA,1985,179479995.727539
Uganda,UGA,1984,162070007.324219
Uganda,UGA,1983,136710006.713867
Uganda,UGA,1982,131350006.103516
Uganda,UGA,1981,135660003.662109
Uganda,UGA,1980,113349998.474121
Uganda,UGA,1979,47259998.3215332
Uganda,UGA,1978,39490001.6784668
Uganda,UGA,1977,16719999.3133545
Uganda,UGA,1976,20940000.5340576
Uganda,UGA,1975,51840000.1525879
Uganda,UGA,1974,17530000.6866455
Uganda,UGA,1973,22149999.6185303
Uganda,UGA,1972,40830001.8310547
Uganda,UGA,1971,31760000.2288818
Uganda,UGA,1970,32900001.5258789
Uganda,UGA,1969,27500000.0
Uganda,UGA,1968,22219999.3133545
Uganda,UGA,1967,21579999.9237061
Uganda,UGA,1966,23579999.9237061
Uganda,UGA,1965,20120000.8392334
Uganda,UGA,1964,22489999.7711182
Uganda,UGA,1963,19590000.1525879
Uganda,UGA,1962,28770000.4577637
Uganda,UGA,1961,21229999.5422363
Uganda,UGA,1960,20600000.3814697
Ukraine,UKR,2025,
Ukraine,UKR,2024,
Ukraine,UKR,2023,38935210937.5
Ukraine,UKR,2022,28698720703.125
Ukraine,UKR,2021,2215911132.8125
Ukraine,UKR,2020,2338972412.10938
Ukraine,UKR,2019,1120386596.67969
Ukraine,UKR,2018,1223212036.13281
Ukraine,UKR,2017,1180661621.09375
Ukraine,UKR,2016,1523319580.07813
Ukraine,UKR,2015,1449353271.48438
Ukraine,UKR,2014,1403821166.99219
Ukraine,UKR,2013,790739196.777344
Ukraine,UKR,2012,772061462.402344
Ukraine,UKR,2011,777927978.515625
Ukraine,UKR,2010,651369995.117188
Ukraine,UKR,2009,654722656.25
Ukraine,UKR,2008,617348144.53125
Ukraine,UKR,2007,420978790.283203
Ukraine,UKR,2006,484633453.369141
Ukraine,UKR,2005,404101013.183594
Ukraine,UKR,2004,
Ukraine,UKR,2003,
Ukraine,UKR,2002,
Ukraine,UKR,2001,
Ukraine,UKR,2000,
Ukraine,UKR,1999,
Ukraine,UKR,1998,
Ukraine,UKR,1997,
Ukraine,UKR,1996,
Ukraine,UKR,1995,
Ukraine,UKR,1994,
Ukraine,UKR,1993,
Ukraine,UKR,1992,
Ukraine,UKR,1991,
Ukraine,UKR,1990,
Ukraine,UKR,1989,
Ukraine,UKR,1988,
Ukraine,UKR,1987,
Ukraine,UKR,1986,
Ukraine,UKR,1985,
Ukraine,UKR,1984,
Ukraine,UKR,1983,
Ukraine,UKR,1982,
Ukraine,UKR,1981,
Ukraine,UKR,1980,
Ukraine,UKR,1979,
Ukraine,UKR,1978,
Ukraine,UKR,1977,
Ukraine,UKR,1976,
Ukraine,UKR,1975,
Ukraine,UKR,1974,
Ukraine,UKR,1973,
Ukraine,UKR,1972,
Ukraine,UKR,1971,
Ukraine,UKR,1970,
Ukraine,UKR,1969,
Ukraine,UKR,1968,
Ukraine,UKR,1967,
Ukraine,UKR,1966,
Ukraine,UKR,1965,
Ukraine,UKR,1964,
Ukraine,UKR,1963,
Ukraine,UKR,1962,
Ukraine,UKR,1961,
Ukraine,UKR,1960,
United Arab Emirates,ARE,2025,
United Arab Emirates,ARE,2024,
United Arab Emirates,ARE,2023,
United Arab Emirates,ARE,2022,
United Arab Emirates,ARE,2021,
United Arab Emirates,ARE,2020,
United Arab Emirates,ARE,2019,
United Arab Emirates,ARE,2018,
United Arab Emirates,ARE,2017,
United Arab Emirates,ARE,2016,
United Arab Emirates,ARE,2015,
United Arab Emirates,ARE,2014,
United Arab Emirates,ARE,2013,
United Arab Emirates,ARE,2012,
United Arab Emirates,ARE,2011,
United Arab Emirates,ARE,2010,
United Arab Emirates,ARE,2009,
United Arab Emirates,ARE,2008,
United Arab Emirates,ARE,2007,
United Arab Emirates,ARE,2006,
United Arab Emirates,ARE,2005,
United Arab Emirates,ARE,2004,
United Arab Emirates,ARE,2003,
United Arab Emirates,ARE,2002,
United Arab Emirates,ARE,2001,
United Arab Emirates,ARE,2000,
United Arab Emirates,ARE,1999,
United Arab Emirates,ARE,1998,
United Arab Emirates,ARE,1997,
United Arab Emirates,ARE,1996,
United Arab Emirates,ARE,1995,5409999.84741211
United Arab Emirates,ARE,1994,-8029999.73297119
United Arab Emirates,ARE,1993,-10170000.0762939
United Arab Emirates,ARE,1992,-9729999.54223633
United Arab Emirates,ARE,1991,-7659999.84741211
United Arab Emirates,ARE,1990,3539999.96185303
United Arab Emirates,ARE,1989,-5929999.82833862
United Arab Emirates,ARE,1988,-11970000.2670288
United Arab Emirates,ARE,1987,114680000.305176
United Arab Emirates,ARE,1986,34180000.3051758
United Arab Emirates,ARE,1985,4050000.19073486
United Arab Emirates,ARE,1984,3319999.9332428
United Arab Emirates,ARE,1983,4309999.94277954
United Arab Emirates,ARE,1982,4690000.05722046
United Arab Emirates,ARE,1981,330000.013113022
United Arab Emirates,ARE,1980,4079999.92370605
United Arab Emirates,ARE,1979,7030000.20980835
United Arab Emirates,ARE,1978,1690000.05722046
United Arab Emirates,ARE,1977,34860000.6103516
United Arab Emirates,ARE,1976,1039999.96185303
United Arab Emirates,ARE,1975,4050000.19073486
United Arab Emirates,ARE,1974,589999.973773956
United Arab Emirates,ARE,1973,759999.990463257
United Arab Emirates,ARE,1972,4679999.82833862
United Arab Emirates,ARE,1971,5610000.1335144
United Arab Emirates,ARE,1970,5289999.96185303
United Arab Emirates,ARE,1969,870000.004768372
United Arab Emirates,ARE,1968,1129999.99523163
United Arab Emirates,ARE,1967,1570000.05245209
United Arab Emirates,ARE,1966,1299999.95231628
United Arab Emirates,ARE,1965,19999.9995529652
United Arab Emirates,ARE,1964,579999.983310699
United Arab Emirates,ARE,1963,389999.985694885
United Arab Emirates,ARE,1962,430000.007152557
United Arab Emirates,ARE,1961,540000.021457672
United Arab Emirates,ARE,1960,409999.996423721
United Kingdom,GBR,2025,
United Kingdom,GBR,2024,
United Kingdom,GBR,2023,
United Kingdom,GBR,2022,
United Kingdom,GBR,2021,
United Kingdom,GBR,2020,
United Kingdom,GBR,2019,
United Kingdom,GBR,2018,
United Kingdom,GBR,2017,
United Kingdom,GBR,2016,
United Kingdom,GBR,2015,
United Kingdom,GBR,2014,
United Kingdom,GBR,2013,
United Kingdom,GBR,2012,
United Kingdom,GBR,2011,
United Kingdom,GBR,2010,
United Kingdom,GBR,2009,
United Kingdom,GBR,2008,
United Kingdom,GBR,2007,
United Kingdom,GBR,2006,
United Kingdom,GBR,2005,
United Kingdom,GBR,2004,
United Kingdom,GBR,2003,
United Kingdom,GBR,2002,
United Kingdom,GBR,2001,
United Kingdom,GBR,2000,
United Kingdom,GBR,1999,
United Kingdom,GBR,1998,
United Kingdom,GBR,1997,
United Kingdom,GBR,1996,
United Kingdom,GBR,1995,
United Kingdom,GBR,1994,
United Kingdom,GBR,1993,
United Kingdom,GBR,1992,
United Kingdom,GBR,1991,
United Kingdom,GBR,1990,
United Kingdom,GBR,1989,
United Kingdom,GBR,1988,
United Kingdom,GBR,1987,
United Kingdom,GBR,1986,
United Kingdom,GBR,1985,
United Kingdom,GBR,1984,
United Kingdom,GBR,1983,
United Kingdom,GBR,1982,
United Kingdom,GBR,1981,
United Kingdom,GBR,1980,
United Kingdom,GBR,1979,
United Kingdom,GBR,1978,
United Kingdom,GBR,1977,
United Kingdom,GBR,1976,
United Kingdom,GBR,1975,
United Kingdom,GBR,1974,
United Kingdom,GBR,1973,
United Kingdom,GBR,1972,
United Kingdom,GBR,1971,
United Kingdom,GBR,1970,
United Kingdom,GBR,1969,
United Kingdom,GBR,1968,
United Kingdom,GBR,1967,
United Kingdom,GBR,1966,
United Kingdom,GBR,1965,
United Kingdom,GBR,1964,
United Kingdom,GBR,1963,
United Kingdom,GBR,1962,
United Kingdom,GBR,1961,
United Kingdom,GBR,1960,
United States,USA,2025,
United States,USA,2024,
United States,USA,2023,
United States,USA,2022,
United States,USA,2021,
United States,USA,2020,
United States,USA,2019,
United States,USA,2018,
United States,USA,2017,
United States,USA,2016,
United States,USA,2015,
United States,USA,2014,
United States,USA,2013,
United States,USA,2012,
United States,USA,2011,
United States,USA,2010,
United States,USA,2009,
United States,USA,2008,
United States,USA,2007,
United States,USA,2006,
United States,USA,2005,
United States,USA,2004,
United States,USA,2003,
United States,USA,2002,
United States,USA,2001,
United States,USA,2000,
United States,USA,1999,
United States,USA,1998,
United States,USA,1997,
United States,USA,1996,
United States,USA,1995,
United States,USA,1994,
United States,USA,1993,
United States,USA,1992,
United States,USA,1991,
United States,USA,1990,
United States,USA,1989,
United States,USA,1988,
United States,USA,1987,
United States,USA,1986,
United States,USA,1985,
United States,USA,1984,
United States,USA,1983,
United States,USA,1982,
United States,USA,1981,
United States,USA,1980,
United States,USA,1979,
United States,USA,1978,
United States,USA,1977,
United States,USA,1976,
United States,USA,1975,
United States,USA,1974,
United States,USA,1973,
United States,USA,1972,
United States,USA,1971,
United States,USA,1970,
United States,USA,1969,
United States,USA,1968,
United States,USA,1967,
United States,USA,1966,
United States,USA,1965,
United States,USA,1964,
United States,USA,1963,
United States,USA,1962,
United States,USA,1961,
United States,USA,1960,
Uruguay,URY,2025,
Uruguay,URY,2024,
Uruguay,URY,2023,
Uruguay,URY,2022,
Uruguay,URY,2021,
Uruguay,URY,2020,
Uruguay,URY,2019,
Uruguay,URY,2018,
Uruguay,URY,2017,41641902.923584
Uruguay,URY,2016,18253820.4193115
Uruguay,URY,2015,23176498.4130859
Uruguay,URY,2014,91574180.6030273
Uruguay,URY,2013,36524883.2702637
Uruguay,URY,2012,17357280.7312012
Uruguay,URY,2011,18231008.5296631
Uruguay,URY,2010,44080001.8310547
Uruguay,URY,2009,50726516.7236328
Uruguay,URY,2008,32861518.8598633
Uruguay,URY,2007,37044666.2902832
Uruguay,URY,2006,24604999.5422363
Uruguay,URY,2005,18335500.7171631
Uruguay,URY,2004,24476333.6181641
Uruguay,URY,2003,17271333.694458
Uruguay,URY,2002,16210067.7490234
Uruguay,URY,2001,16418346.4050293
Uruguay,URY,2000,21553146.3623047
Uruguay,URY,1999,25615045.5474854
Uruguay,URY,1998,27520433.4259033
Uruguay,URY,1997,37260433.1970215
Uruguay,URY,1996,36599998.4741211
Uruguay,URY,1995,68930000.3051758
Uruguay,URY,1994,75010002.1362305
Uruguay,URY,1993,113959999.084473
Uruguay,URY,1992,65690002.4414063
Uruguay,URY,1991,41810001.373291
Uruguay,URY,1990,45919998.1689453
Uruguay,URY,1989,30809999.4659424
Uruguay,URY,1988,34060001.373291
Uruguay,URY,1987,16149999.6185303
Uruguay,URY,1986,27819999.6948242
Uruguay,URY,1985,7719999.79019165
Uruguay,URY,1984,5769999.98092651
Uruguay,URY,1983,5550000.19073486
Uruguay,URY,1982,6320000.17166138
Uruguay,URY,1981,9649999.61853027
Uruguay,URY,1980,8630000.11444092
Uruguay,URY,1979,6940000.05722046
Uruguay,URY,1978,5199999.80926514
Uruguay,URY,1977,13819999.6948242
Uruguay,URY,1976,6739999.77111816
Uruguay,URY,1975,4869999.88555908
Uruguay,URY,1974,5099999.90463257
Uruguay,URY,1973,15779999.7329712
Uruguay,URY,1972,22239999.7711182
Uruguay,URY,1971,9250000.0
Uruguay,URY,1970,12920000.0762939
Uruguay,URY,1969,19450000.7629395
Uruguay,URY,1968,24540000.9155273
Uruguay,URY,1967,5559999.94277954
Uruguay,URY,1966,4670000.07629395
Uruguay,URY,1965,3000000.0
Uruguay,URY,1964,2230000.01907349
Uruguay,URY,1963,8710000.03814697
Uruguay,URY,1962,3559999.94277954
Uruguay,URY,1961,2200000.04768372
Uruguay,URY,1960,18989999.7711182
Uzbekistan,UZB,2025,
Uzbekistan,UZB,2024,
Uzbekistan,UZB,2023,1200078857.42188
Uzbekistan,UZB,2022,1584610839.84375
Uzbekistan,UZB,2021,1163037231.44531
Uzbekistan,UZB,2020,1463485107.42188
Uzbekistan,UZB,2019,1154019775.39063
Uzbekistan,UZB,2018,1058084716.79688
Uzbekistan,UZB,2017,639136535.644531
Uzbekistan,UZB,2016,511049285.888672
Uzbekistan,UZB,2015,450995880.126953
Uzbekistan,UZB,2014,324665252.685547
Uzbekistan,UZB,2013,295161834.716797
Uzbekistan,UZB,2012,255909729.003906
Uzbekistan,UZB,2011,143781692.504883
Uzbekistan,UZB,2010,141869995.117188
Uzbekistan,UZB,2009,171206619.262695
Uzbekistan,UZB,2008,179442047.119141
Uzbekistan,UZB,2007,167675765.991211
Uzbekistan,UZB,2006,149610794.067383
Uzbekistan,UZB,2005,169065795.898438
Uzbekistan,UZB,2004,243146667.480469
Uzbekistan,UZB,2003,192100814.819336
Uzbekistan,UZB,2002,183423492.431641
Uzbekistan,UZB,2001,149628494.262695
Uzbekistan,UZB,2000,185241821.289063
Uzbekistan,UZB,1999,156254821.777344
Uzbekistan,UZB,1998,158039505.004883
Uzbekistan,UZB,1997,139879501.342773
Uzbekistan,UZB,1996,87690002.4414063
Uzbekistan,UZB,1995,83720001.2207031
Uzbekistan,UZB,1994,28250000.0
Uzbekistan,UZB,1993,7980000.01907349
Uzbekistan,UZB,1992,1509999.99046326
Uzbekistan,UZB,1991,
Uzbekistan,UZB,1990,
Uzbekistan,UZB,1989,
Uzbekistan,UZB,1988,
Uzbekistan,UZB,1987,
Uzbekistan,UZB,1986,
Uzbekistan,UZB,1985,
Uzbekistan,UZB,1984,
Uzbekistan,UZB,1983,
Uzbekistan,UZB,1982,
Uzbekistan,UZB,1981,
Uzbekistan,UZB,1980,
Uzbekistan,UZB,1979,
Uzbekistan,UZB,1978,
Uzbekistan,UZB,1977,
Uzbekistan,UZB,1976,
Uzbekistan,UZB,1975,
Uzbekistan,UZB,1974,
Uzbekistan,UZB,1973,
Uzbekistan,UZB,1972,
Uzbekistan,UZB,1971,
Uzbekistan,UZB,1970,
Uzbekistan,UZB,1969,
Uzbekistan,UZB,1968,
Uzbekistan,UZB,1967,
Uzbekistan,UZB,1966,
Uzbekistan,UZB,1965,
Uzbekistan,UZB,1964,
Uzbekistan,UZB,1963,
Uzbekistan,UZB,1962,
Uzbekistan,UZB,1961,
Uzbekistan,UZB,1960,
Vanuatu,VUT,2025,
Vanuatu,VUT,2024,
Vanuatu,VUT,2023,150053588.867188
Vanuatu,VUT,2022,124998733.520508
Vanuatu,VUT,2021,166813446.044922
Vanuatu,VUT,2020,154036407.470703
Vanuatu,VUT,2019,130599197.387695
Vanuatu,VUT,2018,130937530.517578
Vanuatu,VUT,2017,132704483.032227
Vanuatu,VUT,2016,129129150.390625
Vanuatu,VUT,2015,186556503.295898
Vanuatu,VUT,2014,100414482.116699
Vanuatu,VUT,2013,91336326.5991211
Vanuatu,VUT,2012,101943328.857422
Vanuatu,VUT,2011,92886573.7915039
Vanuatu,VUT,2010,109500000.0
Vanuatu,VUT,2009,100985801.696777
Vanuatu,VUT,2008,93164901.7333984
Vanuatu,VUT,2007,57616439.8193359
Vanuatu,VUT,2006,49585681.9152832
Vanuatu,VUT,2005,40303348.5412598
Vanuatu,VUT,2004,38603244.7814941
Vanuatu,VUT,2003,33011577.6062012
Vanuatu,VUT,2002,27293912.8875732
Vanuatu,VUT,2001,29053911.2091064
Vanuatu,VUT,2000,35494365.6921387
Vanuatu,VUT,1999,31103487.0147705
Vanuatu,VUT,1998,29503486.6333008
Vanuatu,VUT,1997,27069120.4071045
Vanuatu,VUT,1996,30739999.7711182
Vanuatu,VUT,1995,44599998.4741211
Vanuatu,VUT,1994,40549999.2370605
Vanuatu,VUT,1993,33540000.9155273
Vanuatu,VUT,1992,38799999.2370605
Vanuatu,VUT,1991,46130001.0681152
Vanuatu,VUT,1990,46790000.9155273
Vanuatu,VUT,1989,36060001.373291
Vanuatu,VUT,1988,37759998.3215332
Vanuatu,VUT,1987,49529998.7792969
Vanuatu,VUT,1986,23610000.6103516
Vanuatu,VUT,1985,21010000.2288818
Vanuatu,VUT,1984,23729999.5422363
Vanuatu,VUT,1983,26360000.6103516
Vanuatu,VUT,1982,25629999.1607666
Vanuatu,VUT,1981,30379999.1607666
Vanuatu,VUT,1980,43979999.5422363
Vanuatu,VUT,1979,38319999.6948242
Vanuatu,VUT,1978,18780000.6866455
Vanuatu,VUT,1977,14550000.1907349
Vanuatu,VUT,1976,30930000.3051758
Vanuatu,VUT,1975,12479999.5422363
Vanuatu,VUT,1974,16129999.1607666
Vanuatu,VUT,1973,7440000.05722046
Vanuatu,VUT,1972,6159999.84741211
Vanuatu,VUT,1971,4800000.19073486
Vanuatu,VUT,1970,3230000.01907349
Vanuatu,VUT,1969,3220000.02861023
Vanuatu,VUT,1968,2329999.92370605
Vanuatu,VUT,1967,2009999.99046326
Vanuatu,VUT,1966,2170000.07629395
Vanuatu,VUT,1965,579999.983310699
Vanuatu,VUT,1964,649999.976158142
Vanuatu,VUT,1963,509999.990463257
Vanuatu,VUT,1962,409999.996423721
Vanuatu,VUT,1961,280000.001192093
Vanuatu,VUT,1960,150000.005960464
"Venezuela, RB",VEN,2025,
"Venezuela, RB",VEN,2024,
"Venezuela, RB",VEN,2023,405295074.462891
"Venezuela, RB",VEN,2022,273561553.955078
"Venezuela, RB",VEN,2021,274489532.470703
"Venezuela, RB",VEN,2020,333212097.167969
"Venezuela, RB",VEN,2019,261238525.390625
"Venezuela, RB",VEN,2018,149078887.939453
"Venezuela, RB",VEN,2017,86841560.3637695
"Venezuela, RB",VEN,2016,43419193.2678223
"Venezuela, RB",VEN,2015,36594268.7988281
"Venezuela, RB",VEN,2014,43128044.128418
"Venezuela, RB",VEN,2013,37833213.8061523
"Venezuela, RB",VEN,2012,50789432.5256348
"Venezuela, RB",VEN,2011,48991996.7651367
"Venezuela, RB",VEN,2010,48580001.8310547
"Venezuela, RB",VEN,2009,59049644.4702148
"Venezuela, RB",VEN,2008,60060379.0283203
"Venezuela, RB",VEN,2007,73022048.9501953
"Venezuela, RB",VEN,2006,57249546.0510254
"Venezuela, RB",VEN,2005,48803298.9501953
"Venezuela, RB",VEN,2004,46666393.2800293
"Venezuela, RB",VEN,2003,82423057.5561523
"Venezuela, RB",VEN,2002,57586425.78125
"Venezuela, RB",VEN,2001,45019393.9208984
"Venezuela, RB",VEN,2000,78141227.722168
"Venezuela, RB",VEN,1999,43779090.8813477
"Venezuela, RB",VEN,1998,40191123.9624023
"Venezuela, RB",VEN,1997,7401123.046875
"Venezuela, RB",VEN,1996,36080001.8310547
"Venezuela, RB",VEN,1995,44860000.6103516
"Venezuela, RB",VEN,1994,27540000.9155273
"Venezuela, RB",VEN,1993,42090000.1525879
"Venezuela, RB",VEN,1992,34729999.5422363
"Venezuela, RB",VEN,1991,31190000.5340576
"Venezuela, RB",VEN,1990,80480003.3569336
"Venezuela, RB",VEN,1989,64540000.9155273
"Venezuela, RB",VEN,1988,26639999.3896484
"Venezuela, RB",VEN,1987,22950000.7629395
"Venezuela, RB",VEN,1986,20879999.1607666
"Venezuela, RB",VEN,1985,16510000.2288818
"Venezuela, RB",VEN,1984,17430000.3051758
"Venezuela, RB",VEN,1983,17850000.3814697
"Venezuela, RB",VEN,1982,18569999.6948242
"Venezuela, RB",VEN,1981,17270000.4577637
"Venezuela, RB",VEN,1980,19479999.5422363
"Venezuela, RB",VEN,1979,10479999.5422363
"Venezuela, RB",VEN,1978,-15069999.6948242
"Venezuela, RB",VEN,1977,-8359999.65667725
"Venezuela, RB",VEN,1976,-15250000.0
"Venezuela, RB",VEN,1975,3779999.97138977
"Venezuela, RB",VEN,1974,5159999.84741211
"Venezuela, RB",VEN,1973,8439999.5803833
"Venezuela, RB",VEN,1972,8390000.34332275
"Venezuela, RB",VEN,1971,7969999.79019165
"Venezuela, RB",VEN,1970,4909999.84741211
"Venezuela, RB",VEN,1969,11729999.5422363
"Venezuela, RB",VEN,1968,18409999.8474121
"Venezuela, RB",VEN,1967,25510000.2288818
"Venezuela, RB",VEN,1966,28649999.6185303
"Venezuela, RB",VEN,1965,14109999.6566772
"Venezuela, RB",VEN,1964,-53659999.8474121
"Venezuela, RB",VEN,1963,43919998.1689453
"Venezuela, RB",VEN,1962,79940002.4414063
"Venezuela, RB",VEN,1961,8720000.26702881
"Venezuela, RB",VEN,1960,800000.011920929
Viet Nam,VNM,2025,
Viet Nam,VNM,2024,
Viet Nam,VNM,2023,831187988.28125
Viet Nam,VNM,2022,50037109.375
Viet Nam,VNM,2021,527853820.800781
Viet Nam,VNM,2020,1172559570.3125
Viet Nam,VNM,2019,1089231811.52344
Viet Nam,VNM,2018,1644828247.07031
Viet Nam,VNM,2017,2407490478.51563
Viet Nam,VNM,2016,2906071777.34375
Viet Nam,VNM,2015,3167394775.39063
Viet Nam,VNM,2014,4215623535.15625
Viet Nam,VNM,2013,4085599365.23438
Viet Nam,VNM,2012,4113311523.4375
Viet Nam,VNM,2011,3332001708.98438
Viet Nam,VNM,2010,1909079956.05469
Viet Nam,VNM,2009,3328029296.875
Viet Nam,VNM,2008,2320511962.89063
Viet Nam,VNM,2007,2346644775.39063
Viet Nam,VNM,2006,1690096313.47656
Viet Nam,VNM,2005,1693480346.67969
Viet Nam,VNM,2004,1657992309.57031
Viet Nam,VNM,2003,1533936767.57813
Viet Nam,VNM,2002,1064174194.33594
Viet Nam,VNM,2001,1256021606.44531
Viet Nam,VNM,2000,1485272216.79688
Viet Nam,VNM,1999,1239793090.82031
Viet Nam,VNM,1998,1050662231.44531
Viet Nam,VNM,1997,851988220.214844
Viet Nam,VNM,1996,910298217.773438
Viet Nam,VNM,1995,777989990.234375
Viet Nam,VNM,1994,895459960.9375
Viet Nam,VNM,1993,249809982.299805
Viet Nam,VNM,1992,566219970.703125
Viet Nam,VNM,1991,227300003.051758
Viet Nam,VNM,1990,180550003.051758
Viet Nam,VNM,1989,124550003.051758
Viet Nam,VNM,1988,164119995.117188
Viet Nam,VNM,1987,127150001.525879
Viet Nam,VNM,1986,190800003.051758
Viet Nam,VNM,1985,151149993.896484
Viet Nam,VNM,1984,152139999.389648
Viet Nam,VNM,1983,149210006.713867
Viet Nam,VNM,1982,248000000.0
Viet Nam,VNM,1981,270049987.792969
Viet Nam,VNM,1980,270089996.337891
Viet Nam,VNM,1979,379609985.351563
Viet Nam,VNM,1978,417049987.792969
Viet Nam,VNM,1977,295950012.207031
Viet Nam,VNM,1976,233369995.117188
Viet Nam,VNM,1975,387190002.441406
Viet Nam,VNM,1974,705380004.882813
Viet Nam,VNM,1973,477299987.792969
Viet Nam,VNM,1972,574700012.207031
Viet Nam,VNM,1971,464179992.675781
Viet Nam,VNM,1970,435809997.558594
Viet Nam,VNM,1969,464359985.351563
Viet Nam,VNM,1968,449600006.103516
Viet Nam,VNM,1967,460600006.103516
Viet Nam,VNM,1966,516580017.089844
Viet Nam,VNM,1965,314149993.896484
Viet Nam,VNM,1964,244990005.493164
Viet Nam,VNM,1963,226669998.168945
Viet Nam,VNM,1962,176029998.779297
Viet Nam,VNM,1961,167110000.610352
Viet Nam,VNM,1960,191850006.103516
Virgin Islands (U.S.),VIR,2025,
Virgin Islands (U.S.),VIR,2024,
Virgin Islands (U.S.),VIR,2023,
Virgin Islands (U.S.),VIR,2022,
Virgin Islands (U.S.),VIR,2021,
Virgin Islands (U.S.),VIR,2020,
Virgin Islands (U.S.),VIR,2019,
Virgin Islands (U.S.),VIR,2018,
Virgin Islands (U.S.),VIR,2017,
Virgin Islands (U.S.),VIR,2016,
Virgin Islands (U.S.),VIR,2015,
Virgin Islands (U.S.),VIR,2014,
Virgin Islands (U.S.),VIR,2013,
Virgin Islands (U.S.),VIR,2012,
Virgin Islands (U.S.),VIR,2011,
Virgin Islands (U.S.),VIR,2010,
Virgin Islands (U.S.),VIR,2009,
Virgin Islands (U.S.),VIR,2008,
Virgin Islands (U.S.),VIR,2007,
Virgin Islands (U.S.),VIR,2006,
Virgin Islands (U.S.),VIR,2005,
Virgin Islands (U.S.),VIR,2004,
Virgin Islands (U.S.),VIR,2003,
Virgin Islands (U.S.),VIR,2002,
Virgin Islands (U.S.),VIR,2001,
Virgin Islands (U.S.),VIR,2000,
Virgin Islands (U.S.),VIR,1999,
Virgin Islands (U.S.),VIR,1998,
Virgin Islands (U.S.),VIR,1997,
Virgin Islands (U.S.),VIR,1996,
Virgin Islands (U.S.),VIR,1995,
Virgin Islands (U.S.),VIR,1994,
Virgin Islands (U.S.),VIR,1993,
Virgin Islands (U.S.),VIR,1992,
Virgin Islands (U.S.),VIR,1991,
Virgin Islands (U.S.),VIR,1990,
Virgin Islands (U.S.),VIR,1989,
Virgin Islands (U.S.),VIR,1988,
Virgin Islands (U.S.),VIR,1987,
Virgin Islands (U.S.),VIR,1986,
Virgin Islands (U.S.),VIR,1985,
Virgin Islands (U.S.),VIR,1984,
Virgin Islands (U.S.),VIR,1983,
Virgin Islands (U.S.),VIR,1982,
Virgin Islands (U.S.),VIR,1981,
Virgin Islands (U.S.),VIR,1980,
Virgin Islands (U.S.),VIR,1979,
Virgin Islands (U.S.),VIR,1978,
Virgin Islands (U.S.),VIR,1977,
Virgin Islands (U.S.),VIR,1976,
Virgin Islands (U.S.),VIR,1975,
Virgin Islands (U.S.),VIR,1974,
Virgin Islands (U.S.),VIR,1973,
Virgin Islands (U.S.),VIR,1972,
Virgin Islands (U.S.),VIR,1971,
Virgin Islands (U.S.),VIR,1970,
Virgin Islands (U.S.),VIR,1969,
Virgin Islands (U.S.),VIR,1968,
Virgin Islands (U.S.),VIR,1967,
Virgin Islands (U.S.),VIR,1966,
Virgin Islands (U.S.),VIR,1965,
Virgin Islands (U.S.),VIR,1964,
Virgin Islands (U.S.),VIR,1963,
Virgin Islands (U.S.),VIR,1962,
Virgin Islands (U.S.),VIR,1961,
Virgin Islands (U.S.),VIR,1960,
West Bank and Gaza,PSE,2025,
West Bank and Gaza,PSE,2024,
West Bank and Gaza,PSE,2023,3623873046.875
West Bank and Gaza,PSE,2022,2238307861.32813
West Bank and Gaza,PSE,2021,2162431884.76563
West Bank and Gaza,PSE,2020,2035608032.22656
West Bank and Gaza,PSE,2019,2297391113.28125
West Bank and Gaza,PSE,2018,2297173583.98438
West Bank and Gaza,PSE,2017,2147182617.1875
West Bank and Gaza,PSE,2016,2401660644.53125
West Bank and Gaza,PSE,2015,1872209472.65625
West Bank and Gaza,PSE,2014,2487840087.89063
West Bank and Gaza,PSE,2013,2602328369.14063
West Bank and Gaza,PSE,2012,2006103515.625
West Bank and Gaza,PSE,2011,2434742919.92188
West Bank and Gaza,PSE,2010,2418719970.70313
West Bank and Gaza,PSE,2009,2827671386.71875
West Bank and Gaza,PSE,2008,2470080078.125
West Bank and Gaza,PSE,2007,1717109985.35156
West Bank and Gaza,PSE,2006,1360250000.0
West Bank and Gaza,PSE,2005,1015710021.97266
West Bank and Gaza,PSE,2004,1160839965.82031
West Bank and Gaza,PSE,2003,1041839965.82031
West Bank and Gaza,PSE,2002,971609985.351563
West Bank and Gaza,PSE,2001,997590026.855469
West Bank and Gaza,PSE,2000,684500000.0
West Bank and Gaza,PSE,1999,580549987.792969
West Bank and Gaza,PSE,1998,612570007.324219
West Bank and Gaza,PSE,1997,613030029.296875
West Bank and Gaza,PSE,1996,552409973.144531
West Bank and Gaza,PSE,1995,514109985.351563
West Bank and Gaza,PSE,1994,471980010.986328
West Bank and Gaza,PSE,1993,178740005.493164
West Bank and Gaza,PSE,1992,
West Bank and Gaza,PSE,1991,
West Bank and Gaza,PSE,1990,
West Bank and Gaza,PSE,1989,
West Bank and Gaza,PSE,1988,
West Bank and Gaza,PSE,1987,
West Bank and Gaza,PSE,1986,
West Bank and Gaza,PSE,1985,
West Bank and Gaza,PSE,1984,
West Bank and Gaza,PSE,1983,
West Bank and Gaza,PSE,1982,
West Bank and Gaza,PSE,1981,
West Bank and Gaza,PSE,1980,
West Bank and Gaza,PSE,1979,
West Bank and Gaza,PSE,1978,
West Bank and Gaza,PSE,1977,
West Bank and Gaza,PSE,1976,
West Bank and Gaza,PSE,1975,
West Bank and Gaza,PSE,1974,
West Bank and Gaza,PSE,1973,
West Bank and Gaza,PSE,1972,
West Bank and Gaza,PSE,1971,
West Bank and Gaza,PSE,1970,
West Bank and Gaza,PSE,1969,
West Bank and Gaza,PSE,1968,
West Bank and Gaza,PSE,1967,
West Bank and Gaza,PSE,1966,
West Bank and Gaza,PSE,1965,
West Bank and Gaza,PSE,1964,
West Bank and Gaza,PSE,1963,
West Bank and Gaza,PSE,1962,
West Bank and Gaza,PSE,1961,
West Bank and Gaza,PSE,1960,
"Yemen, Rep.",YEM,2025,
"Yemen, Rep.",YEM,2024,
"Yemen, Rep.",YEM,2023,4146491699.21875
"Yemen, Rep.",YEM,2022,3639798339.84375
"Yemen, Rep.",YEM,2021,3906309570.3125
"Yemen, Rep.",YEM,2020,2550778808.59375
"Yemen, Rep.",YEM,2019,3760900146.48438
"Yemen, Rep.",YEM,2018,7985346191.40625
"Yemen, Rep.",YEM,2017,3234009765.625
"Yemen, Rep.",YEM,2016,2301108642.57813
"Yemen, Rep.",YEM,2015,1778408569.33594
"Yemen, Rep.",YEM,2014,1163443969.72656
"Yemen, Rep.",YEM,2013,1039634155.27344
"Yemen, Rep.",YEM,2012,711815246.582031
"Yemen, Rep.",YEM,2011,477552062.988281
"Yemen, Rep.",YEM,2010,458899993.896484
"Yemen, Rep.",YEM,2009,559303771.972656
"Yemen, Rep.",YEM,2008,429116485.595703
"Yemen, Rep.",YEM,2007,242895721.435547
"Yemen, Rep.",YEM,2006,287809753.417969
"Yemen, Rep.",YEM,2005,295996398.925781
"Yemen, Rep.",YEM,2004,266515014.648438
"Yemen, Rep.",YEM,2003,244056671.142578
"Yemen, Rep.",YEM,2002,216503326.416016
"Yemen, Rep.",YEM,2001,371833953.857422
"Yemen, Rep.",YEM,2000,312795288.085938
"Yemen, Rep.",YEM,1999,460833831.787109
"Yemen, Rep.",YEM,1998,394235504.150391
"Yemen, Rep.",YEM,1997,355395843.505859
"Yemen, Rep.",YEM,1996,252270004.272461
"Yemen, Rep.",YEM,1995,171789993.286133
"Yemen, Rep.",YEM,1994,171699996.948242
"Yemen, Rep.",YEM,1993,313739990.234375
"Yemen, Rep.",YEM,1992,253770004.272461
"Yemen, Rep.",YEM,1991,296350006.103516
"Yemen, Rep.",YEM,1990,449829986.572266
"Yemen, Rep.",YEM,1989,374279998.779297
"Yemen, Rep.",YEM,1988,305350006.103516
"Yemen, Rep.",YEM,1987,488700012.207031
"Yemen, Rep.",YEM,1986,345820007.324219
"Yemen, Rep.",YEM,1985,431149993.896484
"Yemen, Rep.",YEM,1984,560099975.585938
"Yemen, Rep.",YEM,1983,436609985.351563
"Yemen, Rep.",YEM,1982,613349975.585938
"Yemen, Rep.",YEM,1981,509779998.779297
"Yemen, Rep.",YEM,1980,574320007.324219
"Yemen, Rep.",YEM,1979,360850006.103516
"Yemen, Rep.",YEM,1978,396920013.427734
"Yemen, Rep.",YEM,1977,446859985.351563
"Yemen, Rep.",YEM,1976,480760009.765625
"Yemen, Rep.",YEM,1975,251380004.882813
"Yemen, Rep.",YEM,1974,181690002.441406
"Yemen, Rep.",YEM,1973,63599998.4741211
"Yemen, Rep.",YEM,1972,51099998.4741211
"Yemen, Rep.",YEM,1971,31850000.3814697
"Yemen, Rep.",YEM,1970,16860000.6103516
"Yemen, Rep.",YEM,1969,4760000.22888184
"Yemen, Rep.",YEM,1968,6199999.80926514
"Yemen, Rep.",YEM,1967,25120000.8392334
"Yemen, Rep.",YEM,1966,38580001.8310547
"Yemen, Rep.",YEM,1965,31540000.9155273
"Yemen, Rep.",YEM,1964,23329999.9237061
"Yemen, Rep.",YEM,1963,21579999.9237061
"Yemen, Rep.",YEM,1962,18079999.9237061
"Yemen, Rep.",YEM,1961,14880000.1144409
"Yemen, Rep.",YEM,1960,14689999.5803833
Zambia,ZMB,2025,
Zambia,ZMB,2024,
Zambia,ZMB,2023,1421932006.83594
Zambia,ZMB,2022,1823696044.92188
Zambia,ZMB,2021,1089042724.60938
Zambia,ZMB,2020,1017031005.85938
Zambia,ZMB,2019,948674255.371094
Zambia,ZMB,2018,1000315490.72266
Zambia,ZMB,2017,1040494506.83594
Zambia,ZMB,2016,966464721.679688
Zambia,ZMB,2015,797681030.273438
Zambia,ZMB,2014,997727722.167969
Zambia,ZMB,2013,1145246337.89063
Zambia,ZMB,2012,957143615.722656
Zambia,ZMB,2011,1033468261.71875
Zambia,ZMB,2010,884969970.703125
Zambia,ZMB,2009,1270815551.75781
Zambia,ZMB,2008,1114702026.36719
Zambia,ZMB,2007,1022490356.44531
Zambia,ZMB,2006,1470271484.375
Zambia,ZMB,2005,1169045898.4375
Zambia,ZMB,2004,1128445190.42969
Zambia,ZMB,2003,770449401.855469
Zambia,ZMB,2002,810729370.117188
Zambia,ZMB,2001,570840026.855469
Zambia,ZMB,2000,794650024.414063
Zambia,ZMB,1999,623211791.992188
Zambia,ZMB,1998,348151824.951172
Zambia,ZMB,1997,609691833.496094
Zambia,ZMB,1996,608059997.558594
Zambia,ZMB,1995,2030670043.94531
Zambia,ZMB,1994,715130004.882813
Zambia,ZMB,1993,866919982.910156
Zambia,ZMB,1992,1030780029.29688
Zambia,ZMB,1991,877969970.703125
Zambia,ZMB,1990,474809997.558594
Zambia,ZMB,1989,366720001.220703
Zambia,ZMB,1988,474779998.779297
Zambia,ZMB,1987,422369995.117188
Zambia,ZMB,1986,451309997.558594
Zambia,ZMB,1985,319290008.544922
Zambia,ZMB,1984,235729995.727539
Zambia,ZMB,1983,214990005.493164
Zambia,ZMB,1982,315489990.234375
Zambia,ZMB,1981,230800003.051758
Zambia,ZMB,1980,317209991.455078
Zambia,ZMB,1979,276709991.455078
Zambia,ZMB,1978,183990005.493164
Zambia,ZMB,1977,107989997.86377
Zambia,ZMB,1976,61610000.6103516
Zambia,ZMB,1975,86199996.9482422
Zambia,ZMB,1974,57099998.4741211
Zambia,ZMB,1973,44909999.8474121
Zambia,ZMB,1972,21520000.4577637
Zambia,ZMB,1971,21389999.3896484
Zambia,ZMB,1970,13239999.7711182
Zambia,ZMB,1969,20250000.0
Zambia,ZMB,1968,30299999.2370605
Zambia,ZMB,1967,61029998.7792969
Zambia,ZMB,1966,29190000.5340576
Zambia,ZMB,1965,10859999.6566772
Zambia,ZMB,1964,20989999.7711182
Zambia,ZMB,1963,5380000.11444092
Zambia,ZMB,1962,5880000.11444092
Zambia,ZMB,1961,910000.026226044
Zambia,ZMB,1960,920000.016689301
Zimbabwe,ZWE,2025,
Zimbabwe,ZWE,2024,
Zimbabwe,ZWE,2023,791534362.792969
Zimbabwe,ZWE,2022,788072509.765625
Zimbabwe,ZWE,2021,987395080.566406
Zimbabwe,ZWE,2020,986309692.382813
Zimbabwe,ZWE,2019,845411254.882813
Zimbabwe,ZWE,2018,794556152.34375
Zimbabwe,ZWE,2017,725825744.628906
Zimbabwe,ZWE,2016,654252685.546875
Zimbabwe,ZWE,2015,788286560.058594
Zimbabwe,ZWE,2014,760574096.679688
Zimbabwe,ZWE,2013,827539184.570313
Zimbabwe,ZWE,2012,1001593200.68359
Zimbabwe,ZWE,2011,722580017.089844
Zimbabwe,ZWE,2010,714890014.648438
Zimbabwe,ZWE,2009,736547668.457031
Zimbabwe,ZWE,2008,612747680.664063
Zimbabwe,ZWE,2007,477457672.119141
Zimbabwe,ZWE,2006,278239990.234375
Zimbabwe,ZWE,2005,372938171.386719
Zimbabwe,ZWE,2004,187298171.99707
Zimbabwe,ZWE,2003,186924835.205078
Zimbabwe,ZWE,2002,199126663.208008
Zimbabwe,ZWE,2001,160211669.921875
Zimbabwe,ZWE,2000,175639999.389648
Zimbabwe,ZWE,1999,244631011.962891
Zimbabwe,ZWE,1998,261341033.935547
Zimbabwe,ZWE,1997,336641021.728516
Zimbabwe,ZWE,1996,371760009.765625
Zimbabwe,ZWE,1995,491500000.0
Zimbabwe,ZWE,1994,561380004.882813
Zimbabwe,ZWE,1993,499315002.441406
Zimbabwe,ZWE,1992,790179992.675781
Zimbabwe,ZWE,1991,388679992.675781
Zimbabwe,ZWE,1990,334260009.765625
Zimbabwe,ZWE,1989,260910003.662109
Zimbabwe,ZWE,1988,270160003.662109
Zimbabwe,ZWE,1987,291179992.675781
Zimbabwe,ZWE,1986,222940002.441406
Zimbabwe,ZWE,1985,235300003.051758
Zimbabwe,ZWE,1984,296799987.792969
Zimbabwe,ZWE,1983,207449996.948242
Zimbabwe,ZWE,1982,213380004.882813
Zimbabwe,ZWE,1981,174669998.168945
Zimbabwe,ZWE,1980,160639999.389648
Zimbabwe,ZWE,1979,12489999.7711182
Zimbabwe,ZWE,1978,9220000.26702881
Zimbabwe,ZWE,1977,6690000.05722046
Zimbabwe,ZWE,1976,6269999.98092651
Zimbabwe,ZWE,1975,4030000.20980835
Zimbabwe,ZWE,1974,1580000.04291534
Zimbabwe,ZWE,1973,850000.023841858
Zimbabwe,ZWE,1972,829999.983310699
Zimbabwe,ZWE,1971,649999.976158142
Zimbabwe,ZWE,1970,589999.973773956
Zimbabwe,ZWE,1969,649999.976158142
Zimbabwe,ZWE,1968,2099999.90463257
Zimbabwe,ZWE,1967,379999.995231628
Zimbabwe,ZWE,1966,400000.005960464
Zimbabwe,ZWE,1965,3720000.02861023
Zimbabwe,ZWE,1964,4570000.17166138
Zimbabwe,ZWE,1963,10859999.6566772
Zimbabwe,ZWE,1962,
Zimbabwe,ZWE,1961,9999.99977648258
Zimbabwe,ZWE,1960,
