country,iso3,year,value
Africa Eastern and Southern,AFE,2025,
Africa Eastern and Southern,AFE,2024,
Africa Eastern and Southern,AFE,2023,
Africa Eastern and Southern,AFE,2022,
Africa Eastern and Southern,AFE,2021,3.19657615035435
Africa Eastern and Southern,AFE,2020,4.03292295893548
Africa Eastern and Southern,AFE,2019,2.90671775329328
Africa Eastern and Southern,AFE,2018,2.78029869944912
Africa Eastern and Southern,AFE,2017,2.93227986510251
Africa Eastern and Southern,AFE,2016,3.08861299592705
Africa Eastern and Southern,AFE,2015,2.89260220893621
Africa Eastern and Southern,AFE,2014,2.68794429834436
Africa Eastern and Southern,AFE,2013,3.09470510114911
Africa Eastern and Southern,AFE,2012,2.80593616795638
Africa Eastern and Southern,AFE,2011,3.10652694174968
Africa Eastern and Southern,AFE,2010,3.02612728517486
Africa Eastern and Southern,AFE,2009,3.60315161341748
Africa Eastern and Southern,AFE,2008,3.45386568770803
Africa Eastern and Southern,AFE,2007,3.19125153007545
Africa Eastern and Southern,AFE,2006,3.28088785011155
Africa Eastern and Southern,AFE,2005,3.27595830227843
Africa Eastern and Southern,AFE,2004,3.78603162470549
Africa Eastern and Southern,AFE,2003,4.80154153899052
Africa Eastern and Southern,AFE,2002,4.42611787065747
Africa Eastern and Southern,AFE,2001,3.42354748066117
Africa Eastern and Southern,AFE,2000,2.91111002834265
Africa Eastern and Southern,AFE,1999,2.94840556130084
Africa Eastern and Southern,AFE,1998,2.97751272658506
Africa Eastern and Southern,AFE,1997,2.8991967040852
Africa Eastern and Southern,AFE,1996,3.13692820774197
Africa Eastern and Southern,AFE,1995,4.11960772880704
Africa Eastern and Southern,AFE,1994,4.4604358406694
Africa Eastern and Southern,AFE,1993,4.50520458943811
Africa Eastern and Southern,AFE,1992,5.03579287659442
Africa Eastern and Southern,AFE,1991,3.92568832369
Africa Eastern and Southern,AFE,1990,4.33444064481521
Africa Eastern and Southern,AFE,1989,4.01396885899743
Africa Eastern and Southern,AFE,1988,4.35385728860323
Africa Eastern and Southern,AFE,1987,4.19451639367984
Africa Eastern and Southern,AFE,1986,4.11171580629714
Africa Eastern and Southern,AFE,1985,3.84306177753497
Africa Eastern and Southern,AFE,1984,2.78146454345592
Africa Eastern and Southern,AFE,1983,2.59557847459474
Africa Eastern and Southern,AFE,1982,2.78072663914279
Africa Eastern and Southern,AFE,1981,2.51438396912646
Africa Eastern and Southern,AFE,1980,2.68742426100949
Africa Eastern and Southern,AFE,1979,2.77208219128891
Africa Eastern and Southern,AFE,1978,2.28261441776448
Africa Eastern and Southern,AFE,1977,1.98351186209184
Africa Eastern and Southern,AFE,1976,1.80360822905808
Africa Eastern and Southern,AFE,1975,2.00806566219262
Africa Eastern and Southern,AFE,1974,1.44241877480026
Africa Eastern and Southern,AFE,1973,1.12114833519566
Africa Eastern and Southern,AFE,1972,1.23603948867778
Africa Eastern and Southern,AFE,1971,1.0986930086369
Africa Eastern and Southern,AFE,1970,1.05064545538488
Africa Eastern and Southern,AFE,1969,
Africa Eastern and Southern,AFE,1968,
Africa Eastern and Southern,AFE,1967,
Africa Eastern and Southern,AFE,1966,
Africa Eastern and Southern,AFE,1965,
Africa Eastern and Southern,AFE,1964,
Africa Eastern and Southern,AFE,1963,
Africa Eastern and Southern,AFE,1962,
Africa Eastern and Southern,AFE,1961,
Africa Eastern and Southern,AFE,1960,
Africa Western and Central,AFW,2025,
Africa Western and Central,AFW,2024,
Africa Western and Central,AFW,2023,
Africa Western and Central,AFW,2022,
Africa Western and Central,AFW,2021,1.90937544359746
Africa Western and Central,AFW,2020,2.37734254925945
Africa Western and Central,AFW,2019,1.76096629067543
Africa Western and Central,AFW,2018,2.2436813846579
Africa Western and Central,AFW,2017,2.36500483403267
Africa Western and Central,AFW,2016,2.02258685120006
Africa Western and Central,AFW,2015,1.93824775978021
Africa Western and Central,AFW,2014,1.69317043585277
Africa Western and Central,AFW,2013,1.78243334955354
Africa Western and Central,AFW,2012,2.21624589615732
Africa Western and Central,AFW,2011,2.21219672968074
Africa Western and Central,AFW,2010,2.72092129534301
Africa Western and Central,AFW,2009,2.95105784458305
Africa Western and Central,AFW,2008,2.3319850027714
Africa Western and Central,AFW,2007,
Africa Western and Central,AFW,2006,
Africa Western and Central,AFW,2005,
Africa Western and Central,AFW,2004,
Africa Western and Central,AFW,2003,
Africa Western and Central,AFW,2002,
Africa Western and Central,AFW,2001,
Africa Western and Central,AFW,2000,
Africa Western and Central,AFW,1999,
Africa Western and Central,AFW,1998,
Africa Western and Central,AFW,1997,
Africa Western and Central,AFW,1996,
Africa Western and Central,AFW,1995,
Africa Western and Central,AFW,1994,
Africa Western and Central,AFW,1993,
Africa Western and Central,AFW,1992,
Africa Western and Central,AFW,1991,
Africa Western and Central,AFW,1990,
Africa Western and Central,AFW,1989,
Africa Western and Central,AFW,1988,
Africa Western and Central,AFW,1987,
Africa Western and Central,AFW,1986,
Africa Western and Central,AFW,1985,
Africa Western and Central,AFW,1984,
Africa Western and Central,AFW,1983,
Africa Western and Central,AFW,1982,
Africa Western and Central,AFW,1981,
Africa Western and Central,AFW,1980,
Africa Western and Central,AFW,1979,
Africa Western and Central,AFW,1978,
Africa Western and Central,AFW,1977,
Africa Western and Central,AFW,1976,
Africa Western and Central,AFW,1975,
Africa Western and Central,AFW,1974,
Africa Western and Central,AFW,1973,
Africa Western and Central,AFW,1972,
Africa Western and Central,AFW,1971,
Africa Western and Central,AFW,1970,
Africa Western and Central,AFW,1969,
Africa Western and Central,AFW,1968,
Africa Western and Central,AFW,1967,
Africa Western and Central,AFW,1966,
Africa Western and Central,AFW,1965,
Africa Western and Central,AFW,1964,
Africa Western and Central,AFW,1963,
Africa Western and Central,AFW,1962,
Africa Western and Central,AFW,1961,
Africa Western and Central,AFW,1960,
Arab World,ARB,2025,
Arab World,ARB,2024,
Arab World,ARB,2023,
Arab World,ARB,2022,
Arab World,ARB,2021,1.30047386490837
Arab World,ARB,2020,1.26207363338176
Arab World,ARB,2019,1.01491533315764
Arab World,ARB,2018,1.16169669901296
Arab World,ARB,2017,1.14158701595275
Arab World,ARB,2016,1.08780439068522
Arab World,ARB,2015,0.799148553076413
Arab World,ARB,2014,0.757334915704444
Arab World,ARB,2013,0.780344563082863
Arab World,ARB,2012,0.538040342404972
Arab World,ARB,2011,0.534474089423752
Arab World,ARB,2010,0.57314963510119
Arab World,ARB,2009,0.78352973173887
Arab World,ARB,2008,1.06798516988632
Arab World,ARB,2007,1.12672956703077
Arab World,ARB,2006,1.21352350949926
Arab World,ARB,2005,2.43440615326505
Arab World,ARB,2004,1.18729363686401
Arab World,ARB,2003,1.10534533629135
Arab World,ARB,2002,0.714494558696097
Arab World,ARB,2001,0.733127040811261
Arab World,ARB,2000,0.662370094402789
Arab World,ARB,1999,0.831945837939802
Arab World,ARB,1998,1.06757673583104
Arab World,ARB,1997,0.949869770181568
Arab World,ARB,1996,1.10406741120957
Arab World,ARB,1995,1.13119244623205
Arab World,ARB,1994,1.53796800997859
Arab World,ARB,1993,1.52654071972208
Arab World,ARB,1992,1.75508932214025
Arab World,ARB,1991,2.45772450540928
Arab World,ARB,1990,1.96381527431229
Arab World,ARB,1989,1.0961423389756
Arab World,ARB,1988,1.20982489108282
Arab World,ARB,1987,1.54468204690142
Arab World,ARB,1986,1.54954730647248
Arab World,ARB,1985,1.53182604640448
Arab World,ARB,1984,1.34807591268915
Arab World,ARB,1983,1.44941646660465
Arab World,ARB,1982,1.59254439438331
Arab World,ARB,1981,1.78110320399195
Arab World,ARB,1980,1.89294758908619
Arab World,ARB,1979,2.18365908571826
Arab World,ARB,1978,2.53968527083357
Arab World,ARB,1977,2.8509697117042
Arab World,ARB,1976,2.77833819806335
Arab World,ARB,1975,3.30250040289424
Arab World,ARB,1974,2.54474184971882
Arab World,ARB,1973,2.84129696897469
Arab World,ARB,1972,1.44636855348899
Arab World,ARB,1971,1.48938088869033
Arab World,ARB,1970,1.71687187637437
Arab World,ARB,1969,
Arab World,ARB,1968,
Arab World,ARB,1967,
Arab World,ARB,1966,
Arab World,ARB,1965,
Arab World,ARB,1964,
Arab World,ARB,1963,
Arab World,ARB,1962,
Arab World,ARB,1961,
Arab World,ARB,1960,
Caribbean small states,CSS,2025,
Caribbean small states,CSS,2024,
Caribbean small states,CSS,2023,
Caribbean small states,CSS,2022,
Caribbean small states,CSS,2021,1.15264135232649
Caribbean small states,CSS,2020,1.07576626645867
Caribbean small states,CSS,2019,0.847065950470156
Caribbean small states,CSS,2018,0.607735275003614
Caribbean small states,CSS,2017,0.395853080204365
Caribbean small states,CSS,2016,0.338420240769043
Caribbean small states,CSS,2015,0.327591829808013
Caribbean small states,CSS,2014,0.646214022840132
Caribbean small states,CSS,2013,0.592840426427067
Caribbean small states,CSS,2012,0.527706642348899
Caribbean small states,CSS,2011,0.688986336410891
Caribbean small states,CSS,2010,1.07021801347185
Caribbean small states,CSS,2009,1.34100389902552
Caribbean small states,CSS,2008,0.905960276276025
Caribbean small states,CSS,2007,0.959363654905006
Caribbean small states,CSS,2006,0.779671772576479
Caribbean small states,CSS,2005,0.817447203773329
Caribbean small states,CSS,2004,0.875878810211936
Caribbean small states,CSS,2003,0.551816726922957
Caribbean small states,CSS,2002,0.850449867373975
Caribbean small states,CSS,2001,0.941246151636545
Caribbean small states,CSS,2000,0.78831201397255
Caribbean small states,CSS,1999,0.999460230322748
Caribbean small states,CSS,1998,1.31112487147039
Caribbean small states,CSS,1997,2.64057574462298
Caribbean small states,CSS,1996,2.55347203675926
Caribbean small states,CSS,1995,2.87341365647184
Caribbean small states,CSS,1994,2.89267780003392
Caribbean small states,CSS,1993,2.90246690497074
Caribbean small states,CSS,1992,2.90295061400884
Caribbean small states,CSS,1991,3.4418834791727
Caribbean small states,CSS,1990,4.91134866708191
Caribbean small states,CSS,1989,4.03992942235156
Caribbean small states,CSS,1988,2.97533181501561
Caribbean small states,CSS,1987,2.95837033680236
Caribbean small states,CSS,1986,2.98153901419083
Caribbean small states,CSS,1985,2.22447495115828
Caribbean small states,CSS,1984,2.07812885304812
Caribbean small states,CSS,1983,2.05575882553997
Caribbean small states,CSS,1982,2.80926386694434
Caribbean small states,CSS,1981,3.1462366830808
Caribbean small states,CSS,1980,2.88017717209561
Caribbean small states,CSS,1979,3.65513215973178
Caribbean small states,CSS,1978,3.9326588211248
Caribbean small states,CSS,1977,2.94527280169882
Caribbean small states,CSS,1976,4.00363988325787
Caribbean small states,CSS,1975,2.5921367780701
Caribbean small states,CSS,1974,2.99787376532162
Caribbean small states,CSS,1973,2.16357081422954
Caribbean small states,CSS,1972,2.9706317075428
Caribbean small states,CSS,1971,3.25746190628256
Caribbean small states,CSS,1970,3.12176416060673
Caribbean small states,CSS,1969,
Caribbean small states,CSS,1968,
Caribbean small states,CSS,1967,
Caribbean small states,CSS,1966,
Caribbean small states,CSS,1965,
Caribbean small states,CSS,1964,
Caribbean small states,CSS,1963,
Caribbean small states,CSS,1962,
Caribbean small states,CSS,1961,
Caribbean small states,CSS,1960,
Central Europe and the Baltics,CEB,2025,
Central Europe and the Baltics,CEB,2024,
Central Europe and the Baltics,CEB,2023,
Central Europe and the Baltics,CEB,2022,
Central Europe and the Baltics,CEB,2021,
Central Europe and the Baltics,CEB,2020,
Central Europe and the Baltics,CEB,2019,
Central Europe and the Baltics,CEB,2018,
Central Europe and the Baltics,CEB,2017,
Central Europe and the Baltics,CEB,2016,
Central Europe and the Baltics,CEB,2015,
Central Europe and the Baltics,CEB,2014,
Central Europe and the Baltics,CEB,2013,
Central Europe and the Baltics,CEB,2012,
Central Europe and the Baltics,CEB,2011,
Central Europe and the Baltics,CEB,2010,0.0103291318193684
Central Europe and the Baltics,CEB,2009,0.0135036212990506
Central Europe and the Baltics,CEB,2008,0.0163068575329861
Central Europe and the Baltics,CEB,2007,0.0134781556138968
Central Europe and the Baltics,CEB,2006,0.0203684912748321
Central Europe and the Baltics,CEB,2005,0.0143693599612808
Central Europe and the Baltics,CEB,2004,0.0162642235287009
Central Europe and the Baltics,CEB,2003,0.0194845347886287
Central Europe and the Baltics,CEB,2002,0.0353440101614908
Central Europe and the Baltics,CEB,2001,0.0513923934617686
Central Europe and the Baltics,CEB,2000,0.0298514233735188
Central Europe and the Baltics,CEB,1999,0.0185321918450592
Central Europe and the Baltics,CEB,1998,0.0178936612549357
Central Europe and the Baltics,CEB,1997,0.0339408974440588
Central Europe and the Baltics,CEB,1996,0.0523550108343193
Central Europe and the Baltics,CEB,1995,0.0271718908944367
Central Europe and the Baltics,CEB,1994,0.0465059573850905
Central Europe and the Baltics,CEB,1993,0.00266930887853674
Central Europe and the Baltics,CEB,1992,4.00097179317867e-06
Central Europe and the Baltics,CEB,1991,
Central Europe and the Baltics,CEB,1990,
Central Europe and the Baltics,CEB,1989,
Central Europe and the Baltics,CEB,1988,
Central Europe and the Baltics,CEB,1987,
Central Europe and the Baltics,CEB,1986,
Central Europe and the Baltics,CEB,1985,
Central Europe and the Baltics,CEB,1984,
Central Europe and the Baltics,CEB,1983,
Central Europe and the Baltics,CEB,1982,
Central Europe and the Baltics,CEB,1981,
Central Europe and the Baltics,CEB,1980,
Central Europe and the Baltics,CEB,1979,
Central Europe and the Baltics,CEB,1978,
Central Europe and the Baltics,CEB,1977,
Central Europe and the Baltics,CEB,1976,
Central Europe and the Baltics,CEB,1975,
Central Europe and the Baltics,CEB,1974,
Central Europe and the Baltics,CEB,1973,
Central Europe and the Baltics,CEB,1972,
Central Europe and the Baltics,CEB,1971,
Central Europe and the Baltics,CEB,1970,
Central Europe and the Baltics,CEB,1969,
Central Europe and the Baltics,CEB,1968,
Central Europe and the Baltics,CEB,1967,
Central Europe and the Baltics,CEB,1966,
Central Europe and the Baltics,CEB,1965,
Central Europe and the Baltics,CEB,1964,
Central Europe and the Baltics,CEB,1963,
Central Europe and the Baltics,CEB,1962,
Central Europe and the Baltics,CEB,1961,
Central Europe and the Baltics,CEB,1960,
Early-demographic dividend,EAR,2025,
Early-demographic dividend,EAR,2024,
Early-demographic dividend,EAR,2023,
Early-demographic dividend,EAR,2022,
Early-demographic dividend,EAR,2021,0.533879592555682
Early-demographic dividend,EAR,2020,0.591837777571901
Early-demographic dividend,EAR,2019,0.466103690383082
Early-demographic dividend,EAR,2018,0.511716848818553
Early-demographic dividend,EAR,2017,0.475722991947877
Early-demographic dividend,EAR,2016,0.494375268075784
Early-demographic dividend,EAR,2015,0.453029292027303
Early-demographic dividend,EAR,2014,0.443665947498162
Early-demographic dividend,EAR,2013,0.472752828834715
Early-demographic dividend,EAR,2012,0.354283179688788
Early-demographic dividend,EAR,2011,0.38748817163822
Early-demographic dividend,EAR,2010,0.404886176765404
Early-demographic dividend,EAR,2009,0.456185017954323
Early-demographic dividend,EAR,2008,0.411934004853548
Early-demographic dividend,EAR,2007,0.375853120950484
Early-demographic dividend,EAR,2006,0.417250676724548
Early-demographic dividend,EAR,2005,0.489883249257339
Early-demographic dividend,EAR,2004,0.492983012080621
Early-demographic dividend,EAR,2003,0.564987145387795
Early-demographic dividend,EAR,2002,0.594118375507623
Early-demographic dividend,EAR,2001,0.582038317917071
Early-demographic dividend,EAR,2000,0.495524945142799
Early-demographic dividend,EAR,1999,0.593698383068168
Early-demographic dividend,EAR,1998,0.620369068752717
Early-demographic dividend,EAR,1997,0.557816470693525
Early-demographic dividend,EAR,1996,0.77771166060645
Early-demographic dividend,EAR,1995,0.804479370528529
Early-demographic dividend,EAR,1994,0.959847961720164
Early-demographic dividend,EAR,1993,0.914732157669132
Early-demographic dividend,EAR,1992,1.16330710757977
Early-demographic dividend,EAR,1991,1.41693930231553
Early-demographic dividend,EAR,1990,1.38668653369799
Early-demographic dividend,EAR,1989,1.11797857715958
Early-demographic dividend,EAR,1988,1.13771429484089
Early-demographic dividend,EAR,1987,1.16864505971823
Early-demographic dividend,EAR,1986,1.15261365507175
Early-demographic dividend,EAR,1985,1.00866788286726
Early-demographic dividend,EAR,1984,0.955294350324203
Early-demographic dividend,EAR,1983,0.972679286212087
Early-demographic dividend,EAR,1982,1.01703843289109
Early-demographic dividend,EAR,1981,1.01421267004903
Early-demographic dividend,EAR,1980,1.26093378995294
Early-demographic dividend,EAR,1979,1.32130207588669
Early-demographic dividend,EAR,1978,1.27171943761094
Early-demographic dividend,EAR,1977,1.26696806237616
Early-demographic dividend,EAR,1976,1.49315283436156
Early-demographic dividend,EAR,1975,1.59598998559601
Early-demographic dividend,EAR,1974,1.20324011240228
Early-demographic dividend,EAR,1973,1.22898752517603
Early-demographic dividend,EAR,1972,1.02422959771765
Early-demographic dividend,EAR,1971,1.14703191326064
Early-demographic dividend,EAR,1970,1.12126548514493
Early-demographic dividend,EAR,1969,
Early-demographic dividend,EAR,1968,
Early-demographic dividend,EAR,1967,
Early-demographic dividend,EAR,1966,
Early-demographic dividend,EAR,1965,
Early-demographic dividend,EAR,1964,
Early-demographic dividend,EAR,1963,
Early-demographic dividend,EAR,1962,
Early-demographic dividend,EAR,1961,
Early-demographic dividend,EAR,1960,
East Asia & Pacific,EAS,2025,
East Asia & Pacific,EAS,2024,
East Asia & Pacific,EAS,2023,0.0342086143668506
East Asia & Pacific,EAS,2022,0.0307476024862629
East Asia & Pacific,EAS,2021,0.0334787950032683
East Asia & Pacific,EAS,2020,0.0461975670826524
East Asia & Pacific,EAS,2019,0.0259622909709476
East Asia & Pacific,EAS,2018,0.0308204862369719
East Asia & Pacific,EAS,2017,0.0340158466416875
East Asia & Pacific,EAS,2016,0.0333682325543627
East Asia & Pacific,EAS,2015,0.0381518844054706
East Asia & Pacific,EAS,2014,0.0422235513680716
East Asia & Pacific,EAS,2013,0.0554162537504767
East Asia & Pacific,EAS,2012,0.0413320223625137
East Asia & Pacific,EAS,2011,0.0374678613234437
East Asia & Pacific,EAS,2010,0.0494887101707615
East Asia & Pacific,EAS,2009,0.0640335404258313
East Asia & Pacific,EAS,2008,0.0584496081518103
East Asia & Pacific,EAS,2007,0.0665741196705671
East Asia & Pacific,EAS,2006,0.0675437814165713
East Asia & Pacific,EAS,2005,0.0881294663355789
East Asia & Pacific,EAS,2004,0.0678667492554864
East Asia & Pacific,EAS,2003,0.0773236981179127
East Asia & Pacific,EAS,2002,0.0877102558941024
East Asia & Pacific,EAS,2001,0.090178780191968
East Asia & Pacific,EAS,2000,0.0976709443140099
East Asia & Pacific,EAS,1999,0.130651221022247
East Asia & Pacific,EAS,1998,0.125606715274606
East Asia & Pacific,EAS,1997,0.0910297010875578
East Asia & Pacific,EAS,1996,0.103618897648989
East Asia & Pacific,EAS,1995,0.123652479306284
East Asia & Pacific,EAS,1994,0.13293495909578
East Asia & Pacific,EAS,1993,0.145486424783893
East Asia & Pacific,EAS,1992,0.170967967307786
East Asia & Pacific,EAS,1991,0.143721668130275
East Asia & Pacific,EAS,1990,0.167334647644097
East Asia & Pacific,EAS,1989,0.161695354354718
East Asia & Pacific,EAS,1988,0.161539148931025
East Asia & Pacific,EAS,1987,0.168785898600605
East Asia & Pacific,EAS,1986,0.166950920725552
East Asia & Pacific,EAS,1985,0.17358949396013
East Asia & Pacific,EAS,1984,0.18244209600551
East Asia & Pacific,EAS,1983,0.191606208417019
East Asia & Pacific,EAS,1982,0.20110577926315
East Asia & Pacific,EAS,1981,0.21907941091893
East Asia & Pacific,EAS,1980,0.215841574966192
East Asia & Pacific,EAS,1979,0.205955023270603
East Asia & Pacific,EAS,1978,0.189934532545225
East Asia & Pacific,EAS,1977,0.182139042956207
East Asia & Pacific,EAS,1976,0.213777483344188
East Asia & Pacific,EAS,1975,0.266782631624517
East Asia & Pacific,EAS,1974,0.336103892878029
East Asia & Pacific,EAS,1973,0.325434696645197
East Asia & Pacific,EAS,1972,0.408543511437607
East Asia & Pacific,EAS,1971,0.449655781168248
East Asia & Pacific,EAS,1970,0.432079136323385
East Asia & Pacific,EAS,1969,0.479548678518895
East Asia & Pacific,EAS,1968,0.493960502535155
East Asia & Pacific,EAS,1967,0.528801770917627
East Asia & Pacific,EAS,1966,0.502555006690105
East Asia & Pacific,EAS,1965,0.468604232163242
East Asia & Pacific,EAS,1964,0.388936323239255
East Asia & Pacific,EAS,1963,0.504419386375976
East Asia & Pacific,EAS,1962,0.551326432461021
East Asia & Pacific,EAS,1961,0.53460027270546
East Asia & Pacific,EAS,1960,0.569279388976124
East Asia & Pacific (excluding high income),EAP,2025,
East Asia & Pacific (excluding high income),EAP,2024,
East Asia & Pacific (excluding high income),EAP,2023,0.0500313188579032
East Asia & Pacific (excluding high income),EAP,2022,0.0449551473305483
East Asia & Pacific (excluding high income),EAP,2021,0.0504442982059667
East Asia & Pacific (excluding high income),EAP,2020,0.0722204131597731
East Asia & Pacific (excluding high income),EAP,2019,0.0409765644203073
East Asia & Pacific (excluding high income),EAP,2018,0.0493171065253914
East Asia & Pacific (excluding high income),EAP,2017,0.0559087892065261
East Asia & Pacific (excluding high income),EAP,2016,0.056157574419142
East Asia & Pacific (excluding high income),EAP,2015,0.0633560702744317
East Asia & Pacific (excluding high income),EAP,2014,0.0731677167396172
East Asia & Pacific (excluding high income),EAP,2013,0.100695473799685
East Asia & Pacific (excluding high income),EAP,2012,0.0817380515295551
East Asia & Pacific (excluding high income),EAP,2011,0.0774519826067244
East Asia & Pacific (excluding high income),EAP,2010,0.107597265724038
East Asia & Pacific (excluding high income),EAP,2009,0.144922847997307
East Asia & Pacific (excluding high income),EAP,2008,0.139119229377913
East Asia & Pacific (excluding high income),EAP,2007,0.174597298988809
East Asia & Pacific (excluding high income),EAP,2006,0.200971125500407
East Asia & Pacific (excluding high income),EAP,2005,0.298478855451034
East Asia & Pacific (excluding high income),EAP,2004,0.249112743067559
East Asia & Pacific (excluding high income),EAP,2003,0.293798452059352
East Asia & Pacific (excluding high income),EAP,2002,0.343252177213757
East Asia & Pacific (excluding high income),EAP,2001,0.386175308991102
East Asia & Pacific (excluding high income),EAP,2000,0.479167578904093
East Asia & Pacific (excluding high income),EAP,1999,0.650783217104663
East Asia & Pacific (excluding high income),EAP,1998,0.616274793572377
East Asia & Pacific (excluding high income),EAP,1997,0.456402207587683
East Asia & Pacific (excluding high income),EAP,1996,0.563275913368499
East Asia & Pacific (excluding high income),EAP,1995,0.801485656270336
East Asia & Pacific (excluding high income),EAP,1994,0.930747630795166
East Asia & Pacific (excluding high income),EAP,1993,1.10230541257678
East Asia & Pacific (excluding high income),EAP,1992,1.26538663075601
East Asia & Pacific (excluding high income),EAP,1991,1.09055938089731
East Asia & Pacific (excluding high income),EAP,1990,1.22375680315345
East Asia & Pacific (excluding high income),EAP,1989,1.21360512685002
East Asia & Pacific (excluding high income),EAP,1988,1.2932547140285
East Asia & Pacific (excluding high income),EAP,1987,1.27605933299512
East Asia & Pacific (excluding high income),EAP,1986,1.04057046814535
East Asia & Pacific (excluding high income),EAP,1985,0.806386156999456
East Asia & Pacific (excluding high income),EAP,1984,0.875422515088722
East Asia & Pacific (excluding high income),EAP,1983,0.92753693674578
East Asia & Pacific (excluding high income),EAP,1982,0.958389059813905
East Asia & Pacific (excluding high income),EAP,1981,1.11951927331154
East Asia & Pacific (excluding high income),EAP,1980,1.06689639855868
East Asia & Pacific (excluding high income),EAP,1979,1.08920341614056
East Asia & Pacific (excluding high income),EAP,1978,1.07023696558223
East Asia & Pacific (excluding high income),EAP,1977,0.785954051427582
East Asia & Pacific (excluding high income),EAP,1976,0.891997059228349
East Asia & Pacific (excluding high income),EAP,1975,1.02967991988909
East Asia & Pacific (excluding high income),EAP,1974,1.33010299461109
East Asia & Pacific (excluding high income),EAP,1973,1.26649324393643
East Asia & Pacific (excluding high income),EAP,1972,1.51561799392332
East Asia & Pacific (excluding high income),EAP,1971,1.52455496748028
East Asia & Pacific (excluding high income),EAP,1970,1.41495771241579
East Asia & Pacific (excluding high income),EAP,1969,1.51754937152272
East Asia & Pacific (excluding high income),EAP,1968,1.52472054347432
East Asia & Pacific (excluding high income),EAP,1967,1.49351835839733
East Asia & Pacific (excluding high income),EAP,1966,1.26934439565853
East Asia & Pacific (excluding high income),EAP,1965,1.15795485263616
East Asia & Pacific (excluding high income),EAP,1964,1.00558491109943
East Asia & Pacific (excluding high income),EAP,1963,1.31173775460975
East Asia & Pacific (excluding high income),EAP,1962,1.39160522825397
East Asia & Pacific (excluding high income),EAP,1961,1.20328285440386
East Asia & Pacific (excluding high income),EAP,1960,1.12087631302284
East Asia & Pacific (IDA & IBRD countries),TEA,2025,
East Asia & Pacific (IDA & IBRD countries),TEA,2024,
East Asia & Pacific (IDA & IBRD countries),TEA,2023,
East Asia & Pacific (IDA & IBRD countries),TEA,2022,
East Asia & Pacific (IDA & IBRD countries),TEA,2021,0.0434953799362988
East Asia & Pacific (IDA & IBRD countries),TEA,2020,0.0662486970032719
East Asia & Pacific (IDA & IBRD countries),TEA,2019,0.035563444426413
East Asia & Pacific (IDA & IBRD countries),TEA,2018,0.0445301378033658
East Asia & Pacific (IDA & IBRD countries),TEA,2017,0.0499022533012413
East Asia & Pacific (IDA & IBRD countries),TEA,2016,0.0509375558286187
East Asia & Pacific (IDA & IBRD countries),TEA,2015,0.0573194732231567
East Asia & Pacific (IDA & IBRD countries),TEA,2014,0.0667485919242275
East Asia & Pacific (IDA & IBRD countries),TEA,2013,0.0938500841499305
East Asia & Pacific (IDA & IBRD countries),TEA,2012,0.0746181013154174
East Asia & Pacific (IDA & IBRD countries),TEA,2011,0.0680705721330017
East Asia & Pacific (IDA & IBRD countries),TEA,2010,0.109818011426295
East Asia & Pacific (IDA & IBRD countries),TEA,2009,0.135486554530444
East Asia & Pacific (IDA & IBRD countries),TEA,2008,0.123403267919965
East Asia & Pacific (IDA & IBRD countries),TEA,2007,0.162103087408636
East Asia & Pacific (IDA & IBRD countries),TEA,2006,0.187424095761903
East Asia & Pacific (IDA & IBRD countries),TEA,2005,0.275080755329719
East Asia & Pacific (IDA & IBRD countries),TEA,2004,0.229109850737772
East Asia & Pacific (IDA & IBRD countries),TEA,2003,0.276717319265976
East Asia & Pacific (IDA & IBRD countries),TEA,2002,0.322292682217552
East Asia & Pacific (IDA & IBRD countries),TEA,2001,0.371061358002725
East Asia & Pacific (IDA & IBRD countries),TEA,2000,0.462473701623726
East Asia & Pacific (IDA & IBRD countries),TEA,1999,0.582590552678615
East Asia & Pacific (IDA & IBRD countries),TEA,1998,0.547585980605239
East Asia & Pacific (IDA & IBRD countries),TEA,1997,0.402630833418781
East Asia & Pacific (IDA & IBRD countries),TEA,1996,0.503952683918735
East Asia & Pacific (IDA & IBRD countries),TEA,1995,0.706786684896143
East Asia & Pacific (IDA & IBRD countries),TEA,1994,0.836644019591469
East Asia & Pacific (IDA & IBRD countries),TEA,1993,0.986365742627982
East Asia & Pacific (IDA & IBRD countries),TEA,1992,1.16228391245089
East Asia & Pacific (IDA & IBRD countries),TEA,1991,0.96494355760443
East Asia & Pacific (IDA & IBRD countries),TEA,1990,1.08168392456969
East Asia & Pacific (IDA & IBRD countries),TEA,1989,1.03860788663333
East Asia & Pacific (IDA & IBRD countries),TEA,1988,1.11978658959392
East Asia & Pacific (IDA & IBRD countries),TEA,1987,1.07920820919475
East Asia & Pacific (IDA & IBRD countries),TEA,1986,0.878463884386316
East Asia & Pacific (IDA & IBRD countries),TEA,1985,0.695129596957176
East Asia & Pacific (IDA & IBRD countries),TEA,1984,0.753066438846259
East Asia & Pacific (IDA & IBRD countries),TEA,1983,0.787707361330891
East Asia & Pacific (IDA & IBRD countries),TEA,1982,0.80918371573127
East Asia & Pacific (IDA & IBRD countries),TEA,1981,0.901169625472658
East Asia & Pacific (IDA & IBRD countries),TEA,1980,0.880524304727178
East Asia & Pacific (IDA & IBRD countries),TEA,1979,0.892376419968913
East Asia & Pacific (IDA & IBRD countries),TEA,1978,0.842267177855445
East Asia & Pacific (IDA & IBRD countries),TEA,1977,0.578063178343968
East Asia & Pacific (IDA & IBRD countries),TEA,1976,0.697023024698001
East Asia & Pacific (IDA & IBRD countries),TEA,1975,0.811083929718584
East Asia & Pacific (IDA & IBRD countries),TEA,1974,1.11234746834119
East Asia & Pacific (IDA & IBRD countries),TEA,1973,1.01047149107865
East Asia & Pacific (IDA & IBRD countries),TEA,1972,1.14689490352591
East Asia & Pacific (IDA & IBRD countries),TEA,1971,1.15883200980437
East Asia & Pacific (IDA & IBRD countries),TEA,1970,1.06629171025327
East Asia & Pacific (IDA & IBRD countries),TEA,1969,
East Asia & Pacific (IDA & IBRD countries),TEA,1968,
East Asia & Pacific (IDA & IBRD countries),TEA,1967,
East Asia & Pacific (IDA & IBRD countries),TEA,1966,
East Asia & Pacific (IDA & IBRD countries),TEA,1965,
East Asia & Pacific (IDA & IBRD countries),TEA,1964,
East Asia & Pacific (IDA & IBRD countries),TEA,1963,
East Asia & Pacific (IDA & IBRD countries),TEA,1962,
East Asia & Pacific (IDA & IBRD countries),TEA,1961,
East Asia & Pacific (IDA & IBRD countries),TEA,1960,
Euro area,EMU,2025,
Euro area,EMU,2024,
Euro area,EMU,2023,
Euro area,EMU,2022,
Euro area,EMU,2021,
Euro area,EMU,2020,
Euro area,EMU,2019,
Euro area,EMU,2018,
Euro area,EMU,2017,
Euro area,EMU,2016,
Euro area,EMU,2015,
Euro area,EMU,2014,
Euro area,EMU,2013,
Euro area,EMU,2012,
Euro area,EMU,2011,
Euro area,EMU,2010,
Euro area,EMU,2009,
Euro area,EMU,2008,
Euro area,EMU,2007,
Euro area,EMU,2006,
Euro area,EMU,2005,
Euro area,EMU,2004,
Euro area,EMU,2003,
Euro area,EMU,2002,0.000887803260309646
Euro area,EMU,2001,0.00192724970128195
Euro area,EMU,2000,0.00125930747334153
Euro area,EMU,1999,0.000786568155122758
Euro area,EMU,1998,0.000861922776380253
Euro area,EMU,1997,0.00170681212018665
Euro area,EMU,1996,0.00232128849498183
Euro area,EMU,1995,0.0011059801438446
Euro area,EMU,1994,0.00182052620485048
Euro area,EMU,1993,0.00116403045272452
Euro area,EMU,1992,0.000457948377468785
Euro area,EMU,1991,0.00100904878324736
Euro area,EMU,1990,0.000743012720287849
Euro area,EMU,1989,0.000757940685334729
Euro area,EMU,1988,0.000900837269423021
Euro area,EMU,1987,0.000956095947961995
Euro area,EMU,1986,0.0012417737435955
Euro area,EMU,1985,0.00230253982692391
Euro area,EMU,1984,0.00121063827615172
Euro area,EMU,1983,0.00257666228397954
Euro area,EMU,1982,0.00224737083325112
Euro area,EMU,1981,0.00361580855464754
Euro area,EMU,1980,0.00230560614103431
Euro area,EMU,1979,0.00307607312394104
Euro area,EMU,1978,0.00397342099439132
Euro area,EMU,1977,0.00704893326621263
Euro area,EMU,1976,0.00549246301480723
Euro area,EMU,1975,0.0042964019655307
Euro area,EMU,1974,0.00329199587560154
Euro area,EMU,1973,0.00309605410889031
Euro area,EMU,1972,0.00252357768309822
Euro area,EMU,1971,0.00300301454375111
Euro area,EMU,1970,0.00392764837784913
Euro area,EMU,1969,
Euro area,EMU,1968,
Euro area,EMU,1967,
Euro area,EMU,1966,
Euro area,EMU,1965,
Euro area,EMU,1964,
Euro area,EMU,1963,
Euro area,EMU,1962,
Euro area,EMU,1961,
Euro area,EMU,1960,
Europe & Central Asia,ECS,2025,
Europe & Central Asia,ECS,2024,
Europe & Central Asia,ECS,2023,0.170405110225647
Europe & Central Asia,ECS,2022,0.141092975400721
Europe & Central Asia,ECS,2021,0.039803107255359
Europe & Central Asia,ECS,2020,0.0462122307959837
Europe & Central Asia,ECS,2019,0.0317594639140298
Europe & Central Asia,ECS,2018,0.035306668088608
Europe & Central Asia,ECS,2017,0.0451098919648006
Europe & Central Asia,ECS,2016,0.0476359272253592
Europe & Central Asia,ECS,2015,0.0417661027787915
Europe & Central Asia,ECS,2014,0.0435467794322398
Europe & Central Asia,ECS,2013,0.0382994153910647
Europe & Central Asia,ECS,2012,0.0444430056462928
Europe & Central Asia,ECS,2011,0.0446637081469479
Europe & Central Asia,ECS,2010,0.031944350729843
Europe & Central Asia,ECS,2009,0.0381724302530475
Europe & Central Asia,ECS,2008,0.0313143833378254
Europe & Central Asia,ECS,2007,0.0281119918744196
Europe & Central Asia,ECS,2006,0.0340483243477177
Europe & Central Asia,ECS,2005,0.0293497467586542
Europe & Central Asia,ECS,2004,0.030424568761876
Europe & Central Asia,ECS,2003,0.033986813968508
Europe & Central Asia,ECS,2002,0.0572288306468649
Europe & Central Asia,ECS,2001,0.0442709769195693
Europe & Central Asia,ECS,2000,0.0453716411437004
Europe & Central Asia,ECS,1999,0.0439962281718903
Europe & Central Asia,ECS,1998,0.0272305181527505
Europe & Central Asia,ECS,1997,0.025159117566248
Europe & Central Asia,ECS,1996,0.0292570719045566
Europe & Central Asia,ECS,1995,0.029670623621142
Europe & Central Asia,ECS,1994,0.0317837764210323
Europe & Central Asia,ECS,1993,0.0416226845689249
Europe & Central Asia,ECS,1992,0.0243554761121149
Europe & Central Asia,ECS,1991,0.0247841661675514
Europe & Central Asia,ECS,1990,0.0158512393952153
Europe & Central Asia,ECS,1989,0.00337112464401799
Europe & Central Asia,ECS,1988,0.00546095142668965
Europe & Central Asia,ECS,1987,0.00729202237703495
Europe & Central Asia,ECS,1986,0.00793519859685067
Europe & Central Asia,ECS,1985,0.00672781464201345
Europe & Central Asia,ECS,1984,0.00734815034979784
Europe & Central Asia,ECS,1983,0.00992852898069488
Europe & Central Asia,ECS,1982,0.0170272363045654
Europe & Central Asia,ECS,1981,0.0185412466317856
Europe & Central Asia,ECS,1980,0.0215521755912205
Europe & Central Asia,ECS,1979,0.0143710292233435
Europe & Central Asia,ECS,1978,0.0054022806619189
Europe & Central Asia,ECS,1977,0.00729825199777358
Europe & Central Asia,ECS,1976,0.00895261748270774
Europe & Central Asia,ECS,1975,0.00512673082201266
Europe & Central Asia,ECS,1974,0.007142167794226
Europe & Central Asia,ECS,1973,0.0122866450952684
Europe & Central Asia,ECS,1972,0.0199230910794033
Europe & Central Asia,ECS,1971,0.0179144240304615
Europe & Central Asia,ECS,1970,0.0139924548550804
Europe & Central Asia,ECS,1969,0.0198522201893132
Europe & Central Asia,ECS,1968,0.0203345428719586
Europe & Central Asia,ECS,1967,0.0278255974939223
Europe & Central Asia,ECS,1966,0.0429676018096148
Europe & Central Asia,ECS,1965,0.0393204806931146
Europe & Central Asia,ECS,1964,0.0422017037778982
Europe & Central Asia,ECS,1963,0.0673975355795859
Europe & Central Asia,ECS,1962,0.0778165662375512
Europe & Central Asia,ECS,1961,0.0775097182697419
Europe & Central Asia,ECS,1960,0.0526698928265883
Europe & Central Asia (excluding high income),ECA,2025,
Europe & Central Asia (excluding high income),ECA,2024,
Europe & Central Asia (excluding high income),ECA,2023,2.23806108253058
Europe & Central Asia (excluding high income),ECA,2022,2.03215370836938
Europe & Central Asia (excluding high income),ECA,2021,0.622713674170347
Europe & Central Asia (excluding high income),ECA,2020,0.721851910755638
Europe & Central Asia (excluding high income),ECA,2019,0.497646236925918
Europe & Central Asia (excluding high income),ECA,2018,0.57160186579305
Europe & Central Asia (excluding high income),ECA,2017,0.667656728826723
Europe & Central Asia (excluding high income),ECA,2016,0.68428142038716
Europe & Central Asia (excluding high income),ECA,2015,0.574406176573146
Europe & Central Asia (excluding high income),ECA,2014,0.6116976627836
Europe & Central Asia (excluding high income),ECA,2013,0.509602561987307
Europe & Central Asia (excluding high income),ECA,2012,0.618636451507117
Europe & Central Asia (excluding high income),ECA,2011,0.685234486323627
Europe & Central Asia (excluding high income),ECA,2010,0.499361115600407
Europe & Central Asia (excluding high income),ECA,2009,0.688680180699953
Europe & Central Asia (excluding high income),ECA,2008,0.532930039837006
Europe & Central Asia (excluding high income),ECA,2007,0.521514289210466
Europe & Central Asia (excluding high income),ECA,2006,0.684039653509099
Europe & Central Asia (excluding high income),ECA,2005,0.631727048663113
Europe & Central Asia (excluding high income),ECA,2004,0.762895710242394
Europe & Central Asia (excluding high income),ECA,2003,0.940687559505916
Europe & Central Asia (excluding high income),ECA,2002,1.65892482236415
Europe & Central Asia (excluding high income),ECA,2001,1.37161810407553
Europe & Central Asia (excluding high income),ECA,2000,1.18879327852919
Europe & Central Asia (excluding high income),ECA,1999,1.23319142347202
Europe & Central Asia (excluding high income),ECA,1998,0.700845132809616
Europe & Central Asia (excluding high income),ECA,1997,0.637215725489924
Europe & Central Asia (excluding high income),ECA,1996,0.824550737537533
Europe & Central Asia (excluding high income),ECA,1995,0.857475960375324
Europe & Central Asia (excluding high income),ECA,1994,1.12282693190098
Europe & Central Asia (excluding high income),ECA,1993,1.10131816073413
Europe & Central Asia (excluding high income),ECA,1992,0.725686633553154
Europe & Central Asia (excluding high income),ECA,1991,0.656331471308863
Europe & Central Asia (excluding high income),ECA,1990,0.393250881272186
Europe & Central Asia (excluding high income),ECA,1989,
Europe & Central Asia (excluding high income),ECA,1988,
Europe & Central Asia (excluding high income),ECA,1987,
Europe & Central Asia (excluding high income),ECA,1986,
Europe & Central Asia (excluding high income),ECA,1985,
Europe & Central Asia (excluding high income),ECA,1984,
Europe & Central Asia (excluding high income),ECA,1983,
Europe & Central Asia (excluding high income),ECA,1982,
Europe & Central Asia (excluding high income),ECA,1981,
Europe & Central Asia (excluding high income),ECA,1980,
Europe & Central Asia (excluding high income),ECA,1979,
Europe & Central Asia (excluding high income),ECA,1978,
Europe & Central Asia (excluding high income),ECA,1977,
Europe & Central Asia (excluding high income),ECA,1976,
Europe & Central Asia (excluding high income),ECA,1975,
Europe & Central Asia (excluding high income),ECA,1974,
Europe & Central Asia (excluding high income),ECA,1973,
Europe & Central Asia (excluding high income),ECA,1972,
Europe & Central Asia (excluding high income),ECA,1971,
Europe & Central Asia (excluding high income),ECA,1970,
Europe & Central Asia (excluding high income),ECA,1969,
Europe & Central Asia (excluding high income),ECA,1968,
Europe & Central Asia (excluding high income),ECA,1967,
Europe & Central Asia (excluding high income),ECA,1966,
Europe & Central Asia (excluding high income),ECA,1965,
Europe & Central Asia (excluding high income),ECA,1964,
Europe & Central Asia (excluding high income),ECA,1963,
Europe & Central Asia (excluding high income),ECA,1962,
Europe & Central Asia (excluding high income),ECA,1961,
Europe & Central Asia (excluding high income),ECA,1960,
Europe & Central Asia (IDA & IBRD countries),TEC,2025,
Europe & Central Asia (IDA & IBRD countries),TEC,2024,
Europe & Central Asia (IDA & IBRD countries),TEC,2023,
Europe & Central Asia (IDA & IBRD countries),TEC,2022,
Europe & Central Asia (IDA & IBRD countries),TEC,2021,0.209521322605555
Europe & Central Asia (IDA & IBRD countries),TEC,2020,0.276679207438383
Europe & Central Asia (IDA & IBRD countries),TEC,2019,0.173975902161985
Europe & Central Asia (IDA & IBRD countries),TEC,2018,0.201935244394423
Europe & Central Asia (IDA & IBRD countries),TEC,2017,0.251686716446771
Europe & Central Asia (IDA & IBRD countries),TEC,2016,0.281962910026094
Europe & Central Asia (IDA & IBRD countries),TEC,2015,0.236269531479621
Europe & Central Asia (IDA & IBRD countries),TEC,2014,0.224204263660787
Europe & Central Asia (IDA & IBRD countries),TEC,2013,0.183251482287403
Europe & Central Asia (IDA & IBRD countries),TEC,2012,0.216515300908
Europe & Central Asia (IDA & IBRD countries),TEC,2011,0.236855727429059
Europe & Central Asia (IDA & IBRD countries),TEC,2010,0.198189341753766
Europe & Central Asia (IDA & IBRD countries),TEC,2009,0.246574871568198
Europe & Central Asia (IDA & IBRD countries),TEC,2008,0.180805897108683
Europe & Central Asia (IDA & IBRD countries),TEC,2007,0.182458776390762
Europe & Central Asia (IDA & IBRD countries),TEC,2006,0.245779733338198
Europe & Central Asia (IDA & IBRD countries),TEC,2005,0.243814258191101
Europe & Central Asia (IDA & IBRD countries),TEC,2004,0.295144880095318
Europe & Central Asia (IDA & IBRD countries),TEC,2003,0.363215032430444
Europe & Central Asia (IDA & IBRD countries),TEC,2002,0.541480075981632
Europe & Central Asia (IDA & IBRD countries),TEC,2001,0.470708458471364
Europe & Central Asia (IDA & IBRD countries),TEC,2000,0.476438098184661
Europe & Central Asia (IDA & IBRD countries),TEC,1999,0.520663989564615
Europe & Central Asia (IDA & IBRD countries),TEC,1998,0.29746560359201
Europe & Central Asia (IDA & IBRD countries),TEC,1997,0.237410220422837
Europe & Central Asia (IDA & IBRD countries),TEC,1996,0.281418628265523
Europe & Central Asia (IDA & IBRD countries),TEC,1995,0.272662767405647
Europe & Central Asia (IDA & IBRD countries),TEC,1994,0.226935933325108
Europe & Central Asia (IDA & IBRD countries),TEC,1993,0.129766026771216
Europe & Central Asia (IDA & IBRD countries),TEC,1992,0.0942968644918862
Europe & Central Asia (IDA & IBRD countries),TEC,1991,0.202871000641256
Europe & Central Asia (IDA & IBRD countries),TEC,1990,0.128165521959415
Europe & Central Asia (IDA & IBRD countries),TEC,1989,0.0160443033794612
Europe & Central Asia (IDA & IBRD countries),TEC,1988,
Europe & Central Asia (IDA & IBRD countries),TEC,1987,
Europe & Central Asia (IDA & IBRD countries),TEC,1986,
Europe & Central Asia (IDA & IBRD countries),TEC,1985,
Europe & Central Asia (IDA & IBRD countries),TEC,1984,
Europe & Central Asia (IDA & IBRD countries),TEC,1983,
Europe & Central Asia (IDA & IBRD countries),TEC,1982,
Europe & Central Asia (IDA & IBRD countries),TEC,1981,
Europe & Central Asia (IDA & IBRD countries),TEC,1980,
Europe & Central Asia (IDA & IBRD countries),TEC,1979,
Europe & Central Asia (IDA & IBRD countries),TEC,1978,
Europe & Central Asia (IDA & IBRD countries),TEC,1977,
Europe & Central Asia (IDA & IBRD countries),TEC,1976,
Europe & Central Asia (IDA & IBRD countries),TEC,1975,
Europe & Central Asia (IDA & IBRD countries),TEC,1974,
Europe & Central Asia (IDA & IBRD countries),TEC,1973,
Europe & Central Asia (IDA & IBRD countries),TEC,1972,
Europe & Central Asia (IDA & IBRD countries),TEC,1971,
Europe & Central Asia (IDA & IBRD countries),TEC,1970,
Europe & Central Asia (IDA & IBRD countries),TEC,1969,
Europe & Central Asia (IDA & IBRD countries),TEC,1968,
Europe & Central Asia (IDA & IBRD countries),TEC,1967,
Europe & Central Asia (IDA & IBRD countries),TEC,1966,
Europe & Central Asia (IDA & IBRD countries),TEC,1965,
Europe & Central Asia (IDA & IBRD countries),TEC,1964,
Europe & Central Asia (IDA & IBRD countries),TEC,1963,
Europe & Central Asia (IDA & IBRD countries),TEC,1962,
Europe & Central Asia (IDA & IBRD countries),TEC,1961,
Europe & Central Asia (IDA & IBRD countries),TEC,1960,
European Union,EUU,2025,
European Union,EUU,2024,
European Union,EUU,2023,
European Union,EUU,2022,
European Union,EUU,2021,
European Union,EUU,2020,
European Union,EUU,2019,
European Union,EUU,2018,
European Union,EUU,2017,
European Union,EUU,2016,
European Union,EUU,2015,
European Union,EUU,2014,
European Union,EUU,2013,
European Union,EUU,2012,
European Union,EUU,2011,
European Union,EUU,2010,0.000897004942781683
European Union,EUU,2009,0.00113786121085121
European Union,EUU,2008,0.00148170015394304
European Union,EUU,2007,0.00110400187461601
European Union,EUU,2006,0.00153717086313858
European Union,EUU,2005,0.00103339786599886
European Union,EUU,2004,0.00104766126377171
European Union,EUU,2003,0.00121649759152784
European Union,EUU,2002,0.00241942035213012
European Union,EUU,2001,0.00324788997090895
European Union,EUU,2000,0.00203067498254663
European Union,EUU,1999,0.0013213305264895
European Union,EUU,1998,0.00127339550472818
European Union,EUU,1997,0.00206554446443632
European Union,EUU,1996,0.00368872376485268
European Union,EUU,1995,0.00165112574821386
European Union,EUU,1994,0.0032054227282196
European Union,EUU,1993,0.0010684866178791
European Union,EUU,1992,0.000419663780234503
European Union,EUU,1991,0.000921241815013205
European Union,EUU,1990,0.000676129464799015
European Union,EUU,1989,0.000685245832669354
European Union,EUU,1988,0.000814262023179611
European Union,EUU,1987,0.000862718724808278
European Union,EUU,1986,0.00111989955127109
European Union,EUU,1985,0.00206666112254687
European Union,EUU,1984,0.00108758872372189
European Union,EUU,1983,0.00232465545649107
European Union,EUU,1982,0.00202099694186041
European Union,EUU,1981,0.00323948691621589
European Union,EUU,1980,0.00207417935413632
European Union,EUU,1979,0.00276438465238033
European Union,EUU,1978,0.00356153756361204
European Union,EUU,1977,0.00628437911774631
European Union,EUU,1976,0.00487562652429656
European Union,EUU,1975,0.00382850178292186
European Union,EUU,1974,0.00294613739654023
European Union,EUU,1973,0.00276611875220589
European Union,EUU,1972,0.00224832770115058
European Union,EUU,1971,0.00267223756197858
European Union,EUU,1970,0.0034858740028562
European Union,EUU,1969,
European Union,EUU,1968,
European Union,EUU,1967,
European Union,EUU,1966,
European Union,EUU,1965,
European Union,EUU,1964,
European Union,EUU,1963,
European Union,EUU,1962,
European Union,EUU,1961,
European Union,EUU,1960,
Fragile and conflict affected situations,FCS,2025,
Fragile and conflict affected situations,FCS,2024,
Fragile and conflict affected situations,FCS,2023,
Fragile and conflict affected situations,FCS,2022,
Fragile and conflict affected situations,FCS,2021,3.62654551097867
Fragile and conflict affected situations,FCS,2020,4.01424037125926
Fragile and conflict affected situations,FCS,2019,3.14274737421205
Fragile and conflict affected situations,FCS,2018,3.86579372097409
Fragile and conflict affected situations,FCS,2017,3.76253723046804
Fragile and conflict affected situations,FCS,2016,3.55126990451992
Fragile and conflict affected situations,FCS,2015,2.82453086602402
Fragile and conflict affected situations,FCS,2014,2.41687753237085
Fragile and conflict affected situations,FCS,2013,2.50164957836894
Fragile and conflict affected situations,FCS,2012,2.0876945457896
Fragile and conflict affected situations,FCS,2011,2.49436849333012
Fragile and conflict affected situations,FCS,2010,2.48656772593565
Fragile and conflict affected situations,FCS,2009,2.72958351294584
Fragile and conflict affected situations,FCS,2008,2.72549536111083
Fragile and conflict affected situations,FCS,2007,
Fragile and conflict affected situations,FCS,2006,
Fragile and conflict affected situations,FCS,2005,
Fragile and conflict affected situations,FCS,2004,
Fragile and conflict affected situations,FCS,2003,
Fragile and conflict affected situations,FCS,2002,
Fragile and conflict affected situations,FCS,2001,
Fragile and conflict affected situations,FCS,2000,
Fragile and conflict affected situations,FCS,1999,
Fragile and conflict affected situations,FCS,1998,
Fragile and conflict affected situations,FCS,1997,
Fragile and conflict affected situations,FCS,1996,
Fragile and conflict affected situations,FCS,1995,
Fragile and conflict affected situations,FCS,1994,
Fragile and conflict affected situations,FCS,1993,
Fragile and conflict affected situations,FCS,1992,
Fragile and conflict affected situations,FCS,1991,
Fragile and conflict affected situations,FCS,1990,
Fragile and conflict affected situations,FCS,1989,
Fragile and conflict affected situations,FCS,1988,
Fragile and conflict affected situations,FCS,1987,
Fragile and conflict affected situations,FCS,1986,
Fragile and conflict affected situations,FCS,1985,
Fragile and conflict affected situations,FCS,1984,
Fragile and conflict affected situations,FCS,1983,
Fragile and conflict affected situations,FCS,1982,
Fragile and conflict affected situations,FCS,1981,
Fragile and conflict affected situations,FCS,1980,
Fragile and conflict affected situations,FCS,1979,
Fragile and conflict affected situations,FCS,1978,
Fragile and conflict affected situations,FCS,1977,
Fragile and conflict affected situations,FCS,1976,
Fragile and conflict affected situations,FCS,1975,
Fragile and conflict affected situations,FCS,1974,
Fragile and conflict affected situations,FCS,1973,
Fragile and conflict affected situations,FCS,1972,
Fragile and conflict affected situations,FCS,1971,
Fragile and conflict affected situations,FCS,1970,
Fragile and conflict affected situations,FCS,1969,
Fragile and conflict affected situations,FCS,1968,
Fragile and conflict affected situations,FCS,1967,
Fragile and conflict affected situations,FCS,1966,
Fragile and conflict affected situations,FCS,1965,
Fragile and conflict affected situations,FCS,1964,
Fragile and conflict affected situations,FCS,1963,
Fragile and conflict affected situations,FCS,1962,
Fragile and conflict affected situations,FCS,1961,
Fragile and conflict affected situations,FCS,1960,
Heavily indebted poor countries (HIPC),HPC,2025,
Heavily indebted poor countries (HIPC),HPC,2024,
Heavily indebted poor countries (HIPC),HPC,2023,
Heavily indebted poor countries (HIPC),HPC,2022,
Heavily indebted poor countries (HIPC),HPC,2021,5.51919887181518
Heavily indebted poor countries (HIPC),HPC,2020,6.77880125330117
Heavily indebted poor countries (HIPC),HPC,2019,5.34595294754192
Heavily indebted poor countries (HIPC),HPC,2018,5.32976868740695
Heavily indebted poor countries (HIPC),HPC,2017,5.55128424680377
Heavily indebted poor countries (HIPC),HPC,2016,5.51640302270537
Heavily indebted poor countries (HIPC),HPC,2015,5.66853165307993
Heavily indebted poor countries (HIPC),HPC,2014,5.58603518812468
Heavily indebted poor countries (HIPC),HPC,2013,6.38019583316014
Heavily indebted poor countries (HIPC),HPC,2012,7.41322597432239
Heavily indebted poor countries (HIPC),HPC,2011,8.07919316698143
Heavily indebted poor countries (HIPC),HPC,2010,8.87925556865733
Heavily indebted poor countries (HIPC),HPC,2009,9.07118713322244
Heavily indebted poor countries (HIPC),HPC,2008,8.13936324632485
Heavily indebted poor countries (HIPC),HPC,2007,9.0298117399618
Heavily indebted poor countries (HIPC),HPC,2006,9.4090415887043
Heavily indebted poor countries (HIPC),HPC,2005,9.78437804898525
Heavily indebted poor countries (HIPC),HPC,2004,10.9616935276034
Heavily indebted poor countries (HIPC),HPC,2003,11.9056661477308
Heavily indebted poor countries (HIPC),HPC,2002,10.2043302346883
Heavily indebted poor countries (HIPC),HPC,2001,8.60678342849526
Heavily indebted poor countries (HIPC),HPC,2000,6.88099879707216
Heavily indebted poor countries (HIPC),HPC,1999,7.86851676711971
Heavily indebted poor countries (HIPC),HPC,1998,8.27652599795317
Heavily indebted poor countries (HIPC),HPC,1997,8.54974633167848
Heavily indebted poor countries (HIPC),HPC,1996,10.3288420726093
Heavily indebted poor countries (HIPC),HPC,1995,12.8540081104791
Heavily indebted poor countries (HIPC),HPC,1994,14.9432877440526
Heavily indebted poor countries (HIPC),HPC,1993,11.2416491890758
Heavily indebted poor countries (HIPC),HPC,1992,13.1033838961763
Heavily indebted poor countries (HIPC),HPC,1991,9.90633757648559
Heavily indebted poor countries (HIPC),HPC,1990,10.0304115178867
Heavily indebted poor countries (HIPC),HPC,1989,9.5428231951154
Heavily indebted poor countries (HIPC),HPC,1988,9.3572093264528
Heavily indebted poor countries (HIPC),HPC,1987,8.60149233483361
Heavily indebted poor countries (HIPC),HPC,1986,7.97837285115058
Heavily indebted poor countries (HIPC),HPC,1985,5.9657301031822
Heavily indebted poor countries (HIPC),HPC,1984,5.36501747622019
Heavily indebted poor countries (HIPC),HPC,1983,5.3189920987836
Heavily indebted poor countries (HIPC),HPC,1982,5.38026910822119
Heavily indebted poor countries (HIPC),HPC,1981,5.31232285238958
Heavily indebted poor countries (HIPC),HPC,1980,5.60138316341587
Heavily indebted poor countries (HIPC),HPC,1979,5.32407125793941
Heavily indebted poor countries (HIPC),HPC,1978,4.47198627026361
Heavily indebted poor countries (HIPC),HPC,1977,3.92024081957519
Heavily indebted poor countries (HIPC),HPC,1976,3.84682028551027
Heavily indebted poor countries (HIPC),HPC,1975,4.3748095107061
Heavily indebted poor countries (HIPC),HPC,1974,3.56318720488697
Heavily indebted poor countries (HIPC),HPC,1973,2.62350385360486
Heavily indebted poor countries (HIPC),HPC,1972,2.67486892127836
Heavily indebted poor countries (HIPC),HPC,1971,2.56309437011515
Heavily indebted poor countries (HIPC),HPC,1970,2.4480535771703
Heavily indebted poor countries (HIPC),HPC,1969,
Heavily indebted poor countries (HIPC),HPC,1968,
Heavily indebted poor countries (HIPC),HPC,1967,
Heavily indebted poor countries (HIPC),HPC,1966,
Heavily indebted poor countries (HIPC),HPC,1965,
Heavily indebted poor countries (HIPC),HPC,1964,
Heavily indebted poor countries (HIPC),HPC,1963,
Heavily indebted poor countries (HIPC),HPC,1962,
Heavily indebted poor countries (HIPC),HPC,1961,
Heavily indebted poor countries (HIPC),HPC,1960,
High income,,2025,
High income,,2024,
High income,,2023,0.00110745247921553
High income,,2022,0.00162006433390083
High income,,2021,0.000634429664704359
High income,,2020,0.000940698981608237
High income,,2019,0.000600994148064332
High income,,2018,0.000667196356160474
High income,,2017,0.000701929373670167
High income,,2016,0.000851846136325598
High income,,2015,0.00056522275521372
High income,,2014,0.000776825035648182
High income,,2013,0.000723827464878621
High income,,2012,0.000859171357256554
High income,,2011,0.00105173533797259
High income,,2010,0.00178256366998502
High income,,2009,0.00186002041008504
High income,,2008,0.00173376521354892
High income,,2007,0.00115016674083311
High income,,2006,0.00165760418969503
High income,,2005,0.00149569292993718
High income,,2004,0.00167475542954748
High income,,2003,0.00195970689465859
High income,,2002,0.00202705403934198
High income,,2001,0.00210985972982453
High income,,2000,0.002072687898013
High income,,1999,0.00455891910235058
High income,,1998,0.00805953900464655
High income,,1997,0.00637508401434935
High income,,1996,0.0153060011005801
High income,,1995,0.00904482153913458
High income,,1994,0.0135056288780943
High income,,1993,0.0143496409411201
High income,,1992,0.0170474646886101
High income,,1991,0.0167816359416268
High income,,1990,0.016761017856969
High income,,1989,0.0156042852160186
High income,,1988,0.0152867480781442
High income,,1987,0.0189365376396299
High income,,1986,0.0267960221635749
High income,,1985,0.0307857659936874
High income,,1984,0.0255073225233207
High income,,1983,0.028273128828215
High income,,1982,0.0219322070307208
High income,,1981,0.0254018565316853
High income,,1980,0.0245023720105032
High income,,1979,0.0285965935062563
High income,,1978,0.0250377776803863
High income,,1977,0.0340819140718911
High income,,1976,0.031102051379301
High income,,1975,0.0285192734250065
High income,,1974,0.0212300427503158
High income,,1973,0.0226941522562289
High income,,1972,0.0259099945974229
High income,,1971,0.0262117668691263
High income,,1970,0.0265382873001897
High income,,1969,0.0311932214054588
High income,,1968,0.0294773421958569
High income,,1967,0.0341512005827213
High income,,1966,0.038171457713101
High income,,1965,0.0393127806978551
High income,,1964,0.0353171267601454
High income,,1963,0.0506124693243453
High income,,1962,0.0484777189883997
High income,,1961,0.0552728234494673
High income,,1960,0.052546341201619
IBRD only,IBD,2025,
IBRD only,IBD,2024,
IBRD only,IBD,2023,
IBRD only,IBD,2022,
IBRD only,IBD,2021,0.111863910414701
IBRD only,IBD,2020,0.116244645740727
IBRD only,IBD,2019,0.0798522233089557
IBRD only,IBD,2018,0.0940525213035286
IBRD only,IBD,2017,0.110667214546691
IBRD only,IBD,2016,0.125332213018437
IBRD only,IBD,2015,0.119767300585111
IBRD only,IBD,2014,0.129306196987901
IBRD only,IBD,2013,0.128011724273923
IBRD only,IBD,2012,0.118474188663156
IBRD only,IBD,2011,0.132825987951577
IBRD only,IBD,2010,0.134760705438696
IBRD only,IBD,2009,0.178318661651043
IBRD only,IBD,2008,0.216819376457287
IBRD only,IBD,2007,0.222375146510472
IBRD only,IBD,2006,0.273755544398963
IBRD only,IBD,2005,0.467134038190825
IBRD only,IBD,2004,0.298368393461381
IBRD only,IBD,2003,0.320588743956644
IBRD only,IBD,2002,0.327848590332
IBRD only,IBD,2001,0.314556014619098
IBRD only,IBD,2000,0.318543205099847
IBRD only,IBD,1999,0.39337827735098
IBRD only,IBD,1998,0.346184167960738
IBRD only,IBD,1997,0.303493853595085
IBRD only,IBD,1996,0.374189853315125
IBRD only,IBD,1995,0.432287892283497
IBRD only,IBD,1994,0.500343972223156
IBRD only,IBD,1993,0.517497368139959
IBRD only,IBD,1992,0.620451861946262
IBRD only,IBD,1991,0.73200513478643
IBRD only,IBD,1990,0.64973288651351
IBRD only,IBD,1989,0.47005544861888
IBRD only,IBD,1988,0.475707566739308
IBRD only,IBD,1987,0.484267981046176
IBRD only,IBD,1986,0.447518241804362
IBRD only,IBD,1985,0.417612210633837
IBRD only,IBD,1984,0.404824898410085
IBRD only,IBD,1983,0.421505394470004
IBRD only,IBD,1982,0.435898160466095
IBRD only,IBD,1981,0.475225894607641
IBRD only,IBD,1980,0.503969377178198
IBRD only,IBD,1979,0.470032990191351
IBRD only,IBD,1978,0.518772072207022
IBRD only,IBD,1977,0.483410892855116
IBRD only,IBD,1976,0.56435793072709
IBRD only,IBD,1975,0.625899713415056
IBRD only,IBD,1974,0.510760204087914
IBRD only,IBD,1973,0.482596900543515
IBRD only,IBD,1972,0.48673206575728
IBRD only,IBD,1971,0.575960727066439
IBRD only,IBD,1970,0.581742677899943
IBRD only,IBD,1969,
IBRD only,IBD,1968,
IBRD only,IBD,1967,
IBRD only,IBD,1966,
IBRD only,IBD,1965,
IBRD only,IBD,1964,
IBRD only,IBD,1963,
IBRD only,IBD,1962,
IBRD only,IBD,1961,
IBRD only,IBD,1960,
IDA & IBRD total,IBT,2025,
IDA & IBRD total,IBT,2024,
IDA & IBRD total,IBT,2023,
IDA & IBRD total,IBT,2022,
IDA & IBRD total,IBT,2021,0.343933094890755
IDA & IBRD total,IBT,2020,0.411260407088682
IDA & IBRD total,IBT,2019,0.314226125282005
IDA & IBRD total,IBT,2018,0.333484156050843
IDA & IBRD total,IBT,2017,0.348999996853913
IDA & IBRD total,IBT,2016,0.356017700149838
IDA & IBRD total,IBT,2015,0.344856146986379
IDA & IBRD total,IBT,2014,0.340583099420603
IDA & IBRD total,IBT,2013,0.35955337297203
IDA & IBRD total,IBT,2012,0.341024139266661
IDA & IBRD total,IBT,2011,0.367128553664028
IDA & IBRD total,IBT,2010,0.401361147151065
IDA & IBRD total,IBT,2009,0.475677011689267
IDA & IBRD total,IBT,2008,0.464992828895361
IDA & IBRD total,IBT,2007,0.507397151461143
IDA & IBRD total,IBT,2006,0.652403051190003
IDA & IBRD total,IBT,2005,0.819231823561224
IDA & IBRD total,IBT,2004,0.64961708380694
IDA & IBRD total,IBT,2003,0.703179174296816
IDA & IBRD total,IBT,2002,0.671690923628878
IDA & IBRD total,IBT,2001,0.601527810839732
IDA & IBRD total,IBT,2000,0.557194028453317
IDA & IBRD total,IBT,1999,0.660150170764736
IDA & IBRD total,IBT,1998,0.623230386196782
IDA & IBRD total,IBT,1997,0.5691525828838
IDA & IBRD total,IBT,1996,0.688226211982652
IDA & IBRD total,IBT,1995,0.830620279025561
IDA & IBRD total,IBT,1994,0.978275309001539
IDA & IBRD total,IBT,1993,0.963534421940585
IDA & IBRD total,IBT,1992,1.14149386170794
IDA & IBRD total,IBT,1991,1.24870258082645
IDA & IBRD total,IBT,1990,1.16636058453827
IDA & IBRD total,IBT,1989,0.96434353221163
IDA & IBRD total,IBT,1988,0.974384569641948
IDA & IBRD total,IBT,1987,0.97890478657121
IDA & IBRD total,IBT,1986,0.893284519495559
IDA & IBRD total,IBT,1985,0.788784193999303
IDA & IBRD total,IBT,1984,0.763662454734144
IDA & IBRD total,IBT,1983,0.786203804880185
IDA & IBRD total,IBT,1982,0.837791715157148
IDA & IBRD total,IBT,1981,0.869437173915288
IDA & IBRD total,IBT,1980,0.969473427554361
IDA & IBRD total,IBT,1979,0.93719066122074
IDA & IBRD total,IBT,1978,0.905025944833908
IDA & IBRD total,IBT,1977,0.836654727009296
IDA & IBRD total,IBT,1976,0.918284260060524
IDA & IBRD total,IBT,1975,1.02654901594893
IDA & IBRD total,IBT,1974,0.849384255834569
IDA & IBRD total,IBT,1973,0.752521584357317
IDA & IBRD total,IBT,1972,0.719799165126359
IDA & IBRD total,IBT,1971,0.783665288641501
IDA & IBRD total,IBT,1970,0.782896973392908
IDA & IBRD total,IBT,1969,
IDA & IBRD total,IBT,1968,
IDA & IBRD total,IBT,1967,
IDA & IBRD total,IBT,1966,
IDA & IBRD total,IBT,1965,
IDA & IBRD total,IBT,1964,
IDA & IBRD total,IBT,1963,
IDA & IBRD total,IBT,1962,
IDA & IBRD total,IBT,1961,
IDA & IBRD total,IBT,1960,
IDA blend,IDB,2025,
IDA blend,IDB,2024,
IDA blend,IDB,2023,
IDA blend,IDB,2022,
IDA blend,IDB,2021,1.12828412951094
IDA blend,IDB,2020,1.28623103871996
IDA blend,IDB,2019,0.996433886745473
IDA blend,IDB,2018,1.05513133200683
IDA blend,IDB,2017,1.14785706131632
IDA blend,IDB,2016,1.0489116524099
IDA blend,IDB,2015,1.09129246505939
IDA blend,IDB,2014,1.06302200636973
IDA blend,IDB,2013,1.11212413568151
IDA blend,IDB,2012,1.05856108044831
IDA blend,IDB,2011,1.30822460946957
IDA blend,IDB,2010,1.44626040720938
IDA blend,IDB,2009,1.38998864625637
IDA blend,IDB,2008,0.949260216749077
IDA blend,IDB,2007,
IDA blend,IDB,2006,
IDA blend,IDB,2005,
IDA blend,IDB,2004,
IDA blend,IDB,2003,
IDA blend,IDB,2002,
IDA blend,IDB,2001,
IDA blend,IDB,2000,
IDA blend,IDB,1999,
IDA blend,IDB,1998,
IDA blend,IDB,1997,
IDA blend,IDB,1996,
IDA blend,IDB,1995,
IDA blend,IDB,1994,
IDA blend,IDB,1993,
IDA blend,IDB,1992,
IDA blend,IDB,1991,
IDA blend,IDB,1990,
IDA blend,IDB,1989,
IDA blend,IDB,1988,
IDA blend,IDB,1987,
IDA blend,IDB,1986,
IDA blend,IDB,1985,
IDA blend,IDB,1984,
IDA blend,IDB,1983,
IDA blend,IDB,1982,
IDA blend,IDB,1981,
IDA blend,IDB,1980,
IDA blend,IDB,1979,
IDA blend,IDB,1978,
IDA blend,IDB,1977,
IDA blend,IDB,1976,
IDA blend,IDB,1975,
IDA blend,IDB,1974,
IDA blend,IDB,1973,
IDA blend,IDB,1972,
IDA blend,IDB,1971,
IDA blend,IDB,1970,
IDA blend,IDB,1969,
IDA blend,IDB,1968,
IDA blend,IDB,1967,
IDA blend,IDB,1966,
IDA blend,IDB,1965,
IDA blend,IDB,1964,
IDA blend,IDB,1963,
IDA blend,IDB,1962,
IDA blend,IDB,1961,
IDA blend,IDB,1960,
IDA only,IDX,2025,
IDA only,IDX,2024,
IDA only,IDX,2023,
IDA only,IDX,2022,
IDA only,IDX,2021,5.13663432864052
IDA only,IDX,2020,6.07849768418114
IDA only,IDX,2019,5.05709730634724
IDA only,IDX,2018,5.38903624459799
IDA only,IDX,2017,5.33982062755514
IDA only,IDX,2016,5.06342565130772
IDA only,IDX,2015,5.04273874721158
IDA only,IDX,2014,5.01563939865831
IDA only,IDX,2013,5.73256746660461
IDA only,IDX,2012,5.69601271005666
IDA only,IDX,2011,5.59629573854905
IDA only,IDX,2010,6.03427713567751
IDA only,IDX,2009,6.54606155076865
IDA only,IDX,2008,6.06922727196303
IDA only,IDX,2007,6.510054898336
IDA only,IDX,2006,6.61377943590955
IDA only,IDX,2005,6.93419263132419
IDA only,IDX,2004,7.89163888606948
IDA only,IDX,2003,8.35261087302373
IDA only,IDX,2002,7.15119689298859
IDA only,IDX,2001,6.17924658892607
IDA only,IDX,2000,5.25867002588275
IDA only,IDX,1999,6.02919509901315
IDA only,IDX,1998,6.35922050512375
IDA only,IDX,1997,6.39173365920819
IDA only,IDX,1996,7.53736687119482
IDA only,IDX,1995,9.59267106304689
IDA only,IDX,1994,9.99592268867995
IDA only,IDX,1993,8.59447000178129
IDA only,IDX,1992,9.82906733238276
IDA only,IDX,1991,8.43696647567404
IDA only,IDX,1990,8.95332493257948
IDA only,IDX,1989,8.21700050549254
IDA only,IDX,1988,8.45094119131309
IDA only,IDX,1987,8.68432505719358
IDA only,IDX,1986,7.73208972306909
IDA only,IDX,1985,5.69577244009069
IDA only,IDX,1984,5.47435140658452
IDA only,IDX,1983,5.5260900776003
IDA only,IDX,1982,6.05441248822756
IDA only,IDX,1981,6.2763295326276
IDA only,IDX,1980,7.04343942479518
IDA only,IDX,1979,6.98890638724353
IDA only,IDX,1978,5.48051025473993
IDA only,IDX,1977,5.1402073042892
IDA only,IDX,1976,4.63835475149195
IDA only,IDX,1975,5.00173343002173
IDA only,IDX,1974,4.58413204353319
IDA only,IDX,1973,3.60647063325972
IDA only,IDX,1972,
IDA only,IDX,1971,
IDA only,IDX,1970,
IDA only,IDX,1969,
IDA only,IDX,1968,
IDA only,IDX,1967,
IDA only,IDX,1966,
IDA only,IDX,1965,
IDA only,IDX,1964,
IDA only,IDX,1963,
IDA only,IDX,1962,
IDA only,IDX,1961,
IDA only,IDX,1960,
IDA total,IDA,2025,
IDA total,IDA,2024,
IDA total,IDA,2023,
IDA total,IDA,2022,
IDA total,IDA,2021,3.23327142266433
IDA total,IDA,2020,3.78848364417236
IDA total,IDA,2019,3.03118699510166
IDA total,IDA,2018,3.38058101226323
IDA total,IDA,2017,3.38437958401385
IDA total,IDA,2016,3.14500261621537
IDA total,IDA,2015,3.04466025816115
IDA total,IDA,2014,2.96694538952344
IDA total,IDA,2013,3.38647782005586
IDA total,IDA,2012,3.34473452361545
IDA total,IDA,2011,3.52080185454362
IDA total,IDA,2010,3.83368255089204
IDA total,IDA,2009,4.10849687936468
IDA total,IDA,2008,3.51941742879586
IDA total,IDA,2007,3.96860410609222
IDA total,IDA,2006,4.99874889001449
IDA total,IDA,2005,4.73329250131106
IDA total,IDA,2004,4.37257325924998
IDA total,IDA,2003,4.60610837342149
IDA total,IDA,2002,4.22346831557504
IDA total,IDA,2001,3.6457785782803
IDA total,IDA,2000,2.97997918469926
IDA total,IDA,1999,3.52953667111579
IDA total,IDA,1998,3.7728119646171
IDA total,IDA,1997,3.78044823264095
IDA total,IDA,1996,4.36418059963188
IDA total,IDA,1995,5.39471202058671
IDA total,IDA,1994,6.07794050380235
IDA total,IDA,1993,5.12060150897437
IDA total,IDA,1992,5.91122062493652
IDA total,IDA,1991,5.31572903090671
IDA total,IDA,1990,5.62479323808519
IDA total,IDA,1989,5.18954787222892
IDA total,IDA,1988,5.10549004009274
IDA total,IDA,1987,5.04020050566581
IDA total,IDA,1986,4.62398452211113
IDA total,IDA,1985,3.68102114870907
IDA total,IDA,1984,3.57385226029217
IDA total,IDA,1983,3.60816614364448
IDA total,IDA,1982,3.92979214416284
IDA total,IDA,1981,4.01884644402647
IDA total,IDA,1980,4.62412911818543
IDA total,IDA,1979,
IDA total,IDA,1978,
IDA total,IDA,1977,
IDA total,IDA,1976,
IDA total,IDA,1975,
IDA total,IDA,1974,
IDA total,IDA,1973,
IDA total,IDA,1972,
IDA total,IDA,1971,
IDA total,IDA,1970,
IDA total,IDA,1969,
IDA total,IDA,1968,
IDA total,IDA,1967,
IDA total,IDA,1966,
IDA total,IDA,1965,
IDA total,IDA,1964,
IDA total,IDA,1963,
IDA total,IDA,1962,
IDA total,IDA,1961,
IDA total,IDA,1960,
Late-demographic dividend,LTE,2025,
Late-demographic dividend,LTE,2024,
Late-demographic dividend,LTE,2023,
Late-demographic dividend,LTE,2022,
Late-demographic dividend,LTE,2021,0.0453690564221683
Late-demographic dividend,LTE,2020,0.059014020583236
Late-demographic dividend,LTE,2019,0.0354080070208341
Late-demographic dividend,LTE,2018,0.0436931849655915
Late-demographic dividend,LTE,2017,0.0620675017404156
Late-demographic dividend,LTE,2016,0.0652350704118231
Late-demographic dividend,LTE,2015,0.0679844400329513
Late-demographic dividend,LTE,2014,0.0751490334850498
Late-demographic dividend,LTE,2013,0.0714990253457171
Late-demographic dividend,LTE,2012,0.0845162081603687
Late-demographic dividend,LTE,2011,0.0829888420018303
Late-demographic dividend,LTE,2010,0.0880283848456946
Late-demographic dividend,LTE,2009,0.121932542330744
Late-demographic dividend,LTE,2008,0.114843873440559
Late-demographic dividend,LTE,2007,0.130410349831187
Late-demographic dividend,LTE,2006,0.157695674770781
Late-demographic dividend,LTE,2005,0.170832533878762
Late-demographic dividend,LTE,2004,0.203348403875099
Late-demographic dividend,LTE,2003,0.217534607792053
Late-demographic dividend,LTE,2002,0.26278210797701
Late-demographic dividend,LTE,2001,0.249663542547563
Late-demographic dividend,LTE,2000,0.265992408756015
Late-demographic dividend,LTE,1999,0.348255829248341
Late-demographic dividend,LTE,1998,0.292128188293004
Late-demographic dividend,LTE,1997,0.233246166731348
Late-demographic dividend,LTE,1996,0.269767439793703
Late-demographic dividend,LTE,1995,0.334211630116274
Late-demographic dividend,LTE,1994,0.393481438776129
Late-demographic dividend,LTE,1993,0.41430967936959
Late-demographic dividend,LTE,1992,0.432963760435607
Late-demographic dividend,LTE,1991,0.424556722251864
Late-demographic dividend,LTE,1990,0.416095531108802
Late-demographic dividend,LTE,1989,0.326941709270861
Late-demographic dividend,LTE,1988,0.333793338754466
Late-demographic dividend,LTE,1987,0.344731363685067
Late-demographic dividend,LTE,1986,0.307134444387606
Late-demographic dividend,LTE,1985,0.315428313393646
Late-demographic dividend,LTE,1984,0.291252758936319
Late-demographic dividend,LTE,1983,0.297397128557547
Late-demographic dividend,LTE,1982,0.297692948953471
Late-demographic dividend,LTE,1981,0.343063741140858
Late-demographic dividend,LTE,1980,0.313679358291788
Late-demographic dividend,LTE,1979,0.269157061255525
Late-demographic dividend,LTE,1978,0.298484190296177
Late-demographic dividend,LTE,1977,0.283041330585201
Late-demographic dividend,LTE,1976,0.227630096538988
Late-demographic dividend,LTE,1975,0.272908429714018
Late-demographic dividend,LTE,1974,0.305699230937051
Late-demographic dividend,LTE,1973,0.2514615481765
Late-demographic dividend,LTE,1972,0.32959374855067
Late-demographic dividend,LTE,1971,0.346079073530102
Late-demographic dividend,LTE,1970,0.378208839245678
Late-demographic dividend,LTE,1969,
Late-demographic dividend,LTE,1968,
Late-demographic dividend,LTE,1967,
Late-demographic dividend,LTE,1966,
Late-demographic dividend,LTE,1965,
Late-demographic dividend,LTE,1964,
Late-demographic dividend,LTE,1963,
Late-demographic dividend,LTE,1962,
Late-demographic dividend,LTE,1961,
Late-demographic dividend,LTE,1960,
Latin America & Caribbean,LCN,2025,
Latin America & Caribbean,LCN,2024,
Latin America & Caribbean,LCN,2023,0.162057201204233
Latin America & Caribbean,LCN,2022,0.201980586146496
Latin America & Caribbean,LCN,2021,0.210619413961608
Latin America & Caribbean,LCN,2020,0.261610640020367
Latin America & Caribbean,LCN,2019,0.156077482375481
Latin America & Caribbean,LCN,2018,0.184193019804196
Latin America & Caribbean,LCN,2017,0.14819898734574
Latin America & Caribbean,LCN,2016,0.216811670787146
Latin America & Caribbean,LCN,2015,0.174930969519428
Latin America & Caribbean,LCN,2014,0.14628116235059
Latin America & Caribbean,LCN,2013,0.14401936735948
Latin America & Caribbean,LCN,2012,0.152868992586649
Latin America & Caribbean,LCN,2011,0.158198933516326
Latin America & Caribbean,LCN,2010,0.16389096029976
Latin America & Caribbean,LCN,2009,0.184547622679601
Latin America & Caribbean,LCN,2008,0.174485294064475
Latin America & Caribbean,LCN,2007,0.160959114431372
Latin America & Caribbean,LCN,2006,0.20057868963418
Latin America & Caribbean,LCN,2005,0.21322182614601
Latin America & Caribbean,LCN,2004,0.270278221244799
Latin America & Caribbean,LCN,2003,0.272407847708937
Latin America & Caribbean,LCN,2002,0.233057287105336
Latin America & Caribbean,LCN,2001,0.239371302798348
Latin America & Caribbean,LCN,2000,0.194978943027787
Latin America & Caribbean,LCN,1999,0.248060116483322
Latin America & Caribbean,LCN,1998,0.202726265481136
Latin America & Caribbean,LCN,1997,0.206602525214972
Latin America & Caribbean,LCN,1996,0.268294471856786
Latin America & Caribbean,LCN,1995,0.312644373106817
Latin America & Caribbean,LCN,1994,0.302639156344222
Latin America & Caribbean,LCN,1993,0.332096152056238
Latin America & Caribbean,LCN,1992,0.403192626673212
Latin America & Caribbean,LCN,1991,0.481643350293029
Latin America & Caribbean,LCN,1990,0.444716885682467
Latin America & Caribbean,LCN,1989,0.446310845529705
Latin America & Caribbean,LCN,1988,0.452630780137763
Latin America & Caribbean,LCN,1987,0.491394069151725
Latin America & Caribbean,LCN,1986,0.44292242722502
Latin America & Caribbean,LCN,1985,0.40530295634186
Latin America & Caribbean,LCN,1984,0.337250637832276
Latin America & Caribbean,LCN,1983,0.33021742625023
Latin America & Caribbean,LCN,1982,0.271898195873064
Latin America & Caribbean,LCN,1981,0.225344048577313
Latin America & Caribbean,LCN,1980,0.230726778550417
Latin America & Caribbean,LCN,1979,0.232314110185346
Latin America & Caribbean,LCN,1978,0.212799765968858
Latin America & Caribbean,LCN,1977,0.199995409357687
Latin America & Caribbean,LCN,1976,0.232484474095686
Latin America & Caribbean,LCN,1975,0.25299391483349
Latin America & Caribbean,LCN,1974,0.212418819944452
Latin America & Caribbean,LCN,1973,0.249726941827912
Latin America & Caribbean,LCN,1972,0.328044964690611
Latin America & Caribbean,LCN,1971,0.354326384226553
Latin America & Caribbean,LCN,1970,0.443381572512839
Latin America & Caribbean,LCN,1969,0.464375414719787
Latin America & Caribbean,LCN,1968,0.597239243764291
Latin America & Caribbean,LCN,1967,0.590827631422144
Latin America & Caribbean,LCN,1966,0.71675573672714
Latin America & Caribbean,LCN,1965,0.665136048290232
Latin America & Caribbean,LCN,1964,0.501176666143813
Latin America & Caribbean,LCN,1963,0.735283643838803
Latin America & Caribbean,LCN,1962,0.794642045038149
Latin America & Caribbean,LCN,1961,0.911030631951978
Latin America & Caribbean,LCN,1960,0.32508318549146
Latin America & Caribbean (excluding high income),LAC,2025,
Latin America & Caribbean (excluding high income),LAC,2024,
Latin America & Caribbean (excluding high income),LAC,2023,0.185066499181032
Latin America & Caribbean (excluding high income),LAC,2022,0.230682246014814
Latin America & Caribbean (excluding high income),LAC,2021,0.242325489671144
Latin America & Caribbean (excluding high income),LAC,2020,0.300406968423328
Latin America & Caribbean (excluding high income),LAC,2019,0.178437703200241
Latin America & Caribbean (excluding high income),LAC,2018,0.211540617566769
Latin America & Caribbean (excluding high income),LAC,2017,0.169243686776588
Latin America & Caribbean (excluding high income),LAC,2016,0.24924954198062
Latin America & Caribbean (excluding high income),LAC,2015,0.200379066307795
Latin America & Caribbean (excluding high income),LAC,2014,0.166931791385708
Latin America & Caribbean (excluding high income),LAC,2013,0.165782752856655
Latin America & Caribbean (excluding high income),LAC,2012,0.179095460771263
Latin America & Caribbean (excluding high income),LAC,2011,0.182454496150993
Latin America & Caribbean (excluding high income),LAC,2010,0.194235593424732
Latin America & Caribbean (excluding high income),LAC,2009,0.220613195089986
Latin America & Caribbean (excluding high income),LAC,2008,0.206076019654088
Latin America & Caribbean (excluding high income),LAC,2007,0.18874700515392
Latin America & Caribbean (excluding high income),LAC,2006,0.235224310458715
Latin America & Caribbean (excluding high income),LAC,2005,0.249322583764018
Latin America & Caribbean (excluding high income),LAC,2004,0.316091227118364
Latin America & Caribbean (excluding high income),LAC,2003,0.315361213296808
Latin America & Caribbean (excluding high income),LAC,2002,0.270690477686736
Latin America & Caribbean (excluding high income),LAC,2001,0.278705999141538
Latin America & Caribbean (excluding high income),LAC,2000,0.226032976453205
Latin America & Caribbean (excluding high income),LAC,1999,0.288222285050657
Latin America & Caribbean (excluding high income),LAC,1998,0.231154157722881
Latin America & Caribbean (excluding high income),LAC,1997,0.234782694227677
Latin America & Caribbean (excluding high income),LAC,1996,0.303501947652213
Latin America & Caribbean (excluding high income),LAC,1995,0.356868209152239
Latin America & Caribbean (excluding high income),LAC,1994,0.340760730749434
Latin America & Caribbean (excluding high income),LAC,1993,0.37777371041435
Latin America & Caribbean (excluding high income),LAC,1992,0.467064512080567
Latin America & Caribbean (excluding high income),LAC,1991,0.55511153868633
Latin America & Caribbean (excluding high income),LAC,1990,0.510504214448702
Latin America & Caribbean (excluding high income),LAC,1989,0.509315285605889
Latin America & Caribbean (excluding high income),LAC,1988,0.532726703108599
Latin America & Caribbean (excluding high income),LAC,1987,0.574886616006182
Latin America & Caribbean (excluding high income),LAC,1986,0.529332344799608
Latin America & Caribbean (excluding high income),LAC,1985,0.484806086200603
Latin America & Caribbean (excluding high income),LAC,1984,0.401143512262106
Latin America & Caribbean (excluding high income),LAC,1983,0.402033570208101
Latin America & Caribbean (excluding high income),LAC,1982,0.324835997293014
Latin America & Caribbean (excluding high income),LAC,1981,0.270309034793746
Latin America & Caribbean (excluding high income),LAC,1980,0.278675064249314
Latin America & Caribbean (excluding high income),LAC,1979,0.278010922391811
Latin America & Caribbean (excluding high income),LAC,1978,0.249645183343579
Latin America & Caribbean (excluding high income),LAC,1977,0.238033545776119
Latin America & Caribbean (excluding high income),LAC,1976,0.273228246428283
Latin America & Caribbean (excluding high income),LAC,1975,0.295551139835068
Latin America & Caribbean (excluding high income),LAC,1974,0.254909492226087
Latin America & Caribbean (excluding high income),LAC,1973,0.303403813213157
Latin America & Caribbean (excluding high income),LAC,1972,0.400539598013278
Latin America & Caribbean (excluding high income),LAC,1971,0.436442315945903
Latin America & Caribbean (excluding high income),LAC,1970,0.544438368546206
Latin America & Caribbean (excluding high income),LAC,1969,0.5656193257351
Latin America & Caribbean (excluding high income),LAC,1968,0.729720939684484
Latin America & Caribbean (excluding high income),LAC,1967,0.739670790377903
Latin America & Caribbean (excluding high income),LAC,1966,0.877152538718541
Latin America & Caribbean (excluding high income),LAC,1965,0.814982738862127
Latin America & Caribbean (excluding high income),LAC,1964,0.618621936210184
Latin America & Caribbean (excluding high income),LAC,1963,0.938443158158798
Latin America & Caribbean (excluding high income),LAC,1962,1.02103645539426
Latin America & Caribbean (excluding high income),LAC,1961,1.16232548297502
Latin America & Caribbean (excluding high income),LAC,1960,0.415265720545174
Latin America & the Caribbean (IDA & IBRD countries),TLA,2025,
Latin America & the Caribbean (IDA & IBRD countries),TLA,2024,
Latin America & the Caribbean (IDA & IBRD countries),TLA,2023,
Latin America & the Caribbean (IDA & IBRD countries),TLA,2022,
Latin America & the Caribbean (IDA & IBRD countries),TLA,2021,0.194586423125042
Latin America & the Caribbean (IDA & IBRD countries),TLA,2020,0.230089488870525
Latin America & the Caribbean (IDA & IBRD countries),TLA,2019,0.132817140522542
Latin America & the Caribbean (IDA & IBRD countries),TLA,2018,0.154970218194431
Latin America & the Caribbean (IDA & IBRD countries),TLA,2017,0.11934409251706
Latin America & the Caribbean (IDA & IBRD countries),TLA,2016,0.145615427295647
Latin America & the Caribbean (IDA & IBRD countries),TLA,2015,0.150100479431412
Latin America & the Caribbean (IDA & IBRD countries),TLA,2014,0.128749782502685
Latin America & the Caribbean (IDA & IBRD countries),TLA,2013,0.128862380283687
Latin America & the Caribbean (IDA & IBRD countries),TLA,2012,0.131727888729005
Latin America & the Caribbean (IDA & IBRD countries),TLA,2011,0.144832785693812
Latin America & the Caribbean (IDA & IBRD countries),TLA,2010,0.15956439231157
Latin America & the Caribbean (IDA & IBRD countries),TLA,2009,0.172621489887506
Latin America & the Caribbean (IDA & IBRD countries),TLA,2008,0.157921796243583
Latin America & the Caribbean (IDA & IBRD countries),TLA,2007,0.146204684886042
Latin America & the Caribbean (IDA & IBRD countries),TLA,2006,0.192021116592174
Latin America & the Caribbean (IDA & IBRD countries),TLA,2005,0.200811870969413
Latin America & the Caribbean (IDA & IBRD countries),TLA,2004,0.241393080589583
Latin America & the Caribbean (IDA & IBRD countries),TLA,2003,0.262675817455945
Latin America & the Caribbean (IDA & IBRD countries),TLA,2002,0.227297361444156
Latin America & the Caribbean (IDA & IBRD countries),TLA,2001,0.229952855318253
Latin America & the Caribbean (IDA & IBRD countries),TLA,2000,0.164840609157429
Latin America & the Caribbean (IDA & IBRD countries),TLA,1999,0.226670614829517
Latin America & the Caribbean (IDA & IBRD countries),TLA,1998,0.182574957108473
Latin America & the Caribbean (IDA & IBRD countries),TLA,1997,0.191144609655981
Latin America & the Caribbean (IDA & IBRD countries),TLA,1996,0.254966640701431
Latin America & the Caribbean (IDA & IBRD countries),TLA,1995,0.296599936370543
Latin America & the Caribbean (IDA & IBRD countries),TLA,1994,0.291370940952194
Latin America & the Caribbean (IDA & IBRD countries),TLA,1993,0.32171322006272
Latin America & the Caribbean (IDA & IBRD countries),TLA,1992,0.386834522640264
Latin America & the Caribbean (IDA & IBRD countries),TLA,1991,0.469234104610562
Latin America & the Caribbean (IDA & IBRD countries),TLA,1990,0.43759872324815
Latin America & the Caribbean (IDA & IBRD countries),TLA,1989,0.427497647198406
Latin America & the Caribbean (IDA & IBRD countries),TLA,1988,0.432513379716991
Latin America & the Caribbean (IDA & IBRD countries),TLA,1987,0.473514155741199
Latin America & the Caribbean (IDA & IBRD countries),TLA,1986,0.423807487417605
Latin America & the Caribbean (IDA & IBRD countries),TLA,1985,0.383185475706746
Latin America & the Caribbean (IDA & IBRD countries),TLA,1984,0.324594122663803
Latin America & the Caribbean (IDA & IBRD countries),TLA,1983,0.317196803169879
Latin America & the Caribbean (IDA & IBRD countries),TLA,1982,0.257287140196185
Latin America & the Caribbean (IDA & IBRD countries),TLA,1981,0.212751373433054
Latin America & the Caribbean (IDA & IBRD countries),TLA,1980,0.214022531385874
Latin America & the Caribbean (IDA & IBRD countries),TLA,1979,0.217175494770355
Latin America & the Caribbean (IDA & IBRD countries),TLA,1978,0.193681363744841
Latin America & the Caribbean (IDA & IBRD countries),TLA,1977,0.176920695227622
Latin America & the Caribbean (IDA & IBRD countries),TLA,1976,0.203964275307237
Latin America & the Caribbean (IDA & IBRD countries),TLA,1975,0.238050392010867
Latin America & the Caribbean (IDA & IBRD countries),TLA,1974,0.202846262562084
Latin America & the Caribbean (IDA & IBRD countries),TLA,1973,0.237401168351895
Latin America & the Caribbean (IDA & IBRD countries),TLA,1972,0.299250644705017
Latin America & the Caribbean (IDA & IBRD countries),TLA,1971,0.324650161045683
Latin America & the Caribbean (IDA & IBRD countries),TLA,1970,0.423824912383283
Latin America & the Caribbean (IDA & IBRD countries),TLA,1969,
Latin America & the Caribbean (IDA & IBRD countries),TLA,1968,
Latin America & the Caribbean (IDA & IBRD countries),TLA,1967,
Latin America & the Caribbean (IDA & IBRD countries),TLA,1966,
Latin America & the Caribbean (IDA & IBRD countries),TLA,1965,
Latin America & the Caribbean (IDA & IBRD countries),TLA,1964,
Latin America & the Caribbean (IDA & IBRD countries),TLA,1963,
Latin America & the Caribbean (IDA & IBRD countries),TLA,1962,
Latin America & the Caribbean (IDA & IBRD countries),TLA,1961,
Latin America & the Caribbean (IDA & IBRD countries),TLA,1960,
Least developed countries: UN classification,LDC,2025,
Least developed countries: UN classification,LDC,2024,
Least developed countries: UN classification,LDC,2023,
Least developed countries: UN classification,LDC,2022,
Least developed countries: UN classification,LDC,2021,4.66532417160676
Least developed countries: UN classification,LDC,2020,5.47747646733287
Least developed countries: UN classification,LDC,2019,4.55556986795845
Least developed countries: UN classification,LDC,2018,4.88062266564932
Least developed countries: UN classification,LDC,2017,4.70798885484633
Least developed countries: UN classification,LDC,2016,4.55609713322643
Least developed countries: UN classification,LDC,2015,4.59564207007516
Least developed countries: UN classification,LDC,2014,4.47084792111531
Least developed countries: UN classification,LDC,2013,5.23866101793232
Least developed countries: UN classification,LDC,2012,5.11484067479398
Least developed countries: UN classification,LDC,2011,5.58759483428074
Least developed countries: UN classification,LDC,2010,6.24036925341887
Least developed countries: UN classification,LDC,2009,6.39041433339026
Least developed countries: UN classification,LDC,2008,6.24493297563945
Least developed countries: UN classification,LDC,2007,6.80788973424451
Least developed countries: UN classification,LDC,2006,6.78906244050945
Least developed countries: UN classification,LDC,2005,7.10266972715884
Least developed countries: UN classification,LDC,2004,8.32520015027441
Least developed countries: UN classification,LDC,2003,9.01599094734677
Least developed countries: UN classification,LDC,2002,7.43209718632761
Least developed countries: UN classification,LDC,2001,6.47666272590045
Least developed countries: UN classification,LDC,2000,5.49324503665149
Least developed countries: UN classification,LDC,1999,6.1706662725217
Least developed countries: UN classification,LDC,1998,6.43540702913588
Least developed countries: UN classification,LDC,1997,6.73820791522181
Least developed countries: UN classification,LDC,1996,7.54874813434801
Least developed countries: UN classification,LDC,1995,9.84288294069869
Least developed countries: UN classification,LDC,1994,9.99076483098426
Least developed countries: UN classification,LDC,1993,9.09367315675821
Least developed countries: UN classification,LDC,1992,10.6084293385168
Least developed countries: UN classification,LDC,1991,8.088419578952
Least developed countries: UN classification,LDC,1990,8.70059085279426
Least developed countries: UN classification,LDC,1989,8.30573046183298
Least developed countries: UN classification,LDC,1988,9.00260579597358
Least developed countries: UN classification,LDC,1987,9.33196471240005
Least developed countries: UN classification,LDC,1986,8.42281805975328
Least developed countries: UN classification,LDC,1985,6.16318683133063
Least developed countries: UN classification,LDC,1984,5.9614551044063
Least developed countries: UN classification,LDC,1983,5.85657832251766
Least developed countries: UN classification,LDC,1982,6.19753290515957
Least developed countries: UN classification,LDC,1981,5.9497220414112
Least developed countries: UN classification,LDC,1980,6.4609381022989
Least developed countries: UN classification,LDC,1979,6.05099425149244
Least developed countries: UN classification,LDC,1978,5.29763706160813
Least developed countries: UN classification,LDC,1977,4.77785750521354
Least developed countries: UN classification,LDC,1976,4.29410890059838
Least developed countries: UN classification,LDC,1975,4.5999155189546
Least developed countries: UN classification,LDC,1974,4.15917287433816
Least developed countries: UN classification,LDC,1973,3.29047627638034
Least developed countries: UN classification,LDC,1972,
Least developed countries: UN classification,LDC,1971,
Least developed countries: UN classification,LDC,1970,
Least developed countries: UN classification,LDC,1969,
Least developed countries: UN classification,LDC,1968,
Least developed countries: UN classification,LDC,1967,
Least developed countries: UN classification,LDC,1966,
Least developed countries: UN classification,LDC,1965,
Least developed countries: UN classification,LDC,1964,
Least developed countries: UN classification,LDC,1963,
Least developed countries: UN classification,LDC,1962,
Least developed countries: UN classification,LDC,1961,
Least developed countries: UN classification,LDC,1960,
Low & middle income,LMY,2025,
Low & middle income,LMY,2024,
Low & middle income,LMY,2023,0.671095462166873
Low & middle income,LMY,2022,0.656969322447649
Low & middle income,LMY,2021,0.574059732688563
Low & middle income,LMY,2020,0.638185417929173
Low & middle income,LMY,2019,0.518197843265978
Low & middle income,LMY,2018,0.54755581485115
Low & middle income,LMY,2017,0.576482692984208
Low & middle income,LMY,2016,0.60640226909036
Low & middle income,LMY,2015,0.568328229574253
Low & middle income,LMY,2014,0.608042708792637
Low & middle income,LMY,2013,0.594888066647204
Low & middle income,LMY,2012,0.558379885491848
Low & middle income,LMY,2011,0.620621770602078
Low & middle income,LMY,2010,0.629435304009007
Low & middle income,LMY,2009,0.789634957696723
Low & middle income,LMY,2008,0.796392531722685
Low & middle income,LMY,2007,0.813868308672711
Low & middle income,LMY,2006,0.994814613724244
Low & middle income,LMY,2005,1.1911108715575
Low & middle income,LMY,2004,1.02353348922153
Low & middle income,LMY,2003,1.07014105193194
Low & middle income,LMY,2002,1.03827527926149
Low & middle income,LMY,2001,0.888131720436569
Low & middle income,LMY,2000,0.856708020202442
Low & middle income,LMY,1999,0.992290031508463
Low & middle income,LMY,1998,0.950910009760727
Low & middle income,LMY,1997,0.88022293896276
Low & middle income,LMY,1996,1.07489734193138
Low & middle income,LMY,1995,1.24412885682141
Low & middle income,LMY,1994,1.45113213742846
Low & middle income,LMY,1993,1.51129416523153
Low & middle income,LMY,1992,1.77781771673522
Low & middle income,LMY,1991,1.90566067745923
Low & middle income,LMY,1990,1.73915758444282
Low & middle income,LMY,1989,1.56880664976433
Low & middle income,LMY,1988,1.64962330022397
Low & middle income,LMY,1987,1.66492555716232
Low & middle income,LMY,1986,1.54799203401973
Low & middle income,LMY,1985,1.3388935365576
Low & middle income,LMY,1984,1.31510190769136
Low & middle income,LMY,1983,1.3268360496266
Low & middle income,LMY,1982,1.38833114071891
Low & middle income,LMY,1981,1.51288731990893
Low & middle income,LMY,1980,1.68835523375191
Low & middle income,LMY,1979,1.62959385467248
Low & middle income,LMY,1978,1.66117611991202
Low & middle income,LMY,1977,1.37754983211057
Low & middle income,LMY,1976,1.47998527969865
Low & middle income,LMY,1975,1.64298543858309
Low & middle income,LMY,1974,1.41434445271463
Low & middle income,LMY,1973,1.33211395078178
Low & middle income,LMY,1972,1.26866426276668
Low & middle income,LMY,1971,1.34402827479635
Low & middle income,LMY,1970,1.28874778429649
Low & middle income,LMY,1969,1.25354620157819
Low & middle income,LMY,1968,1.38452929167065
Low & middle income,LMY,1967,1.6230635868963
Low & middle income,LMY,1966,1.63806268049935
Low & middle income,LMY,1965,1.63881522100035
Low & middle income,LMY,1964,1.68682435535669
Low & middle income,LMY,1963,1.91610553524216
Low & middle income,LMY,1962,1.96359076590581
Low & middle income,LMY,1961,1.97657369559662
Low & middle income,LMY,1960,1.61405005088675
Low income,,2025,
Low income,,2024,
Low income,,2023,10.5238936567934
Low income,,2022,9.59204602437223
Low income,,2021,13.0154699779306
Low income,,2020,14.4556014393135
Low income,,2019,12.0243673955516
Low income,,2018,13.0294374194809
Low income,,2017,12.2556597361727
Low income,,2016,11.0494692621539
Low income,,2015,8.80304660629408
Low income,,2014,8.22170550017505
Low income,,2013,8.43099802041549
Low income,,2012,8.08146690647824
Low income,,2011,7.97788605022086
Low income,,2010,7.17714107523652
Low income,,2009,8.00849016696441
Low income,,2008,7.63353381213188
Low income,,2007,8.20791561950567
Low income,,2006,8.28478160806891
Low income,,2005,8.67135563967063
Low income,,2004,9.52024236953376
Low income,,2003,11.6709031705267
Low income,,2002,8.75874481312322
Low income,,2001,6.6057151163983
Low income,,2000,5.18746615788331
Low income,,1999,6.82739589479596
Low income,,1998,7.18128876278123
Low income,,1997,7.75290980235514
Low income,,1996,8.41128734333275
Low income,,1995,9.14838719631251
Low income,,1994,9.44002775187426
Low income,,1993,8.19139132389461
Low income,,1992,9.62957307565222
Low income,,1991,7.2091187865131
Low income,,1990,8.31970128668054
Low income,,1989,7.89336683479953
Low income,,1988,8.45291480324448
Low income,,1987,9.53106697365105
Low income,,1986,8.36031244193092
Low income,,1985,7.72291024073477
Low income,,1984,6.42125598220468
Low income,,1983,6.55552268744984
Low income,,1982,6.89822862732368
Low income,,1981,7.31691888052092
Low income,,1980,7.83822016645968
Low income,,1979,7.81802495154231
Low income,,1978,5.62387495693994
Low income,,1977,5.74788204557187
Low income,,1976,5.43906836335006
Low income,,1975,5.85175499152759
Low income,,1974,5.43965371328285
Low income,,1973,3.85736727715947
Low income,,1972,2.84349138948883
Low income,,1971,2.35481053779238
Low income,,1970,2.19009160449099
Low income,,1969,2.15823437631978
Low income,,1968,2.62740145827834
Low income,,1967,2.6644635880673
Low income,,1966,3.1610758500367
Low income,,1965,3.30084185430952
Low income,,1964,3.3542077581524
Low income,,1963,1.94295561370119
Low income,,1962,2.8295490362406
Low income,,1961,2.39580126499124
Low income,,1960,1.9441703137088
Lower middle income,,2025,
Lower middle income,,2024,
Lower middle income,,2023,0.778760416239497
Lower middle income,,2022,0.784758937232068
Lower middle income,,2021,0.893183571824347
Lower middle income,,2020,0.958007453552501
Lower middle income,,2019,0.759525775968833
Lower middle income,,2018,0.779146518731915
Lower middle income,,2017,0.851139230508407
Lower middle income,,2016,0.879599729231206
Lower middle income,,2015,0.946893451025985
Lower middle income,,2014,1.03009163790127
Lower middle income,,2013,1.17843923439704
Lower middle income,,2012,1.03021769020117
Lower middle income,,2011,1.01601282256389
Lower middle income,,2010,0.975414864986078
Lower middle income,,2009,1.29199496910828
Lower middle income,,2008,1.18143351524409
Lower middle income,,2007,1.22596455449093
Lower middle income,,2006,1.78949957702191
Lower middle income,,2005,1.6851085836506
Lower middle income,,2004,1.55393793812863
Lower middle income,,2003,1.55476490877497
Lower middle income,,2002,1.63058316783757
Lower middle income,,2001,1.64818539039694
Lower middle income,,2000,1.46476714014591
Lower middle income,,1999,1.59370664964666
Lower middle income,,1998,1.75215085687008
Lower middle income,,1997,1.70344407300967
Lower middle income,,1996,2.06449645960936
Lower middle income,,1995,2.4334592390907
Lower middle income,,1994,2.92219796440687
Lower middle income,,1993,2.69930507933397
Lower middle income,,1992,3.35740916107572
Lower middle income,,1991,3.75575247393814
Lower middle income,,1990,3.36398666105987
Lower middle income,,1989,2.53788141848219
Lower middle income,,1988,2.48365030723881
Lower middle income,,1987,2.35333129835386
Lower middle income,,1986,2.47839985672205
Lower middle income,,1985,2.11256491214238
Lower middle income,,1984,2.21076189917125
Lower middle income,,1983,2.18764139545515
Lower middle income,,1982,2.45525627370531
Lower middle income,,1981,2.69356371344271
Lower middle income,,1980,3.08877727622984
Lower middle income,,1979,2.96971343515957
Lower middle income,,1978,3.08330090117501
Lower middle income,,1977,3.00230143363824
Lower middle income,,1976,3.43529016222137
Lower middle income,,1975,3.63533396173346
Lower middle income,,1974,2.92850820946005
Lower middle income,,1973,2.40586369874673
Lower middle income,,1972,1.99191989914868
Lower middle income,,1971,2.11541800317531
Lower middle income,,1970,2.07309407868122
Lower middle income,,1969,1.9925840570286
Lower middle income,,1968,2.20471869343774
Lower middle income,,1967,2.78315024933927
Lower middle income,,1966,2.89285072083745
Lower middle income,,1965,2.55235015409194
Lower middle income,,1964,
Lower middle income,,1963,
Lower middle income,,1962,
Lower middle income,,1961,
Lower middle income,,1960,
"Middle East, North Africa, Afghanistan & Pakistan",MEA,2025,
"Middle East, North Africa, Afghanistan & Pakistan",MEA,2024,
"Middle East, North Africa, Afghanistan & Pakistan",MEA,2023,0.71449270376375
"Middle East, North Africa, Afghanistan & Pakistan",MEA,2022,0.680648599264101
"Middle East, North Africa, Afghanistan & Pakistan",MEA,2021,0.986876766794495
"Middle East, North Africa, Afghanistan & Pakistan",MEA,2020,0.977629951034337
"Middle East, North Africa, Afghanistan & Pakistan",MEA,2019,0.842647814903508
"Middle East, North Africa, Afghanistan & Pakistan",MEA,2018,0.920694365367014
"Middle East, North Africa, Afghanistan & Pakistan",MEA,2017,0.899129384003839
"Middle East, North Africa, Afghanistan & Pakistan",MEA,2016,0.921648592563402
"Middle East, North Africa, Afghanistan & Pakistan",MEA,2015,0.766404672141388
"Middle East, North Africa, Afghanistan & Pakistan",MEA,2014,1.03745621892268
"Middle East, North Africa, Afghanistan & Pakistan",MEA,2013,0.84837758222755
"Middle East, North Africa, Afghanistan & Pakistan",MEA,2012,0.566027455333883
"Middle East, North Africa, Afghanistan & Pakistan",MEA,2011,0.71483008690591
"Middle East, North Africa, Afghanistan & Pakistan",MEA,2010,0.678160924937271
"Middle East, North Africa, Afghanistan & Pakistan",MEA,2009,0.859397889499013
"Middle East, North Africa, Afghanistan & Pakistan",MEA,2008,1.03876646698673
"Middle East, North Africa, Afghanistan & Pakistan",MEA,2007,1.05907904095503
"Middle East, North Africa, Afghanistan & Pakistan",MEA,2006,1.11059902339827
"Middle East, North Africa, Afghanistan & Pakistan",MEA,2005,1.92727597759456
"Middle East, North Africa, Afghanistan & Pakistan",MEA,2004,1.0169199529591
"Middle East, North Africa, Afghanistan & Pakistan",MEA,2003,0.918549209436381
"Middle East, North Africa, Afghanistan & Pakistan",MEA,2002,0.745355320328357
"Middle East, North Africa, Afghanistan & Pakistan",MEA,2001,0.660771759748813
"Middle East, North Africa, Afghanistan & Pakistan",MEA,2000,0.505834054334521
"Middle East, North Africa, Afghanistan & Pakistan",MEA,1999,0.649452763671406
"Middle East, North Africa, Afghanistan & Pakistan",MEA,1998,0.816243739610512
"Middle East, North Africa, Afghanistan & Pakistan",MEA,1997,0.734499333377835
"Middle East, North Africa, Afghanistan & Pakistan",MEA,1996,1.06379520302909
"Middle East, North Africa, Afghanistan & Pakistan",MEA,1995,0.866696805968169
"Middle East, North Africa, Afghanistan & Pakistan",MEA,1994,1.41442739981672
"Middle East, North Africa, Afghanistan & Pakistan",MEA,1993,1.24403004606237
"Middle East, North Africa, Afghanistan & Pakistan",MEA,1992,1.45101106134306
"Middle East, North Africa, Afghanistan & Pakistan",MEA,1991,2.17811609955242
"Middle East, North Africa, Afghanistan & Pakistan",MEA,1990,1.70021627689692
"Middle East, North Africa, Afghanistan & Pakistan",MEA,1989,0.994680877931256
"Middle East, North Africa, Afghanistan & Pakistan",MEA,1988,1.00305212690576
"Middle East, North Africa, Afghanistan & Pakistan",MEA,1987,1.13054063433029
"Middle East, North Africa, Afghanistan & Pakistan",MEA,1986,1.10594218575811
"Middle East, North Africa, Afghanistan & Pakistan",MEA,1985,1.1614153172229
"Middle East, North Africa, Afghanistan & Pakistan",MEA,1984,1.03496154791106
"Middle East, North Africa, Afghanistan & Pakistan",MEA,1983,1.0931595347492
"Middle East, North Africa, Afghanistan & Pakistan",MEA,1982,1.25361015280444
"Middle East, North Africa, Afghanistan & Pakistan",MEA,1981,1.48220179183725
"Middle East, North Africa, Afghanistan & Pakistan",MEA,1980,1.64558814132638
"Middle East, North Africa, Afghanistan & Pakistan",MEA,1979,1.86237110640653
"Middle East, North Africa, Afghanistan & Pakistan",MEA,1978,2.13489409956173
"Middle East, North Africa, Afghanistan & Pakistan",MEA,1977,2.23408604674978
"Middle East, North Africa, Afghanistan & Pakistan",MEA,1976,2.34351667883115
"Middle East, North Africa, Afghanistan & Pakistan",MEA,1975,2.68232026277587
"Middle East, North Africa, Afghanistan & Pakistan",MEA,1974,1.92547607705501
"Middle East, North Africa, Afghanistan & Pakistan",MEA,1973,2.26481179642749
"Middle East, North Africa, Afghanistan & Pakistan",MEA,1972,1.5505394142649
"Middle East, North Africa, Afghanistan & Pakistan",MEA,1971,1.83327734062186
"Middle East, North Africa, Afghanistan & Pakistan",MEA,1970,2.0864934996008
"Middle East, North Africa, Afghanistan & Pakistan",MEA,1969,1.46478788124162
"Middle East, North Africa, Afghanistan & Pakistan",MEA,1968,1.67836590756765
"Middle East, North Africa, Afghanistan & Pakistan",MEA,1967,2.14856091418165
"Middle East, North Africa, Afghanistan & Pakistan",MEA,1966,2.54339926753619
"Middle East, North Africa, Afghanistan & Pakistan",MEA,1965,3.16797283521907
"Middle East, North Africa, Afghanistan & Pakistan",MEA,1964,3.89701023751104
"Middle East, North Africa, Afghanistan & Pakistan",MEA,1963,4.46965911503411
"Middle East, North Africa, Afghanistan & Pakistan",MEA,1962,4.87123446874985
"Middle East, North Africa, Afghanistan & Pakistan",MEA,1961,4.84315079692093
"Middle East, North Africa, Afghanistan & Pakistan",MEA,1960,
"Middle East, North Africa, Afghanistan & Pakistan (excluding high income)",MNA,2025,
"Middle East, North Africa, Afghanistan & Pakistan (excluding high income)",MNA,2024,
"Middle East, North Africa, Afghanistan & Pakistan (excluding high income)",MNA,2023,1.69700195106713
"Middle East, North Africa, Afghanistan & Pakistan (excluding high income)",MNA,2022,1.60110483664765
"Middle East, North Africa, Afghanistan & Pakistan (excluding high income)",MNA,2021,2.21810982518751
"Middle East, North Africa, Afghanistan & Pakistan (excluding high income)",MNA,2020,2.12554892072578
"Middle East, North Africa, Afghanistan & Pakistan (excluding high income)",MNA,2019,1.86668396426895
"Middle East, North Africa, Afghanistan & Pakistan (excluding high income)",MNA,2018,2.00523295820746
"Middle East, North Africa, Afghanistan & Pakistan (excluding high income)",MNA,2017,1.83721100012326
"Middle East, North Africa, Afghanistan & Pakistan (excluding high income)",MNA,2016,1.82523954005814
"Middle East, North Africa, Afghanistan & Pakistan (excluding high income)",MNA,2015,1.55140555091377
"Middle East, North Africa, Afghanistan & Pakistan (excluding high income)",MNA,2014,2.16283075036698
"Middle East, North Africa, Afghanistan & Pakistan (excluding high income)",MNA,2013,1.73712148534806
"Middle East, North Africa, Afghanistan & Pakistan (excluding high income)",MNA,2012,1.09647220373794
"Middle East, North Africa, Afghanistan & Pakistan (excluding high income)",MNA,2011,1.38234257435691
"Middle East, North Africa, Afghanistan & Pakistan (excluding high income)",MNA,2010,1.27505385640954
"Middle East, North Africa, Afghanistan & Pakistan (excluding high income)",MNA,2009,1.58336069542074
"Middle East, North Africa, Afghanistan & Pakistan (excluding high income)",MNA,2008,2.05897401166627
"Middle East, North Africa, Afghanistan & Pakistan (excluding high income)",MNA,2007,2.0735657591716
"Middle East, North Africa, Afghanistan & Pakistan (excluding high income)",MNA,2006,2.24389978103895
"Middle East, North Africa, Afghanistan & Pakistan (excluding high income)",MNA,2005,3.85709450082067
"Middle East, North Africa, Afghanistan & Pakistan (excluding high income)",MNA,2004,1.97710386104992
"Middle East, North Africa, Afghanistan & Pakistan (excluding high income)",MNA,2003,1.79147415993778
"Middle East, North Africa, Afghanistan & Pakistan (excluding high income)",MNA,2002,1.44237129587379
"Middle East, North Africa, Afghanistan & Pakistan (excluding high income)",MNA,2001,1.25605794062676
"Middle East, North Africa, Afghanistan & Pakistan (excluding high income)",MNA,2000,0.974129262755091
"Middle East, North Africa, Afghanistan & Pakistan (excluding high income)",MNA,1999,1.22076536430821
"Middle East, North Africa, Afghanistan & Pakistan (excluding high income)",MNA,1998,1.53839242498362
"Middle East, North Africa, Afghanistan & Pakistan (excluding high income)",MNA,1997,1.44569801445641
"Middle East, North Africa, Afghanistan & Pakistan (excluding high income)",MNA,1996,2.08446953034757
"Middle East, North Africa, Afghanistan & Pakistan (excluding high income)",MNA,1995,1.70240955716516
"Middle East, North Africa, Afghanistan & Pakistan (excluding high income)",MNA,1994,2.78193510293991
"Middle East, North Africa, Afghanistan & Pakistan (excluding high income)",MNA,1993,2.45483974391826
"Middle East, North Africa, Afghanistan & Pakistan (excluding high income)",MNA,1992,2.69963136352015
"Middle East, North Africa, Afghanistan & Pakistan (excluding high income)",MNA,1991,3.95760609813978
"Middle East, North Africa, Afghanistan & Pakistan (excluding high income)",MNA,1990,2.59792008492213
"Middle East, North Africa, Afghanistan & Pakistan (excluding high income)",MNA,1989,1.60798207067286
"Middle East, North Africa, Afghanistan & Pakistan (excluding high income)",MNA,1988,1.57660209061851
"Middle East, North Africa, Afghanistan & Pakistan (excluding high income)",MNA,1987,1.71667824166847
"Middle East, North Africa, Afghanistan & Pakistan (excluding high income)",MNA,1986,1.57885275157261
"Middle East, North Africa, Afghanistan & Pakistan (excluding high income)",MNA,1985,1.75895306022295
"Middle East, North Africa, Afghanistan & Pakistan (excluding high income)",MNA,1984,1.65299584902789
"Middle East, North Africa, Afghanistan & Pakistan (excluding high income)",MNA,1983,1.81633652816333
"Middle East, North Africa, Afghanistan & Pakistan (excluding high income)",MNA,1982,2.25111851468157
"Middle East, North Africa, Afghanistan & Pakistan (excluding high income)",MNA,1981,2.94185518231585
"Middle East, North Africa, Afghanistan & Pakistan (excluding high income)",MNA,1980,3.0619553419315
"Middle East, North Africa, Afghanistan & Pakistan (excluding high income)",MNA,1979,3.24933936379526
"Middle East, North Africa, Afghanistan & Pakistan (excluding high income)",MNA,1978,3.52144170666659
"Middle East, North Africa, Afghanistan & Pakistan (excluding high income)",MNA,1977,3.71244303489693
"Middle East, North Africa, Afghanistan & Pakistan (excluding high income)",MNA,1976,3.87443577769497
"Middle East, North Africa, Afghanistan & Pakistan (excluding high income)",MNA,1975,4.37826794802216
"Middle East, North Africa, Afghanistan & Pakistan (excluding high income)",MNA,1974,3.24460277345119
"Middle East, North Africa, Afghanistan & Pakistan (excluding high income)",MNA,1973,3.18362794379263
"Middle East, North Africa, Afghanistan & Pakistan (excluding high income)",MNA,1972,2.1127292740702
"Middle East, North Africa, Afghanistan & Pakistan (excluding high income)",MNA,1971,2.42016356403137
"Middle East, North Africa, Afghanistan & Pakistan (excluding high income)",MNA,1970,2.70543712236183
"Middle East, North Africa, Afghanistan & Pakistan (excluding high income)",MNA,1969,1.89664357822401
"Middle East, North Africa, Afghanistan & Pakistan (excluding high income)",MNA,1968,2.17329843013596
"Middle East, North Africa, Afghanistan & Pakistan (excluding high income)",MNA,1967,2.74067075974899
"Middle East, North Africa, Afghanistan & Pakistan (excluding high income)",MNA,1966,3.28736199132565
"Middle East, North Africa, Afghanistan & Pakistan (excluding high income)",MNA,1965,4.06146151655286
"Middle East, North Africa, Afghanistan & Pakistan (excluding high income)",MNA,1964,5.02890760907946
"Middle East, North Africa, Afghanistan & Pakistan (excluding high income)",MNA,1963,5.74181218688011
"Middle East, North Africa, Afghanistan & Pakistan (excluding high income)",MNA,1962,6.24183746390126
"Middle East, North Africa, Afghanistan & Pakistan (excluding high income)",MNA,1961,6.39242554111995
"Middle East, North Africa, Afghanistan & Pakistan (excluding high income)",MNA,1960,5.76672491413162
"Middle East, North Africa, Afghanistan & Pakistan (IDA & IBRD)",TMN,2025,
"Middle East, North Africa, Afghanistan & Pakistan (IDA & IBRD)",TMN,2024,
"Middle East, North Africa, Afghanistan & Pakistan (IDA & IBRD)",TMN,2023,
"Middle East, North Africa, Afghanistan & Pakistan (IDA & IBRD)",TMN,2022,
"Middle East, North Africa, Afghanistan & Pakistan (IDA & IBRD)",TMN,2021,1.66685851559366
"Middle East, North Africa, Afghanistan & Pakistan (IDA & IBRD)",TMN,2020,1.52709573102592
"Middle East, North Africa, Afghanistan & Pakistan (IDA & IBRD)",TMN,2019,1.35370606482764
"Middle East, North Africa, Afghanistan & Pakistan (IDA & IBRD)",TMN,2018,1.56030851209765
"Middle East, North Africa, Afghanistan & Pakistan (IDA & IBRD)",TMN,2017,1.35452804465726
"Middle East, North Africa, Afghanistan & Pakistan (IDA & IBRD)",TMN,2016,1.27165684062499
"Middle East, North Africa, Afghanistan & Pakistan (IDA & IBRD)",TMN,2015,0.935209960995378
"Middle East, North Africa, Afghanistan & Pakistan (IDA & IBRD)",TMN,2014,0.931467970847768
"Middle East, North Africa, Afghanistan & Pakistan (IDA & IBRD)",TMN,2013,0.900886723508225
"Middle East, North Africa, Afghanistan & Pakistan (IDA & IBRD)",TMN,2012,0.513459241611779
"Middle East, North Africa, Afghanistan & Pakistan (IDA & IBRD)",TMN,2011,0.42968087873598
"Middle East, North Africa, Afghanistan & Pakistan (IDA & IBRD)",TMN,2010,0.435152607823548
"Middle East, North Africa, Afghanistan & Pakistan (IDA & IBRD)",TMN,2009,0.57082115328191
"Middle East, North Africa, Afghanistan & Pakistan (IDA & IBRD)",TMN,2008,1.13061466403027
"Middle East, North Africa, Afghanistan & Pakistan (IDA & IBRD)",TMN,2007,1.20595001864214
"Middle East, North Africa, Afghanistan & Pakistan (IDA & IBRD)",TMN,2006,1.38134788642266
"Middle East, North Africa, Afghanistan & Pakistan (IDA & IBRD)",TMN,2005,3.10739133938687
"Middle East, North Africa, Afghanistan & Pakistan (IDA & IBRD)",TMN,2004,1.25554356626525
"Middle East, North Africa, Afghanistan & Pakistan (IDA & IBRD)",TMN,2003,1.12688256936396
"Middle East, North Africa, Afghanistan & Pakistan (IDA & IBRD)",TMN,2002,0.620990706825773
"Middle East, North Africa, Afghanistan & Pakistan (IDA & IBRD)",TMN,2001,0.675388210664985
"Middle East, North Africa, Afghanistan & Pakistan (IDA & IBRD)",TMN,2000,0.671087334295451
"Middle East, North Africa, Afghanistan & Pakistan (IDA & IBRD)",TMN,1999,0.86960133168093
"Middle East, North Africa, Afghanistan & Pakistan (IDA & IBRD)",TMN,1998,1.02185072192419
"Middle East, North Africa, Afghanistan & Pakistan (IDA & IBRD)",TMN,1997,1.04219421971019
"Middle East, North Africa, Afghanistan & Pakistan (IDA & IBRD)",TMN,1996,1.16998483840317
"Middle East, North Africa, Afghanistan & Pakistan (IDA & IBRD)",TMN,1995,1.21741715784121
"Middle East, North Africa, Afghanistan & Pakistan (IDA & IBRD)",TMN,1994,1.64835167431788
"Middle East, North Africa, Afghanistan & Pakistan (IDA & IBRD)",TMN,1993,1.58522026097225
"Middle East, North Africa, Afghanistan & Pakistan (IDA & IBRD)",TMN,1992,1.78637935699516
"Middle East, North Africa, Afghanistan & Pakistan (IDA & IBRD)",TMN,1991,2.76958397548678
"Middle East, North Africa, Afghanistan & Pakistan (IDA & IBRD)",TMN,1990,2.00356020635331
"Middle East, North Africa, Afghanistan & Pakistan (IDA & IBRD)",TMN,1989,0.920084411959301
"Middle East, North Africa, Afghanistan & Pakistan (IDA & IBRD)",TMN,1988,0.93654470967535
"Middle East, North Africa, Afghanistan & Pakistan (IDA & IBRD)",TMN,1987,1.18579698711994
"Middle East, North Africa, Afghanistan & Pakistan (IDA & IBRD)",TMN,1986,0.936204003594391
"Middle East, North Africa, Afghanistan & Pakistan (IDA & IBRD)",TMN,1985,1.09542911587705
"Middle East, North Africa, Afghanistan & Pakistan (IDA & IBRD)",TMN,1984,1.09512678453319
"Middle East, North Africa, Afghanistan & Pakistan (IDA & IBRD)",TMN,1983,1.17835716901151
"Middle East, North Africa, Afghanistan & Pakistan (IDA & IBRD)",TMN,1982,1.58857557042263
"Middle East, North Africa, Afghanistan & Pakistan (IDA & IBRD)",TMN,1981,2.21190771927533
"Middle East, North Africa, Afghanistan & Pakistan (IDA & IBRD)",TMN,1980,2.2467215924186
"Middle East, North Africa, Afghanistan & Pakistan (IDA & IBRD)",TMN,1979,2.31099417013373
"Middle East, North Africa, Afghanistan & Pakistan (IDA & IBRD)",TMN,1978,2.68439200349193
"Middle East, North Africa, Afghanistan & Pakistan (IDA & IBRD)",TMN,1977,2.78205528420587
"Middle East, North Africa, Afghanistan & Pakistan (IDA & IBRD)",TMN,1976,2.72936847993979
"Middle East, North Africa, Afghanistan & Pakistan (IDA & IBRD)",TMN,1975,3.30004357305229
"Middle East, North Africa, Afghanistan & Pakistan (IDA & IBRD)",TMN,1974,2.49755382376412
"Middle East, North Africa, Afghanistan & Pakistan (IDA & IBRD)",TMN,1973,2.3680353379045
"Middle East, North Africa, Afghanistan & Pakistan (IDA & IBRD)",TMN,1972,1.0887775392837
"Middle East, North Africa, Afghanistan & Pakistan (IDA & IBRD)",TMN,1971,1.1100964802059
"Middle East, North Africa, Afghanistan & Pakistan (IDA & IBRD)",TMN,1970,1.28398963884793
"Middle East, North Africa, Afghanistan & Pakistan (IDA & IBRD)",TMN,1969,
"Middle East, North Africa, Afghanistan & Pakistan (IDA & IBRD)",TMN,1968,
"Middle East, North Africa, Afghanistan & Pakistan (IDA & IBRD)",TMN,1967,
"Middle East, North Africa, Afghanistan & Pakistan (IDA & IBRD)",TMN,1966,
"Middle East, North Africa, Afghanistan & Pakistan (IDA & IBRD)",TMN,1965,
"Middle East, North Africa, Afghanistan & Pakistan (IDA & IBRD)",TMN,1964,
"Middle East, North Africa, Afghanistan & Pakistan (IDA & IBRD)",TMN,1963,
"Middle East, North Africa, Afghanistan & Pakistan (IDA & IBRD)",TMN,1962,
"Middle East, North Africa, Afghanistan & Pakistan (IDA & IBRD)",TMN,1961,
"Middle East, North Africa, Afghanistan & Pakistan (IDA & IBRD)",TMN,1960,
Middle income,MIC,2025,
Middle income,MIC,2024,
Middle income,MIC,2023,0.319619933620229
Middle income,MIC,2022,0.296261203041176
Middle income,MIC,2021,0.246509345832799
Middle income,MIC,2020,0.284600632066195
Middle income,MIC,2019,0.21036275433982
Middle income,MIC,2018,0.222065300723295
Middle income,MIC,2017,0.246612580974084
Middle income,MIC,2016,0.265649729577701
Middle income,MIC,2015,0.261907694264294
Middle income,MIC,2014,0.273505244124373
Middle income,MIC,2013,0.297272941738817
Middle income,MIC,2012,0.277629700267788
Middle income,MIC,2011,0.297257089754754
Middle income,MIC,2010,0.294666686699956
Middle income,MIC,2009,0.399309460696399
Middle income,MIC,2008,0.411963405587055
Middle income,MIC,2007,0.444365738509476
Middle income,MIC,2006,0.610684926995892
Middle income,MIC,2005,0.792134587975181
Middle income,MIC,2004,0.573416322505082
Middle income,MIC,2003,0.581230763495976
Middle income,MIC,2002,0.617831888979233
Middle income,MIC,2001,0.576208563953695
Middle income,MIC,2000,0.545131289800757
Middle income,MIC,1999,0.653395171107506
Middle income,MIC,1998,0.600954099786813
Middle income,MIC,1997,0.540958022248193
Middle income,MIC,1996,0.666060141509971
Middle income,MIC,1995,0.813190063252637
Middle income,MIC,1994,0.946941080055087
Middle income,MIC,1993,0.993580743578121
Middle income,MIC,1992,1.16406015542896
Middle income,MIC,1991,1.27868136053802
Middle income,MIC,1990,1.13768544115363
Middle income,MIC,1989,0.955828031255893
Middle income,MIC,1988,0.98929056256282
Middle income,MIC,1987,0.96840312434069
Middle income,MIC,1986,0.896779511415457
Middle income,MIC,1985,0.77447946886656
Middle income,MIC,1984,0.781243716689998
Middle income,MIC,1983,0.80131361806269
Middle income,MIC,1982,0.866160173727181
Middle income,MIC,1981,0.904156858285068
Middle income,MIC,1980,1.00933996420258
Middle income,MIC,1979,0.940929162712514
Middle income,MIC,1978,0.969825023857126
Middle income,MIC,1977,0.883456918085461
Middle income,MIC,1976,1.00404887021179
Middle income,MIC,1975,1.10607191863645
Middle income,MIC,1974,0.922151866329481
Middle income,MIC,1973,0.860449147081964
Middle income,MIC,1972,0.837078922777661
Middle income,MIC,1971,0.943978026454681
Middle income,MIC,1970,0.938310905910627
Middle income,MIC,1969,0.942022213572322
Middle income,MIC,1968,1.06843404866669
Middle income,MIC,1967,1.25429133185424
Middle income,MIC,1966,1.26481430143196
Middle income,MIC,1965,1.24451836672292
Middle income,MIC,1964,1.28108478424331
Middle income,MIC,1963,1.38934598462915
Middle income,MIC,1962,1.39807756466053
Middle income,MIC,1961,1.45446534363036
Middle income,MIC,1960,1.15163646657811
North America,NAC,2025,
North America,NAC,2024,
North America,NAC,2023,0.0
North America,NAC,2022,0.0
North America,NAC,2021,0.0
North America,NAC,2020,0.0
North America,NAC,2019,0.0
North America,NAC,2018,0.0
North America,NAC,2017,0.0
North America,NAC,2016,0.0
North America,NAC,2015,0.0
North America,NAC,2014,0.0
North America,NAC,2013,0.0
North America,NAC,2012,0.0
North America,NAC,2011,0.0
North America,NAC,2010,0.0
North America,NAC,2009,0.0
North America,NAC,2008,0.0
North America,NAC,2007,0.0
North America,NAC,2006,0.0
North America,NAC,2005,0.0
North America,NAC,2004,0.0
North America,NAC,2003,0.0
North America,NAC,2002,0.0
North America,NAC,2001,0.0
North America,NAC,2000,0.0
North America,NAC,1999,0.0
North America,NAC,1998,0.0
North America,NAC,1997,0.0
North America,NAC,1996,-4.69970624841727e-05
North America,NAC,1995,-2.54779300429567e-05
North America,NAC,1994,-0.000161380960248204
North America,NAC,1993,-6.60580837752026e-05
North America,NAC,1992,-7.13082941847587e-05
North America,NAC,1991,-7.05326083931545e-05
North America,NAC,1990,0.000651107553760821
North America,NAC,1989,1.62635040689894e-06
North America,NAC,1988,6.95472433098288e-07
North America,NAC,1987,4.38011791137896e-06
North America,NAC,1986,1.84238744061361e-06
North America,NAC,1985,2.01407590955638e-05
North America,NAC,1984,1.82651304941822e-06
North America,NAC,1983,1.77317768770744e-06
North America,NAC,1982,1.90376803908623e-06
North America,NAC,1981,5.99884106457655e-06
North America,NAC,1980,8.98627938048635e-06
North America,NAC,1979,5.25815747488885e-06
North America,NAC,1978,6.23813878675001e-06
North America,NAC,1977,3.49119209475935e-06
North America,NAC,1976,1.44646176716971e-06
North America,NAC,1975,1.07694378622396e-06
North America,NAC,1974,1.75175121227464e-06
North America,NAC,1973,0.0
North America,NAC,1972,7.17852843395806e-07
North America,NAC,1971,0.0
North America,NAC,1970,8.60782886270301e-07
North America,NAC,1969,9.1121807194664e-07
North America,NAC,1968,3.94778142389819e-06
North America,NAC,1967,6.47846926485388e-06
North America,NAC,1966,6.85655252191636e-06
North America,NAC,1965,6.26571458822047e-06
North America,NAC,1964,1.36047458536118e-06
North America,NAC,1963,0.0
North America,NAC,1962,0.0
North America,NAC,1961,0.0
North America,NAC,1960,0.0
Not classified,,2025,
Not classified,,2024,
Not classified,,2023,
Not classified,,2022,
Not classified,,2021,
Not classified,,2020,
Not classified,,2019,
Not classified,,2018,
Not classified,,2017,
Not classified,,2016,
Not classified,,2015,
Not classified,,2014,
Not classified,,2013,
Not classified,,2012,
Not classified,,2011,
Not classified,,2010,
Not classified,,2009,
Not classified,,2008,
Not classified,,2007,
Not classified,,2006,
Not classified,,2005,
Not classified,,2004,
Not classified,,2003,
Not classified,,2002,
Not classified,,2001,
Not classified,,2000,
Not classified,,1999,
Not classified,,1998,
Not classified,,1997,
Not classified,,1996,
Not classified,,1995,
Not classified,,1994,
Not classified,,1993,
Not classified,,1992,
Not classified,,1991,
Not classified,,1990,
Not classified,,1989,
Not classified,,1988,
Not classified,,1987,
Not classified,,1986,
Not classified,,1985,
Not classified,,1984,
Not classified,,1983,
Not classified,,1982,
Not classified,,1981,
Not classified,,1980,
Not classified,,1979,
Not classified,,1978,
Not classified,,1977,
Not classified,,1976,
Not classified,,1975,
Not classified,,1974,
Not classified,,1973,
Not classified,,1972,
Not classified,,1971,
Not classified,,1970,
Not classified,,1969,
Not classified,,1968,
Not classified,,1967,
Not classified,,1966,
Not classified,,1965,
Not classified,,1964,
Not classified,,1963,
Not classified,,1962,
Not classified,,1961,
Not classified,,1960,
OECD members,OED,2025,
OECD members,OED,2024,
OECD members,OED,2023,
OECD members,OED,2022,
OECD members,OED,2021,0.0060393023991025
OECD members,OED,2020,0.00639890363383519
OECD members,OED,2019,0.00393307729521608
OECD members,OED,2018,0.00669089816584926
OECD members,OED,2017,0.00962997257488497
OECD members,OED,2016,0.0118721384640644
OECD members,OED,2015,0.00829127393603724
OECD members,OED,2014,0.0113333858293026
OECD members,OED,2013,0.00878109335829971
OECD members,OED,2012,0.00900514724455538
OECD members,OED,2011,0.0110958188856968
OECD members,OED,2010,0.00538634966929452
OECD members,OED,2009,0.0064447823539548
OECD members,OED,2008,0.00525926349600171
OECD members,OED,2007,0.0041688800393588
OECD members,OED,2006,0.0048582101387522
OECD members,OED,2005,0.00381020001476618
OECD members,OED,2004,0.00290490698143472
OECD members,OED,2003,0.00379654585538807
OECD members,OED,2002,0.0032223509894091
OECD members,OED,2001,0.00299813852084804
OECD members,OED,2000,0.0022525899866987
OECD members,OED,1999,0.00157418785843271
OECD members,OED,1998,0.00140918046466769
OECD members,OED,1997,0.00149604650190231
OECD members,OED,1996,0.0119399628428384
OECD members,OED,1995,0.00607850835534177
OECD members,OED,1994,0.00921809265396391
OECD members,OED,1993,0.0116818145904939
OECD members,OED,1992,0.0154197501327203
OECD members,OED,1991,0.0208698709066283
OECD members,OED,1990,0.0177832235225097
OECD members,OED,1989,0.0112152114529997
OECD members,OED,1988,0.0126356975071878
OECD members,OED,1987,0.0152027994046753
OECD members,OED,1986,0.0226985476458541
OECD members,OED,1985,0.0263615122503898
OECD members,OED,1984,0.0189433960544111
OECD members,OED,1983,0.0233439620907854
OECD members,OED,1982,0.0203918404759455
OECD members,OED,1981,0.0224772354010417
OECD members,OED,1980,0.0237986103662509
OECD members,OED,1979,0.0251654117737583
OECD members,OED,1978,0.0195482176993366
OECD members,OED,1977,0.0210910092280009
OECD members,OED,1976,0.0215091165371389
OECD members,OED,1975,0.0211768509967913
OECD members,OED,1974,0.0132940628939162
OECD members,OED,1973,0.0199390175500734
OECD members,OED,1972,0.0277664729076601
OECD members,OED,1971,0.0286069061051892
OECD members,OED,1970,0.0309359426978723
OECD members,OED,1969,
OECD members,OED,1968,
OECD members,OED,1967,
OECD members,OED,1966,
OECD members,OED,1965,
OECD members,OED,1964,
OECD members,OED,1963,
OECD members,OED,1962,
OECD members,OED,1961,
OECD members,OED,1960,
Other small states,OSS,2025,
Other small states,OSS,2024,
Other small states,OSS,2023,
Other small states,OSS,2022,
Other small states,OSS,2021,1.55104731416823
Other small states,OSS,2020,2.09725226134383
Other small states,OSS,2019,1.3088062097835
Other small states,OSS,2018,1.35869244850463
Other small states,OSS,2017,1.42231594798106
Other small states,OSS,2016,1.33742374803026
Other small states,OSS,2015,1.37013257214861
Other small states,OSS,2014,1.4282601902436
Other small states,OSS,2013,1.79660398808538
Other small states,OSS,2012,1.88857386777973
Other small states,OSS,2011,1.90481553213614
Other small states,OSS,2010,2.30306627511771
Other small states,OSS,2009,2.12113436760696
Other small states,OSS,2008,2.10753467176103
Other small states,OSS,2007,1.60512216132599
Other small states,OSS,2006,1.42817450232577
Other small states,OSS,2005,1.41717910519925
Other small states,OSS,2004,1.61914709669119
Other small states,OSS,2003,1.90766518252394
Other small states,OSS,2002,2.29218409565877
Other small states,OSS,2001,2.04318109623449
Other small states,OSS,2000,2.28834931892476
Other small states,OSS,1999,2.42420238552312
Other small states,OSS,1998,2.75498253160622
Other small states,OSS,1997,2.75627080491255
Other small states,OSS,1996,3.23830494841169
Other small states,OSS,1995,3.37686761485677
Other small states,OSS,1994,4.15766311794301
Other small states,OSS,1993,4.29801957589058
Other small states,OSS,1992,3.89648409691547
Other small states,OSS,1991,4.71965796888046
Other small states,OSS,1990,5.2492282300748
Other small states,OSS,1989,4.61646369575229
Other small states,OSS,1988,
Other small states,OSS,1987,
Other small states,OSS,1986,
Other small states,OSS,1985,
Other small states,OSS,1984,
Other small states,OSS,1983,
Other small states,OSS,1982,
Other small states,OSS,1981,
Other small states,OSS,1980,
Other small states,OSS,1979,
Other small states,OSS,1978,
Other small states,OSS,1977,
Other small states,OSS,1976,
Other small states,OSS,1975,
Other small states,OSS,1974,
Other small states,OSS,1973,
Other small states,OSS,1972,
Other small states,OSS,1971,
Other small states,OSS,1970,
Other small states,OSS,1969,
Other small states,OSS,1968,
Other small states,OSS,1967,
Other small states,OSS,1966,
Other small states,OSS,1965,
Other small states,OSS,1964,
Other small states,OSS,1963,
Other small states,OSS,1962,
Other small states,OSS,1961,
Other small states,OSS,1960,
Pacific island small states,PSS,2025,
Pacific island small states,PSS,2024,
Pacific island small states,PSS,2023,
Pacific island small states,PSS,2022,
Pacific island small states,PSS,2021,17.1067481064935
Pacific island small states,PSS,2020,15.1276946167795
Pacific island small states,PSS,2019,9.82051584337598
Pacific island small states,PSS,2018,9.84416193167001
Pacific island small states,PSS,2017,9.9753230185083
Pacific island small states,PSS,2016,8.20704533049055
Pacific island small states,PSS,2015,10.2823710292039
Pacific island small states,PSS,2014,9.72805122054469
Pacific island small states,PSS,2013,12.2325534251285
Pacific island small states,PSS,2012,13.2636133457022
Pacific island small states,PSS,2011,13.715366647315
Pacific island small states,PSS,2010,13.4789723673239
Pacific island small states,PSS,2009,12.5278201253853
Pacific island small states,PSS,2008,10.3687351797146
Pacific island small states,PSS,2007,10.7826249956211
Pacific island small states,PSS,2006,11.2773180332555
Pacific island small states,PSS,2005,11.070387122479
Pacific island small states,PSS,2004,9.48104104423021
Pacific island small states,PSS,2003,10.0510598950082
Pacific island small states,PSS,2002,10.6331902975564
Pacific island small states,PSS,2001,12.7732241233682
Pacific island small states,PSS,2000,10.9642809606883
Pacific island small states,PSS,1999,9.91614374369177
Pacific island small states,PSS,1998,10.9320313176856
Pacific island small states,PSS,1997,9.30496338736427
Pacific island small states,PSS,1996,11.4082281426542
Pacific island small states,PSS,1995,12.9261018033211
Pacific island small states,PSS,1994,17.2382101854307
Pacific island small states,PSS,1993,11.2985423964954
Pacific island small states,PSS,1992,9.4071542041589
Pacific island small states,PSS,1991,8.15422642418103
Pacific island small states,PSS,1990,9.14849668545402
Pacific island small states,PSS,1989,8.88491247932575
Pacific island small states,PSS,1988,10.3418733462735
Pacific island small states,PSS,1987,11.6769899421444
Pacific island small states,PSS,1986,7.11694787672991
Pacific island small states,PSS,1985,6.25503331744311
Pacific island small states,PSS,1984,6.30261320399917
Pacific island small states,PSS,1983,7.85887927383862
Pacific island small states,PSS,1982,7.71429780686763
Pacific island small states,PSS,1981,8.04986632524975
Pacific island small states,PSS,1980,9.61524968124356
Pacific island small states,PSS,1979,9.62940629321765
Pacific island small states,PSS,1978,8.07311225619054
Pacific island small states,PSS,1977,7.33124847395449
Pacific island small states,PSS,1976,8.45141994168295
Pacific island small states,PSS,1975,6.77839294147864
Pacific island small states,PSS,1974,5.85625687415193
Pacific island small states,PSS,1973,5.89773391856478
Pacific island small states,PSS,1972,6.28589480897326
Pacific island small states,PSS,1971,5.99233108505554
Pacific island small states,PSS,1970,5.73767231883265
Pacific island small states,PSS,1969,
Pacific island small states,PSS,1968,
Pacific island small states,PSS,1967,
Pacific island small states,PSS,1966,
Pacific island small states,PSS,1965,
Pacific island small states,PSS,1964,
Pacific island small states,PSS,1963,
Pacific island small states,PSS,1962,
Pacific island small states,PSS,1961,
Pacific island small states,PSS,1960,
Post-demographic dividend,PST,2025,
Post-demographic dividend,PST,2024,
Post-demographic dividend,PST,2023,
Post-demographic dividend,PST,2022,
Post-demographic dividend,PST,2021,0.0047354326542195
Post-demographic dividend,PST,2020,0.00821734643252448
Post-demographic dividend,PST,2019,0.00447422203404382
Post-demographic dividend,PST,2018,0.00481671827810556
Post-demographic dividend,PST,2017,0.0043822316910899
Post-demographic dividend,PST,2016,0.0100511831418746
Post-demographic dividend,PST,2015,0.0054535813107501
Post-demographic dividend,PST,2014,0.00504240312111159
Post-demographic dividend,PST,2013,0.00324131362434357
Post-demographic dividend,PST,2012,0.00329074307137156
Post-demographic dividend,PST,2011,0.00349830185422536
Post-demographic dividend,PST,2010,0.00371574862336266
Post-demographic dividend,PST,2009,0.00356956666208176
Post-demographic dividend,PST,2008,0.00362180680812328
Post-demographic dividend,PST,2007,0.00336094981726866
Post-demographic dividend,PST,2006,0.00361432215723103
Post-demographic dividend,PST,2005,0.00338859987401177
Post-demographic dividend,PST,2004,0.00273749416574819
Post-demographic dividend,PST,2003,0.00248952404443469
Post-demographic dividend,PST,2002,0.00302568658625859
Post-demographic dividend,PST,2001,0.00357434645774419
Post-demographic dividend,PST,2000,0.00353996047059443
Post-demographic dividend,PST,1999,0.00539390684183289
Post-demographic dividend,PST,1998,0.00432709356476058
Post-demographic dividend,PST,1997,0.00380640539005158
Post-demographic dividend,PST,1996,0.00427445101868398
Post-demographic dividend,PST,1995,0.00496111852391246
Post-demographic dividend,PST,1994,0.00256783302818878
Post-demographic dividend,PST,1993,0.000854845656878058
Post-demographic dividend,PST,1992,0.000139725119034834
Post-demographic dividend,PST,1991,0.000860073201692091
Post-demographic dividend,PST,1990,0.000831814999666589
Post-demographic dividend,PST,1989,0.00149053132910758
Post-demographic dividend,PST,1988,0.000776248404331245
Post-demographic dividend,PST,1987,0.000798065170703509
Post-demographic dividend,PST,1986,0.000740943820248095
Post-demographic dividend,PST,1985,0.00106532125788171
Post-demographic dividend,PST,1984,0.000778925965099143
Post-demographic dividend,PST,1983,0.00147725393205595
Post-demographic dividend,PST,1982,0.00157818015114995
Post-demographic dividend,PST,1981,0.00527866143362359
Post-demographic dividend,PST,1980,0.00281365878418167
Post-demographic dividend,PST,1979,0.00335905313929781
Post-demographic dividend,PST,1978,0.00403901785262368
Post-demographic dividend,PST,1977,0.00601337051265224
Post-demographic dividend,PST,1976,0.00633102465504615
Post-demographic dividend,PST,1975,0.00692368689259339
Post-demographic dividend,PST,1974,0.00774332244251311
Post-demographic dividend,PST,1973,0.00941650773305839
Post-demographic dividend,PST,1972,0.0139089609949632
Post-demographic dividend,PST,1971,0.0146684720043689
Post-demographic dividend,PST,1970,0.0139740283746482
Post-demographic dividend,PST,1969,
Post-demographic dividend,PST,1968,
Post-demographic dividend,PST,1967,
Post-demographic dividend,PST,1966,
Post-demographic dividend,PST,1965,
Post-demographic dividend,PST,1964,
Post-demographic dividend,PST,1963,
Post-demographic dividend,PST,1962,
Post-demographic dividend,PST,1961,
Post-demographic dividend,PST,1960,
Pre-demographic dividend,PRE,2025,
Pre-demographic dividend,PRE,2024,
Pre-demographic dividend,PRE,2023,
Pre-demographic dividend,PRE,2022,
Pre-demographic dividend,PRE,2021,3.19376017370446
Pre-demographic dividend,PRE,2020,3.68308419287002
Pre-demographic dividend,PRE,2019,2.72796052272581
Pre-demographic dividend,PRE,2018,3.07589634102748
Pre-demographic dividend,PRE,2017,3.45293506768181
Pre-demographic dividend,PRE,2016,3.14033370587477
Pre-demographic dividend,PRE,2015,2.87482731571905
Pre-demographic dividend,PRE,2014,2.55948864520013
Pre-demographic dividend,PRE,2013,2.88615203166289
Pre-demographic dividend,PRE,2012,3.1733938930076
Pre-demographic dividend,PRE,2011,3.56958585328623
Pre-demographic dividend,PRE,2010,3.94800974434127
Pre-demographic dividend,PRE,2009,4.51096040616364
Pre-demographic dividend,PRE,2008,4.443595432863
Pre-demographic dividend,PRE,2007,
Pre-demographic dividend,PRE,2006,
Pre-demographic dividend,PRE,2005,
Pre-demographic dividend,PRE,2004,
Pre-demographic dividend,PRE,2003,
Pre-demographic dividend,PRE,2002,
Pre-demographic dividend,PRE,2001,
Pre-demographic dividend,PRE,2000,
Pre-demographic dividend,PRE,1999,
Pre-demographic dividend,PRE,1998,
Pre-demographic dividend,PRE,1997,
Pre-demographic dividend,PRE,1996,
Pre-demographic dividend,PRE,1995,
Pre-demographic dividend,PRE,1994,
Pre-demographic dividend,PRE,1993,
Pre-demographic dividend,PRE,1992,
Pre-demographic dividend,PRE,1991,
Pre-demographic dividend,PRE,1990,
Pre-demographic dividend,PRE,1989,
Pre-demographic dividend,PRE,1988,
Pre-demographic dividend,PRE,1987,
Pre-demographic dividend,PRE,1986,
Pre-demographic dividend,PRE,1985,
Pre-demographic dividend,PRE,1984,
Pre-demographic dividend,PRE,1983,
Pre-demographic dividend,PRE,1982,
Pre-demographic dividend,PRE,1981,
Pre-demographic dividend,PRE,1980,
Pre-demographic dividend,PRE,1979,
Pre-demographic dividend,PRE,1978,
Pre-demographic dividend,PRE,1977,
Pre-demographic dividend,PRE,1976,
Pre-demographic dividend,PRE,1975,
Pre-demographic dividend,PRE,1974,
Pre-demographic dividend,PRE,1973,
Pre-demographic dividend,PRE,1972,
Pre-demographic dividend,PRE,1971,
Pre-demographic dividend,PRE,1970,
Pre-demographic dividend,PRE,1969,
Pre-demographic dividend,PRE,1968,
Pre-demographic dividend,PRE,1967,
Pre-demographic dividend,PRE,1966,
Pre-demographic dividend,PRE,1965,
Pre-demographic dividend,PRE,1964,
Pre-demographic dividend,PRE,1963,
Pre-demographic dividend,PRE,1962,
Pre-demographic dividend,PRE,1961,
Pre-demographic dividend,PRE,1960,
Small states,SST,2025,
Small states,SST,2024,
Small states,SST,2023,
Small states,SST,2022,
Small states,SST,2021,2.09617464206482
Small states,SST,2020,2.45261559846779
Small states,SST,2019,1.58785331075257
Small states,SST,2018,1.56855756511692
Small states,SST,2017,1.55277583275098
Small states,SST,2016,1.38630716000533
Small states,SST,2015,1.46251012712532
Small states,SST,2014,1.5709993544378
Small states,SST,2013,1.89074744875592
Small states,SST,2012,1.9650461540746
Small states,SST,2011,2.04493539275205
Small states,SST,2010,2.36775116855113
Small states,SST,2009,2.29356334672453
Small states,SST,2008,2.04428478507581
Small states,SST,2007,1.76239205765323
Small states,SST,2006,1.62567005582704
Small states,SST,2005,1.66583786486043
Small states,SST,2004,1.75114585706216
Small states,SST,2003,1.85864201940257
Small states,SST,2002,2.19133822439622
Small states,SST,2001,2.16500374375508
Small states,SST,2000,2.20648483912307
Small states,SST,1999,2.37087787039256
Small states,SST,1998,2.73048524656755
Small states,SST,1997,3.11297492214934
Small states,SST,1996,3.56381848306462
Small states,SST,1995,3.82882384558952
Small states,SST,1994,4.65787931624665
Small states,SST,1993,4.35219618926425
Small states,SST,1992,3.94707154507215
Small states,SST,1991,4.56458582333724
Small states,SST,1990,5.36106057136895
Small states,SST,1989,4.65464603078818
Small states,SST,1988,4.09584355491852
Small states,SST,1987,4.54453086796033
Small states,SST,1986,4.70898741413349
Small states,SST,1985,3.85668708579118
Small states,SST,1984,4.30414447715261
Small states,SST,1983,4.57020712269413
Small states,SST,1982,4.34431637629922
Small states,SST,1981,4.96986792522676
Small states,SST,1980,5.07390449899842
Small states,SST,1979,5.10611314679265
Small states,SST,1978,5.66596158474425
Small states,SST,1977,4.75371551631346
Small states,SST,1976,6.16334325583615
Small states,SST,1975,
Small states,SST,1974,
Small states,SST,1973,
Small states,SST,1972,
Small states,SST,1971,
Small states,SST,1970,
Small states,SST,1969,
Small states,SST,1968,
Small states,SST,1967,
Small states,SST,1966,
Small states,SST,1965,
Small states,SST,1964,
Small states,SST,1963,
Small states,SST,1962,
Small states,SST,1961,
Small states,SST,1960,
South Asia,SAS,2025,
South Asia,SAS,2024,
South Asia,SAS,2023,0.255250688599856
South Asia,SAS,2022,0.249498077144189
South Asia,SAS,2021,0.28091878585341
South Asia,SAS,2020,0.310929745447987
South Asia,SAS,2019,0.266778447981948
South Asia,SAS,2018,0.224153375793425
South Asia,SAS,2017,0.288369291122938
South Asia,SAS,2016,0.261591524196877
South Asia,SAS,2015,0.319181040161841
South Asia,SAS,2014,0.304355664182724
South Asia,SAS,2013,0.314235763456728
South Asia,SAS,2012,0.26607131879331
South Asia,SAS,2011,0.311081734049413
South Asia,SAS,2010,0.275723664658334
South Asia,SAS,2009,0.341446653011963
South Asia,SAS,2008,0.394877079452207
South Asia,SAS,2007,0.293322373326077
South Asia,SAS,2006,0.358780745963916
South Asia,SAS,2005,0.513003034685972
South Asia,SAS,2004,0.391206095053641
South Asia,SAS,2003,0.446424422996396
South Asia,SAS,2002,0.542349595620519
South Asia,SAS,2001,0.596521037926012
South Asia,SAS,2000,0.54652035954462
South Asia,SAS,1999,0.579160495968279
South Asia,SAS,1998,0.67190112199467
South Asia,SAS,1997,0.655102938610646
South Asia,SAS,1996,0.796778610676953
South Asia,SAS,1995,0.905024608364842
South Asia,SAS,1994,1.25694575745108
South Asia,SAS,1993,1.09995661386149
South Asia,SAS,1992,1.48763976800396
South Asia,SAS,1991,1.78202085296223
South Asia,SAS,1990,1.16707055204064
South Asia,SAS,1989,1.28249086915275
South Asia,SAS,1988,1.30872168485528
South Asia,SAS,1987,1.32063583323699
South Asia,SAS,1986,1.46715537669168
South Asia,SAS,1985,1.22758400379155
South Asia,SAS,1984,1.41459958218148
South Asia,SAS,1983,1.423032501906
South Asia,SAS,1982,1.56045238474826
South Asia,SAS,1981,1.61960655209221
South Asia,SAS,1980,1.88365607123844
South Asia,SAS,1979,1.68524423598937
South Asia,SAS,1978,1.59764459377783
South Asia,SAS,1977,1.48271881813157
South Asia,SAS,1976,2.08763793380939
South Asia,SAS,1975,2.32122346988044
South Asia,SAS,1974,1.60757788906147
South Asia,SAS,1973,1.33025252723174
South Asia,SAS,1972,1.13482684772448
South Asia,SAS,1971,1.43408288206054
South Asia,SAS,1970,1.26304628590283
South Asia,SAS,1969,1.45405851925572
South Asia,SAS,1968,1.63540208329319
South Asia,SAS,1967,2.51720841277461
South Asia,SAS,1966,2.47806422613528
South Asia,SAS,1965,1.95661152637762
South Asia,SAS,1964,1.96516216889509
South Asia,SAS,1963,1.84292670563539
South Asia,SAS,1962,1.45778764900356
South Asia,SAS,1961,1.42745892531392
South Asia,SAS,1960,1.7682730992678
South Asia (IDA & IBRD),TSA,2025,
South Asia (IDA & IBRD),TSA,2024,
South Asia (IDA & IBRD),TSA,2023,
South Asia (IDA & IBRD),TSA,2022,
South Asia (IDA & IBRD),TSA,2021,0.472390039474206
South Asia (IDA & IBRD),TSA,2020,0.522486979953042
South Asia (IDA & IBRD),TSA,2019,0.449713358105783
South Asia (IDA & IBRD),TSA,2018,0.386221357602443
South Asia (IDA & IBRD),TSA,2017,0.487977540837193
South Asia (IDA & IBRD),TSA,2016,0.516505869147913
South Asia (IDA & IBRD),TSA,2015,0.649676655912028
South Asia (IDA & IBRD),TSA,2014,0.671510933274452
South Asia (IDA & IBRD),TSA,2013,0.661213468168964
South Asia (IDA & IBRD),TSA,2012,0.684113013487262
South Asia (IDA & IBRD),TSA,2011,0.818970904848866
South Asia (IDA & IBRD),TSA,2010,0.797642113567785
South Asia (IDA & IBRD),TSA,2009,0.907278237055519
South Asia (IDA & IBRD),TSA,2008,0.819382516551419
South Asia (IDA & IBRD),TSA,2007,0.806278440617326
South Asia (IDA & IBRD),TSA,2006,0.823369612324856
South Asia (IDA & IBRD),TSA,2005,0.978803354630888
South Asia (IDA & IBRD),TSA,2004,0.839746370680948
South Asia (IDA & IBRD),TSA,2003,0.81921338210637
South Asia (IDA & IBRD),TSA,2002,1.07850161231471
South Asia (IDA & IBRD),TSA,2001,0.988786983490756
South Asia (IDA & IBRD),TSA,2000,0.67316725537838
South Asia (IDA & IBRD),TSA,1999,0.722040383950482
South Asia (IDA & IBRD),TSA,1998,0.873725545735538
South Asia (IDA & IBRD),TSA,1997,0.84429352218766
South Asia (IDA & IBRD),TSA,1996,0.984777155307551
South Asia (IDA & IBRD),TSA,1995,1.07760143203858
South Asia (IDA & IBRD),TSA,1994,1.63470300414128
South Asia (IDA & IBRD),TSA,1993,1.42398844880529
South Asia (IDA & IBRD),TSA,1992,1.80644665049665
South Asia (IDA & IBRD),TSA,1991,2.31323380741144
South Asia (IDA & IBRD),TSA,1990,1.45268384714909
South Asia (IDA & IBRD),TSA,1989,1.68585140095154
South Asia (IDA & IBRD),TSA,1988,1.68229181556958
South Asia (IDA & IBRD),TSA,1987,1.54951071733388
South Asia (IDA & IBRD),TSA,1986,1.757443390641
South Asia (IDA & IBRD),TSA,1985,1.48799110494493
South Asia (IDA & IBRD),TSA,1984,1.67863156383827
South Asia (IDA & IBRD),TSA,1983,1.70108645676984
South Asia (IDA & IBRD),TSA,1982,1.94898115261794
South Asia (IDA & IBRD),TSA,1981,1.9931098507615
South Asia (IDA & IBRD),TSA,1980,2.44684182616513
South Asia (IDA & IBRD),TSA,1979,2.14578443392228
South Asia (IDA & IBRD),TSA,1978,2.05454056892603
South Asia (IDA & IBRD),TSA,1977,1.98038917941538
South Asia (IDA & IBRD),TSA,1976,3.00808759021739
South Asia (IDA & IBRD),TSA,1975,2.9718756927367
South Asia (IDA & IBRD),TSA,1974,2.05271688847392
South Asia (IDA & IBRD),TSA,1973,1.67915278281619
South Asia (IDA & IBRD),TSA,1972,1.57734034755986
South Asia (IDA & IBRD),TSA,1971,2.04932125013512
South Asia (IDA & IBRD),TSA,1970,1.89408395181566
South Asia (IDA & IBRD),TSA,1969,
South Asia (IDA & IBRD),TSA,1968,
South Asia (IDA & IBRD),TSA,1967,
South Asia (IDA & IBRD),TSA,1966,
South Asia (IDA & IBRD),TSA,1965,
South Asia (IDA & IBRD),TSA,1964,
South Asia (IDA & IBRD),TSA,1963,
South Asia (IDA & IBRD),TSA,1962,
South Asia (IDA & IBRD),TSA,1961,
South Asia (IDA & IBRD),TSA,1960,
Sub-Saharan Africa,SSF,2025,
Sub-Saharan Africa,SSF,2024,
Sub-Saharan Africa,SSF,2023,3.14535283725842
Sub-Saharan Africa,SSF,2022,2.73432891953718
Sub-Saharan Africa,SSF,2021,3.0828789409378
Sub-Saharan Africa,SSF,2020,3.63777018489702
Sub-Saharan Africa,SSF,2019,2.674512593444
Sub-Saharan Africa,SSF,2018,2.91465586548949
Sub-Saharan Africa,SSF,2017,3.0528552838639
Sub-Saharan Africa,SSF,2016,2.9629062951309
Sub-Saharan Africa,SSF,2015,2.73405213485768
Sub-Saharan Africa,SSF,2014,2.53395626902849
Sub-Saharan Africa,SSF,2013,2.74918657204078
Sub-Saharan Africa,SSF,2012,2.85939633173201
Sub-Saharan Africa,SSF,2011,3.03448848625526
Sub-Saharan Africa,SSF,2010,2.79235488435068
Sub-Saharan Africa,SSF,2009,3.75658643374439
Sub-Saharan Africa,SSF,2008,3.29068232890052
Sub-Saharan Africa,SSF,2007,3.25234607611133
Sub-Saharan Africa,SSF,2006,4.25880257747355
Sub-Saharan Africa,SSF,2005,3.85617858329889
Sub-Saharan Africa,SSF,2004,3.63453527113027
Sub-Saharan Africa,SSF,2003,4.21310773212488
Sub-Saharan Africa,SSF,2002,4.22594416743785
Sub-Saharan Africa,SSF,2001,3.33846563316808
Sub-Saharan Africa,SSF,2000,2.84276707345198
Sub-Saharan Africa,SSF,1999,2.99244736486274
Sub-Saharan Africa,SSF,1998,3.26102250680857
Sub-Saharan Africa,SSF,1997,3.19728017338801
Sub-Saharan Africa,SSF,1996,3.65017256717839
Sub-Saharan Africa,SSF,1995,4.21814965788346
Sub-Saharan Africa,SSF,1994,4.98648926297002
Sub-Saharan Africa,SSF,1993,4.28193734182992
Sub-Saharan Africa,SSF,1992,4.78473656694401
Sub-Saharan Africa,SSF,1991,4.0126241342619
Sub-Saharan Africa,SSF,1990,4.26041538272526
Sub-Saharan Africa,SSF,1989,4.25473452438615
Sub-Saharan Africa,SSF,1988,4.17662977583892
Sub-Saharan Africa,SSF,1987,3.95492831044257
Sub-Saharan Africa,SSF,1986,3.92927448091988
Sub-Saharan Africa,SSF,1985,3.32893331123163
Sub-Saharan Africa,SSF,1984,
Sub-Saharan Africa,SSF,1983,
Sub-Saharan Africa,SSF,1982,
Sub-Saharan Africa,SSF,1981,
Sub-Saharan Africa,SSF,1980,
Sub-Saharan Africa,SSF,1979,
Sub-Saharan Africa,SSF,1978,
Sub-Saharan Africa,SSF,1977,
Sub-Saharan Africa,SSF,1976,
Sub-Saharan Africa,SSF,1975,
Sub-Saharan Africa,SSF,1974,
Sub-Saharan Africa,SSF,1973,
Sub-Saharan Africa,SSF,1972,
Sub-Saharan Africa,SSF,1971,
Sub-Saharan Africa,SSF,1970,
Sub-Saharan Africa,SSF,1969,
Sub-Saharan Africa,SSF,1968,
Sub-Saharan Africa,SSF,1967,
Sub-Saharan Africa,SSF,1966,
Sub-Saharan Africa,SSF,1965,
Sub-Saharan Africa,SSF,1964,
Sub-Saharan Africa,SSF,1963,
Sub-Saharan Africa,SSF,1962,
Sub-Saharan Africa,SSF,1961,
Sub-Saharan Africa,SSF,1960,
Sub-Saharan Africa (excluding high income),SSA,2025,
Sub-Saharan Africa (excluding high income),SSA,2024,
Sub-Saharan Africa (excluding high income),SSA,2023,3.37038309332672
Sub-Saharan Africa (excluding high income),SSA,2022,2.89592334281665
Sub-Saharan Africa (excluding high income),SSA,2021,3.25382152466282
Sub-Saharan Africa (excluding high income),SSA,2020,3.84192963123108
Sub-Saharan Africa (excluding high income),SSA,2019,2.80530149804329
Sub-Saharan Africa (excluding high income),SSA,2018,3.06313212566444
Sub-Saharan Africa (excluding high income),SSA,2017,3.20581460103052
Sub-Saharan Africa (excluding high income),SSA,2016,3.10775723432448
Sub-Saharan Africa (excluding high income),SSA,2015,2.84380492191483
Sub-Saharan Africa (excluding high income),SSA,2014,2.61490596357072
Sub-Saharan Africa (excluding high income),SSA,2013,2.82872975937349
Sub-Saharan Africa (excluding high income),SSA,2012,2.93900902036015
Sub-Saharan Africa (excluding high income),SSA,2011,3.09980821332792
Sub-Saharan Africa (excluding high income),SSA,2010,2.85558275076077
Sub-Saharan Africa (excluding high income),SSA,2009,3.86551662809709
Sub-Saharan Africa (excluding high income),SSA,2008,3.36776695949033
Sub-Saharan Africa (excluding high income),SSA,2007,3.30866770681965
Sub-Saharan Africa (excluding high income),SSA,2006,4.32190540826445
Sub-Saharan Africa (excluding high income),SSA,2005,3.90670581818837
Sub-Saharan Africa (excluding high income),SSA,2004,3.67892140583832
Sub-Saharan Africa (excluding high income),SSA,2003,4.26837144698302
Sub-Saharan Africa (excluding high income),SSA,2002,4.3000733337253
Sub-Saharan Africa (excluding high income),SSA,2001,3.40577667395316
Sub-Saharan Africa (excluding high income),SSA,2000,2.8941616692223
Sub-Saharan Africa (excluding high income),SSA,1999,3.04660548197951
Sub-Saharan Africa (excluding high income),SSA,1998,3.3206474991155
Sub-Saharan Africa (excluding high income),SSA,1997,3.2586562218038
Sub-Saharan Africa (excluding high income),SSA,1996,3.72378791058343
Sub-Saharan Africa (excluding high income),SSA,1995,4.29231431762276
Sub-Saharan Africa (excluding high income),SSA,1994,5.07954731245813
Sub-Saharan Africa (excluding high income),SSA,1993,4.38497090526811
Sub-Saharan Africa (excluding high income),SSA,1992,4.93053511803469
Sub-Saharan Africa (excluding high income),SSA,1991,4.15903488195777
Sub-Saharan Africa (excluding high income),SSA,1990,4.40796884086221
Sub-Saharan Africa (excluding high income),SSA,1989,4.41736110550312
Sub-Saharan Africa (excluding high income),SSA,1988,4.33585944307534
Sub-Saharan Africa (excluding high income),SSA,1987,4.11223603938789
Sub-Saharan Africa (excluding high income),SSA,1986,4.10189069716929
Sub-Saharan Africa (excluding high income),SSA,1985,3.47001306992666
Sub-Saharan Africa (excluding high income),SSA,1984,
Sub-Saharan Africa (excluding high income),SSA,1983,
Sub-Saharan Africa (excluding high income),SSA,1982,
Sub-Saharan Africa (excluding high income),SSA,1981,
Sub-Saharan Africa (excluding high income),SSA,1980,
Sub-Saharan Africa (excluding high income),SSA,1979,
Sub-Saharan Africa (excluding high income),SSA,1978,
Sub-Saharan Africa (excluding high income),SSA,1977,
Sub-Saharan Africa (excluding high income),SSA,1976,
Sub-Saharan Africa (excluding high income),SSA,1975,
Sub-Saharan Africa (excluding high income),SSA,1974,
Sub-Saharan Africa (excluding high income),SSA,1973,
Sub-Saharan Africa (excluding high income),SSA,1972,
Sub-Saharan Africa (excluding high income),SSA,1971,
Sub-Saharan Africa (excluding high income),SSA,1970,
Sub-Saharan Africa (excluding high income),SSA,1969,
Sub-Saharan Africa (excluding high income),SSA,1968,
Sub-Saharan Africa (excluding high income),SSA,1967,
Sub-Saharan Africa (excluding high income),SSA,1966,
Sub-Saharan Africa (excluding high income),SSA,1965,
Sub-Saharan Africa (excluding high income),SSA,1964,
Sub-Saharan Africa (excluding high income),SSA,1963,
Sub-Saharan Africa (excluding high income),SSA,1962,
Sub-Saharan Africa (excluding high income),SSA,1961,
Sub-Saharan Africa (excluding high income),SSA,1960,
Sub-Saharan Africa (IDA & IBRD countries),TSS,2025,
Sub-Saharan Africa (IDA & IBRD countries),TSS,2024,
Sub-Saharan Africa (IDA & IBRD countries),TSS,2023,
Sub-Saharan Africa (IDA & IBRD countries),TSS,2022,
Sub-Saharan Africa (IDA & IBRD countries),TSS,2021,2.57957573565045
Sub-Saharan Africa (IDA & IBRD countries),TSS,2020,3.1918879709533
Sub-Saharan Africa (IDA & IBRD countries),TSS,2019,2.33011030541762
Sub-Saharan Africa (IDA & IBRD countries),TSS,2018,2.54857239778387
Sub-Saharan Africa (IDA & IBRD countries),TSS,2017,2.69718640228304
Sub-Saharan Africa (IDA & IBRD countries),TSS,2016,2.60110058148615
Sub-Saharan Africa (IDA & IBRD countries),TSS,2015,2.45199182940887
Sub-Saharan Africa (IDA & IBRD countries),TSS,2014,2.21596444572134
Sub-Saharan Africa (IDA & IBRD countries),TSS,2013,2.49620688680101
Sub-Saharan Africa (IDA & IBRD countries),TSS,2012,2.55327150636104
Sub-Saharan Africa (IDA & IBRD countries),TSS,2011,2.73883343737939
Sub-Saharan Africa (IDA & IBRD countries),TSS,2010,2.90237944113287
Sub-Saharan Africa (IDA & IBRD countries),TSS,2009,3.33692060712617
Sub-Saharan Africa (IDA & IBRD countries),TSS,2008,2.96013075527628
Sub-Saharan Africa (IDA & IBRD countries),TSS,2007,2.97955961256994
Sub-Saharan Africa (IDA & IBRD countries),TSS,2006,4.01295571470701
Sub-Saharan Africa (IDA & IBRD countries),TSS,2005,3.61398450628563
Sub-Saharan Africa (IDA & IBRD countries),TSS,2004,3.35656172147252
Sub-Saharan Africa (IDA & IBRD countries),TSS,2003,3.90110390448336
Sub-Saharan Africa (IDA & IBRD countries),TSS,2002,3.91667686069428
Sub-Saharan Africa (IDA & IBRD countries),TSS,2001,3.08790596487586
Sub-Saharan Africa (IDA & IBRD countries),TSS,2000,2.62211380094772
Sub-Saharan Africa (IDA & IBRD countries),TSS,1999,2.77230088518778
Sub-Saharan Africa (IDA & IBRD countries),TSS,1998,3.00125264252203
Sub-Saharan Africa (IDA & IBRD countries),TSS,1997,2.85724453325536
Sub-Saharan Africa (IDA & IBRD countries),TSS,1996,3.33223063307768
Sub-Saharan Africa (IDA & IBRD countries),TSS,1995,4.0090781975142
Sub-Saharan Africa (IDA & IBRD countries),TSS,1994,4.65470008038119
Sub-Saharan Africa (IDA & IBRD countries),TSS,1993,4.09995598281035
Sub-Saharan Africa (IDA & IBRD countries),TSS,1992,4.48089805023356
Sub-Saharan Africa (IDA & IBRD countries),TSS,1991,3.7717968429491
Sub-Saharan Africa (IDA & IBRD countries),TSS,1990,4.04845589725149
Sub-Saharan Africa (IDA & IBRD countries),TSS,1989,3.93324219879662
Sub-Saharan Africa (IDA & IBRD countries),TSS,1988,3.90353850260909
Sub-Saharan Africa (IDA & IBRD countries),TSS,1987,3.67206762648123
Sub-Saharan Africa (IDA & IBRD countries),TSS,1986,3.67313632546115
Sub-Saharan Africa (IDA & IBRD countries),TSS,1985,3.0330818866564
Sub-Saharan Africa (IDA & IBRD countries),TSS,1984,
Sub-Saharan Africa (IDA & IBRD countries),TSS,1983,
Sub-Saharan Africa (IDA & IBRD countries),TSS,1982,
Sub-Saharan Africa (IDA & IBRD countries),TSS,1981,
Sub-Saharan Africa (IDA & IBRD countries),TSS,1980,
Sub-Saharan Africa (IDA & IBRD countries),TSS,1979,
Sub-Saharan Africa (IDA & IBRD countries),TSS,1978,
Sub-Saharan Africa (IDA & IBRD countries),TSS,1977,
Sub-Saharan Africa (IDA & IBRD countries),TSS,1976,
Sub-Saharan Africa (IDA & IBRD countries),TSS,1975,
Sub-Saharan Africa (IDA & IBRD countries),TSS,1974,
Sub-Saharan Africa (IDA & IBRD countries),TSS,1973,
Sub-Saharan Africa (IDA & IBRD countries),TSS,1972,
Sub-Saharan Africa (IDA & IBRD countries),TSS,1971,
Sub-Saharan Africa (IDA & IBRD countries),TSS,1970,
Sub-Saharan Africa (IDA & IBRD countries),TSS,1969,
Sub-Saharan Africa (IDA & IBRD countries),TSS,1968,
Sub-Saharan Africa (IDA & IBRD countries),TSS,1967,
Sub-Saharan Africa (IDA & IBRD countries),TSS,1966,
Sub-Saharan Africa (IDA & IBRD countries),TSS,1965,
Sub-Saharan Africa (IDA & IBRD countries),TSS,1964,
Sub-Saharan Africa (IDA & IBRD countries),TSS,1963,
Sub-Saharan Africa (IDA & IBRD countries),TSS,1962,
Sub-Saharan Africa (IDA & IBRD countries),TSS,1961,
Sub-Saharan Africa (IDA & IBRD countries),TSS,1960,
Upper middle income,,2025,
Upper middle income,,2024,
Upper middle income,,2023,0.194685183733985
Upper middle income,,2022,0.160167004878291
Upper middle income,,2021,0.0733602545667791
Upper middle income,,2020,0.0945648774664206
Upper middle income,,2019,0.0546685090085921
Upper middle income,,2018,0.0716037977320524
Upper middle income,,2017,0.0816931305196543
Upper middle income,,2016,0.0958431759656593
Upper middle income,,2015,0.0791154539496965
Upper middle income,,2014,0.0807622837303495
Upper middle income,,2013,0.081483975012846
Upper middle income,,2012,0.0919588078740461
Upper middle income,,2011,0.114133819475143
Upper middle income,,2010,0.107875056596813
Upper middle income,,2009,0.154441664283545
Upper middle income,,2008,0.209458280584871
Upper middle income,,2007,0.217218037949953
Upper middle income,,2006,0.269558216260805
Upper middle income,,2005,0.52062144462971
Upper middle income,,2004,0.264618690091594
Upper middle income,,2003,0.264700935983159
Upper middle income,,2002,0.281297079089042
Upper middle income,,2001,0.251636809389075
Upper middle income,,2000,0.258613981512268
Upper middle income,,1999,0.336278045781195
Upper middle income,,1998,0.268408911829141
Upper middle income,,1997,0.224258333746955
Upper middle income,,1996,0.27713027573623
Upper middle income,,1995,0.357554393283797
Upper middle income,,1994,0.362707544544752
Upper middle income,,1993,0.41452220117407
Upper middle income,,1992,0.4207164096049
Upper middle income,,1991,0.490173988435956
Upper middle income,,1990,0.411515966362669
Upper middle income,,1989,0.395643193263592
Upper middle income,,1988,0.406226491794232
Upper middle income,,1987,0.413840993475308
Upper middle income,,1986,0.314012129855061
Upper middle income,,1985,0.278696752112689
Upper middle income,,1984,0.275804168366666
Upper middle income,,1983,0.278235196628384
Upper middle income,,1982,0.299584518737577
Upper middle income,,1981,0.305059327033646
Upper middle income,,1980,0.284349933709985
Upper middle income,,1979,0.255941272676369
Upper middle income,,1978,0.245754081497389
Upper middle income,,1977,0.184488996383412
Upper middle income,,1976,0.226002930575098
Upper middle income,,1975,0.249920640427229
Upper middle income,,1974,0.227937394389554
Upper middle income,,1973,0.266906931161546
Upper middle income,,1972,0.34415752831972
Upper middle income,,1971,0.410077060518535
Upper middle income,,1970,0.420879901272578
Upper middle income,,1969,0.4045478894011
Upper middle income,,1968,0.479042992202941
Upper middle income,,1967,0.466607097106708
Upper middle income,,1966,0.448990668838234
Upper middle income,,1965,0.425076025529726
Upper middle income,,1964,0.439603930411438
Upper middle income,,1963,0.624950780977844
Upper middle income,,1962,0.806454701289147
Upper middle income,,1961,0.904567835351873
Upper middle income,,1960,0.488728644537202
World,WLD,2025,
World,WLD,2024,
World,WLD,2023,0.243681414634143
World,WLD,2022,0.241249961265847
World,WLD,2021,0.208353470050791
World,WLD,2020,0.22725452483237
World,WLD,2019,0.185120063949607
World,WLD,2018,0.192948352466816
World,WLD,2017,0.202137103821994
World,WLD,2016,0.207520272891818
World,WLD,2015,0.194367945653081
World,WLD,2014,0.20260440569191
World,WLD,2013,0.194643849175127
World,WLD,2012,0.176845515140185
World,WLD,2011,0.189037981970387
World,WLD,2010,0.182131611431662
World,WLD,2009,0.208376064789898
World,WLD,2008,0.198464896223599
World,WLD,2007,0.185576207162688
World,WLD,2006,0.205858358653582
World,WLD,2005,0.226114607679016
World,WLD,2004,0.180684032309593
World,WLD,2003,0.182407234611224
World,WLD,2002,0.176993544622892
World,WLD,2001,0.15446886148439
World,WLD,2000,0.14702545279485
World,WLD,1999,0.165957474120646
World,WLD,1998,0.172713144131283
World,WLD,1997,0.160519097891931
World,WLD,1996,0.198370755025083
World,WLD,1995,0.200863691307056
World,WLD,1994,0.233625555356766
World,WLD,1993,0.23641299132344
World,WLD,1992,0.263052614806422
World,WLD,1991,0.282220502149757
World,WLD,1990,0.277231420880332
World,WLD,1989,0.247881029036355
World,WLD,1988,0.249777694298408
World,WLD,1987,0.266299885065251
World,WLD,1986,0.286701410130774
World,WLD,1985,0.291984863232594
World,WLD,1984,0.278719726479163
World,WLD,1983,0.285031295063439
World,WLD,1982,0.291363930574503
World,WLD,1981,0.320546261529602
World,WLD,1980,0.338381875813502
World,WLD,1979,0.325407242460962
World,WLD,1978,0.323990790761192
World,WLD,1977,0.30532833211457
World,WLD,1976,0.320405498084202
World,WLD,1975,0.349668073271992
World,WLD,1974,0.297914220846539
World,WLD,1973,0.262815649212207
World,WLD,1972,0.24991498435454
World,WLD,1971,0.268334211349941
World,WLD,1970,0.262388009314963
World,WLD,1969,0.267818493850648
World,WLD,1968,0.284977322808982
World,WLD,1967,0.337545519674962
World,WLD,1966,0.356187636186292
World,WLD,1965,0.372611784916027
World,WLD,1964,0.366936083033763
World,WLD,1963,0.430880742216148
World,WLD,1962,0.430612811348305
World,WLD,1961,0.455241523781169
World,WLD,1960,0.397170519234776
Afghanistan,AFG,2025,
Afghanistan,AFG,2024,
Afghanistan,AFG,2023,17.7569368063585
Afghanistan,AFG,2022,26.9249447726712
Afghanistan,AFG,2021,32.7037592896055
Afghanistan,AFG,2020,20.9414654233233
Afghanistan,AFG,2019,21.6848338959654
Afghanistan,AFG,2018,20.73019959214
Afghanistan,AFG,2017,20.1022220144701
Afghanistan,AFG,2016,22.1760696250833
Afghanistan,AFG,2015,22.2043491978579
Afghanistan,AFG,2014,24.0420670948875
Afghanistan,AFG,2013,25.4958228890954
Afghanistan,AFG,2012,33.3985428529927
Afghanistan,AFG,2011,37.9368214027482
Afghanistan,AFG,2010,38.225392703623
Afghanistan,AFG,2009,49.3856491572762
Afghanistan,AFG,2008,47.601841590691
Afghanistan,AFG,2007,50.4426675604518
Afghanistan,AFG,2006,40.7841676248802
Afghanistan,AFG,2005,44.8245207120063
Afghanistan,AFG,2004,42.8700215159715
Afghanistan,AFG,2003,33.5710253665299
Afghanistan,AFG,2002,31.4733674469171
Afghanistan,AFG,2001,14.5292447763473
Afghanistan,AFG,2000,3.987223282214
Afghanistan,AFG,1999,
Afghanistan,AFG,1998,
Afghanistan,AFG,1997,
Afghanistan,AFG,1996,
Afghanistan,AFG,1995,
Afghanistan,AFG,1994,
Afghanistan,AFG,1993,
Afghanistan,AFG,1992,
Afghanistan,AFG,1991,
Afghanistan,AFG,1990,
Afghanistan,AFG,1989,
Afghanistan,AFG,1988,
Afghanistan,AFG,1987,
Afghanistan,AFG,1986,
Afghanistan,AFG,1985,
Afghanistan,AFG,1984,
Afghanistan,AFG,1983,
Afghanistan,AFG,1982,
Afghanistan,AFG,1981,0.646203121457989
Afghanistan,AFG,1980,0.76953022005757
Afghanistan,AFG,1979,2.6275617366056
Afghanistan,AFG,1978,2.20995390436947
Afghanistan,AFG,1977,2.74108995111258
Afghanistan,AFG,1976,2.68851046879588
Afghanistan,AFG,1975,2.77031263884376
Afghanistan,AFG,1974,2.22093843236199
Afghanistan,AFG,1973,3.14605159640144
Afghanistan,AFG,1972,3.38297455351774
Afghanistan,AFG,1971,2.37788624299104
Afghanistan,AFG,1970,1.54726032359141
Afghanistan,AFG,1969,1.89528598781321
Afghanistan,AFG,1968,2.08526153286058
Afghanistan,AFG,1967,2.40390128687798
Afghanistan,AFG,1966,3.55800938620611
Afghanistan,AFG,1965,5.25292205079719
Afghanistan,AFG,1964,5.66117139133249
Afghanistan,AFG,1963,4.78304298987758
Afghanistan,AFG,1962,3.03525886165158
Afghanistan,AFG,1961,6.19107085591996
Afghanistan,AFG,1960,3.12995979786311
Albania,ALB,2025,
Albania,ALB,2024,
Albania,ALB,2023,1.55490014914216
Albania,ALB,2022,1.6951784085579
Albania,ALB,2021,3.56780804907142
Albania,ALB,2020,2.07177284176107
Albania,ALB,2019,0.18286310529158
Albania,ALB,2018,2.24263943411111
Albania,ALB,2017,1.26676775313842
Albania,ALB,2016,1.40410376830326
Albania,ALB,2015,2.88797335011263
Albania,ALB,2014,2.09555504580747
Albania,ALB,2013,2.074045666163
Albania,ALB,2012,2.87261902266221
Albania,ALB,2011,2.92409894780267
Albania,ALB,2010,2.67510403859386
Albania,ALB,2009,2.94126754880382
Albania,ALB,2008,2.73837536445954
Albania,ALB,2007,2.70373295477983
Albania,ALB,2006,3.44260495962891
Albania,ALB,2005,3.74266988588581
Albania,ALB,2004,3.97229958865568
Albania,ALB,2003,5.86855752523636
Albania,ALB,2002,6.64684410600205
Albania,ALB,2001,6.41650908064942
Albania,ALB,2000,8.61576398442127
Albania,ALB,1999,14.5326335087427
Albania,ALB,1998,10.0394851984813
Albania,ALB,1997,7.17725451955665
Albania,ALB,1996,6.85514828714784
Albania,ALB,1995,6.12474809814331
Albania,ALB,1994,8.60799217262003
Albania,ALB,1993,22.201161285155
Albania,ALB,1992,66.3841544663753
Albania,ALB,1991,30.7971639752754
Albania,ALB,1990,0.545233747537531
Albania,ALB,1989,0.458945674529754
Albania,ALB,1988,0.271029623405531
Albania,ALB,1987,
Albania,ALB,1986,
Albania,ALB,1985,
Albania,ALB,1984,
Albania,ALB,1983,
Albania,ALB,1982,
Albania,ALB,1981,
Albania,ALB,1980,
Albania,ALB,1979,
Albania,ALB,1978,
Albania,ALB,1977,
Albania,ALB,1976,
Albania,ALB,1975,
Albania,ALB,1974,
Albania,ALB,1973,
Albania,ALB,1972,
Albania,ALB,1971,
Albania,ALB,1970,
Albania,ALB,1969,
Albania,ALB,1968,
Albania,ALB,1967,
Albania,ALB,1966,
Albania,ALB,1965,
Albania,ALB,1964,
Albania,ALB,1963,
Albania,ALB,1962,
Albania,ALB,1961,
Albania,ALB,1960,
Algeria,DZA,2025,
Algeria,DZA,2024,
Algeria,DZA,2023,0.0828009927442537
Algeria,DZA,2022,0.0982000789628361
Algeria,DZA,2021,0.118767078693403
Algeria,DZA,2020,0.130189039989712
Algeria,DZA,2019,0.0912661070176374
Algeria,DZA,2018,0.0759518740097888
Algeria,DZA,2017,0.0930571577500736
Algeria,DZA,2016,0.0804790301517097
Algeria,DZA,2015,0.0387323217912093
Algeria,DZA,2014,0.0685055033231793
Algeria,DZA,2013,0.0900306658257255
Algeria,DZA,2012,0.0654862344536185
Algeria,DZA,2011,0.0892693756173
Algeria,DZA,2010,0.113239472583807
Algeria,DZA,2009,0.202722498591533
Algeria,DZA,2008,0.181319120614237
Algeria,DZA,2007,0.280620290277856
Algeria,DZA,2006,0.202832570709895
Algeria,DZA,2005,0.339044080745563
Algeria,DZA,2004,0.358571510104919
Algeria,DZA,2003,0.336827352057441
Algeria,DZA,2002,0.313741730757246
Algeria,DZA,2001,0.343941607533061
Algeria,DZA,2000,0.38393773433834
Algeria,DZA,1999,0.297679412806963
Algeria,DZA,1998,0.90905371369308
Algeria,DZA,1997,0.539381296404093
Algeria,DZA,1996,0.691458493024091
Algeria,DZA,1995,0.747303541232099
Algeria,DZA,1994,0.724092424695638
Algeria,DZA,1993,0.677053291588443
Algeria,DZA,1992,0.817559499509834
Algeria,DZA,1991,0.489181239964773
Algeria,DZA,1990,0.554778837708518
Algeria,DZA,1989,0.295232861740055
Algeria,DZA,1988,0.30390223441075
Algeria,DZA,1987,0.329159632351589
Algeria,DZA,1986,0.26989139744003
Algeria,DZA,1985,0.305264830626483
Algeria,DZA,1984,0.232566346498827
Algeria,DZA,1983,0.19842805749385
Algeria,DZA,1982,0.311676250636853
Algeria,DZA,1981,0.394514364328466
Algeria,DZA,1980,0.506853998242304
Algeria,DZA,1979,0.351453244927426
Algeria,DZA,1978,0.758166717409264
Algeria,DZA,1977,0.652229229754715
Algeria,DZA,1976,0.834690866891856
Algeria,DZA,1975,1.52964820086328
Algeria,DZA,1974,0.976776424747482
Algeria,DZA,1973,1.44911766230804
Algeria,DZA,1972,1.63542483628504
Algeria,DZA,1971,2.40227689948039
Algeria,DZA,1970,2.57718419143839
Algeria,DZA,1969,3.08250384900793
Algeria,DZA,1968,3.15478622002386
Algeria,DZA,1967,3.27188118283202
Algeria,DZA,1966,4.34906352479739
Algeria,DZA,1965,4.78616496684793
Algeria,DZA,1964,7.83015685272607
Algeria,DZA,1963,10.1982904680491
Algeria,DZA,1962,18.0485281494527
Algeria,DZA,1961,14.7338871230354
Algeria,DZA,1960,11.021134944233
American Samoa,ASM,2025,
American Samoa,ASM,2024,
American Samoa,ASM,2023,
American Samoa,ASM,2022,
American Samoa,ASM,2021,
American Samoa,ASM,2020,
American Samoa,ASM,2019,
American Samoa,ASM,2018,
American Samoa,ASM,2017,
American Samoa,ASM,2016,
American Samoa,ASM,2015,
American Samoa,ASM,2014,
American Samoa,ASM,2013,
American Samoa,ASM,2012,
American Samoa,ASM,2011,
American Samoa,ASM,2010,
American Samoa,ASM,2009,
American Samoa,ASM,2008,
American Samoa,ASM,2007,
American Samoa,ASM,2006,
American Samoa,ASM,2005,
American Samoa,ASM,2004,
American Samoa,ASM,2003,
American Samoa,ASM,2002,
American Samoa,ASM,2001,
American Samoa,ASM,2000,
American Samoa,ASM,1999,
American Samoa,ASM,1998,
American Samoa,ASM,1997,
American Samoa,ASM,1996,
American Samoa,ASM,1995,
American Samoa,ASM,1994,
American Samoa,ASM,1993,
American Samoa,ASM,1992,
American Samoa,ASM,1991,
American Samoa,ASM,1990,
American Samoa,ASM,1989,
American Samoa,ASM,1988,
American Samoa,ASM,1987,
American Samoa,ASM,1986,
American Samoa,ASM,1985,
American Samoa,ASM,1984,
American Samoa,ASM,1983,
American Samoa,ASM,1982,
American Samoa,ASM,1981,
American Samoa,ASM,1980,
American Samoa,ASM,1979,
American Samoa,ASM,1978,
American Samoa,ASM,1977,
American Samoa,ASM,1976,
American Samoa,ASM,1975,
American Samoa,ASM,1974,
American Samoa,ASM,1973,
American Samoa,ASM,1972,
American Samoa,ASM,1971,
American Samoa,ASM,1970,
American Samoa,ASM,1969,
American Samoa,ASM,1968,
American Samoa,ASM,1967,
American Samoa,ASM,1966,
American Samoa,ASM,1965,
American Samoa,ASM,1964,
American Samoa,ASM,1963,
American Samoa,ASM,1962,
American Samoa,ASM,1961,
American Samoa,ASM,1960,
Andorra,AND,2025,
Andorra,AND,2024,
Andorra,AND,2023,
Andorra,AND,2022,
Andorra,AND,2021,
Andorra,AND,2020,
Andorra,AND,2019,
Andorra,AND,2018,
Andorra,AND,2017,
Andorra,AND,2016,
Andorra,AND,2015,
Andorra,AND,2014,
Andorra,AND,2013,
Andorra,AND,2012,
Andorra,AND,2011,
Andorra,AND,2010,
Andorra,AND,2009,
Andorra,AND,2008,
Andorra,AND,2007,
Andorra,AND,2006,
Andorra,AND,2005,
Andorra,AND,2004,
Andorra,AND,2003,
Andorra,AND,2002,
Andorra,AND,2001,
Andorra,AND,2000,
Andorra,AND,1999,
Andorra,AND,1998,
Andorra,AND,1997,
Andorra,AND,1996,
Andorra,AND,1995,
Andorra,AND,1994,
Andorra,AND,1993,
Andorra,AND,1992,
Andorra,AND,1991,
Andorra,AND,1990,
Andorra,AND,1989,
Andorra,AND,1988,
Andorra,AND,1987,
Andorra,AND,1986,
Andorra,AND,1985,
Andorra,AND,1984,
Andorra,AND,1983,
Andorra,AND,1982,
Andorra,AND,1981,
Andorra,AND,1980,
Andorra,AND,1979,
Andorra,AND,1978,
Andorra,AND,1977,
Andorra,AND,1976,
Andorra,AND,1975,
Andorra,AND,1974,
Andorra,AND,1973,
Andorra,AND,1972,
Andorra,AND,1971,
Andorra,AND,1970,
Andorra,AND,1969,
Andorra,AND,1968,
Andorra,AND,1967,
Andorra,AND,1966,
Andorra,AND,1965,
Andorra,AND,1964,
Andorra,AND,1963,
Andorra,AND,1962,
Andorra,AND,1961,
Andorra,AND,1960,
Angola,AGO,2025,
Angola,AGO,2024,
Angola,AGO,2023,0.148499031525698
Angola,AGO,2022,0.0778671179188192
Angola,AGO,2021,0.33604320441712
Angola,AGO,2020,0.207133470573051
Angola,AGO,2019,0.0305478500693784
Angola,AGO,2018,0.195071836213746
Angola,AGO,2017,0.279454825115309
Angola,AGO,2016,0.36150072489431
Angola,AGO,2015,0.388047166160997
Angola,AGO,2014,0.162125107551323
Angola,AGO,2013,0.205036565525656
Angola,AGO,2012,0.182957586902703
Angola,AGO,2011,0.166535080032963
Angola,AGO,2010,0.264166293678965
Angola,AGO,2009,0.319084339168417
Angola,AGO,2008,0.433793144611283
Angola,AGO,2007,0.397293395069587
Angola,AGO,2006,0.311610357032532
Angola,AGO,2005,1.10979450216906
Angola,AGO,2004,4.66993208939054
Angola,AGO,2003,2.65101173676998
Angola,AGO,2002,2.6410269415059
Angola,AGO,2001,3.83358093167613
Angola,AGO,2000,4.05719889252888
Angola,AGO,1999,8.10601681630214
Angola,AGO,1998,6.05458575682112
Angola,AGO,1997,5.26934810924241
Angola,AGO,1996,7.87884949686743
Angola,AGO,1995,8.7272495999473
Angola,AGO,1994,23.0059605688839
Angola,AGO,1993,8.93855746250531
Angola,AGO,1992,9.82239778801824
Angola,AGO,1991,2.61302920193991
Angola,AGO,1990,2.65043551043701
Angola,AGO,1989,1.666033668986
Angola,AGO,1988,2.3490117517395
Angola,AGO,1987,2.01093826043701
Angola,AGO,1986,1.94840975
Angola,AGO,1985,1.35363987804413
Angola,AGO,1984,
Angola,AGO,1983,
Angola,AGO,1982,
Angola,AGO,1981,
Angola,AGO,1980,
Angola,AGO,1979,
Angola,AGO,1978,
Angola,AGO,1977,
Angola,AGO,1976,
Angola,AGO,1975,
Angola,AGO,1974,
Angola,AGO,1973,
Angola,AGO,1972,
Angola,AGO,1971,
Angola,AGO,1970,
Angola,AGO,1969,
Angola,AGO,1968,
Angola,AGO,1967,
Angola,AGO,1966,
Angola,AGO,1965,
Angola,AGO,1964,
Angola,AGO,1963,
Angola,AGO,1962,
Angola,AGO,1961,
Angola,AGO,1960,
Antigua and Barbuda,ATG,2025,
Antigua and Barbuda,ATG,2024,
Antigua and Barbuda,ATG,2023,
Antigua and Barbuda,ATG,2022,
Antigua and Barbuda,ATG,2021,0.3972409258554
Antigua and Barbuda,ATG,2020,1.83663530345881
Antigua and Barbuda,ATG,2019,1.65904957770595
Antigua and Barbuda,ATG,2018,1.1106876858296
Antigua and Barbuda,ATG,2017,0.706241993155292
Antigua and Barbuda,ATG,2016,0.0131633381548326
Antigua and Barbuda,ATG,2015,0.110324257949268
Antigua and Barbuda,ATG,2014,0.193755863513855
Antigua and Barbuda,ATG,2013,0.126795851273497
Antigua and Barbuda,ATG,2012,0.163292591926087
Antigua and Barbuda,ATG,2011,1.26691234890248
Antigua and Barbuda,ATG,2010,1.54863284316397
Antigua and Barbuda,ATG,2009,0.323035395057816
Antigua and Barbuda,ATG,2008,0.408682080288584
Antigua and Barbuda,ATG,2007,0.352597214965867
Antigua and Barbuda,ATG,2006,0.264426089167738
Antigua and Barbuda,ATG,2005,0.739948697886635
Antigua and Barbuda,ATG,2004,0.196010005239846
Antigua and Barbuda,ATG,2003,0.629163302646816
Antigua and Barbuda,ATG,2002,1.59318899054564
Antigua and Barbuda,ATG,2001,1.03858262192242
Antigua and Barbuda,ATG,2000,1.15376629048743
Antigua and Barbuda,ATG,1999,1.33483277099415
Antigua and Barbuda,ATG,1998,1.29823002895859
Antigua and Barbuda,ATG,1997,0.610211488237457
Antigua and Barbuda,ATG,1996,0.592719891258644
Antigua and Barbuda,ATG,1995,0.38527300062242
Antigua and Barbuda,ATG,1994,0.695045178434088
Antigua and Barbuda,ATG,1993,0.552765190806355
Antigua and Barbuda,ATG,1992,0.942545763514656
Antigua and Barbuda,ATG,1991,1.53133506840437
Antigua and Barbuda,ATG,1990,1.06370072131067
Antigua and Barbuda,ATG,1989,1.05933088150893
Antigua and Barbuda,ATG,1988,2.22502871959819
Antigua and Barbuda,ATG,1987,1.81162129312795
Antigua and Barbuda,ATG,1986,1.9309476321618
Antigua and Barbuda,ATG,1985,1.21065193244457
Antigua and Barbuda,ATG,1984,1.11418075131295
Antigua and Barbuda,ATG,1983,1.83284982898427
Antigua and Barbuda,ATG,1982,3.04157836303586
Antigua and Barbuda,ATG,1981,6.13343382259158
Antigua and Barbuda,ATG,1980,4.19041706642587
Antigua and Barbuda,ATG,1979,3.04277612875876
Antigua and Barbuda,ATG,1978,4.1076785456231
Antigua and Barbuda,ATG,1977,6.95922977482417
Antigua and Barbuda,ATG,1976,
Antigua and Barbuda,ATG,1975,
Antigua and Barbuda,ATG,1974,
Antigua and Barbuda,ATG,1973,
Antigua and Barbuda,ATG,1972,
Antigua and Barbuda,ATG,1971,
Antigua and Barbuda,ATG,1970,
Antigua and Barbuda,ATG,1969,
Antigua and Barbuda,ATG,1968,
Antigua and Barbuda,ATG,1967,
Antigua and Barbuda,ATG,1966,
Antigua and Barbuda,ATG,1965,
Antigua and Barbuda,ATG,1964,
Antigua and Barbuda,ATG,1963,
Antigua and Barbuda,ATG,1962,
Antigua and Barbuda,ATG,1961,
Antigua and Barbuda,ATG,1960,
Argentina,ARG,2025,
Argentina,ARG,2024,
Argentina,ARG,2023,0.040758200266422
Argentina,ARG,2022,0.0619211618497848
Argentina,ARG,2021,0.0328356375784381
Argentina,ARG,2020,0.027462315909924
Argentina,ARG,2019,0.00220738841356853
Argentina,ARG,2018,0.0144682760468869
Argentina,ARG,2017,-0.000185863547609448
Argentina,ARG,2016,0.000480450273324938
Argentina,ARG,2015,-0.00323320205353614
Argentina,ARG,2014,0.00946475087588721
Argentina,ARG,2013,0.00642867596457516
Argentina,ARG,2012,0.0333469336246936
Argentina,ARG,2011,0.0188452798551348
Argentina,ARG,2010,0.0301325201295728
Argentina,ARG,2009,0.0359516342689167
Argentina,ARG,2008,0.0354544251551532
Argentina,ARG,2007,0.0322258553950035
Argentina,ARG,2006,0.0507828714146648
Argentina,ARG,2005,0.0532865186608911
Argentina,ARG,2004,0.0665053348932013
Argentina,ARG,2003,0.096132888623896
Argentina,ARG,2002,0.106711895768803
Argentina,ARG,2001,0.0604036636478134
Argentina,ARG,2000,0.0269487841590086
Argentina,ARG,1999,0.0298420374918552
Argentina,ARG,1998,0.0253686417526171
Argentina,ARG,1997,0.0346273643589562
Argentina,ARG,1996,0.0459182667317131
Argentina,ARG,1995,0.0584852786713887
Argentina,ARG,1994,0.0634184317656255
Argentina,ARG,1993,0.10522210268115
Argentina,ARG,1992,0.118799550550618
Argentina,ARG,1991,0.151079065846824
Argentina,ARG,1990,0.126991952473649
Argentina,ARG,1989,0.287140993982783
Argentina,ARG,1988,0.117393486234727
Argentina,ARG,1987,0.0803726342628059
Argentina,ARG,1986,0.0728764724185365
Argentina,ARG,1985,0.0468467274631155
Argentina,ARG,1984,0.0295323559564093
Argentina,ARG,1983,0.0350965994560102
Argentina,ARG,1982,0.0372142538216609
Argentina,ARG,1981,0.0479294530261233
Argentina,ARG,1980,0.0572577820878932
Argentina,ARG,1979,0.041194201075371
Argentina,ARG,1978,0.018940482586034
Argentina,ARG,1977,0.0290916421464972
Argentina,ARG,1976,0.0275275947554773
Argentina,ARG,1975,0.0225784136573744
Argentina,ARG,1974,0.0219455475010597
Argentina,ARG,1973,0.0257197065136732
Argentina,ARG,1972,0.00552639650730118
Argentina,ARG,1971,0.0148061817021878
Argentina,ARG,1970,-0.00802728823100866
Argentina,ARG,1969,0.0566428539487241
Argentina,ARG,1968,0.0104436350372748
Argentina,ARG,1967,0.0368875693850709
Argentina,ARG,1966,-0.0311449194739381
Argentina,ARG,1965,-0.196538763267846
Argentina,ARG,1964,-0.0201386779034425
Argentina,ARG,1963,0.148680033519912
Argentina,ARG,1962,0.293212630488116
Argentina,ARG,1961,0.26528659075329
Argentina,ARG,1960,0.270642460038711
Armenia,ARM,2025,
Armenia,ARM,2024,
Armenia,ARM,2023,0.870714878852333
Armenia,ARM,2022,1.58388485667723
Armenia,ARM,2021,1.20768322298368
Armenia,ARM,2020,1.0256828433517
Armenia,ARM,2019,3.02896228940636
Armenia,ARM,2018,1.12034368334217
Armenia,ARM,2017,2.15824828245592
Armenia,ARM,2016,3.02500971938042
Armenia,ARM,2015,3.16412745673603
Armenia,ARM,2014,2.20437521362723
Armenia,ARM,2013,2.37513809904845
Armenia,ARM,2012,2.45016533654051
Armenia,ARM,2011,3.58012817623187
Armenia,ARM,2010,3.05580041901491
Armenia,ARM,2009,4.50325685501876
Armenia,ARM,2008,2.39633814833331
Armenia,ARM,2007,3.62644251041868
Armenia,ARM,2006,3.22121044712759
Armenia,ARM,2005,3.38032644258001
Armenia,ARM,2004,6.87581619431207
Armenia,ARM,2003,8.63473959122256
Armenia,ARM,2002,12.0070218012048
Armenia,ARM,2001,9.69130167243431
Armenia,ARM,2000,10.9559026794242
Armenia,ARM,1999,11.0099995205478
Armenia,ARM,1998,9.94899408519803
Armenia,ARM,1997,9.57420409982991
Armenia,ARM,1996,17.8033051086014
Armenia,ARM,1995,14.4383255290038
Armenia,ARM,1994,14.5880838968079
Armenia,ARM,1993,9.12156917933922
Armenia,ARM,1992,2.11091333664957
Armenia,ARM,1991,0.13155779032851
Armenia,ARM,1990,
Armenia,ARM,1989,
Armenia,ARM,1988,
Armenia,ARM,1987,
Armenia,ARM,1986,
Armenia,ARM,1985,
Armenia,ARM,1984,
Armenia,ARM,1983,
Armenia,ARM,1982,
Armenia,ARM,1981,
Armenia,ARM,1980,
Armenia,ARM,1979,
Armenia,ARM,1978,
Armenia,ARM,1977,
Armenia,ARM,1976,
Armenia,ARM,1975,
Armenia,ARM,1974,
Armenia,ARM,1973,
Armenia,ARM,1972,
Armenia,ARM,1971,
Armenia,ARM,1970,
Armenia,ARM,1969,
Armenia,ARM,1968,
Armenia,ARM,1967,
Armenia,ARM,1966,
Armenia,ARM,1965,
Armenia,ARM,1964,
Armenia,ARM,1963,
Armenia,ARM,1962,
Armenia,ARM,1961,
Armenia,ARM,1960,
Aruba,ABW,2025,
Aruba,ABW,2024,
Aruba,ABW,2023,
Aruba,ABW,2022,
Aruba,ABW,2021,
Aruba,ABW,2020,
Aruba,ABW,2019,
Aruba,ABW,2018,
Aruba,ABW,2017,
Aruba,ABW,2016,
Aruba,ABW,2015,
Aruba,ABW,2014,
Aruba,ABW,2013,
Aruba,ABW,2012,
Aruba,ABW,2011,
Aruba,ABW,2010,
Aruba,ABW,2009,
Aruba,ABW,2008,
Aruba,ABW,2007,
Aruba,ABW,2006,
Aruba,ABW,2005,
Aruba,ABW,2004,
Aruba,ABW,2003,
Aruba,ABW,2002,
Aruba,ABW,2001,
Aruba,ABW,2000,
Aruba,ABW,1999,-0.4392272976742
Aruba,ABW,1998,0.678404591373222
Aruba,ABW,1997,1.66174039821275
Aruba,ABW,1996,1.43385017961099
Aruba,ABW,1995,1.97629230718668
Aruba,ABW,1994,1.48962721765101
Aruba,ABW,1993,2.3334767222092
Aruba,ABW,1992,3.15913340675828
Aruba,ABW,1991,2.88903747468842
Aruba,ABW,1990,3.96016524098612
Aruba,ABW,1989,3.55573970145607
Aruba,ABW,1988,3.32810618205242
Aruba,ABW,1987,4.41795322555095
Aruba,ABW,1986,10.1514518931498
Aruba,ABW,1985,
Aruba,ABW,1984,
Aruba,ABW,1983,
Aruba,ABW,1982,
Aruba,ABW,1981,
Aruba,ABW,1980,
Aruba,ABW,1979,
Aruba,ABW,1978,
Aruba,ABW,1977,
Aruba,ABW,1976,
Aruba,ABW,1975,
Aruba,ABW,1974,
Aruba,ABW,1973,
Aruba,ABW,1972,
Aruba,ABW,1971,
Aruba,ABW,1970,
Aruba,ABW,1969,
Aruba,ABW,1968,
Aruba,ABW,1967,
Aruba,ABW,1966,
Aruba,ABW,1965,
Aruba,ABW,1964,
Aruba,ABW,1963,
Aruba,ABW,1962,
Aruba,ABW,1961,
Aruba,ABW,1960,
Australia,AUS,2025,
Australia,AUS,2024,
Australia,AUS,2023,
Australia,AUS,2022,
Australia,AUS,2021,
Australia,AUS,2020,
Australia,AUS,2019,
Australia,AUS,2018,
Australia,AUS,2017,
Australia,AUS,2016,
Australia,AUS,2015,
Australia,AUS,2014,
Australia,AUS,2013,
Australia,AUS,2012,
Australia,AUS,2011,
Australia,AUS,2010,
Australia,AUS,2009,
Australia,AUS,2008,
Australia,AUS,2007,
Australia,AUS,2006,
Australia,AUS,2005,
Australia,AUS,2004,
Australia,AUS,2003,
Australia,AUS,2002,
Australia,AUS,2001,
Australia,AUS,2000,
Australia,AUS,1999,
Australia,AUS,1998,
Australia,AUS,1997,
Australia,AUS,1996,
Australia,AUS,1995,
Australia,AUS,1994,
Australia,AUS,1993,
Australia,AUS,1992,
Australia,AUS,1991,
Australia,AUS,1990,
Australia,AUS,1989,
Australia,AUS,1988,
Australia,AUS,1987,
Australia,AUS,1986,
Australia,AUS,1985,
Australia,AUS,1984,
Australia,AUS,1983,
Australia,AUS,1982,
Australia,AUS,1981,
Australia,AUS,1980,
Australia,AUS,1979,
Australia,AUS,1978,
Australia,AUS,1977,
Australia,AUS,1976,
Australia,AUS,1975,
Australia,AUS,1974,
Australia,AUS,1973,
Australia,AUS,1972,
Australia,AUS,1971,
Australia,AUS,1970,
Australia,AUS,1969,
Australia,AUS,1968,
Australia,AUS,1967,
Australia,AUS,1966,
Australia,AUS,1965,
Australia,AUS,1964,
Australia,AUS,1963,
Australia,AUS,1962,
Australia,AUS,1961,
Australia,AUS,1960,
Austria,AUT,2025,
Austria,AUT,2024,
Austria,AUT,2023,
Austria,AUT,2022,
Austria,AUT,2021,
Austria,AUT,2020,
Austria,AUT,2019,
Austria,AUT,2018,
Austria,AUT,2017,
Austria,AUT,2016,
Austria,AUT,2015,
Austria,AUT,2014,
Austria,AUT,2013,
Austria,AUT,2012,
Austria,AUT,2011,
Austria,AUT,2010,
Austria,AUT,2009,
Austria,AUT,2008,
Austria,AUT,2007,
Austria,AUT,2006,
Austria,AUT,2005,
Austria,AUT,2004,
Austria,AUT,2003,
Austria,AUT,2002,
Austria,AUT,2001,
Austria,AUT,2000,
Austria,AUT,1999,
Austria,AUT,1998,
Austria,AUT,1997,
Austria,AUT,1996,
Austria,AUT,1995,
Austria,AUT,1994,
Austria,AUT,1993,
Austria,AUT,1992,
Austria,AUT,1991,
Austria,AUT,1990,
Austria,AUT,1989,
Austria,AUT,1988,
Austria,AUT,1987,
Austria,AUT,1986,
Austria,AUT,1985,
Austria,AUT,1984,
Austria,AUT,1983,
Austria,AUT,1982,
Austria,AUT,1981,
Austria,AUT,1980,
Austria,AUT,1979,
Austria,AUT,1978,
Austria,AUT,1977,
Austria,AUT,1976,
Austria,AUT,1975,
Austria,AUT,1974,
Austria,AUT,1973,
Austria,AUT,1972,
Austria,AUT,1971,
Austria,AUT,1970,
Austria,AUT,1969,
Austria,AUT,1968,
Austria,AUT,1967,
Austria,AUT,1966,
Austria,AUT,1965,
Austria,AUT,1964,
Austria,AUT,1963,
Austria,AUT,1962,
Austria,AUT,1961,
Austria,AUT,1960,
Azerbaijan,AZE,2025,
Azerbaijan,AZE,2024,
Azerbaijan,AZE,2023,0.177593277770775
Azerbaijan,AZE,2022,0.0659622190368467
Azerbaijan,AZE,2021,0.0201258472349902
Azerbaijan,AZE,2020,0.292363118959344
Azerbaijan,AZE,2019,0.259777881601023
Azerbaijan,AZE,2018,0.194911109054397
Azerbaijan,AZE,2017,0.314144795057024
Azerbaijan,AZE,2016,0.223179507613401
Azerbaijan,AZE,2015,0.13543104302583
Azerbaijan,AZE,2014,0.296565189147127
Azerbaijan,AZE,2013,-0.100508351583035
Azerbaijan,AZE,2012,0.436274797981122
Azerbaijan,AZE,2011,0.468375982926778
Azerbaijan,AZE,2010,0.244023590372257
Azerbaijan,AZE,2009,0.530378885936122
Azerbaijan,AZE,2008,0.513552917553348
Azerbaijan,AZE,2007,0.755886013586347
Azerbaijan,AZE,2006,1.10370040263951
Azerbaijan,AZE,2005,1.7929866483772
Azerbaijan,AZE,2004,2.15293945086171
Azerbaijan,AZE,2003,4.29964520429106
Azerbaijan,AZE,2002,5.80609724559508
Azerbaijan,AZE,2001,4.15090168513833
Azerbaijan,AZE,2000,2.71550000335703
Azerbaijan,AZE,1999,3.58630686214658
Azerbaijan,AZE,1998,2.69771316519922
Azerbaijan,AZE,1997,4.65597024925472
Azerbaijan,AZE,1996,3.04231583679146
Azerbaijan,AZE,1995,4.95301514589485
Azerbaijan,AZE,1994,12.481403917745
Azerbaijan,AZE,1993,1.51517671993801
Azerbaijan,AZE,1992,1.66962827046976
Azerbaijan,AZE,1991,0.00560957389530533
Azerbaijan,AZE,1990,
Azerbaijan,AZE,1989,
Azerbaijan,AZE,1988,
Azerbaijan,AZE,1987,
Azerbaijan,AZE,1986,
Azerbaijan,AZE,1985,
Azerbaijan,AZE,1984,
Azerbaijan,AZE,1983,
Azerbaijan,AZE,1982,
Azerbaijan,AZE,1981,
Azerbaijan,AZE,1980,
Azerbaijan,AZE,1979,
Azerbaijan,AZE,1978,
Azerbaijan,AZE,1977,
Azerbaijan,AZE,1976,
Azerbaijan,AZE,1975,
Azerbaijan,AZE,1974,
Azerbaijan,AZE,1973,
Azerbaijan,AZE,1972,
Azerbaijan,AZE,1971,
Azerbaijan,AZE,1970,
Azerbaijan,AZE,1969,
Azerbaijan,AZE,1968,
Azerbaijan,AZE,1967,
Azerbaijan,AZE,1966,
Azerbaijan,AZE,1965,
Azerbaijan,AZE,1964,
Azerbaijan,AZE,1963,
Azerbaijan,AZE,1962,
Azerbaijan,AZE,1961,
Azerbaijan,AZE,1960,
"Bahamas, The",BHS,2025,
"Bahamas, The",BHS,2024,
"Bahamas, The",BHS,2023,
"Bahamas, The",BHS,2022,
"Bahamas, The",BHS,2021,
"Bahamas, The",BHS,2020,
"Bahamas, The",BHS,2019,
"Bahamas, The",BHS,2018,
"Bahamas, The",BHS,2017,
"Bahamas, The",BHS,2016,
"Bahamas, The",BHS,2015,
"Bahamas, The",BHS,2014,
"Bahamas, The",BHS,2013,
"Bahamas, The",BHS,2012,
"Bahamas, The",BHS,2011,
"Bahamas, The",BHS,2010,
"Bahamas, The",BHS,2009,
"Bahamas, The",BHS,2008,
"Bahamas, The",BHS,2007,
"Bahamas, The",BHS,2006,
"Bahamas, The",BHS,2005,
"Bahamas, The",BHS,2004,
"Bahamas, The",BHS,2003,
"Bahamas, The",BHS,2002,
"Bahamas, The",BHS,2001,
"Bahamas, The",BHS,2000,
"Bahamas, The",BHS,1999,
"Bahamas, The",BHS,1998,
"Bahamas, The",BHS,1997,
"Bahamas, The",BHS,1996,
"Bahamas, The",BHS,1995,0.113081417631083
"Bahamas, The",BHS,1994,0.0320369065163068
"Bahamas, The",BHS,1993,0.0391415834330342
"Bahamas, The",BHS,1992,0.0935104389276385
"Bahamas, The",BHS,1991,0.0941285601898689
"Bahamas, The",BHS,1990,0.105238543878372
"Bahamas, The",BHS,1989,0.133770136373667
"Bahamas, The",BHS,1988,0.053564690950006
"Bahamas, The",BHS,1987,0.0252894460419778
"Bahamas, The",BHS,1986,0.0716501369957137
"Bahamas, The",BHS,1985,0.0327087528988283
"Bahamas, The",BHS,1984,0.535181234640352
"Bahamas, The",BHS,1983,0.0558238716486787
"Bahamas, The",BHS,1982,0.0912421409035799
"Bahamas, The",BHS,1981,0.109053819684206
"Bahamas, The",BHS,1980,0.118254493428103
"Bahamas, The",BHS,1979,0.0884515898671532
"Bahamas, The",BHS,1978,0.110701102950578
"Bahamas, The",BHS,1977,0.0746742927880373
"Bahamas, The",BHS,1976,0.104148274276073
"Bahamas, The",BHS,1975,0.0805085537561135
"Bahamas, The",BHS,1974,0.0785291461580768
"Bahamas, The",BHS,1973,0.0756086241200911
"Bahamas, The",BHS,1972,0.218195975144659
"Bahamas, The",BHS,1971,0.0460752545289211
"Bahamas, The",BHS,1970,0.0156715950984462
"Bahamas, The",BHS,1969,0.0147461555293919
"Bahamas, The",BHS,1968,0.012506253312921
"Bahamas, The",BHS,1967,0.196749357746169
"Bahamas, The",BHS,1966,0.0163666123551745
"Bahamas, The",BHS,1965,0.0264550223348538
"Bahamas, The",BHS,1964,0.0255421697122257
"Bahamas, The",BHS,1963,0.00954992428339493
"Bahamas, The",BHS,1962,
"Bahamas, The",BHS,1961,
"Bahamas, The",BHS,1960,-0.0267472952701669
Bahrain,BHR,2025,
Bahrain,BHR,2024,
Bahrain,BHR,2023,
Bahrain,BHR,2022,
Bahrain,BHR,2021,
Bahrain,BHR,2020,
Bahrain,BHR,2019,
Bahrain,BHR,2018,
Bahrain,BHR,2017,
Bahrain,BHR,2016,
Bahrain,BHR,2015,
Bahrain,BHR,2014,
Bahrain,BHR,2013,
Bahrain,BHR,2012,
Bahrain,BHR,2011,
Bahrain,BHR,2010,
Bahrain,BHR,2009,
Bahrain,BHR,2008,
Bahrain,BHR,2007,
Bahrain,BHR,2006,
Bahrain,BHR,2005,
Bahrain,BHR,2004,0.462967860449633
Bahrain,BHR,2003,1.24524703313361
Bahrain,BHR,2002,0.679048929169513
Bahrain,BHR,2001,0.818175149479043
Bahrain,BHR,2000,0.68365333680589
Bahrain,BHR,1999,0.974392627495297
Bahrain,BHR,1998,3.31662232013134
Bahrain,BHR,1997,2.45833306139092
Bahrain,BHR,1996,2.1775165501654
Bahrain,BHR,1995,1.72469971062262
Bahrain,BHR,1994,1.79887316678479
Bahrain,BHR,1993,2.22575861213059
Bahrain,BHR,1992,1.67480457211522
Bahrain,BHR,1991,1.969860525146
Bahrain,BHR,1990,3.08896456951664
Bahrain,BHR,1989,-0.0502399025519424
Bahrain,BHR,1988,-0.0797853626468319
Bahrain,BHR,1987,0.295085258563415
Bahrain,BHR,1986,3.7475721958356
Bahrain,BHR,1985,2.25679221023027
Bahrain,BHR,1984,5.56738313767854
Bahrain,BHR,1983,6.8155672787503
Bahrain,BHR,1982,4.29242590559824
Bahrain,BHR,1981,5.72980069384395
Bahrain,BHR,1980,7.21018493330095
Bahrain,BHR,1979,
Bahrain,BHR,1978,
Bahrain,BHR,1977,
Bahrain,BHR,1976,
Bahrain,BHR,1975,
Bahrain,BHR,1974,
Bahrain,BHR,1973,
Bahrain,BHR,1972,
Bahrain,BHR,1971,
Bahrain,BHR,1970,
Bahrain,BHR,1969,
Bahrain,BHR,1968,
Bahrain,BHR,1967,
Bahrain,BHR,1966,
Bahrain,BHR,1965,
Bahrain,BHR,1964,
Bahrain,BHR,1963,
Bahrain,BHR,1962,
Bahrain,BHR,1961,
Bahrain,BHR,1960,
Bangladesh,BGD,2025,
Bangladesh,BGD,2024,
Bangladesh,BGD,2023,1.24954695482709
Bangladesh,BGD,2022,1.08804790683243
Bangladesh,BGD,2021,1.16176375396577
Bangladesh,BGD,2020,1.38043344611613
Bangladesh,BGD,2019,1.19872986153458
Bangladesh,BGD,2018,0.911021785754119
Bangladesh,BGD,2017,1.24451822350917
Bangladesh,BGD,2016,0.91223255541772
Bangladesh,BGD,2015,1.24770017322217
Bangladesh,BGD,2014,1.31373692992305
Bangladesh,BGD,2013,1.62503589504122
Bangladesh,BGD,2012,1.48973452826055
Bangladesh,BGD,2011,1.0357494856298
Bangladesh,BGD,2010,0.979205458521154
Bangladesh,BGD,2009,0.978984569171793
Bangladesh,BGD,2008,1.78925974548376
Bangladesh,BGD,2007,1.54453587681731
Bangladesh,BGD,2006,1.35514289633775
Bangladesh,BGD,2005,1.72505585665961
Bangladesh,BGD,2004,2.09243477979753
Bangladesh,BGD,2003,2.08005775490695
Bangladesh,BGD,2002,1.41878355433687
Bangladesh,BGD,2001,1.65099572695628
Bangladesh,BGD,2000,1.77188616689002
Bangladesh,BGD,1999,1.90272807231529
Bangladesh,BGD,1998,1.90515880314671
Bangladesh,BGD,1997,1.73975360008688
Bangladesh,BGD,1996,2.02494739001098
Bangladesh,BGD,1995,2.64244374147346
Bangladesh,BGD,1994,3.97637048333032
Bangladesh,BGD,1993,3.42059509821644
Bangladesh,BGD,1992,4.61426406741273
Bangladesh,BGD,1991,5.09896897088425
Bangladesh,BGD,1990,5.54972070070238
Bangladesh,BGD,1989,5.03987819291523
Bangladesh,BGD,1988,5.1228477198112
Bangladesh,BGD,1987,6.51065347819037
Bangladesh,BGD,1986,5.80119053050849
Bangladesh,BGD,1985,4.33782822529578
Bangladesh,BGD,1984,5.70114943701254
Bangladesh,BGD,1983,5.48066609816751
Bangladesh,BGD,1982,6.91918700006427
Bangladesh,BGD,1981,5.12020972863409
Bangladesh,BGD,1980,6.77046877014043
Bangladesh,BGD,1979,7.22322569667869
Bangladesh,BGD,1978,7.24205856226954
Bangladesh,BGD,1977,8.03862621969853
Bangladesh,BGD,1976,4.86685349294138
Bangladesh,BGD,1975,5.42790348002436
Bangladesh,BGD,1974,4.24335996956882
Bangladesh,BGD,1973,5.19816501509782
Bangladesh,BGD,1972,
Bangladesh,BGD,1971,
Bangladesh,BGD,1970,
Bangladesh,BGD,1969,
Bangladesh,BGD,1968,
Bangladesh,BGD,1967,
Bangladesh,BGD,1966,
Bangladesh,BGD,1965,
Bangladesh,BGD,1964,
Bangladesh,BGD,1963,
Bangladesh,BGD,1962,
Bangladesh,BGD,1961,
Bangladesh,BGD,1960,
Barbados,BRB,2025,
Barbados,BRB,2024,
Barbados,BRB,2023,
Barbados,BRB,2022,
Barbados,BRB,2021,
Barbados,BRB,2020,
Barbados,BRB,2019,
Barbados,BRB,2018,
Barbados,BRB,2017,
Barbados,BRB,2016,
Barbados,BRB,2015,
Barbados,BRB,2014,
Barbados,BRB,2013,
Barbados,BRB,2012,
Barbados,BRB,2011,
Barbados,BRB,2010,0.280167937908421
Barbados,BRB,2009,0.274740823244392
Barbados,BRB,2008,0.204204748250607
Barbados,BRB,2007,0.416671237526326
Barbados,BRB,2006,-0.0224695104692617
Barbados,BRB,2005,-0.0172863217240123
Barbados,BRB,2004,0.910552469071582
Barbados,BRB,2003,0.691583634074026
Barbados,BRB,2002,0.158993154926277
Barbados,BRB,2001,0.0108662430930573
Barbados,BRB,2000,0.060721573104265
Barbados,BRB,1999,-0.0205857740871118
Barbados,BRB,1998,0.624882626793498
Barbados,BRB,1997,0.239582114077957
Barbados,BRB,1996,0.249815729268907
Barbados,BRB,1995,0.0236274699594313
Barbados,BRB,1994,0.137708239489388
Barbados,BRB,1993,0.246088006445937
Barbados,BRB,1992,0.0663659444905776
Barbados,BRB,1991,0.117097439477308
Barbados,BRB,1990,0.115928001174413
Barbados,BRB,1989,0.0499871220359806
Barbados,BRB,1988,0.102950298901198
Barbados,BRB,1987,0.284267882646989
Barbados,BRB,1986,0.296649992162667
Barbados,BRB,1985,0.425641377324534
Barbados,BRB,1984,0.420677097000767
Barbados,BRB,1983,1.3181116351633
Barbados,BRB,1982,0.725873818657067
Barbados,BRB,1981,0.932293744999049
Barbados,BRB,1980,0.710948240992734
Barbados,BRB,1979,0.800690998539119
Barbados,BRB,1978,1.33994339956907
Barbados,BRB,1977,0.793936621886762
Barbados,BRB,1976,1.10602412667027
Barbados,BRB,1975,0.901791430720267
Barbados,BRB,1974,0.875918046560157
Barbados,BRB,1973,1.37166726482426
Barbados,BRB,1972,1.69959918451057
Barbados,BRB,1971,1.87823192971258
Barbados,BRB,1970,1.07378365925644
Barbados,BRB,1969,0.704796837867217
Barbados,BRB,1968,0.516925252085727
Barbados,BRB,1967,0.356366821469195
Barbados,BRB,1966,1.07405619217072
Barbados,BRB,1965,
Barbados,BRB,1964,
Barbados,BRB,1963,
Barbados,BRB,1962,
Barbados,BRB,1961,
Barbados,BRB,1960,
Belarus,BLR,2025,
Belarus,BLR,2024,
Belarus,BLR,2023,0.163628490419037
Belarus,BLR,2022,0.0248286664473665
Belarus,BLR,2021,0.210149521166487
Belarus,BLR,2020,0.555459602350462
Belarus,BLR,2019,0.340887371925231
Belarus,BLR,2018,0.205960428555063
Belarus,BLR,2017,-0.474971251810671
Belarus,BLR,2016,-0.0490628145165317
Belarus,BLR,2015,0.193435999064551
Belarus,BLR,2014,0.157768201702233
Belarus,BLR,2013,0.147012822117818
Belarus,BLR,2012,0.160193874370293
Belarus,BLR,2011,0.196128963795992
Belarus,BLR,2010,0.241183817371684
Belarus,BLR,2009,0.197381417808783
Belarus,BLR,2008,0.185340977783802
Belarus,BLR,2007,0.190415416720208
Belarus,BLR,2006,0.202892947605582
Belarus,BLR,2005,0.191670701172284
Belarus,BLR,2004,
Belarus,BLR,2003,
Belarus,BLR,2002,
Belarus,BLR,2001,
Belarus,BLR,2000,
Belarus,BLR,1999,
Belarus,BLR,1998,
Belarus,BLR,1997,
Belarus,BLR,1996,
Belarus,BLR,1995,
Belarus,BLR,1994,
Belarus,BLR,1993,
Belarus,BLR,1992,
Belarus,BLR,1991,
Belarus,BLR,1990,
Belarus,BLR,1989,
Belarus,BLR,1988,
Belarus,BLR,1987,
Belarus,BLR,1986,
Belarus,BLR,1985,
Belarus,BLR,1984,
Belarus,BLR,1983,
Belarus,BLR,1982,
Belarus,BLR,1981,
Belarus,BLR,1980,
Belarus,BLR,1979,
Belarus,BLR,1978,
Belarus,BLR,1977,
Belarus,BLR,1976,
Belarus,BLR,1975,
Belarus,BLR,1974,
Belarus,BLR,1973,
Belarus,BLR,1972,
Belarus,BLR,1971,
Belarus,BLR,1970,
Belarus,BLR,1969,
Belarus,BLR,1968,
Belarus,BLR,1967,
Belarus,BLR,1966,
Belarus,BLR,1965,
Belarus,BLR,1964,
Belarus,BLR,1963,
Belarus,BLR,1962,
Belarus,BLR,1961,
Belarus,BLR,1960,
Belgium,BEL,2025,
Belgium,BEL,2024,
Belgium,BEL,2023,
Belgium,BEL,2022,
Belgium,BEL,2021,
Belgium,BEL,2020,
Belgium,BEL,2019,
Belgium,BEL,2018,
Belgium,BEL,2017,
Belgium,BEL,2016,
Belgium,BEL,2015,
Belgium,BEL,2014,
Belgium,BEL,2013,
Belgium,BEL,2012,
Belgium,BEL,2011,
Belgium,BEL,2010,
Belgium,BEL,2009,
Belgium,BEL,2008,
Belgium,BEL,2007,
Belgium,BEL,2006,
Belgium,BEL,2005,
Belgium,BEL,2004,
Belgium,BEL,2003,
Belgium,BEL,2002,
Belgium,BEL,2001,
Belgium,BEL,2000,
Belgium,BEL,1999,
Belgium,BEL,1998,
Belgium,BEL,1997,
Belgium,BEL,1996,
Belgium,BEL,1995,
Belgium,BEL,1994,
Belgium,BEL,1993,
Belgium,BEL,1992,
Belgium,BEL,1991,
Belgium,BEL,1990,
Belgium,BEL,1989,
Belgium,BEL,1988,
Belgium,BEL,1987,
Belgium,BEL,1986,
Belgium,BEL,1985,
Belgium,BEL,1984,
Belgium,BEL,1983,
Belgium,BEL,1982,
Belgium,BEL,1981,
Belgium,BEL,1980,
Belgium,BEL,1979,
Belgium,BEL,1978,
Belgium,BEL,1977,
Belgium,BEL,1976,
Belgium,BEL,1975,
Belgium,BEL,1974,
Belgium,BEL,1973,
Belgium,BEL,1972,
Belgium,BEL,1971,
Belgium,BEL,1970,
Belgium,BEL,1969,
Belgium,BEL,1968,
Belgium,BEL,1967,
Belgium,BEL,1966,
Belgium,BEL,1965,
Belgium,BEL,1964,
Belgium,BEL,1963,
Belgium,BEL,1962,
Belgium,BEL,1961,
Belgium,BEL,1960,
Belize,BLZ,2025,
Belize,BLZ,2024,
Belize,BLZ,2023,1.08319954119534
Belize,BLZ,2022,0.77462056027795
Belize,BLZ,2021,3.31288391908814
Belize,BLZ,2020,3.51493278993874
Belize,BLZ,2019,1.61422134080681
Belize,BLZ,2018,1.58862154792986
Belize,BLZ,2017,1.59770126211093
Belize,BLZ,2016,1.64225611006125
Belize,BLZ,2015,1.34760930994632
Belize,BLZ,2014,1.87779327675357
Belize,BLZ,2013,2.67578760831491
Belize,BLZ,2012,1.45845389633908
Belize,BLZ,2011,1.21040687083259
Belize,BLZ,2010,1.51879316197024
Belize,BLZ,2009,1.64254574139042
Belize,BLZ,2008,1.48527627108714
Belize,BLZ,2007,1.37555259873925
Belize,BLZ,2006,0.527857605207481
Belize,BLZ,2005,0.862144778412735
Belize,BLZ,2004,0.521637712657364
Belize,BLZ,2003,1.04027470649011
Belize,BLZ,2002,1.9787726178469
Belize,BLZ,2001,2.03515677039718
Belize,BLZ,2000,1.48780132118858
Belize,BLZ,1999,4.93997480463899
Belize,BLZ,1998,1.61927548316502
Belize,BLZ,1997,1.62098768416442
Belize,BLZ,1996,2.55238480624062
Belize,BLZ,1995,2.36552156499617
Belize,BLZ,1994,4.31105274774287
Belize,BLZ,1993,4.24012297178936
Belize,BLZ,1992,3.84258811933911
Belize,BLZ,1991,3.70690686090444
Belize,BLZ,1990,5.62887744235102
Belize,BLZ,1989,5.92438729907846
Belize,BLZ,1988,6.02287783958622
Belize,BLZ,1987,6.43287658691405
Belize,BLZ,1986,7.88077283522516
Belize,BLZ,1985,7.90555166012105
Belize,BLZ,1984,4.91774265647631
Belize,BLZ,1983,5.86791366437432
Belize,BLZ,1982,4.93741010998202
Belize,BLZ,1981,4.36932602650829
Belize,BLZ,1980,5.67625758465453
Belize,BLZ,1979,14.1433442411976
Belize,BLZ,1978,14.0694975392699
Belize,BLZ,1977,8.50513139934957
Belize,BLZ,1976,13.1127544299433
Belize,BLZ,1975,8.22353175403206
Belize,BLZ,1974,6.7354212538185
Belize,BLZ,1973,6.30135074757348
Belize,BLZ,1972,6.35867721442422
Belize,BLZ,1971,8.9223426361421
Belize,BLZ,1970,11.5310304443116
Belize,BLZ,1969,14.9606601762646
Belize,BLZ,1968,12.7072076908989
Belize,BLZ,1967,12.3665589196055
Belize,BLZ,1966,5.83182039716575
Belize,BLZ,1965,5.33834081313485
Belize,BLZ,1964,4.30260383391912
Belize,BLZ,1963,12.0874761496276
Belize,BLZ,1962,17.4120837488207
Belize,BLZ,1961,9.4770641814425
Belize,BLZ,1960,6.51600677397575
Benin,BEN,2025,
Benin,BEN,2024,
Benin,BEN,2023,5.31568351133842
Benin,BEN,2022,4.90434445810732
Benin,BEN,2021,4.86619485925915
Benin,BEN,2020,6.74972249628457
Benin,BEN,2019,4.14914501333335
Benin,BEN,2018,4.04494507868339
Benin,BEN,2017,5.36703488982652
Benin,BEN,2016,4.24972462163382
Benin,BEN,2015,3.85632227778055
Benin,BEN,2014,4.53217639304836
Benin,BEN,2013,5.303294190499
Benin,BEN,2012,4.58596831613439
Benin,BEN,2011,6.29914271036186
Benin,BEN,2010,6.3396124641852
Benin,BEN,2009,6.98123644331915
Benin,BEN,2008,6.51285338821349
Benin,BEN,2007,5.8530070440938
Benin,BEN,2006,5.71560055100441
Benin,BEN,2005,5.32957587945041
Benin,BEN,2004,6.36724756332919
Benin,BEN,2003,5.68610740682772
Benin,BEN,2002,5.31773720118866
Benin,BEN,2001,7.67927896621625
Benin,BEN,2000,6.97797735545427
Benin,BEN,1999,5.79637455406861
Benin,BEN,1998,8.40530571489006
Benin,BEN,1997,9.87946450545124
Benin,BEN,1996,12.4526199160322
Benin,BEN,1995,13.2005157905376
Benin,BEN,1994,16.4036731354256
Benin,BEN,1993,12.8767498518706
Benin,BEN,1992,16.4563827386551
Benin,BEN,1991,13.5845902119738
Benin,BEN,1990,13.8925281416589
Benin,BEN,1989,18.2954065949159
Benin,BEN,1988,9.90130614972575
Benin,BEN,1987,8.7168425524302
Benin,BEN,1986,10.279351956518
Benin,BEN,1985,9.16720336317835
Benin,BEN,1984,7.34483620280034
Benin,BEN,1983,7.84900310265302
Benin,BEN,1982,6.31648016685771
Benin,BEN,1981,6.30784395592139
Benin,BEN,1980,6.29157363211752
Benin,BEN,1979,7.12546668348156
Benin,BEN,1978,6.49415311831272
Benin,BEN,1977,6.51063732803788
Benin,BEN,1976,7.26652343148407
Benin,BEN,1975,8.00953038326868
Benin,BEN,1974,5.93764474368317
Benin,BEN,1973,5.25005068588692
Benin,BEN,1972,4.9089753913188
Benin,BEN,1971,8.72969450073367
Benin,BEN,1970,4.45145436487425
Benin,BEN,1969,4.00306809626071
Benin,BEN,1968,4.04403366929568
Benin,BEN,1967,5.32008925743971
Benin,BEN,1966,4.92693419689457
Benin,BEN,1965,6.1845253756101
Benin,BEN,1964,6.71631595481638
Benin,BEN,1963,1.68262066365174
Benin,BEN,1962,1.5909552598474
Benin,BEN,1961,0.629942242745202
Benin,BEN,1960,0.0088698773713284
Bermuda,BMU,2025,
Bermuda,BMU,2024,
Bermuda,BMU,2023,
Bermuda,BMU,2022,
Bermuda,BMU,2021,
Bermuda,BMU,2020,
Bermuda,BMU,2019,
Bermuda,BMU,2018,
Bermuda,BMU,2017,
Bermuda,BMU,2016,
Bermuda,BMU,2015,
Bermuda,BMU,2014,
Bermuda,BMU,2013,
Bermuda,BMU,2012,
Bermuda,BMU,2011,
Bermuda,BMU,2010,
Bermuda,BMU,2009,
Bermuda,BMU,2008,
Bermuda,BMU,2007,
Bermuda,BMU,2006,
Bermuda,BMU,2005,
Bermuda,BMU,2004,
Bermuda,BMU,2003,
Bermuda,BMU,2002,
Bermuda,BMU,2001,
Bermuda,BMU,2000,
Bermuda,BMU,1999,
Bermuda,BMU,1998,
Bermuda,BMU,1997,
Bermuda,BMU,1996,
Bermuda,BMU,1995,
Bermuda,BMU,1994,
Bermuda,BMU,1993,
Bermuda,BMU,1992,
Bermuda,BMU,1991,
Bermuda,BMU,1990,
Bermuda,BMU,1989,
Bermuda,BMU,1988,
Bermuda,BMU,1987,
Bermuda,BMU,1986,
Bermuda,BMU,1985,
Bermuda,BMU,1984,
Bermuda,BMU,1983,
Bermuda,BMU,1982,
Bermuda,BMU,1981,
Bermuda,BMU,1980,
Bermuda,BMU,1979,
Bermuda,BMU,1978,
Bermuda,BMU,1977,
Bermuda,BMU,1976,
Bermuda,BMU,1975,
Bermuda,BMU,1974,
Bermuda,BMU,1973,
Bermuda,BMU,1972,
Bermuda,BMU,1971,
Bermuda,BMU,1970,
Bermuda,BMU,1969,
Bermuda,BMU,1968,
Bermuda,BMU,1967,
Bermuda,BMU,1966,
Bermuda,BMU,1965,
Bermuda,BMU,1964,
Bermuda,BMU,1963,
Bermuda,BMU,1962,
Bermuda,BMU,1961,
Bermuda,BMU,1960,
Bhutan,BTN,2025,
Bhutan,BTN,2024,
Bhutan,BTN,2023,5.50953026767311
Bhutan,BTN,2022,7.10424932642109
Bhutan,BTN,2021,4.91299964955855
Bhutan,BTN,2020,8.80005363209277
Bhutan,BTN,2019,7.16990216872845
Bhutan,BTN,2018,4.56683231329935
Bhutan,BTN,2017,4.98383741257847
Bhutan,BTN,2016,2.37548462151728
Bhutan,BTN,2015,4.75669668140881
Bhutan,BTN,2014,6.68547786051762
Bhutan,BTN,2013,7.51519438555934
Bhutan,BTN,2012,8.82701000919087
Bhutan,BTN,2011,6.36573173178522
Bhutan,BTN,2010,5.39080916369241
Bhutan,BTN,2009,7.91503543806788
Bhutan,BTN,2008,6.15655286314746
Bhutan,BTN,2007,7.72114818852283
Bhutan,BTN,2006,9.8387946323301
Bhutan,BTN,2005,9.27931507949927
Bhutan,BTN,2004,10.0267034685161
Bhutan,BTN,2003,11.4177640289824
Bhutan,BTN,2002,10.886644048299
Bhutan,BTN,2001,11.0128054181249
Bhutan,BTN,2000,10.2337423370261
Bhutan,BTN,1999,20.023563846794
Bhutan,BTN,1998,17.0721319438999
Bhutan,BTN,1997,18.4960260536442
Bhutan,BTN,1996,21.2875457647328
Bhutan,BTN,1995,27.4277225932297
Bhutan,BTN,1994,30.3333994295904
Bhutan,BTN,1993,30.5805578734896
Bhutan,BTN,1992,24.9724483443258
Bhutan,BTN,1991,25.3136900667645
Bhutan,BTN,1990,15.4012246096155
Bhutan,BTN,1989,14.734599683546
Bhutan,BTN,1988,14.5909719259299
Bhutan,BTN,1987,17.2939186567024
Bhutan,BTN,1986,23.5863329230343
Bhutan,BTN,1985,16.0438521730255
Bhutan,BTN,1984,13.2310389341643
Bhutan,BTN,1983,11.0900976641142
Bhutan,BTN,1982,10.4723209519039
Bhutan,BTN,1981,8.93306087156091
Bhutan,BTN,1980,7.80754814298362
Bhutan,BTN,1979,6.03953335662952
Bhutan,BTN,1978,4.21923453903163
Bhutan,BTN,1977,3.75401193671583
Bhutan,BTN,1976,4.63795094288355
Bhutan,BTN,1975,3.07473540961479
Bhutan,BTN,1974,0.834424240550143
Bhutan,BTN,1973,0.83835887500615
Bhutan,BTN,1972,0.34439335600433
Bhutan,BTN,1971,0.268514497606238
Bhutan,BTN,1970,0.432013677840425
Bhutan,BTN,1969,
Bhutan,BTN,1968,
Bhutan,BTN,1967,
Bhutan,BTN,1966,
Bhutan,BTN,1965,
Bhutan,BTN,1964,
Bhutan,BTN,1963,
Bhutan,BTN,1962,
Bhutan,BTN,1961,
Bhutan,BTN,1960,
Bolivia,BOL,2025,
Bolivia,BOL,2024,
Bolivia,BOL,2023,1.49625231245653
Bolivia,BOL,2022,0.675585453878547
Bolivia,BOL,2021,1.08427437689769
Bolivia,BOL,2020,0.812509438737352
Bolivia,BOL,2019,1.47095693591057
Bolivia,BOL,2018,1.53644720760895
Bolivia,BOL,2017,2.1178203372266
Bolivia,BOL,2016,2.09033707693636
Bolivia,BOL,2015,2.48270213871267
Bolivia,BOL,2014,2.15525678647729
Bolivia,BOL,2013,2.44264681704599
Bolivia,BOL,2012,2.59953933559642
Bolivia,BOL,2011,2.37609779843183
Bolivia,BOL,2010,2.73847814625366
Bolivia,BOL,2009,3.67024372511796
Bolivia,BOL,2008,3.65077015279638
Bolivia,BOL,2007,3.47402369703366
Bolivia,BOL,2006,7.30552524618211
Bolivia,BOL,2005,5.91842365971854
Bolivia,BOL,2004,8.42390227521992
Bolivia,BOL,2003,9.80170641098433
Bolivia,BOL,2002,7.79571064202592
Bolivia,BOL,2001,8.52370537476581
Bolivia,BOL,2000,5.21371795751202
Bolivia,BOL,1999,6.42622530437941
Bolivia,BOL,1998,6.5911471663026
Bolivia,BOL,1997,8.12874538174673
Bolivia,BOL,1996,10.5734663953166
Bolivia,BOL,1995,10.4296468534305
Bolivia,BOL,1994,9.29687425390313
Bolivia,BOL,1993,9.88677570475624
Bolivia,BOL,1992,12.0615067496422
Bolivia,BOL,1991,9.37569469160673
Bolivia,BOL,1990,10.5010139337389
Bolivia,BOL,1989,10.8659128446013
Bolivia,BOL,1988,9.42944141222407
Bolivia,BOL,1987,6.93003054120954
Bolivia,BOL,1986,6.88468095453988
Bolivia,BOL,1985,3.18121490915512
Bolivia,BOL,1984,2.27313694739844
Bolivia,BOL,1983,3.02458748389919
Bolivia,BOL,1982,2.11250079039839
Bolivia,BOL,1981,2.26009870847068
Bolivia,BOL,1980,3.22712852059316
Bolivia,BOL,1979,2.91530115700423
Bolivia,BOL,1978,3.15339352928512
Bolivia,BOL,1977,2.15706009576615
Bolivia,BOL,1976,2.03110548229392
Bolivia,BOL,1975,
Bolivia,BOL,1974,
Bolivia,BOL,1973,
Bolivia,BOL,1972,
Bolivia,BOL,1971,
Bolivia,BOL,1970,
Bolivia,BOL,1969,
Bolivia,BOL,1968,
Bolivia,BOL,1967,
Bolivia,BOL,1966,
Bolivia,BOL,1965,
Bolivia,BOL,1964,
Bolivia,BOL,1963,
Bolivia,BOL,1962,
Bolivia,BOL,1961,
Bolivia,BOL,1960,
Bosnia and Herzegovina,BIH,2025,
Bosnia and Herzegovina,BIH,2024,
Bosnia and Herzegovina,BIH,2023,1.12054899426767
Bosnia and Herzegovina,BIH,2022,1.17733764216121
Bosnia and Herzegovina,BIH,2021,2.41974575106038
Bosnia and Herzegovina,BIH,2020,2.1872629141794
Bosnia and Herzegovina,BIH,2019,2.25666477470915
Bosnia and Herzegovina,BIH,2018,1.74829663060733
Bosnia and Herzegovina,BIH,2017,2.42391677065165
Bosnia and Herzegovina,BIH,2016,2.60279432517829
Bosnia and Herzegovina,BIH,2015,2.15801298587653
Bosnia and Herzegovina,BIH,2014,3.36816733032182
Bosnia and Herzegovina,BIH,2013,2.82940431425965
Bosnia and Herzegovina,BIH,2012,3.27171882317825
Bosnia and Herzegovina,BIH,2011,3.32963123169762
Bosnia and Herzegovina,BIH,2010,2.3619977708962
Bosnia and Herzegovina,BIH,2009,2.28150798082044
Bosnia and Herzegovina,BIH,2008,2.34626988920262
Bosnia and Herzegovina,BIH,2007,3.68734426829388
Bosnia and Herzegovina,BIH,2006,4.04958219300268
Bosnia and Herzegovina,BIH,2005,4.61810828735162
Bosnia and Herzegovina,BIH,2004,6.43546608035466
Bosnia and Herzegovina,BIH,2003,5.99987385662798
Bosnia and Herzegovina,BIH,2002,7.6804843976068
Bosnia and Herzegovina,BIH,2001,10.1070396097281
Bosnia and Herzegovina,BIH,2000,11.9830197398802
Bosnia and Herzegovina,BIH,1999,23.7562996755605
Bosnia and Herzegovina,BIH,1998,18.5748548374659
Bosnia and Herzegovina,BIH,1997,25.0311859995819
Bosnia and Herzegovina,BIH,1996,33.2213315564414
Bosnia and Herzegovina,BIH,1995,59.4494685862859
Bosnia and Herzegovina,BIH,1994,37.4559114857809
Bosnia and Herzegovina,BIH,1993,2.3395151683254
Bosnia and Herzegovina,BIH,1992,0.400707376965437
Bosnia and Herzegovina,BIH,1991,0.000197501003243711
Bosnia and Herzegovina,BIH,1990,0.000155966459655612
Bosnia and Herzegovina,BIH,1989,
Bosnia and Herzegovina,BIH,1988,
Bosnia and Herzegovina,BIH,1987,
Bosnia and Herzegovina,BIH,1986,
Bosnia and Herzegovina,BIH,1985,
Bosnia and Herzegovina,BIH,1984,
Bosnia and Herzegovina,BIH,1983,
Bosnia and Herzegovina,BIH,1982,
Bosnia and Herzegovina,BIH,1981,
Bosnia and Herzegovina,BIH,1980,
Bosnia and Herzegovina,BIH,1979,
Bosnia and Herzegovina,BIH,1978,
Bosnia and Herzegovina,BIH,1977,
Bosnia and Herzegovina,BIH,1976,
Bosnia and Herzegovina,BIH,1975,
Bosnia and Herzegovina,BIH,1974,
Bosnia and Herzegovina,BIH,1973,
Bosnia and Herzegovina,BIH,1972,
Bosnia and Herzegovina,BIH,1971,
Bosnia and Herzegovina,BIH,1970,
Bosnia and Herzegovina,BIH,1969,
Bosnia and Herzegovina,BIH,1968,
Bosnia and Herzegovina,BIH,1967,
Bosnia and Herzegovina,BIH,1966,
Bosnia and Herzegovina,BIH,1965,
Bosnia and Herzegovina,BIH,1964,
Bosnia and Herzegovina,BIH,1963,
Bosnia and Herzegovina,BIH,1962,
Bosnia and Herzegovina,BIH,1961,
Bosnia and Herzegovina,BIH,1960,
Botswana,BWA,2025,
Botswana,BWA,2024,
Botswana,BWA,2023,1.4639329988872
Botswana,BWA,2022,0.445859056577429
Botswana,BWA,2021,0.519760266799308
Botswana,BWA,2020,0.53544819079192
Botswana,BWA,2019,0.405216622692562
Botswana,BWA,2018,0.555766082671716
Botswana,BWA,2017,0.692684901148945
Botswana,BWA,2016,0.656683896209638
Botswana,BWA,2015,0.501184029601759
Botswana,BWA,2014,0.662552893665946
Botswana,BWA,2013,0.788236692457498
Botswana,BWA,2012,0.515886535564421
Botswana,BWA,2011,0.789184700805229
Botswana,BWA,2010,1.26094267062805
Botswana,BWA,2009,2.81527824316302
Botswana,BWA,2008,7.09173412113318
Botswana,BWA,2007,1.03004183280471
Botswana,BWA,2006,0.711293838995788
Botswana,BWA,2005,0.531310999174034
Botswana,BWA,2004,0.58272112985742
Botswana,BWA,2003,0.412824561078415
Botswana,BWA,2002,0.78701181416143
Botswana,BWA,2001,0.540490991724735
Botswana,BWA,2000,0.563265135331995
Botswana,BWA,1999,1.16602782246242
Botswana,BWA,1998,2.1639274671158
Botswana,BWA,1997,2.49447164222067
Botswana,BWA,1996,1.62289357629267
Botswana,BWA,1995,1.9083317408595
Botswana,BWA,1994,2.11107776971854
Botswana,BWA,1993,2.916635730771
Botswana,BWA,1992,2.61244304960332
Botswana,BWA,1991,3.27204740513008
Botswana,BWA,1990,3.94105237134071
Botswana,BWA,1989,5.6061640595646
Botswana,BWA,1988,6.06963190738773
Botswana,BWA,1987,8.95481444977903
Botswana,BWA,1986,7.85134658482609
Botswana,BWA,1985,9.38984034506987
Botswana,BWA,1984,9.04632149329999
Botswana,BWA,1983,9.10492309999575
Botswana,BWA,1982,9.69058883464796
Botswana,BWA,1981,8.68051574162907
Botswana,BWA,1980,10.381078873426
Botswana,BWA,1979,12.125089622066
Botswana,BWA,1978,11.6478891727031
Botswana,BWA,1977,10.462224852071
Botswana,BWA,1976,12.7357003489322
Botswana,BWA,1975,14.3424848674816
Botswana,BWA,1974,11.7799633897956
Botswana,BWA,1973,14.7581366263966
Botswana,BWA,1972,19.0996643130878
Botswana,BWA,1971,13.4814094063014
Botswana,BWA,1970,14.1054924937048
Botswana,BWA,1969,16.1911245121935
Botswana,BWA,1968,23.790973946268
Botswana,BWA,1967,29.3243743877261
Botswana,BWA,1966,31.3822654547954
Botswana,BWA,1965,20.0223618361734
Botswana,BWA,1964,18.9706357190411
Botswana,BWA,1963,12.4490351103127
Botswana,BWA,1962,13.1066605768201
Botswana,BWA,1961,14.7769734630821
Botswana,BWA,1960,10.0277101294681
Brazil,BRA,2025,
Brazil,BRA,2024,
Brazil,BRA,2023,0.0329925461852714
Brazil,BRA,2022,0.0305176073891265
Brazil,BRA,2021,0.0689288687827634
Brazil,BRA,2020,0.0424601775439124
Brazil,BRA,2019,0.0150062594983057
Brazil,BRA,2018,0.0238765152366434
Brazil,BRA,2017,0.0135250417592458
Brazil,BRA,2016,0.0383834958887135
Brazil,BRA,2015,0.0567316715476911
Brazil,BRA,2014,0.0379272377493153
Brazil,BRA,2013,0.0473957136190354
Brazil,BRA,2012,0.0536062337293943
Brazil,BRA,2011,0.0329822753363204
Brazil,BRA,2010,0.02042084716936
Brazil,BRA,2009,0.0229929697201225
Brazil,BRA,2008,0.0283287474469488
Brazil,BRA,2007,0.0240296621579177
Brazil,BRA,2006,0.0102045574676585
Brazil,BRA,2005,0.0250899964142712
Brazil,BRA,2004,0.027447600185284
Brazil,BRA,2003,0.0424224833806894
Brazil,BRA,2002,0.0479827360660423
Brazil,BRA,2001,0.0465146561536197
Brazil,BRA,2000,0.040165212775286
Brazil,BRA,1999,0.0248438853184337
Brazil,BRA,1998,0.0308101594004402
Brazil,BRA,1997,0.0264539522736685
Brazil,BRA,1996,0.0307255066474577
Brazil,BRA,1995,0.0348454808397403
Brazil,BRA,1994,0.0514417344236043
Brazil,BRA,1993,0.0549698450659685
Brazil,BRA,1992,-0.0731637165012805
Brazil,BRA,1991,0.0585612435540877
Brazil,BRA,1990,0.0458485688301803
Brazil,BRA,1989,0.0533975566799929
Brazil,BRA,1988,0.0690688895037157
Brazil,BRA,1987,0.103581658771037
Brazil,BRA,1986,0.05767177145962
Brazil,BRA,1985,0.0402579578219484
Brazil,BRA,1984,0.077892016146909
Brazil,BRA,1983,0.055744041985324
Brazil,BRA,1982,0.0664934676145533
Brazil,BRA,1981,0.0898958438969346
Brazil,BRA,1980,0.0365816264535282
Brazil,BRA,1979,0.0400830879682251
Brazil,BRA,1978,0.045532251452591
Brazil,BRA,1977,0.0389949012660931
Brazil,BRA,1976,0.0615398172161925
Brazil,BRA,1975,0.108657304363067
Brazil,BRA,1974,0.124427762163249
Brazil,BRA,1973,0.0830560441887208
Brazil,BRA,1972,0.162599114362043
Brazil,BRA,1971,0.246630539189847
Brazil,BRA,1970,0.327952805841518
Brazil,BRA,1969,0.378102046616429
Brazil,BRA,1968,0.664343923218994
Brazil,BRA,1967,0.611214859687235
Brazil,BRA,1966,1.24272106065336
Brazil,BRA,1965,1.07640947703991
Brazil,BRA,1964,1.11017915142508
Brazil,BRA,1963,0.80455306525174
Brazil,BRA,1962,0.903278888423987
Brazil,BRA,1961,1.90793962491817
Brazil,BRA,1960,0.26098591783471
British Virgin Islands,VGB,2025,
British Virgin Islands,VGB,2024,
British Virgin Islands,VGB,2023,
British Virgin Islands,VGB,2022,
British Virgin Islands,VGB,2021,
British Virgin Islands,VGB,2020,
British Virgin Islands,VGB,2019,
British Virgin Islands,VGB,2018,
British Virgin Islands,VGB,2017,
British Virgin Islands,VGB,2016,
British Virgin Islands,VGB,2015,
British Virgin Islands,VGB,2014,
British Virgin Islands,VGB,2013,
British Virgin Islands,VGB,2012,
British Virgin Islands,VGB,2011,
British Virgin Islands,VGB,2010,
British Virgin Islands,VGB,2009,
British Virgin Islands,VGB,2008,
British Virgin Islands,VGB,2007,
British Virgin Islands,VGB,2006,
British Virgin Islands,VGB,2005,
British Virgin Islands,VGB,2004,
British Virgin Islands,VGB,2003,
British Virgin Islands,VGB,2002,
British Virgin Islands,VGB,2001,
British Virgin Islands,VGB,2000,
British Virgin Islands,VGB,1999,
British Virgin Islands,VGB,1998,
British Virgin Islands,VGB,1997,
British Virgin Islands,VGB,1996,
British Virgin Islands,VGB,1995,
British Virgin Islands,VGB,1994,
British Virgin Islands,VGB,1993,
British Virgin Islands,VGB,1992,
British Virgin Islands,VGB,1991,
British Virgin Islands,VGB,1990,
British Virgin Islands,VGB,1989,
British Virgin Islands,VGB,1988,
British Virgin Islands,VGB,1987,
British Virgin Islands,VGB,1986,
British Virgin Islands,VGB,1985,
British Virgin Islands,VGB,1984,
British Virgin Islands,VGB,1983,
British Virgin Islands,VGB,1982,
British Virgin Islands,VGB,1981,
British Virgin Islands,VGB,1980,
British Virgin Islands,VGB,1979,
British Virgin Islands,VGB,1978,
British Virgin Islands,VGB,1977,
British Virgin Islands,VGB,1976,
British Virgin Islands,VGB,1975,
British Virgin Islands,VGB,1974,
British Virgin Islands,VGB,1973,
British Virgin Islands,VGB,1972,
British Virgin Islands,VGB,1971,
British Virgin Islands,VGB,1970,
British Virgin Islands,VGB,1969,
British Virgin Islands,VGB,1968,
British Virgin Islands,VGB,1967,
British Virgin Islands,VGB,1966,
British Virgin Islands,VGB,1965,
British Virgin Islands,VGB,1964,
British Virgin Islands,VGB,1963,
British Virgin Islands,VGB,1962,
British Virgin Islands,VGB,1961,
British Virgin Islands,VGB,1960,
Brunei Darussalam,BRN,2025,
Brunei Darussalam,BRN,2024,
Brunei Darussalam,BRN,2023,
Brunei Darussalam,BRN,2022,
Brunei Darussalam,BRN,2021,
Brunei Darussalam,BRN,2020,
Brunei Darussalam,BRN,2019,
Brunei Darussalam,BRN,2018,
Brunei Darussalam,BRN,2017,
Brunei Darussalam,BRN,2016,
Brunei Darussalam,BRN,2015,
Brunei Darussalam,BRN,2014,
Brunei Darussalam,BRN,2013,
Brunei Darussalam,BRN,2012,
Brunei Darussalam,BRN,2011,
Brunei Darussalam,BRN,2010,
Brunei Darussalam,BRN,2009,
Brunei Darussalam,BRN,2008,
Brunei Darussalam,BRN,2007,
Brunei Darussalam,BRN,2006,
Brunei Darussalam,BRN,2005,
Brunei Darussalam,BRN,2004,
Brunei Darussalam,BRN,2003,
Brunei Darussalam,BRN,2002,
Brunei Darussalam,BRN,2001,
Brunei Darussalam,BRN,2000,
Brunei Darussalam,BRN,1999,
Brunei Darussalam,BRN,1998,
Brunei Darussalam,BRN,1997,
Brunei Darussalam,BRN,1996,
Brunei Darussalam,BRN,1995,0.0557132428085999
Brunei Darussalam,BRN,1994,0.0813261765445711
Brunei Darussalam,BRN,1993,0.081730168642339
Brunei Darussalam,BRN,1992,0.0848613838359367
Brunei Darussalam,BRN,1991,0.0576020597399009
Brunei Darussalam,BRN,1990,0.0642396772180936
Brunei Darussalam,BRN,1989,0.091499699147884
Brunei Darussalam,BRN,1988,
Brunei Darussalam,BRN,1987,
Brunei Darussalam,BRN,1986,
Brunei Darussalam,BRN,1985,
Brunei Darussalam,BRN,1984,
Brunei Darussalam,BRN,1983,
Brunei Darussalam,BRN,1982,
Brunei Darussalam,BRN,1981,
Brunei Darussalam,BRN,1980,
Brunei Darussalam,BRN,1979,
Brunei Darussalam,BRN,1978,
Brunei Darussalam,BRN,1977,
Brunei Darussalam,BRN,1976,
Brunei Darussalam,BRN,1975,
Brunei Darussalam,BRN,1974,
Brunei Darussalam,BRN,1973,
Brunei Darussalam,BRN,1972,
Brunei Darussalam,BRN,1971,
Brunei Darussalam,BRN,1970,
Brunei Darussalam,BRN,1969,
Brunei Darussalam,BRN,1968,
Brunei Darussalam,BRN,1967,
Brunei Darussalam,BRN,1966,
Brunei Darussalam,BRN,1965,
Brunei Darussalam,BRN,1964,
Brunei Darussalam,BRN,1963,
Brunei Darussalam,BRN,1962,
Brunei Darussalam,BRN,1961,
Brunei Darussalam,BRN,1960,
Bulgaria,BGR,2025,
Bulgaria,BGR,2024,
Bulgaria,BGR,2023,
Bulgaria,BGR,2022,
Bulgaria,BGR,2021,
Bulgaria,BGR,2020,
Bulgaria,BGR,2019,
Bulgaria,BGR,2018,
Bulgaria,BGR,2017,
Bulgaria,BGR,2016,
Bulgaria,BGR,2015,
Bulgaria,BGR,2014,
Bulgaria,BGR,2013,
Bulgaria,BGR,2012,
Bulgaria,BGR,2011,
Bulgaria,BGR,2010,
Bulgaria,BGR,2009,
Bulgaria,BGR,2008,
Bulgaria,BGR,2007,
Bulgaria,BGR,2006,
Bulgaria,BGR,2005,
Bulgaria,BGR,2004,
Bulgaria,BGR,2003,
Bulgaria,BGR,2002,
Bulgaria,BGR,2001,
Bulgaria,BGR,2000,
Bulgaria,BGR,1999,
Bulgaria,BGR,1998,
Bulgaria,BGR,1997,
Bulgaria,BGR,1996,
Bulgaria,BGR,1995,
Bulgaria,BGR,1994,
Bulgaria,BGR,1993,
Bulgaria,BGR,1992,
Bulgaria,BGR,1991,
Bulgaria,BGR,1990,
Bulgaria,BGR,1989,
Bulgaria,BGR,1988,
Bulgaria,BGR,1987,
Bulgaria,BGR,1986,
Bulgaria,BGR,1985,
Bulgaria,BGR,1984,
Bulgaria,BGR,1983,
Bulgaria,BGR,1982,
Bulgaria,BGR,1981,
Bulgaria,BGR,1980,
Bulgaria,BGR,1979,
Bulgaria,BGR,1978,
Bulgaria,BGR,1977,
Bulgaria,BGR,1976,
Bulgaria,BGR,1975,
Bulgaria,BGR,1974,
Bulgaria,BGR,1973,
Bulgaria,BGR,1972,
Bulgaria,BGR,1971,
Bulgaria,BGR,1970,
Bulgaria,BGR,1969,
Bulgaria,BGR,1968,
Bulgaria,BGR,1967,
Bulgaria,BGR,1966,
Bulgaria,BGR,1965,
Bulgaria,BGR,1964,
Bulgaria,BGR,1963,
Bulgaria,BGR,1962,
Bulgaria,BGR,1961,
Bulgaria,BGR,1960,
Burkina Faso,BFA,2025,
Burkina Faso,BFA,2024,
Burkina Faso,BFA,2023,7.56324891464011
Burkina Faso,BFA,2022,7.99509496743708
Burkina Faso,BFA,2021,8.69088024398117
Burkina Faso,BFA,2020,10.2206496284205
Burkina Faso,BFA,2019,7.21642930786576
Burkina Faso,BFA,2018,7.71744567393734
Burkina Faso,BFA,2017,6.5708855776918
Burkina Faso,BFA,2016,8.39588391828273
Burkina Faso,BFA,2015,8.840644303771
Burkina Faso,BFA,2014,8.4225883244397
Burkina Faso,BFA,2013,7.98946169921833
Burkina Faso,BFA,2012,9.41167023449076
Burkina Faso,BFA,2011,8.4707083244602
Burkina Faso,BFA,2010,8.62397449172603
Burkina Faso,BFA,2009,11.6112633803962
Burkina Faso,BFA,2008,10.6256765363178
Burkina Faso,BFA,2007,12.3988443949445
Burkina Faso,BFA,2006,13.7934073659854
Burkina Faso,BFA,2005,11.4790949027968
Burkina Faso,BFA,2004,11.9746661254518
Burkina Faso,BFA,2003,11.541286864822
Burkina Faso,BFA,2002,12.2704658239201
Burkina Faso,BFA,2001,12.3002139422507
Burkina Faso,BFA,2000,6.06434208361742
Burkina Faso,BFA,1999,11.7507482411503
Burkina Faso,BFA,1998,14.2792468199407
Burkina Faso,BFA,1997,15.0937854296688
Burkina Faso,BFA,1996,16.1653362179418
Burkina Faso,BFA,1995,20.6986359091625
Burkina Faso,BFA,1994,23.0246585976524
Burkina Faso,BFA,1993,14.7441255893717
Burkina Faso,BFA,1992,12.9571528445978
Burkina Faso,BFA,1991,13.4252374128148
Burkina Faso,BFA,1990,10.5538057277131
Burkina Faso,BFA,1989,10.1886259919314
Burkina Faso,BFA,1988,11.0175399600575
Burkina Faso,BFA,1987,11.3585783261208
Burkina Faso,BFA,1986,13.2409053564868
Burkina Faso,BFA,1985,12.1858566073954
Burkina Faso,BFA,1984,12.5765499147165
Burkina Faso,BFA,1983,11.3910659437346
Burkina Faso,BFA,1982,12.0508788936593
Burkina Faso,BFA,1981,12.1645392639851
Burkina Faso,BFA,1980,10.909055816128
Burkina Faso,BFA,1979,11.2782857555455
Burkina Faso,BFA,1978,10.7123101774284
Burkina Faso,BFA,1977,9.81695729194583
Burkina Faso,BFA,1976,8.2593510217334
Burkina Faso,BFA,1975,9.53765435913295
Burkina Faso,BFA,1974,12.8618830072855
Burkina Faso,BFA,1973,8.43543655837405
Burkina Faso,BFA,1972,5.94500115647619
Burkina Faso,BFA,1971,5.97418873875664
Burkina Faso,BFA,1970,4.79707569707136
Burkina Faso,BFA,1969,5.03461098258569
Burkina Faso,BFA,1968,4.97115271498106
Burkina Faso,BFA,1967,4.36937592761449
Burkina Faso,BFA,1966,3.90110128762185
Burkina Faso,BFA,1965,4.11887746423403
Burkina Faso,BFA,1964,3.72198059339574
Burkina Faso,BFA,1963,1.04160016123424
Burkina Faso,BFA,1962,1.14157339073411
Burkina Faso,BFA,1961,0.381962990001516
Burkina Faso,BFA,1960,0.0597202683932354
Burundi,BDI,2025,
Burundi,BDI,2024,
Burundi,BDI,2023,18.0888145204265
Burundi,BDI,2022,14.1869343557205
Burundi,BDI,2021,17.7106035756817
Burundi,BDI,2020,14.8795533806394
Burundi,BDI,2019,19.2962347063648
Burundi,BDI,2018,15.464650265895
Burundi,BDI,2017,15.3844982972291
Burundi,BDI,2016,28.3795315874025
Burundi,BDI,2015,13.0534730074652
Burundi,BDI,2014,19.1005043523076
Burundi,BDI,2013,22.7777730063597
Burundi,BDI,2012,22.5847831135912
Burundi,BDI,2011,25.7962559066514
Burundi,BDI,2010,25.7239616329992
Burundi,BDI,2009,32.740441816635
Burundi,BDI,2008,32.3745646931892
Burundi,BDI,2007,37.3656127555239
Burundi,BDI,2006,34.1641934601487
Burundi,BDI,2005,33.2546399879048
Burundi,BDI,2004,40.4101604424957
Burundi,BDI,2003,29.6829462973532
Burundi,BDI,2002,21.1783205767605
Burundi,BDI,2001,16.1075962757482
Burundi,BDI,2000,10.5456940335888
Burundi,BDI,1999,9.42591694003264
Burundi,BDI,1998,7.76423170453557
Burundi,BDI,1997,5.87257608240161
Burundi,BDI,1996,12.9244184199407
Burundi,BDI,1995,29.0429864754494
Burundi,BDI,1994,34.051144995473
Burundi,BDI,1993,23.3576289100216
Burundi,BDI,1992,28.9214395697785
Burundi,BDI,1991,22.1769844556612
Burundi,BDI,1990,23.5004676048552
Burundi,BDI,1989,18.8123620347979
Burundi,BDI,1988,18.9245935970527
Burundi,BDI,1987,17.8251022405257
Burundi,BDI,1986,16.1978748934062
Burundi,BDI,1985,12.1208470777084
Burundi,BDI,1984,14.1327803992262
Burundi,BDI,1983,12.8176769545982
Burundi,BDI,1982,12.4707183837891
Burundi,BDI,1981,12.4877521900621
Burundi,BDI,1980,12.5784681947439
Burundi,BDI,1979,12.2148799104739
Burundi,BDI,1978,12.4058873449285
Burundi,BDI,1977,8.86842551124036
Burundi,BDI,1976,10.0194406304774
Burundi,BDI,1975,11.5123001614638
Burundi,BDI,1974,11.1070459748769
Burundi,BDI,1973,9.07486875630237
Burundi,BDI,1972,10.9427569534431
Burundi,BDI,1971,8.89374403037508
Burundi,BDI,1970,7.51009120513966
Burundi,BDI,1969,8.37957040861374
Burundi,BDI,1968,7.64380025166714
Burundi,BDI,1967,6.23459949793675
Burundi,BDI,1966,5.72259837048586
Burundi,BDI,1965,3.08612367648264
Burundi,BDI,1964,3.13582903790189
Burundi,BDI,1963,2.67502750910296
Burundi,BDI,1962,5.24117928432126
Burundi,BDI,1961,3.58032074934114
Burundi,BDI,1960,3.8836053341366
Cabo Verde,CPV,2025,
Cabo Verde,CPV,2024,
Cabo Verde,CPV,2023,4.11309653929944
Cabo Verde,CPV,2022,3.78185333901984
Cabo Verde,CPV,2021,7.23782098240142
Cabo Verde,CPV,2020,8.93238314889847
Cabo Verde,CPV,2019,6.92038295746737
Cabo Verde,CPV,2018,3.9046765369386
Cabo Verde,CPV,2017,6.35461410183928
Cabo Verde,CPV,2016,6.4369059581311
Cabo Verde,CPV,2015,9.06346693324837
Cabo Verde,CPV,2014,11.8704810467601
Cabo Verde,CPV,2013,12.4807091476698
Cabo Verde,CPV,2012,13.3608251275018
Cabo Verde,CPV,2011,12.7359925396452
Cabo Verde,CPV,2010,17.3994672269979
Cabo Verde,CPV,2009,10.8751568885327
Cabo Verde,CPV,2008,11.6012950295824
Cabo Verde,CPV,2007,10.2611400070266
Cabo Verde,CPV,2006,13.0913298092855
Cabo Verde,CPV,2005,17.3524088955387
Cabo Verde,CPV,2004,15.8573168628723
Cabo Verde,CPV,2003,18.1951584654335
Cabo Verde,CPV,2002,15.269322387782
Cabo Verde,CPV,2001,14.0136247365882
Cabo Verde,CPV,2000,18.0234762508794
Cabo Verde,CPV,1999,23.4722353849259
Cabo Verde,CPV,1998,25.1308765774208
Cabo Verde,CPV,1997,22.7927654610511
Cabo Verde,CPV,1996,23.4053599454643
Cabo Verde,CPV,1995,23.8827090784096
Cabo Verde,CPV,1994,29.4580225045906
Cabo Verde,CPV,1993,23.3953116369649
Cabo Verde,CPV,1992,32.4961688719436
Cabo Verde,CPV,1991,31.7732992900806
Cabo Verde,CPV,1990,34.0517771420286
Cabo Verde,CPV,1989,30.657405461939
Cabo Verde,CPV,1988,31.0839261323057
Cabo Verde,CPV,1987,35.9358279461259
Cabo Verde,CPV,1986,55.3735457111637
Cabo Verde,CPV,1985,48.1174606451364
Cabo Verde,CPV,1984,47.5207745633095
Cabo Verde,CPV,1983,42.6970044225713
Cabo Verde,CPV,1982,37.7427857407238
Cabo Verde,CPV,1981,34.780587616143
Cabo Verde,CPV,1980,44.5351399103615
Cabo Verde,CPV,1979,
Cabo Verde,CPV,1978,
Cabo Verde,CPV,1977,
Cabo Verde,CPV,1976,
Cabo Verde,CPV,1975,
Cabo Verde,CPV,1974,
Cabo Verde,CPV,1973,
Cabo Verde,CPV,1972,
Cabo Verde,CPV,1971,
Cabo Verde,CPV,1970,
Cabo Verde,CPV,1969,
Cabo Verde,CPV,1968,
Cabo Verde,CPV,1967,
Cabo Verde,CPV,1966,
Cabo Verde,CPV,1965,
Cabo Verde,CPV,1964,
Cabo Verde,CPV,1963,
Cabo Verde,CPV,1962,
Cabo Verde,CPV,1961,
Cabo Verde,CPV,1960,
Cambodia,KHM,2025,
Cambodia,KHM,2024,
Cambodia,KHM,2023,3.82098934230465
Cambodia,KHM,2022,4.02910141105494
Cambodia,KHM,2021,3.8762284164753
Cambodia,KHM,2020,4.07846110586196
Cambodia,KHM,2019,2.76116393974876
Cambodia,KHM,2018,2.46194699258322
Cambodia,KHM,2017,3.03472986695866
Cambodia,KHM,2016,2.85581007702151
Cambodia,KHM,2015,2.92965715934032
Cambodia,KHM,2014,3.80232245183667
Cambodia,KHM,2013,4.25773754247788
Cambodia,KHM,2012,4.71028563639439
Cambodia,KHM,2011,4.46430274964809
Cambodia,KHM,2010,4.8098437630479
Cambodia,KHM,2009,5.29304736985519
Cambodia,KHM,2008,5.21386653287823
Cambodia,KHM,2007,6.48986852965811
Cambodia,KHM,2006,5.93080027738286
Cambodia,KHM,2005,6.68088895622077
Cambodia,KHM,2004,7.17950093750033
Cambodia,KHM,2003,9.10004072411659
Cambodia,KHM,2002,9.44180151026818
Cambodia,KHM,2001,9.16514789419945
Cambodia,KHM,2000,9.6685219660836
Cambodia,KHM,1999,7.34504534195505
Cambodia,KHM,1998,10.0564337288473
Cambodia,KHM,1997,9.53949459880403
Cambodia,KHM,1996,11.2370747343871
Cambodia,KHM,1995,14.9560553194209
Cambodia,KHM,1994,10.8324935349454
Cambodia,KHM,1993,11.8608117267777
Cambodia,KHM,1992,10.0082376689526
Cambodia,KHM,1991,5.59766306780333
Cambodia,KHM,1990,3.77786887249913
Cambodia,KHM,1989,2.34252163273548
Cambodia,KHM,1988,1.56319189705934
Cambodia,KHM,1987,2.05540413713857
Cambodia,KHM,1986,1.68143464043484
Cambodia,KHM,1985,1.60957795157257
Cambodia,KHM,1984,2.73890484653003
Cambodia,KHM,1983,5.3286352823779
Cambodia,KHM,1982,5.317635937608
Cambodia,KHM,1981,17.6904933327467
Cambodia,KHM,1980,46.2851228054737
Cambodia,KHM,1979,19.1347024434677
Cambodia,KHM,1978,0.0451638225235831
Cambodia,KHM,1977,0.053711729844762
Cambodia,KHM,1976,0.116823121910208
Cambodia,KHM,1975,13.9069712912982
Cambodia,KHM,1974,
Cambodia,KHM,1973,
Cambodia,KHM,1972,
Cambodia,KHM,1971,
Cambodia,KHM,1970,
Cambodia,KHM,1969,
Cambodia,KHM,1968,
Cambodia,KHM,1967,
Cambodia,KHM,1966,
Cambodia,KHM,1965,
Cambodia,KHM,1964,
Cambodia,KHM,1963,
Cambodia,KHM,1962,
Cambodia,KHM,1961,
Cambodia,KHM,1960,
Cameroon,CMR,2025,
Cameroon,CMR,2024,
Cameroon,CMR,2023,1.96523478281563
Cameroon,CMR,2022,2.74507150229257
Cameroon,CMR,2021,2.57967822765894
Cameroon,CMR,2020,3.51110219788564
Cameroon,CMR,2019,3.34554283308398
Cameroon,CMR,2018,2.97159552702231
Cameroon,CMR,2017,3.43376207434439
Cameroon,CMR,2016,2.27502609422565
Cameroon,CMR,2015,2.09029489548215
Cameroon,CMR,2014,2.39790275648729
Cameroon,CMR,2013,2.27086838400236
Cameroon,CMR,2012,2.00993875481005
Cameroon,CMR,2011,2.01821731613152
Cameroon,CMR,2010,1.67021187528803
Cameroon,CMR,2009,2.31422563064626
Cameroon,CMR,2008,2.02115112109095
Cameroon,CMR,2007,8.28053002265496
Cameroon,CMR,2006,8.30779288182197
Cameroon,CMR,2005,2.18991527075405
Cameroon,CMR,2004,4.23787291035076
Cameroon,CMR,2003,5.73459596139256
Cameroon,CMR,2002,5.15903782858044
Cameroon,CMR,2001,4.46613635648845
Cameroon,CMR,2000,3.78228202618393
Cameroon,CMR,1999,3.90768485542101
Cameroon,CMR,1998,4.6093508769197
Cameroon,CMR,1997,4.89072932469553
Cameroon,CMR,1996,3.91265983563661
Cameroon,CMR,1995,4.30381688640391
Cameroon,CMR,1994,8.63078221121963
Cameroon,CMR,1993,3.50840985308276
Cameroon,CMR,1992,6.2767008542452
Cameroon,CMR,1991,4.64993176420713
Cameroon,CMR,1990,3.77016215302426
Cameroon,CMR,1989,4.19217111614706
Cameroon,CMR,1988,2.26050143256393
Cameroon,CMR,1987,1.57690033636616
Cameroon,CMR,1986,1.84979887762783
Cameroon,CMR,1985,1.84195704935594
Cameroon,CMR,1984,2.59328320710036
Cameroon,CMR,1983,1.97326466222813
Cameroon,CMR,1982,3.41494020343881
Cameroon,CMR,1981,3.33309810363606
Cameroon,CMR,1980,4.75949782481945
Cameroon,CMR,1979,4.96405695429375
Cameroon,CMR,1978,4.21246144423395
Cameroon,CMR,1977,6.82811404932402
Cameroon,CMR,1976,5.27330900080844
Cameroon,CMR,1975,4.31459727338678
Cameroon,CMR,1974,3.29876263487415
Cameroon,CMR,1973,3.72685887767762
Cameroon,CMR,1972,4.56553807408794
Cameroon,CMR,1971,4.30546264152078
Cameroon,CMR,1970,5.82796680810874
Cameroon,CMR,1969,3.92028893867202
Cameroon,CMR,1968,5.40777998707804
Cameroon,CMR,1967,4.86603761173019
Cameroon,CMR,1966,
Cameroon,CMR,1965,
Cameroon,CMR,1964,
Cameroon,CMR,1963,
Cameroon,CMR,1962,
Cameroon,CMR,1961,
Cameroon,CMR,1960,
Canada,CAN,2025,
Canada,CAN,2024,
Canada,CAN,2023,
Canada,CAN,2022,
Canada,CAN,2021,
Canada,CAN,2020,
Canada,CAN,2019,
Canada,CAN,2018,
Canada,CAN,2017,
Canada,CAN,2016,
Canada,CAN,2015,
Canada,CAN,2014,
Canada,CAN,2013,
Canada,CAN,2012,
Canada,CAN,2011,
Canada,CAN,2010,
Canada,CAN,2009,
Canada,CAN,2008,
Canada,CAN,2007,
Canada,CAN,2006,
Canada,CAN,2005,
Canada,CAN,2004,
Canada,CAN,2003,
Canada,CAN,2002,
Canada,CAN,2001,
Canada,CAN,2000,
Canada,CAN,1999,
Canada,CAN,1998,
Canada,CAN,1997,
Canada,CAN,1996,
Canada,CAN,1995,
Canada,CAN,1994,
Canada,CAN,1993,
Canada,CAN,1992,
Canada,CAN,1991,
Canada,CAN,1990,
Canada,CAN,1989,
Canada,CAN,1988,
Canada,CAN,1987,
Canada,CAN,1986,
Canada,CAN,1985,
Canada,CAN,1984,
Canada,CAN,1983,
Canada,CAN,1982,
Canada,CAN,1981,
Canada,CAN,1980,
Canada,CAN,1979,
Canada,CAN,1978,
Canada,CAN,1977,
Canada,CAN,1976,
Canada,CAN,1975,
Canada,CAN,1974,
Canada,CAN,1973,
Canada,CAN,1972,
Canada,CAN,1971,
Canada,CAN,1970,
Canada,CAN,1969,
Canada,CAN,1968,
Canada,CAN,1967,
Canada,CAN,1966,
Canada,CAN,1965,
Canada,CAN,1964,
Canada,CAN,1963,
Canada,CAN,1962,
Canada,CAN,1961,
Canada,CAN,1960,
Cayman Islands,CYM,2025,
Cayman Islands,CYM,2024,
Cayman Islands,CYM,2023,
Cayman Islands,CYM,2022,
Cayman Islands,CYM,2021,
Cayman Islands,CYM,2020,
Cayman Islands,CYM,2019,
Cayman Islands,CYM,2018,
Cayman Islands,CYM,2017,
Cayman Islands,CYM,2016,
Cayman Islands,CYM,2015,
Cayman Islands,CYM,2014,
Cayman Islands,CYM,2013,
Cayman Islands,CYM,2012,
Cayman Islands,CYM,2011,
Cayman Islands,CYM,2010,
Cayman Islands,CYM,2009,
Cayman Islands,CYM,2008,
Cayman Islands,CYM,2007,
Cayman Islands,CYM,2006,
Cayman Islands,CYM,2005,
Cayman Islands,CYM,2004,
Cayman Islands,CYM,2003,
Cayman Islands,CYM,2002,
Cayman Islands,CYM,2001,
Cayman Islands,CYM,2000,
Cayman Islands,CYM,1999,
Cayman Islands,CYM,1998,
Cayman Islands,CYM,1997,
Cayman Islands,CYM,1996,
Cayman Islands,CYM,1995,
Cayman Islands,CYM,1994,
Cayman Islands,CYM,1993,
Cayman Islands,CYM,1992,
Cayman Islands,CYM,1991,
Cayman Islands,CYM,1990,
Cayman Islands,CYM,1989,
Cayman Islands,CYM,1988,
Cayman Islands,CYM,1987,
Cayman Islands,CYM,1986,
Cayman Islands,CYM,1985,
Cayman Islands,CYM,1984,
Cayman Islands,CYM,1983,
Cayman Islands,CYM,1982,
Cayman Islands,CYM,1981,
Cayman Islands,CYM,1980,
Cayman Islands,CYM,1979,
Cayman Islands,CYM,1978,
Cayman Islands,CYM,1977,
Cayman Islands,CYM,1976,
Cayman Islands,CYM,1975,
Cayman Islands,CYM,1974,
Cayman Islands,CYM,1973,
Cayman Islands,CYM,1972,
Cayman Islands,CYM,1971,
Cayman Islands,CYM,1970,
Cayman Islands,CYM,1969,
Cayman Islands,CYM,1968,
Cayman Islands,CYM,1967,
Cayman Islands,CYM,1966,
Cayman Islands,CYM,1965,
Cayman Islands,CYM,1964,
Cayman Islands,CYM,1963,
Cayman Islands,CYM,1962,
Cayman Islands,CYM,1961,
Cayman Islands,CYM,1960,
Central African Republic,CAF,2025,
Central African Republic,CAF,2024,
Central African Republic,CAF,2023,27.2523724328105
Central African Republic,CAF,2022,27.250920880235
Central African Republic,CAF,2021,24.5614011900616
Central African Republic,CAF,2020,33.9426044260817
Central African Republic,CAF,2019,28.3914592108344
Central African Republic,CAF,2018,26.8587345478905
Central African Republic,CAF,2017,23.5074748789554
Central African Republic,CAF,2016,27.425348533984
Central African Republic,CAF,2015,28.360529537577
Central African Republic,CAF,2014,31.9140147785208
Central African Republic,CAF,2013,11.883533094985
Central African Republic,CAF,2012,9.04369304422466
Central African Republic,CAF,2011,10.9805609447775
Central African Republic,CAF,2010,11.2929126295448
Central African Republic,CAF,2009,11.6971378501892
Central African Republic,CAF,2008,13.2138176369156
Central African Republic,CAF,2007,10.6570280226423
Central African Republic,CAF,2006,9.21059096717578
Central African Republic,CAF,2005,6.70096849172893
Central African Republic,CAF,2004,8.74489474583014
Central African Republic,CAF,2003,4.51944092590024
Central African Republic,CAF,2002,6.08082765309025
Central African Republic,CAF,2001,8.24106144592013
Central African Republic,CAF,2000,8.39911849779658
Central African Republic,CAF,1999,11.9799724108904
Central African Republic,CAF,1998,12.7156403030383
Central African Republic,CAF,1997,9.92999909836024
Central African Republic,CAF,1996,17.1407535665158
Central African Republic,CAF,1995,15.3308773361741
Central African Republic,CAF,1994,20.1787610132864
Central African Republic,CAF,1993,13.6294665183949
Central African Republic,CAF,1992,12.7217458880995
Central African Republic,CAF,1991,12.7411694209234
Central African Republic,CAF,1990,17.5488013650019
Central African Republic,CAF,1989,15.6219894116789
Central African Republic,CAF,1988,16.5419177604431
Central African Republic,CAF,1987,15.295505118684
Central African Republic,CAF,1986,12.1762551133921
Central African Republic,CAF,1985,12.1100827283902
Central African Republic,CAF,1984,20.964504244556
Central African Republic,CAF,1983,14.253287520152
Central African Republic,CAF,1982,12.0720695916093
Central African Republic,CAF,1981,14.4963881961805
Central African Republic,CAF,1980,13.7716534191153
Central African Republic,CAF,1979,11.9879529296675
Central African Republic,CAF,1978,8.32817599036368
Central African Republic,CAF,1977,8.85943119832506
Central African Republic,CAF,1976,8.58900235838769
Central African Republic,CAF,1975,14.5334413245474
Central African Republic,CAF,1974,13.1114205089496
Central African Republic,CAF,1973,9.54926155235309
Central African Republic,CAF,1972,11.2376140086927
Central African Republic,CAF,1971,7.81638196358569
Central African Republic,CAF,1970,7.67725241999037
Central African Republic,CAF,1969,10.5970273409962
Central African Republic,CAF,1968,9.17399839444129
Central African Republic,CAF,1967,12.5876622552225
Central African Republic,CAF,1966,9.94140847866957
Central African Republic,CAF,1965,10.5083169359139
Central African Republic,CAF,1964,11.8559264828877
Central African Republic,CAF,1963,1.53522860257052
Central African Republic,CAF,1962,0.918801929720559
Central African Republic,CAF,1961,0.342223286265868
Central African Republic,CAF,1960,0.0268461808889948
Chad,TCD,2025,
Chad,TCD,2024,
Chad,TCD,2023,6.27055807721802
Chad,TCD,2022,3.98036612606626
Chad,TCD,2021,4.384760984767
Chad,TCD,2020,7.03143876500951
Chad,TCD,2019,4.36689276081336
Chad,TCD,2018,5.77264254457821
Chad,TCD,2017,4.9097667891971
Chad,TCD,2016,4.86328239276989
Chad,TCD,2015,4.2626310110577
Chad,TCD,2014,2.23447112498487
Chad,TCD,2013,2.65913588338369
Chad,TCD,2012,2.70077208194832
Chad,TCD,2011,2.79586817868355
Chad,TCD,2010,3.6075829648098
Chad,TCD,2009,4.67984496430215
Chad,TCD,2008,3.77077728714465
Chad,TCD,2007,3.80705392371502
Chad,TCD,2006,3.42123678473592
Chad,TCD,2005,5.0640581694482
Chad,TCD,2004,8.90985536474583
Chad,TCD,2003,11.0306696630692
Chad,TCD,2002,11.8353132597947
Chad,TCD,2001,11.1709224830019
Chad,TCD,2000,9.5790320315673
Chad,TCD,1999,12.2584019683917
Chad,TCD,1998,10.0017816059693
Chad,TCD,1997,14.9176750529465
Chad,TCD,1996,18.5193861427149
Chad,TCD,1995,16.3120755758355
Chad,TCD,1994,18.1139472984457
Chad,TCD,1993,15.7019983299066
Chad,TCD,1992,12.5591791489161
Chad,TCD,1991,13.9926409359019
Chad,TCD,1990,18.0489063148015
Chad,TCD,1989,17.5931125924473
Chad,TCD,1988,17.7431004088743
Chad,TCD,1987,17.5051770866659
Chad,TCD,1986,15.1375676016133
Chad,TCD,1985,17.4241881018447
Chad,TCD,1984,12.2211236851378
Chad,TCD,1983,10.5759478075792
Chad,TCD,1982,7.7076651232132
Chad,TCD,1981,6.81887342547243
Chad,TCD,1980,3.37072302226552
Chad,TCD,1979,8.45664879095238
Chad,TCD,1978,10.9970199493066
Chad,TCD,1977,8.66748253480161
Chad,TCD,1976,6.96379500123617
Chad,TCD,1975,7.65050250913196
Chad,TCD,1974,11.9544778373672
Chad,TCD,1973,6.95593167790911
Chad,TCD,1972,5.22506281294734
Chad,TCD,1971,6.02659417797543
Chad,TCD,1970,4.73120043307922
Chad,TCD,1969,5.01131289995373
Chad,TCD,1968,4.77719394024506
Chad,TCD,1967,4.3871064002338
Chad,TCD,1966,4.42562281915283
Chad,TCD,1965,4.41841676339144
Chad,TCD,1964,4.25280934826111
Chad,TCD,1963,1.50894481897366
Chad,TCD,1962,1.55846097860488
Chad,TCD,1961,0.985219766614133
Chad,TCD,1960,0.00963200725663421
Channel Islands,CHI,2025,
Channel Islands,CHI,2024,
Channel Islands,CHI,2023,
Channel Islands,CHI,2022,
Channel Islands,CHI,2021,
Channel Islands,CHI,2020,
Channel Islands,CHI,2019,
Channel Islands,CHI,2018,
Channel Islands,CHI,2017,
Channel Islands,CHI,2016,
Channel Islands,CHI,2015,
Channel Islands,CHI,2014,
Channel Islands,CHI,2013,
Channel Islands,CHI,2012,
Channel Islands,CHI,2011,
Channel Islands,CHI,2010,
Channel Islands,CHI,2009,
Channel Islands,CHI,2008,
Channel Islands,CHI,2007,
Channel Islands,CHI,2006,
Channel Islands,CHI,2005,
Channel Islands,CHI,2004,
Channel Islands,CHI,2003,
Channel Islands,CHI,2002,
Channel Islands,CHI,2001,
Channel Islands,CHI,2000,
Channel Islands,CHI,1999,
Channel Islands,CHI,1998,
Channel Islands,CHI,1997,
Channel Islands,CHI,1996,
Channel Islands,CHI,1995,
Channel Islands,CHI,1994,
Channel Islands,CHI,1993,
Channel Islands,CHI,1992,
Channel Islands,CHI,1991,
Channel Islands,CHI,1990,
Channel Islands,CHI,1989,
Channel Islands,CHI,1988,
Channel Islands,CHI,1987,
Channel Islands,CHI,1986,
Channel Islands,CHI,1985,
Channel Islands,CHI,1984,
Channel Islands,CHI,1983,
Channel Islands,CHI,1982,
Channel Islands,CHI,1981,
Channel Islands,CHI,1980,
Channel Islands,CHI,1979,
Channel Islands,CHI,1978,
Channel Islands,CHI,1977,
Channel Islands,CHI,1976,
Channel Islands,CHI,1975,
Channel Islands,CHI,1974,
Channel Islands,CHI,1973,
Channel Islands,CHI,1972,
Channel Islands,CHI,1971,
Channel Islands,CHI,1970,
Channel Islands,CHI,1969,
Channel Islands,CHI,1968,
Channel Islands,CHI,1967,
Channel Islands,CHI,1966,
Channel Islands,CHI,1965,
Channel Islands,CHI,1964,
Channel Islands,CHI,1963,
Channel Islands,CHI,1962,
Channel Islands,CHI,1961,
Channel Islands,CHI,1960,
Chile,CHL,2025,
Chile,CHL,2024,
Chile,CHL,2023,
Chile,CHL,2022,
Chile,CHL,2021,
Chile,CHL,2020,
Chile,CHL,2019,
Chile,CHL,2018,
Chile,CHL,2017,0.0264884442017967
Chile,CHL,2016,0.073611154466086
Chile,CHL,2015,0.0229723773178231
Chile,CHL,2014,0.0990059996517965
Chile,CHL,2013,0.0303935112346335
Chile,CHL,2012,0.0507452099514586
Chile,CHL,2011,0.0702403436467369
Chile,CHL,2010,0.0884649678093622
Chile,CHL,2009,0.0474717362415684
Chile,CHL,2008,0.062106594295049
Chile,CHL,2007,0.0683108468599233
Chile,CHL,2006,0.0719658952813602
Chile,CHL,2005,0.151591691631209
Chile,CHL,2004,0.0589552745023036
Chile,CHL,2003,0.11061989274406
Chile,CHL,2002,-0.0104669790236611
Chile,CHL,2001,0.0806962981263362
Chile,CHL,2000,0.0668522126245172
Chile,CHL,1999,0.0969282298757975
Chile,CHL,1998,0.134186626750017
Chile,CHL,1997,0.15725692953248
Chile,CHL,1996,0.258418721222503
Chile,CHL,1995,0.226292356642239
Chile,CHL,1994,0.28276395185908
Chile,CHL,1993,0.370566408364782
Chile,CHL,1992,0.306192744403357
Chile,CHL,1991,0.344563998497911
Chile,CHL,1990,0.344638646387395
Chile,CHL,1989,0.244495980245032
Chile,CHL,1988,0.214613724745688
Chile,CHL,1987,0.138487344607629
Chile,CHL,1986,0.0216112947672047
Chile,CHL,1985,0.311509727362239
Chile,CHL,1984,0.0643641743852602
Chile,CHL,1983,0.0451760259662689
Chile,CHL,1982,-0.0044983754951726
Chile,CHL,1981,0.0016312332415976
Chile,CHL,1980,-0.026346299524256
Chile,CHL,1979,-0.138545274211409
Chile,CHL,1978,0.0236714797666413
Chile,CHL,1977,0.0770800961899842
Chile,CHL,1976,0.102181115495566
Chile,CHL,1975,1.5022658071995
Chile,CHL,1974,0.0925620429777837
Chile,CHL,1973,0.232254861769245
Chile,CHL,1972,0.317630920089412
Chile,CHL,1971,0.251624037703242
Chile,CHL,1970,0.625384958572755
Chile,CHL,1969,0.906866494498454
Chile,CHL,1968,1.07274043664516
Chile,CHL,1967,1.34038027889893
Chile,CHL,1966,1.74588133024775
Chile,CHL,1965,1.74287894186992
Chile,CHL,1964,1.86992085768287
Chile,CHL,1963,2.35634415747251
Chile,CHL,1962,2.37693328877105
Chile,CHL,1961,2.54206783254781
Chile,CHL,1960,0.416980182933883
China,CHN,2025,
China,CHN,2024,
China,CHN,2023,-0.0014730637020795
China,CHN,2022,-0.00154418150046106
China,CHN,2021,-0.00310837290907349
China,CHN,2020,-0.00383509922382811
China,CHN,2019,-0.00418045336207073
China,CHN,2018,-0.00500663161982718
China,CHN,2017,-0.00790600135182456
China,CHN,2016,-0.00694219532942694
China,CHN,2015,-0.00272790884728656
China,CHN,2014,-0.00886123774889293
China,CHN,2013,-0.00679282367724074
China,CHN,2012,-0.00208612452600876
China,CHN,2011,-0.00794079001780275
China,CHN,2010,0.0155302232507397
China,CHN,2009,0.022030053863291
China,CHN,2008,0.0278017221677568
China,CHN,2007,0.0402321303813357
China,CHN,2006,0.0455261572485185
China,CHN,2005,0.0781395263923949
China,CHN,2004,0.086402169423247
China,CHN,2003,0.0813502331245053
China,CHN,2002,0.102484409832411
China,CHN,2001,0.112111577023389
China,CHN,2000,0.144655958902127
China,CHN,1999,0.220952612406479
China,CHN,1998,0.24075472077764
China,CHN,1997,0.215399514602066
China,CHN,1996,0.310237459984248
China,CHN,1995,0.476819096220235
China,CHN,1994,0.553511222359495
China,CHN,1993,0.718608892625257
China,CHN,1992,0.697025773812747
China,CHN,1991,0.498002541192642
China,CHN,1990,0.560128579763421
China,CHN,1989,0.593088618769129
China,CHN,1988,0.612638034279989
China,CHN,1987,0.503992712089559
China,CHN,1986,0.363487363439652
China,CHN,1985,0.301941338642977
China,CHN,1984,0.30470980817845
China,CHN,1983,0.288266335525258
China,CHN,1982,0.254374313687085
China,CHN,1981,0.242644002957843
China,CHN,1980,0.0342170562883636
China,CHN,1979,0.00943586893196833
China,CHN,1978,
China,CHN,1977,
China,CHN,1976,
China,CHN,1975,
China,CHN,1974,
China,CHN,1973,
China,CHN,1972,
China,CHN,1971,
China,CHN,1970,
China,CHN,1969,
China,CHN,1968,
China,CHN,1967,
China,CHN,1966,
China,CHN,1965,
China,CHN,1964,
China,CHN,1963,
China,CHN,1962,
China,CHN,1961,
China,CHN,1960,
Colombia,COL,2025,
Colombia,COL,2024,
Colombia,COL,2023,0.28899502663605
Colombia,COL,2022,0.564767859064295
Colombia,COL,2021,0.607662444010856
Colombia,COL,2020,0.698331914308264
Colombia,COL,2019,0.27680217234925
Colombia,COL,2018,0.5464304780895
Colombia,COL,2017,0.277420468655709
Colombia,COL,2016,0.395751096807464
Colombia,COL,2015,0.468096872627634
Colombia,COL,2014,0.330493094137937
Colombia,COL,2013,0.232453967604276
Colombia,COL,2012,0.214359658491853
Colombia,COL,2011,0.315993919861474
Colombia,COL,2010,0.239951628108658
Colombia,COL,2009,0.469618680427928
Colombia,COL,2008,0.418270677368239
Colombia,COL,2007,0.371120068877604
Colombia,COL,2006,0.63795874689593
Colombia,COL,2005,0.453246268232568
Colombia,COL,2004,0.474249916136345
Colombia,COL,2003,0.892652949159731
Colombia,COL,2002,0.480783498464169
Colombia,COL,2001,0.41755094593542
Colombia,COL,2000,0.20709114652091
Colombia,COL,1999,0.375298489434971
Colombia,COL,1998,0.185341205743579
Colombia,COL,1997,0.182859212544781
Colombia,COL,1996,0.205115987685899
Colombia,COL,1995,0.199920794853305
Colombia,COL,1994,0.114644699026917
Colombia,COL,1993,0.164750872287104
Colombia,COL,1992,0.42503985807499
Colombia,COL,1991,0.278997854413735
Colombia,COL,1990,0.221897261973455
Colombia,COL,1989,0.201820194358538
Colombia,COL,1988,0.21322452606035
Colombia,COL,1987,0.237964356097887
Colombia,COL,1986,0.151290199347852
Colombia,COL,1985,0.158100332607856
Colombia,COL,1984,0.136157447891521
Colombia,COL,1983,0.116673729708437
Colombia,COL,1982,0.162527818721856
Colombia,COL,1981,0.148534464885617
Colombia,COL,1980,0.127460048792583
Colombia,COL,1979,0.142897535016658
Colombia,COL,1978,0.251146549197226
Colombia,COL,1977,0.210146159601119
Colombia,COL,1976,0.452921345974561
Colombia,COL,1975,0.552027026498644
Colombia,COL,1974,0.714273450107984
Colombia,COL,1973,1.27885049909111
Colombia,COL,1972,1.21245158266565
Colombia,COL,1971,1.36166903446789
Colombia,COL,1970,1.89641230251417
Colombia,COL,1969,1.68307767464775
Colombia,COL,1968,2.005385675783
Colombia,COL,1967,1.70521398718007
Colombia,COL,1966,1.55112150988176
Colombia,COL,1965,0.698857465833303
Colombia,COL,1964,0.708224846305039
Colombia,COL,1963,1.48234972759139
Colombia,COL,1962,0.992873051995177
Colombia,COL,1961,1.16005996571258
Colombia,COL,1960,-0.178651344604697
Comoros,COM,2025,
Comoros,COM,2024,
Comoros,COM,2023,12.4680318130517
Comoros,COM,2022,11.308100104587
Comoros,COM,2021,12.2225802238779
Comoros,COM,2020,10.9014368014427
Comoros,COM,2019,6.23857729509507
Comoros,COM,2018,7.67456102396916
Comoros,COM,2017,6.20976301613207
Comoros,COM,2016,5.27749077390694
Comoros,COM,2015,6.77917327514846
Comoros,COM,2014,6.49419185922449
Comoros,COM,2013,7.27538490669615
Comoros,COM,2012,10.0196215762416
Comoros,COM,2011,5.41411247938884
Comoros,COM,2010,5.23520769228984
Comoros,COM,2009,5.61707119519605
Comoros,COM,2008,4.60049221376763
Comoros,COM,2007,5.65052373614599
Comoros,COM,2006,4.6580801394529
Comoros,COM,2005,3.54006011878554
Comoros,COM,2004,4.1706956191624
Comoros,COM,2003,4.51103209839268
Comoros,COM,2002,6.46506172590656
Comoros,COM,2001,7.40877323567935
Comoros,COM,2000,5.68111052120736
Comoros,COM,1999,5.93637649135314
Comoros,COM,1998,11.1731731328483
Comoros,COM,1997,8.31907537123647
Comoros,COM,1996,9.97789670853899
Comoros,COM,1995,10.5643295472448
Comoros,COM,1994,12.2765627146075
Comoros,COM,1993,11.3208776594267
Comoros,COM,1992,10.8734814596934
Comoros,COM,1991,15.8206286805065
Comoros,COM,1990,11.1947594259814
Comoros,COM,1989,13.3590995416207
Comoros,COM,1988,15.3210708401716
Comoros,COM,1987,17.3087569275934
Comoros,COM,1986,17.8898308826158
Comoros,COM,1985,24.7011470848959
Comoros,COM,1984,22.6467412168105
Comoros,COM,1983,19.2305343532863
Comoros,COM,1982,18.7744956414653
Comoros,COM,1981,21.7453255972268
Comoros,COM,1980,17.71701099016
Comoros,COM,1979,
Comoros,COM,1978,
Comoros,COM,1977,
Comoros,COM,1976,
Comoros,COM,1975,
Comoros,COM,1974,
Comoros,COM,1973,
Comoros,COM,1972,
Comoros,COM,1971,
Comoros,COM,1970,
Comoros,COM,1969,
Comoros,COM,1968,
Comoros,COM,1967,
Comoros,COM,1966,
Comoros,COM,1965,
Comoros,COM,1964,
Comoros,COM,1963,
Comoros,COM,1962,
Comoros,COM,1961,
Comoros,COM,1960,
"Congo, Dem. Rep.",COD,2025,
"Congo, Dem. Rep.",COD,2024,
"Congo, Dem. Rep.",COD,2023,6.41679298729654
"Congo, Dem. Rep.",COD,2022,4.91697655311862
"Congo, Dem. Rep.",COD,2021,6.32747165009459
"Congo, Dem. Rep.",COD,2020,7.44911508134989
"Congo, Dem. Rep.",COD,2019,6.38263970312112
"Congo, Dem. Rep.",COD,2018,5.59190086514283
"Congo, Dem. Rep.",COD,2017,6.28677166828181
"Congo, Dem. Rep.",COD,2016,5.55995772647306
"Congo, Dem. Rep.",COD,2015,6.95171956383518
"Congo, Dem. Rep.",COD,2014,6.79641467403402
"Congo, Dem. Rep.",COD,2013,8.05485796012626
"Congo, Dem. Rep.",COD,2012,10.0098649801982
"Congo, Dem. Rep.",COD,2011,22.0213526175898
"Congo, Dem. Rep.",COD,2010,13.6739022468511
"Congo, Dem. Rep.",COD,2009,13.2556227161058
"Congo, Dem. Rep.",COD,2008,8.25902911082891
"Congo, Dem. Rep.",COD,2007,7.59990647693466
"Congo, Dem. Rep.",COD,2006,14.6342669954932
"Congo, Dem. Rep.",COD,2005,15.5491540334434
"Congo, Dem. Rep.",COD,2004,19.2119372573258
"Congo, Dem. Rep.",COD,2003,62.1865453524963
"Congo, Dem. Rep.",COD,2002,13.951597316566
"Congo, Dem. Rep.",COD,2001,3.49252476049431
"Congo, Dem. Rep.",COD,2000,0.954208971805308
"Congo, Dem. Rep.",COD,1999,3.16504669125992
"Congo, Dem. Rep.",COD,1998,2.17994815923002
"Congo, Dem. Rep.",COD,1997,2.77729701466883
"Congo, Dem. Rep.",COD,1996,3.0779046040276
"Congo, Dem. Rep.",COD,1995,3.99271005288334
"Congo, Dem. Rep.",COD,1994,4.771580491344
"Congo, Dem. Rep.",COD,1993,1.76585156509328
"Congo, Dem. Rep.",COD,1992,3.58809852414736
"Congo, Dem. Rep.",COD,1991,6.17218736503077
"Congo, Dem. Rep.",COD,1990,10.4410942181868
"Congo, Dem. Rep.",COD,1989,8.71995640418984
"Congo, Dem. Rep.",COD,1988,6.80182432294846
"Congo, Dem. Rep.",COD,1987,9.60314053088424
"Congo, Dem. Rep.",COD,1986,5.27750380929035
"Congo, Dem. Rep.",COD,1985,4.476275496013
"Congo, Dem. Rep.",COD,1984,3.93015496767288
"Congo, Dem. Rep.",COD,1983,2.90230742170426
"Congo, Dem. Rep.",COD,1982,2.61979763883786
"Congo, Dem. Rep.",COD,1981,3.21659558191208
"Congo, Dem. Rep.",COD,1980,3.05797360925691
"Congo, Dem. Rep.",COD,1979,2.78199445256181
"Congo, Dem. Rep.",COD,1978,2.06429124096116
"Congo, Dem. Rep.",COD,1977,2.15385475726426
"Congo, Dem. Rep.",COD,1976,2.03186141237111
"Congo, Dem. Rep.",COD,1975,2.5343598908631
"Congo, Dem. Rep.",COD,1974,1.88039872894973
"Congo, Dem. Rep.",COD,1973,1.76849168727878
"Congo, Dem. Rep.",COD,1972,1.97650141408065
"Congo, Dem. Rep.",COD,1971,1.92554983120427
"Congo, Dem. Rep.",COD,1970,1.8398624275214
"Congo, Dem. Rep.",COD,1969,1.67157828925135
"Congo, Dem. Rep.",COD,1968,1.96716413891336
"Congo, Dem. Rep.",COD,1967,2.77813706414854
"Congo, Dem. Rep.",COD,1966,2.06001948876429
"Congo, Dem. Rep.",COD,1965,3.51666980333097
"Congo, Dem. Rep.",COD,1964,4.43345652956357
"Congo, Dem. Rep.",COD,1963,1.84237050024134
"Congo, Dem. Rep.",COD,1962,3.27521957939512
"Congo, Dem. Rep.",COD,1961,3.07709946803565
"Congo, Dem. Rep.",COD,1960,2.5380054991864
"Congo, Rep.",COG,2025,
"Congo, Rep.",COG,2024,
"Congo, Rep.",COG,2023,2.74608828732032
"Congo, Rep.",COG,2022,4.99611812875133
"Congo, Rep.",COG,2021,1.5602114164385
"Congo, Rep.",COG,2020,1.90274527934402
"Congo, Rep.",COG,2019,1.41262639046593
"Congo, Rep.",COG,2018,1.05051511783037
"Congo, Rep.",COG,2017,1.04071804372953
"Congo, Rep.",COG,2016,0.824999560322657
"Congo, Rep.",COG,2015,0.717890299835203
"Congo, Rep.",COG,2014,0.584002262706359
"Congo, Rep.",COG,2013,0.860365247446503
"Congo, Rep.",COG,2012,0.837297315892287
"Congo, Rep.",COG,2011,1.85414743292005
"Congo, Rep.",COG,2010,10.5823025995069
"Congo, Rep.",COG,2009,3.16881744121493
"Congo, Rep.",COG,2008,4.76396392866812
"Congo, Rep.",COG,2007,1.57827142501754
"Congo, Rep.",COG,2006,3.77731694493277
"Congo, Rep.",COG,2005,28.2633860019025
"Congo, Rep.",COG,2004,3.65632268125272
"Congo, Rep.",COG,2003,2.68107530277522
"Congo, Rep.",COG,2002,2.61652266247337
"Congo, Rep.",COG,2001,3.75189888617826
"Congo, Rep.",COG,2000,1.40958294991515
"Congo, Rep.",COG,1999,8.54081344210583
"Congo, Rep.",COG,1998,4.39552462344998
"Congo, Rep.",COG,1997,16.1739650487674
"Congo, Rep.",COG,1996,29.6401642642504
"Congo, Rep.",COG,1995,10.3281633709046
"Congo, Rep.",COG,1994,24.0243598254526
"Congo, Rep.",COG,1993,5.75165309976251
"Congo, Rep.",COG,1992,4.50030842811988
"Congo, Rep.",COG,1991,5.84793731026921
"Congo, Rep.",COG,1990,9.34487472090143
"Congo, Rep.",COG,1989,4.46528325984492
"Congo, Rep.",COG,1988,4.54155058866851
"Congo, Rep.",COG,1987,5.88702735773227
"Congo, Rep.",COG,1986,5.70078789067113
"Congo, Rep.",COG,1985,3.4099556658983
"Congo, Rep.",COG,1984,4.67035786052837
"Congo, Rep.",COG,1983,5.58121951859362
"Congo, Rep.",COG,1982,4.54640566914487
"Congo, Rep.",COG,1981,4.27567675387668
"Congo, Rep.",COG,1980,5.90278467194938
"Congo, Rep.",COG,1979,8.15283795482112
"Congo, Rep.",COG,1978,9.73837589498211
"Congo, Rep.",COG,1977,6.61568706139105
"Congo, Rep.",COG,1976,10.1258176856328
"Congo, Rep.",COG,1975,7.58021591867181
"Congo, Rep.",COG,1974,6.64103129068003
"Congo, Rep.",COG,1973,5.10247866804263
"Congo, Rep.",COG,1972,5.71272077149239
"Congo, Rep.",COG,1971,5.44904631047714
"Congo, Rep.",COG,1970,5.73909079045128
"Congo, Rep.",COG,1969,6.60284869312557
"Congo, Rep.",COG,1968,8.63043673498297
"Congo, Rep.",COG,1967,8.00309855992092
"Congo, Rep.",COG,1966,11.6148833167146
"Congo, Rep.",COG,1965,8.14300855992131
"Congo, Rep.",COG,1964,9.74083519916587
"Congo, Rep.",COG,1963,3.33998403157887
"Congo, Rep.",COG,1962,1.87880266807814
"Congo, Rep.",COG,1961,0.12764816521746
"Congo, Rep.",COG,1960,0.0154373908615053
Costa Rica,CRI,2025,
Costa Rica,CRI,2024,
Costa Rica,CRI,2023,0.179665709895736
Costa Rica,CRI,2022,0.997491224798662
Costa Rica,CRI,2021,0.132669769825997
Costa Rica,CRI,2020,0.357214244048633
Costa Rica,CRI,2019,0.0944714990222975
Costa Rica,CRI,2018,0.168398038940987
Costa Rica,CRI,2017,0.173080123562861
Costa Rica,CRI,2016,0.178696408256971
Costa Rica,CRI,2015,0.206002217099635
Costa Rica,CRI,2014,0.109387139100783
Costa Rica,CRI,2013,0.0668562743380895
Costa Rica,CRI,2012,0.0622142560667412
Costa Rica,CRI,2011,0.0860397261565609
Costa Rica,CRI,2010,0.265843664519155
Costa Rica,CRI,2009,0.378765185355027
Costa Rica,CRI,2008,0.255334274602316
Costa Rica,CRI,2007,0.245952171302879
Costa Rica,CRI,2006,0.144486171366435
Costa Rica,CRI,2005,0.169099796226222
Costa Rica,CRI,2004,0.144553602558879
Costa Rica,CRI,2003,0.242842125015953
Costa Rica,CRI,2002,0.0837146766901513
Costa Rica,CRI,2001,0.0935948995500759
Costa Rica,CRI,2000,0.177725935884292
Costa Rica,CRI,1999,0.0250823656635308
Costa Rica,CRI,1998,0.221908947352262
Costa Rica,CRI,1997,0.0300201594045916
Costa Rica,CRI,1996,-0.00184254548215975
Costa Rica,CRI,1995,0.403235371035148
Costa Rica,CRI,1994,0.851525875183739
Costa Rica,CRI,1993,1.25146316870947
Costa Rica,CRI,1992,1.89872687429453
Costa Rica,CRI,1991,2.61735105212079
Costa Rica,CRI,1990,4.0756978636937
Costa Rica,CRI,1989,4.64681702715102
Costa Rica,CRI,1988,4.25893517901216
Costa Rica,CRI,1987,5.29975978757982
Costa Rica,CRI,1986,4.38181756845413
Costa Rica,CRI,1985,6.92245596744649
Costa Rica,CRI,1984,5.94031227476756
Costa Rica,CRI,1983,7.97818142224126
Costa Rica,CRI,1982,2.89278308366426
Costa Rica,CRI,1981,1.32281714827638
Costa Rica,CRI,1980,0.535171043352705
Costa Rica,CRI,1979,0.778986307388995
Costa Rica,CRI,1978,1.04518922286727
Costa Rica,CRI,1977,0.559356055507977
Costa Rica,CRI,1976,0.575968244702273
Costa Rica,CRI,1975,1.06547189482836
Costa Rica,CRI,1974,0.981035876411896
Costa Rica,CRI,1973,1.09128431878516
Costa Rica,CRI,1972,1.30425432467621
Costa Rica,CRI,1971,1.33572690298688
Costa Rica,CRI,1970,1.24557523716551
Costa Rica,CRI,1969,1.65208322324361
Costa Rica,CRI,1968,1.57823283463022
Costa Rica,CRI,1967,1.88896019456779
Costa Rica,CRI,1966,2.0164428999016
Costa Rica,CRI,1965,2.6032976502261
Costa Rica,CRI,1964,2.16882877804456
Costa Rica,CRI,1963,1.6119758225595
Costa Rica,CRI,1962,1.95896948262735
Costa Rica,CRI,1961,1.46179238637294
Costa Rica,CRI,1960,0.837380693447983
Cote d'Ivoire,CIV,2025,
Cote d'Ivoire,CIV,2024,
Cote d'Ivoire,CIV,2023,3.05721422148846
Cote d'Ivoire,CIV,2022,2.86701014126948
Cote d'Ivoire,CIV,2021,2.23614576581598
Cote d'Ivoire,CIV,2020,2.5575881724243
Cote d'Ivoire,CIV,2019,2.0014336200397
Cote d'Ivoire,CIV,2018,1.68748542255382
Cote d'Ivoire,CIV,2017,1.62664063671652
Cote d'Ivoire,CIV,2016,1.30099651416889
Cote d'Ivoire,CIV,2015,1.45458720310932
Cote d'Ivoire,CIV,2014,1.92983591577288
Cote d'Ivoire,CIV,2013,4.26445122080037
Cote d'Ivoire,CIV,2012,11.217518613801
Cote d'Ivoire,CIV,2011,5.88613823542923
Cote d'Ivoire,CIV,2010,2.73733627593843
Cote d'Ivoire,CIV,2009,10.2531859246195
Cote d'Ivoire,CIV,2008,2.49612074767091
Cote d'Ivoire,CIV,2007,0.87456441788253
Cote d'Ivoire,CIV,2006,1.44471648158902
Cote d'Ivoire,CIV,2005,0.555231431405279
Cote d'Ivoire,CIV,2004,1.08666902902343
Cote d'Ivoire,CIV,2003,1.94447319366676
Cote d'Ivoire,CIV,2002,9.83173195678986
Cote d'Ivoire,CIV,2001,1.87575701423669
Cote d'Ivoire,CIV,2000,3.60309982373963
Cote d'Ivoire,CIV,1999,3.81333746711075
Cote d'Ivoire,CIV,1998,8.04665060966326
Cote d'Ivoire,CIV,1997,4.06259526697744
Cote d'Ivoire,CIV,1996,8.59614825837236
Cote d'Ivoire,CIV,1995,12.1090637848033
Cote d'Ivoire,CIV,1994,21.1382061539848
Cote d'Ivoire,CIV,1993,7.8895098827551
Cote d'Ivoire,CIV,1992,7.70551985095629
Cote d'Ivoire,CIV,1991,6.90564977794973
Cote d'Ivoire,CIV,1990,7.45344869165971
Cote d'Ivoire,CIV,1989,4.7125743191054
Cote d'Ivoire,CIV,1988,4.56577964224355
Cote d'Ivoire,CIV,1987,2.61488463856164
Cote d'Ivoire,CIV,1986,2.05971529600142
Cote d'Ivoire,CIV,1985,1.86414581991117
Cote d'Ivoire,CIV,1984,1.93697232661754
Cote d'Ivoire,CIV,1983,2.52548143408439
Cote d'Ivoire,CIV,1982,1.94162032447302
Cote d'Ivoire,CIV,1981,1.5555682023321
Cote d'Ivoire,CIV,1980,2.16723964743736
Cote d'Ivoire,CIV,1979,1.84183659008371
Cote d'Ivoire,CIV,1978,1.70646427469358
Cote d'Ivoire,CIV,1977,1.71227563585211
Cote d'Ivoire,CIV,1976,2.38573451614328
Cote d'Ivoire,CIV,1975,2.65605008019666
Cote d'Ivoire,CIV,1974,2.5431703040103
Cote d'Ivoire,CIV,1973,2.63271569414139
Cote d'Ivoire,CIV,1972,2.69796038700544
Cote d'Ivoire,CIV,1971,3.36594563909776
Cote d'Ivoire,CIV,1970,3.70382389852178
Cote d'Ivoire,CIV,1969,3.76382972706047
Cote d'Ivoire,CIV,1968,3.60539972259067
Cote d'Ivoire,CIV,1967,3.25022088729929
Cote d'Ivoire,CIV,1966,3.63130258462794
Cote d'Ivoire,CIV,1965,4.32440273944773
Cote d'Ivoire,CIV,1964,4.34989936703486
Cote d'Ivoire,CIV,1963,1.18223354521758
Cote d'Ivoire,CIV,1962,1.43166716381339
Cote d'Ivoire,CIV,1961,0.551749450272214
Cote d'Ivoire,CIV,1960,0.0233618830582486
Croatia,HRV,2025,
Croatia,HRV,2024,
Croatia,HRV,2023,
Croatia,HRV,2022,
Croatia,HRV,2021,
Croatia,HRV,2020,
Croatia,HRV,2019,
Croatia,HRV,2018,
Croatia,HRV,2017,
Croatia,HRV,2016,
Croatia,HRV,2015,
Croatia,HRV,2014,
Croatia,HRV,2013,
Croatia,HRV,2012,
Croatia,HRV,2011,
Croatia,HRV,2010,0.264273056375812
Croatia,HRV,2009,0.281501618665453
Croatia,HRV,2008,0.364263518488567
Croatia,HRV,2007,0.281374073644583
Croatia,HRV,2006,0.407039035861094
Croatia,HRV,2005,0.281106787821012
Croatia,HRV,2004,0.291061447787935
Croatia,HRV,2003,0.353285051001484
Croatia,HRV,2002,0.496588005991841
Croatia,HRV,2001,0.496479140299596
Croatia,HRV,2000,0.301457715290444
Croatia,HRV,1999,0.208234697734072
Croatia,HRV,1998,
Croatia,HRV,1997,
Croatia,HRV,1996,
Croatia,HRV,1995,
Croatia,HRV,1994,
Croatia,HRV,1993,
Croatia,HRV,1992,
Croatia,HRV,1991,
Croatia,HRV,1990,
Croatia,HRV,1989,
Croatia,HRV,1988,
Croatia,HRV,1987,
Croatia,HRV,1986,
Croatia,HRV,1985,
Croatia,HRV,1984,
Croatia,HRV,1983,
Croatia,HRV,1982,
Croatia,HRV,1981,
Croatia,HRV,1980,
Croatia,HRV,1979,
Croatia,HRV,1978,
Croatia,HRV,1977,
Croatia,HRV,1976,
Croatia,HRV,1975,
Croatia,HRV,1974,
Croatia,HRV,1973,
Croatia,HRV,1972,
Croatia,HRV,1971,
Croatia,HRV,1970,
Croatia,HRV,1969,
Croatia,HRV,1968,
Croatia,HRV,1967,
Croatia,HRV,1966,
Croatia,HRV,1965,
Croatia,HRV,1964,
Croatia,HRV,1963,
Croatia,HRV,1962,
Croatia,HRV,1961,
Croatia,HRV,1960,
Cuba,CUB,2025,
Cuba,CUB,2024,
Cuba,CUB,2023,
Cuba,CUB,2022,
Cuba,CUB,2021,
Cuba,CUB,2020,
Cuba,CUB,2019,0.48883523216247
Cuba,CUB,2018,0.760617950151897
Cuba,CUB,2017,0.769370278081566
Cuba,CUB,2016,2.99502869792109
Cuba,CUB,2015,0.648681877346644
Cuba,CUB,2014,0.328564395833209
Cuba,CUB,2013,0.130470613579653
Cuba,CUB,2012,0.118863240577944
Cuba,CUB,2011,0.128494746566461
Cuba,CUB,2010,0.220100470761008
Cuba,CUB,2009,0.201143890244018
Cuba,CUB,2008,0.226865475798052
Cuba,CUB,2007,0.180885441762246
Cuba,CUB,2006,0.170341742632248
Cuba,CUB,2005,0.214571065915697
Cuba,CUB,2004,0.264874376248689
Cuba,CUB,2003,0.216573632567732
Cuba,CUB,2002,0.188330306271989
Cuba,CUB,2001,0.175288574264949
Cuba,CUB,2000,0.150513353188055
Cuba,CUB,1999,0.213243566060159
Cuba,CUB,1998,0.316947207721705
Cuba,CUB,1997,0.262831305039846
Cuba,CUB,1996,0.233317054096462
Cuba,CUB,1995,0.213811797241462
Cuba,CUB,1994,0.169028376452734
Cuba,CUB,1993,0.199447837400364
Cuba,CUB,1992,0.11396544430894
Cuba,CUB,1991,0.154760824993501
Cuba,CUB,1990,0.184805115652655
Cuba,CUB,1989,0.213684306844123
Cuba,CUB,1988,0.226950649266522
Cuba,CUB,1987,0.197776934133971
Cuba,CUB,1986,0.175938593040372
Cuba,CUB,1985,0.18689913542884
Cuba,CUB,1984,0.151588307564766
Cuba,CUB,1983,0.169115178812224
Cuba,CUB,1982,0.170819632901596
Cuba,CUB,1981,0.138497601701634
Cuba,CUB,1980,0.231831664910548
Cuba,CUB,1979,0.249326259488966
Cuba,CUB,1978,0.274182579388977
Cuba,CUB,1977,0.322459677091169
Cuba,CUB,1976,0.337587346108088
Cuba,CUB,1975,0.153622199106642
Cuba,CUB,1974,0.136131416413865
Cuba,CUB,1973,0.0529786601523827
Cuba,CUB,1972,0.0447406535201487
Cuba,CUB,1971,0.0365660031992523
Cuba,CUB,1970,0.0325930803719746
Cuba,CUB,1969,
Cuba,CUB,1968,
Cuba,CUB,1967,
Cuba,CUB,1966,
Cuba,CUB,1965,
Cuba,CUB,1964,
Cuba,CUB,1963,
Cuba,CUB,1962,
Cuba,CUB,1961,
Cuba,CUB,1960,
Curacao,CUW,2025,
Curacao,CUW,2024,
Curacao,CUW,2023,
Curacao,CUW,2022,
Curacao,CUW,2021,
Curacao,CUW,2020,
Curacao,CUW,2019,
Curacao,CUW,2018,
Curacao,CUW,2017,
Curacao,CUW,2016,
Curacao,CUW,2015,
Curacao,CUW,2014,
Curacao,CUW,2013,
Curacao,CUW,2012,
Curacao,CUW,2011,
Curacao,CUW,2010,
Curacao,CUW,2009,
Curacao,CUW,2008,
Curacao,CUW,2007,
Curacao,CUW,2006,
Curacao,CUW,2005,
Curacao,CUW,2004,
Curacao,CUW,2003,
Curacao,CUW,2002,
Curacao,CUW,2001,
Curacao,CUW,2000,
Curacao,CUW,1999,
Curacao,CUW,1998,
Curacao,CUW,1997,
Curacao,CUW,1996,
Curacao,CUW,1995,
Curacao,CUW,1994,
Curacao,CUW,1993,
Curacao,CUW,1992,
Curacao,CUW,1991,
Curacao,CUW,1990,
Curacao,CUW,1989,
Curacao,CUW,1988,
Curacao,CUW,1987,
Curacao,CUW,1986,
Curacao,CUW,1985,
Curacao,CUW,1984,
Curacao,CUW,1983,
Curacao,CUW,1982,
Curacao,CUW,1981,
Curacao,CUW,1980,
Curacao,CUW,1979,
Curacao,CUW,1978,
Curacao,CUW,1977,
Curacao,CUW,1976,
Curacao,CUW,1975,
Curacao,CUW,1974,
Curacao,CUW,1973,
Curacao,CUW,1972,
Curacao,CUW,1971,
Curacao,CUW,1970,
Curacao,CUW,1969,
Curacao,CUW,1968,
Curacao,CUW,1967,
Curacao,CUW,1966,
Curacao,CUW,1965,
Curacao,CUW,1964,
Curacao,CUW,1963,
Curacao,CUW,1962,
Curacao,CUW,1961,
Curacao,CUW,1960,
Cyprus,CYP,2025,
Cyprus,CYP,2024,
Cyprus,CYP,2023,
Cyprus,CYP,2022,
Cyprus,CYP,2021,
Cyprus,CYP,2020,
Cyprus,CYP,2019,
Cyprus,CYP,2018,
Cyprus,CYP,2017,
Cyprus,CYP,2016,
Cyprus,CYP,2015,
Cyprus,CYP,2014,
Cyprus,CYP,2013,
Cyprus,CYP,2012,
Cyprus,CYP,2011,
Cyprus,CYP,2010,
Cyprus,CYP,2009,
Cyprus,CYP,2008,
Cyprus,CYP,2007,
Cyprus,CYP,2006,
Cyprus,CYP,2005,
Cyprus,CYP,2004,
Cyprus,CYP,2003,
Cyprus,CYP,2002,
Cyprus,CYP,2001,
Cyprus,CYP,2000,
Cyprus,CYP,1999,
Cyprus,CYP,1998,
Cyprus,CYP,1997,
Cyprus,CYP,1996,0.236990001015236
Cyprus,CYP,1995,0.227223462404845
Cyprus,CYP,1994,0.597162362601678
Cyprus,CYP,1993,0.515927809375858
Cyprus,CYP,1992,0.381131987447296
Cyprus,CYP,1991,0.692970034561542
Cyprus,CYP,1990,0.691535390707893
Cyprus,CYP,1989,0.898869828764367
Cyprus,CYP,1988,1.04364058035833
Cyprus,CYP,1987,1.12656521261988
Cyprus,CYP,1986,1.14474354157746
Cyprus,CYP,1985,1.51356731168254
Cyprus,CYP,1984,0.737447213262422
Cyprus,CYP,1983,0.859665851512894
Cyprus,CYP,1982,1.42015604674064
Cyprus,CYP,1981,2.08240812942273
Cyprus,CYP,1980,2.42276226612575
Cyprus,CYP,1979,2.30275437954878
Cyprus,CYP,1978,4.88448804476605
Cyprus,CYP,1977,12.778461972174
Cyprus,CYP,1976,9.70756892687101
Cyprus,CYP,1975,
Cyprus,CYP,1974,
Cyprus,CYP,1973,
Cyprus,CYP,1972,
Cyprus,CYP,1971,
Cyprus,CYP,1970,
Cyprus,CYP,1969,
Cyprus,CYP,1968,
Cyprus,CYP,1967,
Cyprus,CYP,1966,
Cyprus,CYP,1965,
Cyprus,CYP,1964,
Cyprus,CYP,1963,
Cyprus,CYP,1962,
Cyprus,CYP,1961,
Cyprus,CYP,1960,
Czechia,CZE,2025,
Czechia,CZE,2024,
Czechia,CZE,2023,
Czechia,CZE,2022,
Czechia,CZE,2021,
Czechia,CZE,2020,
Czechia,CZE,2019,
Czechia,CZE,2018,
Czechia,CZE,2017,
Czechia,CZE,2016,
Czechia,CZE,2015,
Czechia,CZE,2014,
Czechia,CZE,2013,
Czechia,CZE,2012,
Czechia,CZE,2011,
Czechia,CZE,2010,
Czechia,CZE,2009,
Czechia,CZE,2008,
Czechia,CZE,2007,
Czechia,CZE,2006,
Czechia,CZE,2005,
Czechia,CZE,2004,
Czechia,CZE,2003,
Czechia,CZE,2002,
Czechia,CZE,2001,
Czechia,CZE,2000,
Czechia,CZE,1999,
Czechia,CZE,1998,
Czechia,CZE,1997,
Czechia,CZE,1996,
Czechia,CZE,1995,
Czechia,CZE,1994,
Czechia,CZE,1993,
Czechia,CZE,1992,
Czechia,CZE,1991,
Czechia,CZE,1990,
Czechia,CZE,1989,
Czechia,CZE,1988,
Czechia,CZE,1987,
Czechia,CZE,1986,
Czechia,CZE,1985,
Czechia,CZE,1984,
Czechia,CZE,1983,
Czechia,CZE,1982,
Czechia,CZE,1981,
Czechia,CZE,1980,
Czechia,CZE,1979,
Czechia,CZE,1978,
Czechia,CZE,1977,
Czechia,CZE,1976,
Czechia,CZE,1975,
Czechia,CZE,1974,
Czechia,CZE,1973,
Czechia,CZE,1972,
Czechia,CZE,1971,
Czechia,CZE,1970,
Czechia,CZE,1969,
Czechia,CZE,1968,
Czechia,CZE,1967,
Czechia,CZE,1966,
Czechia,CZE,1965,
Czechia,CZE,1964,
Czechia,CZE,1963,
Czechia,CZE,1962,
Czechia,CZE,1961,
Czechia,CZE,1960,
Denmark,DNK,2025,
Denmark,DNK,2024,
Denmark,DNK,2023,
Denmark,DNK,2022,
Denmark,DNK,2021,
Denmark,DNK,2020,
Denmark,DNK,2019,
Denmark,DNK,2018,
Denmark,DNK,2017,
Denmark,DNK,2016,
Denmark,DNK,2015,
Denmark,DNK,2014,
Denmark,DNK,2013,
Denmark,DNK,2012,
Denmark,DNK,2011,
Denmark,DNK,2010,
Denmark,DNK,2009,
Denmark,DNK,2008,
Denmark,DNK,2007,
Denmark,DNK,2006,
Denmark,DNK,2005,
Denmark,DNK,2004,
Denmark,DNK,2003,
Denmark,DNK,2002,
Denmark,DNK,2001,
Denmark,DNK,2000,
Denmark,DNK,1999,
Denmark,DNK,1998,
Denmark,DNK,1997,
Denmark,DNK,1996,
Denmark,DNK,1995,
Denmark,DNK,1994,
Denmark,DNK,1993,
Denmark,DNK,1992,
Denmark,DNK,1991,
Denmark,DNK,1990,
Denmark,DNK,1989,
Denmark,DNK,1988,
Denmark,DNK,1987,
Denmark,DNK,1986,
Denmark,DNK,1985,
Denmark,DNK,1984,
Denmark,DNK,1983,
Denmark,DNK,1982,
Denmark,DNK,1981,
Denmark,DNK,1980,
Denmark,DNK,1979,
Denmark,DNK,1978,
Denmark,DNK,1977,
Denmark,DNK,1976,
Denmark,DNK,1975,
Denmark,DNK,1974,
Denmark,DNK,1973,
Denmark,DNK,1972,
Denmark,DNK,1971,
Denmark,DNK,1970,
Denmark,DNK,1969,
Denmark,DNK,1968,
Denmark,DNK,1967,
Denmark,DNK,1966,
Denmark,DNK,1965,
Denmark,DNK,1964,
Denmark,DNK,1963,
Denmark,DNK,1962,
Denmark,DNK,1961,
Denmark,DNK,1960,
Djibouti,DJI,2025,
Djibouti,DJI,2024,
Djibouti,DJI,2023,5.55737773688242
Djibouti,DJI,2022,1.6762070856579
Djibouti,DJI,2021,5.34889403623268
Djibouti,DJI,2020,8.56094953319485
Djibouti,DJI,2019,8.80481139704985
Djibouti,DJI,2018,6.46692058370355
Djibouti,DJI,2017,5.41020686012741
Djibouti,DJI,2016,7.34079725312288
Djibouti,DJI,2015,7.23256448940297
Djibouti,DJI,2014,7.56066465651097
Djibouti,DJI,2013,7.400856169648
Djibouti,DJI,2012,10.7479842378884
Djibouti,DJI,2011,11.3311188832668
Djibouti,DJI,2010,10.8170335295521
Djibouti,DJI,2009,15.4870639217341
Djibouti,DJI,2008,13.6473216737755
Djibouti,DJI,2007,12.9241599228172
Djibouti,DJI,2006,14.5701584636628
Djibouti,DJI,2005,10.16882011209
Djibouti,DJI,2004,9.34243402221502
Djibouti,DJI,2003,12.3266713485333
Djibouti,DJI,2002,12.2193408993914
Djibouti,DJI,2001,10.1572669785653
Djibouti,DJI,2000,12.7408867308761
Djibouti,DJI,1999,13.7024920066285
Djibouti,DJI,1998,15.4289503620327
Djibouti,DJI,1997,16.6347274842308
Djibouti,DJI,1996,19.0441312995154
Djibouti,DJI,1995,20.4950539128949
Djibouti,DJI,1994,25.2927427584168
Djibouti,DJI,1993,27.486990814671
Djibouti,DJI,1992,22.5260915615662
Djibouti,DJI,1991,22.1902507696948
Djibouti,DJI,1990,
Djibouti,DJI,1989,
Djibouti,DJI,1988,
Djibouti,DJI,1987,
Djibouti,DJI,1986,
Djibouti,DJI,1985,
Djibouti,DJI,1984,
Djibouti,DJI,1983,
Djibouti,DJI,1982,
Djibouti,DJI,1981,
Djibouti,DJI,1980,
Djibouti,DJI,1979,
Djibouti,DJI,1978,
Djibouti,DJI,1977,
Djibouti,DJI,1976,
Djibouti,DJI,1975,
Djibouti,DJI,1974,
Djibouti,DJI,1973,
Djibouti,DJI,1972,
Djibouti,DJI,1971,
Djibouti,DJI,1970,
Djibouti,DJI,1969,
Djibouti,DJI,1968,
Djibouti,DJI,1967,
Djibouti,DJI,1966,
Djibouti,DJI,1965,
Djibouti,DJI,1964,
Djibouti,DJI,1963,
Djibouti,DJI,1962,
Djibouti,DJI,1961,
Djibouti,DJI,1960,
Dominica,DMA,2025,
Dominica,DMA,2024,
Dominica,DMA,2023,7.98882793042529
Dominica,DMA,2022,9.50830696186532
Dominica,DMA,2021,14.0346578205649
Dominica,DMA,2020,11.9630703262883
Dominica,DMA,2019,8.09584585084785
Dominica,DMA,2018,4.27905689969789
Dominica,DMA,2017,3.39263811676226
Dominica,DMA,2016,1.44630700292777
Dominica,DMA,2015,2.08649121597524
Dominica,DMA,2014,2.92960338085222
Dominica,DMA,2013,3.81959918560131
Dominica,DMA,2012,5.02664359392049
Dominica,DMA,2011,4.68585455522778
Dominica,DMA,2010,6.0616923978112
Dominica,DMA,2009,7.1613640800346
Dominica,DMA,2008,4.6320459858283
Dominica,DMA,2007,4.57545193195946
Dominica,DMA,2006,4.89531525838862
Dominica,DMA,2005,5.82452906344451
Dominica,DMA,2004,8.09107425619844
Dominica,DMA,2003,3.16761464593191
Dominica,DMA,2002,8.52363634938037
Dominica,DMA,2001,5.58877582681548
Dominica,DMA,2000,5.19486197465148
Dominica,DMA,1999,3.24307734026365
Dominica,DMA,1998,6.29861108187972
Dominica,DMA,1997,5.08952513988233
Dominica,DMA,1996,15.7709344498044
Dominica,DMA,1995,9.57039557635049
Dominica,DMA,1994,7.73232956830456
Dominica,DMA,1993,3.7256662569904
Dominica,DMA,1992,5.60010443811399
Dominica,DMA,1991,8.31211653030014
Dominica,DMA,1990,9.9930271086499
Dominica,DMA,1989,13.1715249262463
Dominica,DMA,1988,10.5459829320152
Dominica,DMA,1987,10.6203466944211
Dominica,DMA,1986,8.8285690795333
Dominica,DMA,1985,14.1526864048443
Dominica,DMA,1984,15.1749462347991
Dominica,DMA,1983,10.0996992748928
Dominica,DMA,1982,18.6787617046032
Dominica,DMA,1981,17.8676508607188
Dominica,DMA,1980,24.0887546926127
Dominica,DMA,1979,16.4791870131574
Dominica,DMA,1978,12.4889745526716
Dominica,DMA,1977,10.7906731287683
Dominica,DMA,1976,
Dominica,DMA,1975,
Dominica,DMA,1974,
Dominica,DMA,1973,
Dominica,DMA,1972,
Dominica,DMA,1971,
Dominica,DMA,1970,
Dominica,DMA,1969,
Dominica,DMA,1968,
Dominica,DMA,1967,
Dominica,DMA,1966,
Dominica,DMA,1965,
Dominica,DMA,1964,
Dominica,DMA,1963,
Dominica,DMA,1962,
Dominica,DMA,1961,
Dominica,DMA,1960,
Dominican Republic,DOM,2025,
Dominican Republic,DOM,2024,
Dominican Republic,DOM,2023,0.576772865819527
Dominican Republic,DOM,2022,0.337294433442168
Dominican Republic,DOM,2021,0.49856504199572
Dominican Republic,DOM,2020,0.502478443716313
Dominican Republic,DOM,2019,0.154765745197846
Dominican Republic,DOM,2018,0.109832083398286
Dominican Republic,DOM,2017,0.156369848043145
Dominican Republic,DOM,2016,0.244405123605484
Dominican Republic,DOM,2015,0.41152545484191
Dominican Republic,DOM,2014,0.260654706792746
Dominican Republic,DOM,2013,0.246568540961571
Dominican Republic,DOM,2012,0.447227797804591
Dominican Republic,DOM,2011,0.435628100425773
Dominican Republic,DOM,2010,0.371921459854685
Dominican Republic,DOM,2009,0.300270512121536
Dominican Republic,DOM,2008,0.382669073179191
Dominican Republic,DOM,2007,0.346152626250186
Dominican Republic,DOM,2006,0.208176727565859
Dominican Republic,DOM,2005,0.280463470866418
Dominican Republic,DOM,2004,0.50766953549557
Dominican Republic,DOM,2003,0.428526016228876
Dominican Republic,DOM,2002,0.619656495315224
Dominican Republic,DOM,2001,0.478520610743614
Dominican Republic,DOM,2000,0.263507246922844
Dominican Republic,DOM,1999,0.87657198790398
Dominican Republic,DOM,1998,0.516805616381764
Dominican Republic,DOM,1997,0.335657013182784
Dominican Republic,DOM,1996,0.472174989827949
Dominican Republic,DOM,1995,0.679401802814783
Dominican Republic,DOM,1994,0.420049538302966
Dominican Republic,DOM,1993,0.0331878719465172
Dominican Republic,DOM,1992,0.714423353834463
Dominican Republic,DOM,1991,0.818507900994178
Dominican Republic,DOM,1990,1.34503631950918
Dominican Republic,DOM,1989,2.06321015558806
Dominican Republic,DOM,1988,2.16806196890145
Dominican Republic,DOM,1987,2.07016916673182
Dominican Republic,DOM,1986,1.19510075198293
Dominican Republic,DOM,1985,3.53530219464251
Dominican Republic,DOM,1984,1.31066280067692
Dominican Republic,DOM,1983,0.687174311591015
Dominican Republic,DOM,1982,1.22895690111357
Dominican Republic,DOM,1981,0.894444320962969
Dominican Republic,DOM,1980,1.08215789506088
Dominican Republic,DOM,1979,0.828649661334486
Dominican Republic,DOM,1978,0.427146279842598
Dominican Republic,DOM,1977,0.333444253643288
Dominican Republic,DOM,1976,0.615400230309867
Dominican Republic,DOM,1975,0.563462513419795
Dominican Republic,DOM,1974,0.562917326966533
Dominican Republic,DOM,1973,0.832837087354577
Dominican Republic,DOM,1972,1.21059646369332
Dominican Republic,DOM,1971,1.46599372858269
Dominican Republic,DOM,1970,2.37959771510636
Dominican Republic,DOM,1969,2.84933334928178
Dominican Republic,DOM,1968,4.07941897755141
Dominican Republic,DOM,1967,5.7677535086468
Dominican Republic,DOM,1966,5.41847952903367
Dominican Republic,DOM,1965,9.02213597613238
Dominican Republic,DOM,1964,2.33581651479704
Dominican Republic,DOM,1963,5.15154731313395
Dominican Republic,DOM,1962,2.75264696506505
Dominican Republic,DOM,1961,0.0236034590648316
Dominican Republic,DOM,1960,0.0271780088776294
Ecuador,ECU,2025,
Ecuador,ECU,2024,
Ecuador,ECU,2023,0.46879492506776
Ecuador,ECU,2022,0.330589477290366
Ecuador,ECU,2021,0.286501998049912
Ecuador,ECU,2020,0.373249177443673
Ecuador,ECU,2019,0.486092335635856
Ecuador,ECU,2018,0.386278437723332
Ecuador,ECU,2017,0.206768999067418
Ecuador,ECU,2016,0.254406801502726
Ecuador,ECU,2015,0.333156623123443
Ecuador,ECU,2014,0.163108906502578
Ecuador,ECU,2013,0.158064966771414
Ecuador,ECU,2012,0.171225119896342
Ecuador,ECU,2011,0.233197028344532
Ecuador,ECU,2010,0.24570996413582
Ecuador,ECU,2009,0.379957532017158
Ecuador,ECU,2008,0.415919245898472
Ecuador,ECU,2007,0.480278361901309
Ecuador,ECU,2006,0.487364387775553
Ecuador,ECU,2005,0.669923841733528
Ecuador,ECU,2004,0.552368760984919
Ecuador,ECU,2003,0.687843193421166
Ecuador,ECU,2002,0.904587619633988
Ecuador,ECU,2001,0.786449852266121
Ecuador,ECU,2000,0.961075696760343
Ecuador,ECU,1999,0.835034805856669
Ecuador,ECU,1998,0.675311255083615
Ecuador,ECU,1997,0.582650110956028
Ecuador,ECU,1996,0.985126533964218
Ecuador,ECU,1995,0.798096926422203
Ecuador,ECU,1994,0.882154192001852
Ecuador,ECU,1993,1.02729909256323
Ecuador,ECU,1992,1.29051328650709
Ecuador,ECU,1991,1.24617410230426
Ecuador,ECU,1990,1.03145745359589
Ecuador,ECU,1989,1.11766006372118
Ecuador,ECU,1988,1.26651131847259
Ecuador,ECU,1987,1.48813591966882
Ecuador,ECU,1986,0.672522634454367
Ecuador,ECU,1985,0.491808939584613
Ecuador,ECU,1984,0.43234918574884
Ecuador,ECU,1983,0.297994395099914
Ecuador,ECU,1982,0.211417529730207
Ecuador,ECU,1981,0.162287265236054
Ecuador,ECU,1980,0.19133520288434
Ecuador,ECU,1979,0.422138357268539
Ecuador,ECU,1978,0.267557519466923
Ecuador,ECU,1977,0.299078054286286
Ecuador,ECU,1976,0.507369571240714
Ecuador,ECU,1975,0.506100018166451
Ecuador,ECU,1974,0.437494755478783
Ecuador,ECU,1973,0.780252941789804
Ecuador,ECU,1972,0.610042564409612
Ecuador,ECU,1971,0.799705075490499
Ecuador,ECU,1970,0.674128174027024
Ecuador,ECU,1969,0.570335002636178
Ecuador,ECU,1968,0.883342815708341
Ecuador,ECU,1967,1.07605407675777
Ecuador,ECU,1966,1.05694589170727
Ecuador,ECU,1965,0.885676816857329
Ecuador,ECU,1964,0.853854747578838
Ecuador,ECU,1963,0.898409837922658
Ecuador,ECU,1962,0.897378093522368
Ecuador,ECU,1961,0.681907250950304
Ecuador,ECU,1960,0.327867344694443
"Egypt, Arab Rep.",EGY,2025,
"Egypt, Arab Rep.",EGY,2024,
"Egypt, Arab Rep.",EGY,2023,0.126798708163173
"Egypt, Arab Rep.",EGY,2022,1.26227769655957
"Egypt, Arab Rep.",EGY,2021,1.9629864245859
"Egypt, Arab Rep.",EGY,2020,0.419690389219
"Egypt, Arab Rep.",EGY,2019,0.555010375873251
"Egypt, Arab Rep.",EGY,2018,0.81187032393766
"Egypt, Arab Rep.",EGY,2017,0.0135802533023002
"Egypt, Arab Rep.",EGY,2016,0.743161059476641
"Egypt, Arab Rep.",EGY,2015,0.779979711205745
"Egypt, Arab Rep.",EGY,2014,1.18578916033979
"Egypt, Arab Rep.",EGY,2013,1.96155451988742
"Egypt, Arab Rep.",EGY,2012,0.665144850309462
"Egypt, Arab Rep.",EGY,2011,0.184277165838242
"Egypt, Arab Rep.",EGY,2010,0.259315375635223
"Egypt, Arab Rep.",EGY,2009,0.519142388768513
"Egypt, Arab Rep.",EGY,2008,1.02847728808711
"Egypt, Arab Rep.",EGY,2007,0.865170839278221
"Egypt, Arab Rep.",EGY,2006,0.842030763916914
"Egypt, Arab Rep.",EGY,2005,1.17028904751404
"Egypt, Arab Rep.",EGY,2004,1.91260600542252
"Egypt, Arab Rep.",EGY,2003,1.26860672427853
"Egypt, Arab Rep.",EGY,2002,1.53530844127893
"Egypt, Arab Rep.",EGY,2001,1.33023426635803
"Egypt, Arab Rep.",EGY,2000,1.36665447000709
"Egypt, Arab Rep.",EGY,1999,1.77616397485052
"Egypt, Arab Rep.",EGY,1998,2.30395642040502
"Egypt, Arab Rep.",EGY,1997,2.54530596401163
"Egypt, Arab Rep.",EGY,1996,3.22317660729214
"Egypt, Arab Rep.",EGY,1995,3.35297286924299
"Egypt, Arab Rep.",EGY,1994,5.16602347393333
"Egypt, Arab Rep.",EGY,1993,5.31018074382676
"Egypt, Arab Rep.",EGY,1992,8.88462881151748
"Egypt, Arab Rep.",EGY,1991,14.373348034438
"Egypt, Arab Rep.",EGY,1990,14.4844756954471
"Egypt, Arab Rep.",EGY,1989,4.18939992411701
"Egypt, Arab Rep.",EGY,1988,4.30467751819001
"Egypt, Arab Rep.",EGY,1987,4.31504550251073
"Egypt, Arab Rep.",EGY,1986,4.45888063177318
"Egypt, Arab Rep.",EGY,1985,4.96002859572151
"Egypt, Arab Rep.",EGY,1984,5.5410537413193
"Egypt, Arab Rep.",EGY,1983,5.00818058549063
"Egypt, Arab Rep.",EGY,1982,5.63186491151181
"Egypt, Arab Rep.",EGY,1981,6.33923511805546
"Egypt, Arab Rep.",EGY,1980,6.84382631387368
"Egypt, Arab Rep.",EGY,1979,9.27624897390205
"Egypt, Arab Rep.",EGY,1978,19.0683587774997
"Egypt, Arab Rep.",EGY,1977,18.8839359283639
"Egypt, Arab Rep.",EGY,1976,18.7519904016302
"Egypt, Arab Rep.",EGY,1975,22.0704624336315
"Egypt, Arab Rep.",EGY,1974,15.1073931578796
"Egypt, Arab Rep.",EGY,1973,8.89189009944122
"Egypt, Arab Rep.",EGY,1972,1.51595790467529
"Egypt, Arab Rep.",EGY,1971,1.62498337712899
"Egypt, Arab Rep.",EGY,1970,2.14260303428493
"Egypt, Arab Rep.",EGY,1969,0.153123355645757
"Egypt, Arab Rep.",EGY,1968,0.4349043304815
"Egypt, Arab Rep.",EGY,1967,0.591345353675451
"Egypt, Arab Rep.",EGY,1966,1.85625426494785
"Egypt, Arab Rep.",EGY,1965,2.50075775276848
"Egypt, Arab Rep.",EGY,1964,
"Egypt, Arab Rep.",EGY,1963,
"Egypt, Arab Rep.",EGY,1962,
"Egypt, Arab Rep.",EGY,1961,
"Egypt, Arab Rep.",EGY,1960,
El Salvador,SLV,2025,
El Salvador,SLV,2024,
El Salvador,SLV,2023,1.57279163211288
El Salvador,SLV,2022,2.37020969795951
El Salvador,SLV,2021,0.783925298554637
El Salvador,SLV,2020,1.46138003249197
El Salvador,SLV,2019,1.18910959482487
El Salvador,SLV,2018,1.0323962297113
El Salvador,SLV,2017,0.642679544346044
El Salvador,SLV,2016,0.562082222514529
El Salvador,SLV,2015,0.401422331115688
El Salvador,SLV,2014,0.454932185892022
El Salvador,SLV,2013,0.80540450681253
El Salvador,SLV,2012,1.07190806679289
El Salvador,SLV,2011,1.51221845569951
El Salvador,SLV,2010,1.68087595245776
El Salvador,SLV,2009,1.71553506485938
El Salvador,SLV,2008,1.38263340211982
El Salvador,SLV,2007,0.64953408300749
El Salvador,SLV,2006,1.14529637844214
El Salvador,SLV,2005,1.5378398241881
El Salvador,SLV,2004,1.78896780758507
El Salvador,SLV,2003,1.64900101326136
El Salvador,SLV,2002,2.02141290940719
El Salvador,SLV,2001,2.10494995736842
El Salvador,SLV,2000,1.66881618708385
El Salvador,SLV,1999,1.79915070208817
El Salvador,SLV,1998,1.74007070073194
El Salvador,SLV,1997,2.64398384393222
El Salvador,SLV,1996,2.89562841288335
El Salvador,SLV,1995,3.16324718136489
El Salvador,SLV,1994,3.60308645091395
El Salvador,SLV,1993,5.1935680713923
El Salvador,SLV,1992,6.35762247738435
El Salvador,SLV,1991,5.3276474019764
El Salvador,SLV,1990,7.00416344934231
El Salvador,SLV,1989,8.96185067525528
El Salvador,SLV,1988,9.76093913125804
El Salvador,SLV,1987,10.9891170676062
El Salvador,SLV,1986,8.99816249805745
El Salvador,SLV,1985,8.8357904715208
El Salvador,SLV,1984,6.74199424991712
El Salvador,SLV,1983,7.40926496158733
El Salvador,SLV,1982,5.69695123812049
El Salvador,SLV,1981,3.543689172026
El Salvador,SLV,1980,2.41135094303586
El Salvador,SLV,1979,1.08582610582997
El Salvador,SLV,1978,1.09471720624204
El Salvador,SLV,1977,0.888138418942888
El Salvador,SLV,1976,0.742313117541451
El Salvador,SLV,1975,0.915500501424563
El Salvador,SLV,1974,0.587939584615963
El Salvador,SLV,1973,0.86380971609436
El Salvador,SLV,1972,1.27014326826663
El Salvador,SLV,1971,0.888147784767355
El Salvador,SLV,1970,1.25431757224904
El Salvador,SLV,1969,1.22115382781395
El Salvador,SLV,1968,1.08017899790536
El Salvador,SLV,1967,1.50343286891523
El Salvador,SLV,1966,2.2730229345934
El Salvador,SLV,1965,1.66796949476754
El Salvador,SLV,1964,
El Salvador,SLV,1963,
El Salvador,SLV,1962,
El Salvador,SLV,1961,
El Salvador,SLV,1960,
Equatorial Guinea,GNQ,2025,
Equatorial Guinea,GNQ,2024,
Equatorial Guinea,GNQ,2023,0.134340803839839
Equatorial Guinea,GNQ,2022,0.139056938077233
Equatorial Guinea,GNQ,2021,0.155929317994139
Equatorial Guinea,GNQ,2020,0.0992387136348671
Equatorial Guinea,GNQ,2019,0.7570971079738
Equatorial Guinea,GNQ,2018,0.0670548013291945
Equatorial Guinea,GNQ,2017,0.077102701133039
Equatorial Guinea,GNQ,2016,0.0794900233346581
Equatorial Guinea,GNQ,2015,0.075271428383805
Equatorial Guinea,GNQ,2014,0.0034930824929713
Equatorial Guinea,GNQ,2013,0.0308274499326194
Equatorial Guinea,GNQ,2012,0.0973454778024562
Equatorial Guinea,GNQ,2011,0.177629581616637
Equatorial Guinea,GNQ,2010,0.903485928736817
Equatorial Guinea,GNQ,2009,0.319780686970202
Equatorial Guinea,GNQ,2008,0.219186647689854
Equatorial Guinea,GNQ,2007,0.300077969372135
Equatorial Guinea,GNQ,2006,0.330120176771638
Equatorial Guinea,GNQ,2005,0.913728155627951
Equatorial Guinea,GNQ,2004,1.96765310600035
Equatorial Guinea,GNQ,2003,2.26464821835741
Equatorial Guinea,GNQ,2002,2.45318720403261
Equatorial Guinea,GNQ,2001,2.25317043786888
Equatorial Guinea,GNQ,2000,3.14734873880929
Equatorial Guinea,GNQ,1999,3.89029919532875
Equatorial Guinea,GNQ,1998,7.63102589444322
Equatorial Guinea,GNQ,1997,6.16682971084948
Equatorial Guinea,GNQ,1996,16.4423141550876
Equatorial Guinea,GNQ,1995,28.3032848337336
Equatorial Guinea,GNQ,1994,32.1915477472099
Equatorial Guinea,GNQ,1993,35.4493262850202
Equatorial Guinea,GNQ,1992,41.2721048996782
Equatorial Guinea,GNQ,1991,51.2916728400448
Equatorial Guinea,GNQ,1990,50.3575665117138
Equatorial Guinea,GNQ,1989,69.4011985000394
Equatorial Guinea,GNQ,1988,51.2382036762659
Equatorial Guinea,GNQ,1987,60.4605761120719
Equatorial Guinea,GNQ,1986,28.8032629699697
Equatorial Guinea,GNQ,1985,29.5416688963704
Equatorial Guinea,GNQ,1984,31.67397053575
Equatorial Guinea,GNQ,1983,27.4317219613819
Equatorial Guinea,GNQ,1982,40.4112673885073
Equatorial Guinea,GNQ,1981,33.9339555719403
Equatorial Guinea,GNQ,1980,18.9139590630083
Equatorial Guinea,GNQ,1979,
Equatorial Guinea,GNQ,1978,
Equatorial Guinea,GNQ,1977,0.804702474434601
Equatorial Guinea,GNQ,1976,0.403643794677787
Equatorial Guinea,GNQ,1975,2.08217862092923
Equatorial Guinea,GNQ,1974,16.8105642936704
Equatorial Guinea,GNQ,1973,1.24067216505839
Equatorial Guinea,GNQ,1972,
Equatorial Guinea,GNQ,1971,
Equatorial Guinea,GNQ,1970,
Equatorial Guinea,GNQ,1969,
Equatorial Guinea,GNQ,1968,
Equatorial Guinea,GNQ,1967,
Equatorial Guinea,GNQ,1966,
Equatorial Guinea,GNQ,1965,
Equatorial Guinea,GNQ,1964,
Equatorial Guinea,GNQ,1963,
Equatorial Guinea,GNQ,1962,
Equatorial Guinea,GNQ,1961,
Equatorial Guinea,GNQ,1960,
Eritrea,ERI,2025,
Eritrea,ERI,2024,
Eritrea,ERI,2023,
Eritrea,ERI,2022,
Eritrea,ERI,2021,
Eritrea,ERI,2020,
Eritrea,ERI,2019,
Eritrea,ERI,2018,
Eritrea,ERI,2017,
Eritrea,ERI,2016,
Eritrea,ERI,2015,
Eritrea,ERI,2014,
Eritrea,ERI,2013,
Eritrea,ERI,2012,
Eritrea,ERI,2011,6.53485093309556
Eritrea,ERI,2010,9.91727146704062
Eritrea,ERI,2009,7.74910399195636
Eritrea,ERI,2008,10.6265606223386
Eritrea,ERI,2007,12.0944552034353
Eritrea,ERI,2006,10.4943339448251
Eritrea,ERI,2005,32.1158838908345
Eritrea,ERI,2004,24.0934508904479
Eritrea,ERI,2003,36.8313189299793
Eritrea,ERI,2002,31.3423576087232
Eritrea,ERI,2001,37.958917961814
Eritrea,ERI,2000,25.1847046740458
Eritrea,ERI,1999,21.5635360094047
Eritrea,ERI,1998,22.5133389432019
Eritrea,ERI,1997,18.0755473255356
Eritrea,ERI,1996,22.963218083309
Eritrea,ERI,1995,25.3242312996315
Eritrea,ERI,1994,28.981647182128
Eritrea,ERI,1993,14.471884542325
Eritrea,ERI,1992,0.209598939040563
Eritrea,ERI,1991,
Eritrea,ERI,1990,
Eritrea,ERI,1989,
Eritrea,ERI,1988,
Eritrea,ERI,1987,
Eritrea,ERI,1986,
Eritrea,ERI,1985,
Eritrea,ERI,1984,
Eritrea,ERI,1983,
Eritrea,ERI,1982,
Eritrea,ERI,1981,
Eritrea,ERI,1980,
Eritrea,ERI,1979,
Eritrea,ERI,1978,
Eritrea,ERI,1977,
Eritrea,ERI,1976,
Eritrea,ERI,1975,
Eritrea,ERI,1974,
Eritrea,ERI,1973,
Eritrea,ERI,1972,
Eritrea,ERI,1971,
Eritrea,ERI,1970,
Eritrea,ERI,1969,
Eritrea,ERI,1968,
Eritrea,ERI,1967,
Eritrea,ERI,1966,
Eritrea,ERI,1965,
Eritrea,ERI,1964,
Eritrea,ERI,1963,
Eritrea,ERI,1962,
Eritrea,ERI,1961,
Eritrea,ERI,1960,
Estonia,EST,2025,
Estonia,EST,2024,
Estonia,EST,2023,
Estonia,EST,2022,
Estonia,EST,2021,
Estonia,EST,2020,
Estonia,EST,2019,
Estonia,EST,2018,
Estonia,EST,2017,
Estonia,EST,2016,
Estonia,EST,2015,
Estonia,EST,2014,
Estonia,EST,2013,
Estonia,EST,2012,
Estonia,EST,2011,
Estonia,EST,2010,
Estonia,EST,2009,
Estonia,EST,2008,
Estonia,EST,2007,
Estonia,EST,2006,
Estonia,EST,2005,
Estonia,EST,2004,
Estonia,EST,2003,
Estonia,EST,2002,
Estonia,EST,2001,
Estonia,EST,2000,
Estonia,EST,1999,
Estonia,EST,1998,
Estonia,EST,1997,
Estonia,EST,1996,
Estonia,EST,1995,
Estonia,EST,1994,
Estonia,EST,1993,
Estonia,EST,1992,
Estonia,EST,1991,
Estonia,EST,1990,
Estonia,EST,1989,
Estonia,EST,1988,
Estonia,EST,1987,
Estonia,EST,1986,
Estonia,EST,1985,
Estonia,EST,1984,
Estonia,EST,1983,
Estonia,EST,1982,
Estonia,EST,1981,
Estonia,EST,1980,
Estonia,EST,1979,
Estonia,EST,1978,
Estonia,EST,1977,
Estonia,EST,1976,
Estonia,EST,1975,
Estonia,EST,1974,
Estonia,EST,1973,
Estonia,EST,1972,
Estonia,EST,1971,
Estonia,EST,1970,
Estonia,EST,1969,
Estonia,EST,1968,
Estonia,EST,1967,
Estonia,EST,1966,
Estonia,EST,1965,
Estonia,EST,1964,
Estonia,EST,1963,
Estonia,EST,1962,
Estonia,EST,1961,
Estonia,EST,1960,
Eswatini,SWZ,2025,
Eswatini,SWZ,2024,
Eswatini,SWZ,2023,2.56056985463122
Eswatini,SWZ,2022,2.23409193929015
Eswatini,SWZ,2021,2.83658692951377
Eswatini,SWZ,2020,2.84060517779019
Eswatini,SWZ,2019,1.73091861357093
Eswatini,SWZ,2018,2.80575012282922
Eswatini,SWZ,2017,3.54192794324578
Eswatini,SWZ,2016,4.19767596613852
Eswatini,SWZ,2015,2.47086745157571
Eswatini,SWZ,2014,2.10772434126083
Eswatini,SWZ,2013,2.76120618316915
Eswatini,SWZ,2012,2.02185068657753
Eswatini,SWZ,2011,2.80080014510547
Eswatini,SWZ,2010,2.17749701669042
Eswatini,SWZ,2009,1.61662016055687
Eswatini,SWZ,2008,2.16710531794129
Eswatini,SWZ,2007,1.47629177933328
Eswatini,SWZ,2006,1.07701092079134
Eswatini,SWZ,2005,1.42572327026492
Eswatini,SWZ,2004,0.807945622989376
Eswatini,SWZ,2003,1.62212045946113
Eswatini,SWZ,2002,1.58628220432723
Eswatini,SWZ,2001,1.81625872705011
Eswatini,SWZ,2000,0.758631085106841
Eswatini,SWZ,1999,1.78207788765393
Eswatini,SWZ,1998,2.13965852923939
Eswatini,SWZ,1997,1.53318179656172
Eswatini,SWZ,1996,1.90509945410372
Eswatini,SWZ,1995,3.24523306402637
Eswatini,SWZ,1994,4.11898701992298
Eswatini,SWZ,1993,3.85806310601432
Eswatini,SWZ,1992,4.09419512884421
Eswatini,SWZ,1991,4.31688079102886
Eswatini,SWZ,1990,4.56926170217549
Eswatini,SWZ,1989,
Eswatini,SWZ,1988,
Eswatini,SWZ,1987,
Eswatini,SWZ,1986,
Eswatini,SWZ,1985,
Eswatini,SWZ,1984,
Eswatini,SWZ,1983,
Eswatini,SWZ,1982,
Eswatini,SWZ,1981,
Eswatini,SWZ,1980,
Eswatini,SWZ,1979,
Eswatini,SWZ,1978,
Eswatini,SWZ,1977,
Eswatini,SWZ,1976,
Eswatini,SWZ,1975,
Eswatini,SWZ,1974,6.21471397160429
Eswatini,SWZ,1973,5.44843833030639
Eswatini,SWZ,1972,6.61620037482661
Eswatini,SWZ,1971,1.66291984094239
Eswatini,SWZ,1970,6.15763793103448
Eswatini,SWZ,1969,10.6598474279758
Eswatini,SWZ,1968,11.2265267821365
Eswatini,SWZ,1967,14.528881829205
Eswatini,SWZ,1966,15.5964718535905
Eswatini,SWZ,1965,25.519796034589
Eswatini,SWZ,1964,23.1077817190878
Eswatini,SWZ,1963,14.1084186297102
Eswatini,SWZ,1962,17.4400275903003
Eswatini,SWZ,1961,31.2760519477076
Eswatini,SWZ,1960,28.5301729724869
Ethiopia,ETH,2025,
Ethiopia,ETH,2024,
Ethiopia,ETH,2023,3.9865591580784
Ethiopia,ETH,2022,4.02198365094148
Ethiopia,ETH,2021,3.75287603364785
Ethiopia,ETH,2020,5.40826686635352
Ethiopia,ETH,2019,5.12486061582487
Ethiopia,ETH,2018,5.95548979856702
Ethiopia,ETH,2017,5.43354958123975
Ethiopia,ETH,2016,5.98423881543787
Ethiopia,ETH,2015,5.23659101279756
Ethiopia,ETH,2014,6.46231213930173
Ethiopia,ETH,2013,8.17293684714986
Ethiopia,ETH,2012,7.50509850123161
Ethiopia,ETH,2011,10.9646607251725
Ethiopia,ETH,2010,9.28401218225438
Ethiopia,ETH,2009,11.8032772224198
Ethiopia,ETH,2008,12.2430175091074
Ethiopia,ETH,2007,13.2166098078227
Ethiopia,ETH,2006,13.3478832516468
Ethiopia,ETH,2005,15.6010460361201
Ethiopia,ETH,2004,18.1800466630117
Ethiopia,ETH,2003,18.9441571883045
Ethiopia,ETH,2002,16.9899283884646
Ethiopia,ETH,2001,13.4913351546421
Ethiopia,ETH,2000,8.40603847777744
Ethiopia,ETH,1999,8.20474545286546
Ethiopia,ETH,1998,8.30820019937473
Ethiopia,ETH,1997,6.64912520906565
Ethiopia,ETH,1996,9.36608704129237
Ethiopia,ETH,1995,11.2508742170431
Ethiopia,ETH,1994,15.1478902129265
Ethiopia,ETH,1993,12.0742609827392
Ethiopia,ETH,1992,10.8737017746255
Ethiopia,ETH,1991,7.9545585289243
Ethiopia,ETH,1990,8.13131156964391
Ethiopia,ETH,1989,6.22969511572743
Ethiopia,ETH,1988,8.68472421161541
Ethiopia,ETH,1987,5.80191008214771
Ethiopia,ETH,1986,6.27155737553261
Ethiopia,ETH,1985,7.41833163109849
Ethiopia,ETH,1984,4.34133354803713
Ethiopia,ETH,1983,3.8565770681438
Ethiopia,ETH,1982,2.52597942608132
Ethiopia,ETH,1981,3.26440105776142
Ethiopia,ETH,1980,3.00750500381094
Ethiopia,ETH,1979,2.89479638472407
Ethiopia,ETH,1978,2.31626026166994
Ethiopia,ETH,1977,2.03698953169363
Ethiopia,ETH,1976,2.82751523712415
Ethiopia,ETH,1975,2.8935831621098
Ethiopia,ETH,1974,2.56437722476629
Ethiopia,ETH,1973,1.63782186655383
Ethiopia,ETH,1972,1.34948858163087
Ethiopia,ETH,1971,1.46059327880996
Ethiopia,ETH,1970,1.30638327590883
Ethiopia,ETH,1969,1.40426057389886
Ethiopia,ETH,1968,1.62079891283781
Ethiopia,ETH,1967,1.1264845130866
Ethiopia,ETH,1966,1.09468294025417
Ethiopia,ETH,1965,0.97209643281448
Ethiopia,ETH,1964,0.80776862411048
Ethiopia,ETH,1963,1.36789938081936
Ethiopia,ETH,1962,1.54659511518118
Ethiopia,ETH,1961,1.25144612989699
Ethiopia,ETH,1960,0.956531746536801
Faroe Islands,FRO,2025,
Faroe Islands,FRO,2024,
Faroe Islands,FRO,2023,
Faroe Islands,FRO,2022,
Faroe Islands,FRO,2021,
Faroe Islands,FRO,2020,
Faroe Islands,FRO,2019,
Faroe Islands,FRO,2018,
Faroe Islands,FRO,2017,
Faroe Islands,FRO,2016,
Faroe Islands,FRO,2015,
Faroe Islands,FRO,2014,
Faroe Islands,FRO,2013,
Faroe Islands,FRO,2012,
Faroe Islands,FRO,2011,
Faroe Islands,FRO,2010,
Faroe Islands,FRO,2009,
Faroe Islands,FRO,2008,
Faroe Islands,FRO,2007,
Faroe Islands,FRO,2006,
Faroe Islands,FRO,2005,
Faroe Islands,FRO,2004,
Faroe Islands,FRO,2003,
Faroe Islands,FRO,2002,
Faroe Islands,FRO,2001,
Faroe Islands,FRO,2000,
Faroe Islands,FRO,1999,
Faroe Islands,FRO,1998,
Faroe Islands,FRO,1997,
Faroe Islands,FRO,1996,
Faroe Islands,FRO,1995,
Faroe Islands,FRO,1994,
Faroe Islands,FRO,1993,
Faroe Islands,FRO,1992,
Faroe Islands,FRO,1991,
Faroe Islands,FRO,1990,
Faroe Islands,FRO,1989,
Faroe Islands,FRO,1988,
Faroe Islands,FRO,1987,
Faroe Islands,FRO,1986,
Faroe Islands,FRO,1985,
Faroe Islands,FRO,1984,
Faroe Islands,FRO,1983,
Faroe Islands,FRO,1982,
Faroe Islands,FRO,1981,
Faroe Islands,FRO,1980,
Faroe Islands,FRO,1979,
Faroe Islands,FRO,1978,
Faroe Islands,FRO,1977,
Faroe Islands,FRO,1976,
Faroe Islands,FRO,1975,
Faroe Islands,FRO,1974,
Faroe Islands,FRO,1973,
Faroe Islands,FRO,1972,
Faroe Islands,FRO,1971,
Faroe Islands,FRO,1970,
Faroe Islands,FRO,1969,
Faroe Islands,FRO,1968,
Faroe Islands,FRO,1967,
Faroe Islands,FRO,1966,
Faroe Islands,FRO,1965,
Faroe Islands,FRO,1964,
Faroe Islands,FRO,1963,
Faroe Islands,FRO,1962,
Faroe Islands,FRO,1961,
Faroe Islands,FRO,1960,
Fiji,FJI,2025,
Fiji,FJI,2024,
Fiji,FJI,2023,3.68225335784346
Fiji,FJI,2022,7.66054314198629
Fiji,FJI,2021,15.6757592213939
Fiji,FJI,2020,4.97584138077107
Fiji,FJI,2019,2.6602681117556
Fiji,FJI,2018,2.31681657732311
Fiji,FJI,2017,2.95916510358913
Fiji,FJI,2016,2.52064512089142
Fiji,FJI,2015,2.33012896975084
Fiji,FJI,2014,2.0346612974256
Fiji,FJI,2013,2.22049893807938
Fiji,FJI,2012,2.75461621946476
Fiji,FJI,2011,2.05794244687448
Fiji,FJI,2010,2.48115151347237
Fiji,FJI,2009,2.32270141041295
Fiji,FJI,2008,1.3119552336659
Fiji,FJI,2007,1.54865027610794
Fiji,FJI,2006,1.88086586001506
Fiji,FJI,2005,2.1853935630028
Fiji,FJI,2004,2.41943460496662
Fiji,FJI,2003,2.22672688104222
Fiji,FJI,2002,1.8488221891891
Fiji,FJI,2001,1.59778945479355
Fiji,FJI,2000,1.71608053697153
Fiji,FJI,1999,1.88076360418927
Fiji,FJI,1998,2.30893767993605
Fiji,FJI,1997,2.16811748772382
Fiji,FJI,1996,2.22728657682359
Fiji,FJI,1995,2.21641018253316
Fiji,FJI,1994,2.24821082228626
Fiji,FJI,1993,3.78284539076043
Fiji,FJI,1992,4.23239038881151
Fiji,FJI,1991,3.33348908527202
Fiji,FJI,1990,3.81684524101948
Fiji,FJI,1989,3.48406817237562
Fiji,FJI,1988,4.77648109169279
Fiji,FJI,1987,3.04155741190494
Fiji,FJI,1986,3.24974067509342
Fiji,FJI,1985,2.77339179174297
Fiji,FJI,1984,2.65525027475901
Fiji,FJI,1983,2.88836510627265
Fiji,FJI,1982,3.02553606259324
Fiji,FJI,1981,3.27905036682853
Fiji,FJI,1980,3.02759299105553
Fiji,FJI,1979,3.05159877088558
Fiji,FJI,1978,3.19435557550482
Fiji,FJI,1977,3.23603542287479
Fiji,FJI,1976,3.3902557892697
Fiji,FJI,1975,2.896569966302
Fiji,FJI,1974,2.66917054361536
Fiji,FJI,1973,3.46774059727397
Fiji,FJI,1972,2.76916171022541
Fiji,FJI,1971,4.50960965988305
Fiji,FJI,1970,3.30675818805861
Fiji,FJI,1969,5.05350066050198
Fiji,FJI,1968,3.90157772180845
Fiji,FJI,1967,1.79792175247771
Fiji,FJI,1966,2.79916718604734
Fiji,FJI,1965,3.09408052370311
Fiji,FJI,1964,2.53169976407671
Fiji,FJI,1963,3.60806447557302
Fiji,FJI,1962,9.16008716168433
Fiji,FJI,1961,0.89713757542156
Fiji,FJI,1960,0.999566473285631
Finland,FIN,2025,
Finland,FIN,2024,
Finland,FIN,2023,
Finland,FIN,2022,
Finland,FIN,2021,
Finland,FIN,2020,
Finland,FIN,2019,
Finland,FIN,2018,
Finland,FIN,2017,
Finland,FIN,2016,
Finland,FIN,2015,
Finland,FIN,2014,
Finland,FIN,2013,
Finland,FIN,2012,
Finland,FIN,2011,
Finland,FIN,2010,
Finland,FIN,2009,
Finland,FIN,2008,
Finland,FIN,2007,
Finland,FIN,2006,
Finland,FIN,2005,
Finland,FIN,2004,
Finland,FIN,2003,
Finland,FIN,2002,
Finland,FIN,2001,
Finland,FIN,2000,
Finland,FIN,1999,
Finland,FIN,1998,
Finland,FIN,1997,
Finland,FIN,1996,
Finland,FIN,1995,
Finland,FIN,1994,
Finland,FIN,1993,
Finland,FIN,1992,
Finland,FIN,1991,
Finland,FIN,1990,
Finland,FIN,1989,
Finland,FIN,1988,
Finland,FIN,1987,
Finland,FIN,1986,
Finland,FIN,1985,
Finland,FIN,1984,
Finland,FIN,1983,
Finland,FIN,1982,
Finland,FIN,1981,
Finland,FIN,1980,
Finland,FIN,1979,
Finland,FIN,1978,
Finland,FIN,1977,
Finland,FIN,1976,
Finland,FIN,1975,
Finland,FIN,1974,
Finland,FIN,1973,
Finland,FIN,1972,
Finland,FIN,1971,
Finland,FIN,1970,
Finland,FIN,1969,
Finland,FIN,1968,
Finland,FIN,1967,
Finland,FIN,1966,
Finland,FIN,1965,
Finland,FIN,1964,
Finland,FIN,1963,
Finland,FIN,1962,
Finland,FIN,1961,
Finland,FIN,1960,
France,FRA,2025,
France,FRA,2024,
France,FRA,2023,
France,FRA,2022,
France,FRA,2021,
France,FRA,2020,
France,FRA,2019,
France,FRA,2018,
France,FRA,2017,
France,FRA,2016,
France,FRA,2015,
France,FRA,2014,
France,FRA,2013,
France,FRA,2012,
France,FRA,2011,
France,FRA,2010,
France,FRA,2009,
France,FRA,2008,
France,FRA,2007,
France,FRA,2006,
France,FRA,2005,
France,FRA,2004,
France,FRA,2003,
France,FRA,2002,
France,FRA,2001,
France,FRA,2000,
France,FRA,1999,
France,FRA,1998,
France,FRA,1997,
France,FRA,1996,
France,FRA,1995,
France,FRA,1994,
France,FRA,1993,
France,FRA,1992,
France,FRA,1991,
France,FRA,1990,
France,FRA,1989,
France,FRA,1988,
France,FRA,1987,
France,FRA,1986,
France,FRA,1985,
France,FRA,1984,
France,FRA,1983,
France,FRA,1982,
France,FRA,1981,
France,FRA,1980,
France,FRA,1979,
France,FRA,1978,
France,FRA,1977,
France,FRA,1976,
France,FRA,1975,
France,FRA,1974,
France,FRA,1973,
France,FRA,1972,
France,FRA,1971,
France,FRA,1970,
France,FRA,1969,
France,FRA,1968,
France,FRA,1967,
France,FRA,1966,
France,FRA,1965,
France,FRA,1964,
France,FRA,1963,
France,FRA,1962,
France,FRA,1961,
France,FRA,1960,
French Polynesia,PYF,2025,
French Polynesia,PYF,2024,
French Polynesia,PYF,2023,
French Polynesia,PYF,2022,
French Polynesia,PYF,2021,
French Polynesia,PYF,2020,
French Polynesia,PYF,2019,
French Polynesia,PYF,2018,
French Polynesia,PYF,2017,
French Polynesia,PYF,2016,
French Polynesia,PYF,2015,
French Polynesia,PYF,2014,
French Polynesia,PYF,2013,
French Polynesia,PYF,2012,
French Polynesia,PYF,2011,
French Polynesia,PYF,2010,
French Polynesia,PYF,2009,
French Polynesia,PYF,2008,
French Polynesia,PYF,2007,
French Polynesia,PYF,2006,
French Polynesia,PYF,2005,
French Polynesia,PYF,2004,
French Polynesia,PYF,2003,
French Polynesia,PYF,2002,
French Polynesia,PYF,2001,
French Polynesia,PYF,2000,
French Polynesia,PYF,1999,7.40519126558856
French Polynesia,PYF,1998,7.74908728024178
French Polynesia,PYF,1997,7.8712678682971
French Polynesia,PYF,1996,7.69366331479028
French Polynesia,PYF,1995,8.56168845850103
French Polynesia,PYF,1994,8.01983551577142
French Polynesia,PYF,1993,7.53901030527929
French Polynesia,PYF,1992,7.08491389912424
French Polynesia,PYF,1991,9.13380611278556
French Polynesia,PYF,1990,7.82070867116388
French Polynesia,PYF,1989,10.5656455720348
French Polynesia,PYF,1988,12.1601040959981
French Polynesia,PYF,1987,10.9963600523539
French Polynesia,PYF,1986,11.1933471263802
French Polynesia,PYF,1985,11.875456378868
French Polynesia,PYF,1984,12.9791013695264
French Polynesia,PYF,1983,13.8454037591606
French Polynesia,PYF,1982,14.0157203201963
French Polynesia,PYF,1981,11.8793938498767
French Polynesia,PYF,1980,12.0764973841969
French Polynesia,PYF,1979,11.8449508529045
French Polynesia,PYF,1978,9.0147892602728
French Polynesia,PYF,1977,10.4929883180274
French Polynesia,PYF,1976,10.6037386147196
French Polynesia,PYF,1975,10.3922305191694
French Polynesia,PYF,1974,6.78142087541093
French Polynesia,PYF,1973,11.6752824225383
French Polynesia,PYF,1972,8.42131548396485
French Polynesia,PYF,1971,6.6258959580834
French Polynesia,PYF,1970,7.78236171219617
French Polynesia,PYF,1969,7.61081412824415
French Polynesia,PYF,1968,7.01875807327675
French Polynesia,PYF,1967,6.85116350352274
French Polynesia,PYF,1966,6.23204749853861
French Polynesia,PYF,1965,
French Polynesia,PYF,1964,
French Polynesia,PYF,1963,
French Polynesia,PYF,1962,
French Polynesia,PYF,1961,
French Polynesia,PYF,1960,
Gabon,GAB,2025,
Gabon,GAB,2024,
Gabon,GAB,2023,0.294781291901378
Gabon,GAB,2022,0.712774407224003
Gabon,GAB,2021,0.546160744083246
Gabon,GAB,2020,0.371154346551981
Gabon,GAB,2019,0.753985046101979
Gabon,GAB,2018,0.742566851126479
Gabon,GAB,2017,0.760411407876113
Gabon,GAB,2016,0.321802625475098
Gabon,GAB,2015,0.749006160463248
Gabon,GAB,2014,0.644795843901953
Gabon,GAB,2013,0.548796337019914
Gabon,GAB,2012,0.445453345073559
Gabon,GAB,2011,0.442016627460248
Gabon,GAB,2010,0.832714902825777
Gabon,GAB,2009,0.726010334203729
Gabon,GAB,2008,0.478243780413974
Gabon,GAB,2007,0.500788564798481
Gabon,GAB,2006,0.348073416487023
Gabon,GAB,2005,0.583249484584417
Gabon,GAB,2004,0.608861775279836
Gabon,GAB,2003,-0.188295954645124
Gabon,GAB,2002,1.4761758834748
Gabon,GAB,2001,0.196571797233945
Gabon,GAB,2000,0.275550006403821
Gabon,GAB,1999,1.16749475381136
Gabon,GAB,1998,1.12495553400872
Gabon,GAB,1997,0.842239995415812
Gabon,GAB,1996,2.5656055781791
Gabon,GAB,1995,3.34790747996799
Gabon,GAB,1994,4.90223574732024
Gabon,GAB,1993,2.6928144402817
Gabon,GAB,1992,1.40840316971269
Gabon,GAB,1991,2.94294221111083
Gabon,GAB,1990,2.45917179200215
Gabon,GAB,1989,3.34165425454995
Gabon,GAB,1988,2.97285916576747
Gabon,GAB,1987,2.70690224664413
Gabon,GAB,1986,2.49126130778568
Gabon,GAB,1985,1.96195277135001
Gabon,GAB,1984,2.25564679990987
Gabon,GAB,1983,2.04953388386165
Gabon,GAB,1982,1.87148215899048
Gabon,GAB,1981,1.22143339529934
Gabon,GAB,1980,1.44137941006069
Gabon,GAB,1979,1.37218009090519
Gabon,GAB,1978,2.00824468620178
Gabon,GAB,1977,1.02222314158252
Gabon,GAB,1976,1.19969819004647
Gabon,GAB,1975,3.01315164967773
Gabon,GAB,1974,1.73634606743844
Gabon,GAB,1973,5.89010571522474
Gabon,GAB,1972,6.67263660338328
Gabon,GAB,1971,6.63091740587233
Gabon,GAB,1970,7.73538206351219
Gabon,GAB,1969,6.33315377804557
Gabon,GAB,1968,4.98505268760023
Gabon,GAB,1967,6.08913212871287
Gabon,GAB,1966,5.97788053445015
Gabon,GAB,1965,6.31820489675247
Gabon,GAB,1964,7.5476012034521
Gabon,GAB,1963,2.23824133875957
Gabon,GAB,1962,1.54079550902997
Gabon,GAB,1961,0.352131642913867
Gabon,GAB,1960,0.014837462544156
"Gambia, The",GMB,2025,
"Gambia, The",GMB,2024,
"Gambia, The",GMB,2023,14.6082119833504
"Gambia, The",GMB,2022,12.5329494002404
"Gambia, The",GMB,2021,12.6818053945362
"Gambia, The",GMB,2020,16.9191806500435
"Gambia, The",GMB,2019,10.6913168152279
"Gambia, The",GMB,2018,14.2633450361374
"Gambia, The",GMB,2017,19.2648295536394
"Gambia, The",GMB,2016,6.31149193278897
"Gambia, The",GMB,2015,8.47043758172417
"Gambia, The",GMB,2014,8.35783042190058
"Gambia, The",GMB,2013,8.34259905253832
"Gambia, The",GMB,2012,10.0290468753463
"Gambia, The",GMB,2011,9.84987624216632
"Gambia, The",GMB,2010,7.03586618097364
"Gambia, The",GMB,2009,8.80131860203355
"Gambia, The",GMB,2008,6.16006044971031
"Gambia, The",GMB,2007,7.75212286017232
"Gambia, The",GMB,2006,7.30765522694656
"Gambia, The",GMB,2005,6.04393636485342
"Gambia, The",GMB,2004,6.51674965249698
"Gambia, The",GMB,2003,13.6303685243787
"Gambia, The",GMB,2002,11.8239791853194
"Gambia, The",GMB,2001,8.03649387321691
"Gambia, The",GMB,2000,6.5957213181852
"Gambia, The",GMB,1999,4.37129914283813
"Gambia, The",GMB,1998,4.84078343989582
"Gambia, The",GMB,1997,4.98756035055053
"Gambia, The",GMB,1996,4.33342730974642
"Gambia, The",GMB,1995,5.89513161823303
"Gambia, The",GMB,1994,9.45691357357911
"Gambia, The",GMB,1993,11.5335541651114
"Gambia, The",GMB,1992,15.6456424735416
"Gambia, The",GMB,1991,14.8529263349507
"Gambia, The",GMB,1990,33.3567292370272
"Gambia, The",GMB,1989,36.9142517267272
"Gambia, The",GMB,1988,30.6043263316833
"Gambia, The",GMB,1987,41.2373867886373
"Gambia, The",GMB,1986,47.3387635751045
"Gambia, The",GMB,1985,19.1412458277866
"Gambia, The",GMB,1984,29.0093287337575
"Gambia, The",GMB,1983,20.2230263227597
"Gambia, The",GMB,1982,21.9974277817033
"Gambia, The",GMB,1981,31.3313142779454
"Gambia, The",GMB,1980,22.2125207204205
"Gambia, The",GMB,1979,16.7823510458593
"Gambia, The",GMB,1978,19.9618141609811
"Gambia, The",GMB,1977,15.2083065434854
"Gambia, The",GMB,1976,9.57946329537687
"Gambia, The",GMB,1975,7.00503171346845
"Gambia, The",GMB,1974,10.7606197831664
"Gambia, The",GMB,1973,8.71585980310682
"Gambia, The",GMB,1972,8.48084334179208
"Gambia, The",GMB,1971,6.48223319675195
"Gambia, The",GMB,1970,2.50496758218531
"Gambia, The",GMB,1969,8.12520856423536
"Gambia, The",GMB,1968,14.1885102249457
"Gambia, The",GMB,1967,6.44608532380057
"Gambia, The",GMB,1966,8.11995229478302
"Gambia, The",GMB,1965,
"Gambia, The",GMB,1964,
"Gambia, The",GMB,1963,
"Gambia, The",GMB,1962,
"Gambia, The",GMB,1961,
"Gambia, The",GMB,1960,
Georgia,GEO,2025,
Georgia,GEO,2024,
Georgia,GEO,2023,1.28651160735121
Georgia,GEO,2022,1.62086951340553
Georgia,GEO,2021,4.35550203742122
Georgia,GEO,2020,6.83015304633267
Georgia,GEO,2019,2.92792164313843
Georgia,GEO,2018,3.41934694821672
Georgia,GEO,2017,2.85319231483645
Georgia,GEO,2016,3.13828997607769
Georgia,GEO,2015,3.01693744725333
Georgia,GEO,2014,3.17830327940966
Georgia,GEO,2013,3.75743801500664
Georgia,GEO,2012,3.94203126873832
Georgia,GEO,2011,3.6218206913122
Georgia,GEO,2010,4.32248684677615
Georgia,GEO,2009,7.40504157696295
Georgia,GEO,2008,6.42366040245929
Georgia,GEO,2007,3.74113799511023
Georgia,GEO,2006,4.51779363576507
Georgia,GEO,2005,4.53265978910856
Georgia,GEO,2004,6.04338790272639
Georgia,GEO,2003,5.71548937262576
Georgia,GEO,2002,9.31296129872253
Georgia,GEO,2001,9.07943945947113
Georgia,GEO,2000,5.55595874874782
Georgia,GEO,1999,8.37612973351378
Georgia,GEO,1998,5.48521334775839
Georgia,GEO,1997,6.65293135057365
Georgia,GEO,1996,10.2315332436576
Georgia,GEO,1995,8.12148857669504
Georgia,GEO,1994,7.1813261453313
Georgia,GEO,1993,3.94567545403228
Georgia,GEO,1992,0.555162291108515
Georgia,GEO,1991,0.00330312489687155
Georgia,GEO,1990,
Georgia,GEO,1989,
Georgia,GEO,1988,
Georgia,GEO,1987,
Georgia,GEO,1986,
Georgia,GEO,1985,
Georgia,GEO,1984,
Georgia,GEO,1983,
Georgia,GEO,1982,
Georgia,GEO,1981,
Georgia,GEO,1980,
Georgia,GEO,1979,
Georgia,GEO,1978,
Georgia,GEO,1977,
Georgia,GEO,1976,
Georgia,GEO,1975,
Georgia,GEO,1974,
Georgia,GEO,1973,
Georgia,GEO,1972,
Georgia,GEO,1971,
Georgia,GEO,1970,
Georgia,GEO,1969,
Georgia,GEO,1968,
Georgia,GEO,1967,
Georgia,GEO,1966,
Georgia,GEO,1965,
Georgia,GEO,1964,
Georgia,GEO,1963,
Georgia,GEO,1962,
Georgia,GEO,1961,
Georgia,GEO,1960,
Germany,DEU,2025,
Germany,DEU,2024,
Germany,DEU,2023,
Germany,DEU,2022,
Germany,DEU,2021,
Germany,DEU,2020,
Germany,DEU,2019,
Germany,DEU,2018,
Germany,DEU,2017,
Germany,DEU,2016,
Germany,DEU,2015,
Germany,DEU,2014,
Germany,DEU,2013,
Germany,DEU,2012,
Germany,DEU,2011,
Germany,DEU,2010,
Germany,DEU,2009,
Germany,DEU,2008,
Germany,DEU,2007,
Germany,DEU,2006,
Germany,DEU,2005,
Germany,DEU,2004,
Germany,DEU,2003,
Germany,DEU,2002,
Germany,DEU,2001,
Germany,DEU,2000,
Germany,DEU,1999,
Germany,DEU,1998,
Germany,DEU,1997,
Germany,DEU,1996,
Germany,DEU,1995,
Germany,DEU,1994,
Germany,DEU,1993,
Germany,DEU,1992,
Germany,DEU,1991,
Germany,DEU,1990,
Germany,DEU,1989,
Germany,DEU,1988,
Germany,DEU,1987,
Germany,DEU,1986,
Germany,DEU,1985,
Germany,DEU,1984,
Germany,DEU,1983,
Germany,DEU,1982,
Germany,DEU,1981,
Germany,DEU,1980,
Germany,DEU,1979,
Germany,DEU,1978,
Germany,DEU,1977,
Germany,DEU,1976,
Germany,DEU,1975,
Germany,DEU,1974,
Germany,DEU,1973,
Germany,DEU,1972,
Germany,DEU,1971,
Germany,DEU,1970,
Germany,DEU,1969,
Germany,DEU,1968,
Germany,DEU,1967,
Germany,DEU,1966,
Germany,DEU,1965,
Germany,DEU,1964,
Germany,DEU,1963,
Germany,DEU,1962,
Germany,DEU,1961,
Germany,DEU,1960,
Ghana,GHA,2025,
Ghana,GHA,2024,
Ghana,GHA,2023,2.08449022531047
Ghana,GHA,2022,1.44501765492881
Ghana,GHA,2021,1.60841385718992
Ghana,GHA,2020,3.1173348815588
Ghana,GHA,2019,1.39059810703371
Ghana,GHA,2018,1.66212732274913
Ghana,GHA,2017,2.2008397380138
Ghana,GHA,2016,2.44460544497604
Ghana,GHA,2015,3.69231777516219
Ghana,GHA,2014,2.16730934056598
Ghana,GHA,2013,2.17394866163727
Ghana,GHA,2012,4.59284354647094
Ghana,GHA,2011,4.73285710338704
Ghana,GHA,2010,4.32381102713659
Ghana,GHA,2009,6.10563705784182
Ghana,GHA,2008,4.59399674324165
Ghana,GHA,2007,4.71069825745318
Ghana,GHA,2006,6.0860549491327
Ghana,GHA,2005,10.8601609909254
Ghana,GHA,2004,16.3419582104998
Ghana,GHA,2003,13.1905377695442
Ghana,GHA,2002,11.4195740474993
Ghana,GHA,2001,12.3848072077705
Ghana,GHA,2000,12.4206502352805
Ghana,GHA,1999,8.0760802951188
Ghana,GHA,1998,9.60247260535413
Ghana,GHA,1997,7.31280903618554
Ghana,GHA,1996,9.59254222550776
Ghana,GHA,1995,10.26444938132
Ghana,GHA,1994,10.2659246235592
Ghana,GHA,1993,10.7103803405197
Ghana,GHA,1992,9.73427548903778
Ghana,GHA,1991,13.5561937445103
Ghana,GHA,1990,9.68927087992595
Ghana,GHA,1989,13.9371057771979
Ghana,GHA,1988,11.3604920843873
Ghana,GHA,1987,8.28518767775977
Ghana,GHA,1986,6.39808948266827
Ghana,GHA,1985,4.39170361671948
Ghana,GHA,1984,4.88303600875309
Ghana,GHA,1983,2.69551769883136
Ghana,GHA,1982,3.44628825236458
Ghana,GHA,1981,3.42365603559974
Ghana,GHA,1980,4.31077660291738
Ghana,GHA,1979,4.19906983099006
Ghana,GHA,1978,3.06997517312379
Ghana,GHA,1977,2.83731901098003
Ghana,GHA,1976,2.24196360235635
Ghana,GHA,1975,4.45553898643025
Ghana,GHA,1974,1.2632361094981
Ghana,GHA,1973,1.3704427125956
Ghana,GHA,1972,2.80825611516513
Ghana,GHA,1971,2.39564995823981
Ghana,GHA,1970,2.72236747956934
Ghana,GHA,1969,3.72360684579539
Ghana,GHA,1968,3.84919646008222
Ghana,GHA,1967,2.64793233364541
Ghana,GHA,1966,2.95202347016622
Ghana,GHA,1965,2.28038679020847
Ghana,GHA,1964,1.17936114030438
Ghana,GHA,1963,1.18832039967045
Ghana,GHA,1962,0.409935380628796
Ghana,GHA,1961,0.231477122450922
Ghana,GHA,1960,0.244343769857214
Gibraltar,GIB,2025,
Gibraltar,GIB,2024,
Gibraltar,GIB,2023,
Gibraltar,GIB,2022,
Gibraltar,GIB,2021,
Gibraltar,GIB,2020,
Gibraltar,GIB,2019,
Gibraltar,GIB,2018,
Gibraltar,GIB,2017,
Gibraltar,GIB,2016,
Gibraltar,GIB,2015,
Gibraltar,GIB,2014,
Gibraltar,GIB,2013,
Gibraltar,GIB,2012,
Gibraltar,GIB,2011,
Gibraltar,GIB,2010,
Gibraltar,GIB,2009,
Gibraltar,GIB,2008,
Gibraltar,GIB,2007,
Gibraltar,GIB,2006,
Gibraltar,GIB,2005,
Gibraltar,GIB,2004,
Gibraltar,GIB,2003,
Gibraltar,GIB,2002,
Gibraltar,GIB,2001,
Gibraltar,GIB,2000,
Gibraltar,GIB,1999,
Gibraltar,GIB,1998,
Gibraltar,GIB,1997,
Gibraltar,GIB,1996,
Gibraltar,GIB,1995,
Gibraltar,GIB,1994,
Gibraltar,GIB,1993,
Gibraltar,GIB,1992,
Gibraltar,GIB,1991,
Gibraltar,GIB,1990,
Gibraltar,GIB,1989,
Gibraltar,GIB,1988,
Gibraltar,GIB,1987,
Gibraltar,GIB,1986,
Gibraltar,GIB,1985,
Gibraltar,GIB,1984,
Gibraltar,GIB,1983,
Gibraltar,GIB,1982,
Gibraltar,GIB,1981,
Gibraltar,GIB,1980,
Gibraltar,GIB,1979,
Gibraltar,GIB,1978,
Gibraltar,GIB,1977,
Gibraltar,GIB,1976,
Gibraltar,GIB,1975,
Gibraltar,GIB,1974,
Gibraltar,GIB,1973,
Gibraltar,GIB,1972,
Gibraltar,GIB,1971,
Gibraltar,GIB,1970,
Gibraltar,GIB,1969,
Gibraltar,GIB,1968,
Gibraltar,GIB,1967,
Gibraltar,GIB,1966,
Gibraltar,GIB,1965,
Gibraltar,GIB,1964,
Gibraltar,GIB,1963,
Gibraltar,GIB,1962,
Gibraltar,GIB,1961,
Gibraltar,GIB,1960,
Greece,GRC,2025,
Greece,GRC,2024,
Greece,GRC,2023,
Greece,GRC,2022,
Greece,GRC,2021,
Greece,GRC,2020,
Greece,GRC,2019,
Greece,GRC,2018,
Greece,GRC,2017,
Greece,GRC,2016,
Greece,GRC,2015,
Greece,GRC,2014,
Greece,GRC,2013,
Greece,GRC,2012,
Greece,GRC,2011,
Greece,GRC,2010,
Greece,GRC,2009,
Greece,GRC,2008,
Greece,GRC,2007,
Greece,GRC,2006,
Greece,GRC,2005,
Greece,GRC,2004,
Greece,GRC,2003,
Greece,GRC,2002,
Greece,GRC,2001,
Greece,GRC,2000,
Greece,GRC,1999,
Greece,GRC,1998,
Greece,GRC,1997,
Greece,GRC,1996,
Greece,GRC,1995,
Greece,GRC,1994,
Greece,GRC,1993,
Greece,GRC,1992,
Greece,GRC,1991,
Greece,GRC,1990,
Greece,GRC,1989,
Greece,GRC,1988,
Greece,GRC,1987,
Greece,GRC,1986,
Greece,GRC,1985,
Greece,GRC,1984,
Greece,GRC,1983,
Greece,GRC,1982,
Greece,GRC,1981,
Greece,GRC,1980,
Greece,GRC,1979,
Greece,GRC,1978,
Greece,GRC,1977,
Greece,GRC,1976,
Greece,GRC,1975,
Greece,GRC,1974,
Greece,GRC,1973,
Greece,GRC,1972,
Greece,GRC,1971,
Greece,GRC,1970,
Greece,GRC,1969,
Greece,GRC,1968,
Greece,GRC,1967,
Greece,GRC,1966,
Greece,GRC,1965,
Greece,GRC,1964,
Greece,GRC,1963,
Greece,GRC,1962,
Greece,GRC,1961,
Greece,GRC,1960,
Greenland,GRL,2025,
Greenland,GRL,2024,
Greenland,GRL,2023,
Greenland,GRL,2022,
Greenland,GRL,2021,
Greenland,GRL,2020,
Greenland,GRL,2019,
Greenland,GRL,2018,
Greenland,GRL,2017,
Greenland,GRL,2016,
Greenland,GRL,2015,
Greenland,GRL,2014,
Greenland,GRL,2013,
Greenland,GRL,2012,
Greenland,GRL,2011,
Greenland,GRL,2010,
Greenland,GRL,2009,
Greenland,GRL,2008,
Greenland,GRL,2007,
Greenland,GRL,2006,
Greenland,GRL,2005,
Greenland,GRL,2004,
Greenland,GRL,2003,
Greenland,GRL,2002,
Greenland,GRL,2001,
Greenland,GRL,2000,
Greenland,GRL,1999,
Greenland,GRL,1998,
Greenland,GRL,1997,
Greenland,GRL,1996,
Greenland,GRL,1995,
Greenland,GRL,1994,
Greenland,GRL,1993,
Greenland,GRL,1992,
Greenland,GRL,1991,
Greenland,GRL,1990,
Greenland,GRL,1989,
Greenland,GRL,1988,
Greenland,GRL,1987,
Greenland,GRL,1986,
Greenland,GRL,1985,
Greenland,GRL,1984,
Greenland,GRL,1983,
Greenland,GRL,1982,
Greenland,GRL,1981,
Greenland,GRL,1980,
Greenland,GRL,1979,
Greenland,GRL,1978,
Greenland,GRL,1977,
Greenland,GRL,1976,
Greenland,GRL,1975,
Greenland,GRL,1974,
Greenland,GRL,1973,
Greenland,GRL,1972,
Greenland,GRL,1971,
Greenland,GRL,1970,
Greenland,GRL,1969,
Greenland,GRL,1968,
Greenland,GRL,1967,
Greenland,GRL,1966,
Greenland,GRL,1965,
Greenland,GRL,1964,
Greenland,GRL,1963,
Greenland,GRL,1962,
Greenland,GRL,1961,
Greenland,GRL,1960,
Grenada,GRD,2025,
Grenada,GRD,2024,
Grenada,GRD,2023,3.21426435015145
Grenada,GRD,2022,-8.22394934283269
Grenada,GRD,2021,6.65832413838939
Grenada,GRD,2020,7.16091384175973
Grenada,GRD,2019,1.34401998058267
Grenada,GRD,2018,3.01362314224612
Grenada,GRD,2017,0.581392998151068
Grenada,GRD,2016,0.888978342363133
Grenada,GRD,2015,2.7364762297341
Grenada,GRD,2014,4.79114125473062
Grenada,GRD,2013,1.53344046798384
Grenada,GRD,2012,1.00050356053721
Grenada,GRD,2011,1.61031366002508
Grenada,GRD,2010,4.17432815758468
Grenada,GRD,2009,6.47058759813895
Grenada,GRD,2008,4.05961737173789
Grenada,GRD,2007,3.63637330038811
Grenada,GRD,2006,4.00209531261847
Grenada,GRD,2005,7.8828255240218
Grenada,GRD,2004,2.92244430676511
Grenada,GRD,2003,1.99472426524284
Grenada,GRD,2002,2.07404742650621
Grenada,GRD,2001,2.35750787869511
Grenada,GRD,2000,3.46947254346594
Grenada,GRD,1999,2.28127034269665
Grenada,GRD,1998,1.4821652019864
Grenada,GRD,1997,2.36644670658553
Grenada,GRD,1996,3.3711563503141
Grenada,GRD,1995,3.29147418433939
Grenada,GRD,1994,7.46450349208232
Grenada,GRD,1993,2.61168421629125
Grenada,GRD,1992,4.2418003312634
Grenada,GRD,1991,5.59766203380535
Grenada,GRD,1990,5.18359144237537
Grenada,GRD,1989,5.68282507153583
Grenada,GRD,1988,8.70553736867568
Grenada,GRD,1987,9.18083537867726
Grenada,GRD,1986,13.1511244000442
Grenada,GRD,1985,21.1769855739937
Grenada,GRD,1984,19.5315242166448
Grenada,GRD,1983,5.82943639200061
Grenada,GRD,1982,5.11905797493284
Grenada,GRD,1981,5.47113955150878
Grenada,GRD,1980,3.54136069298436
Grenada,GRD,1979,2.82368759642201
Grenada,GRD,1978,2.98246537123536
Grenada,GRD,1977,4.75795670976677
Grenada,GRD,1976,
Grenada,GRD,1975,
Grenada,GRD,1974,
Grenada,GRD,1973,
Grenada,GRD,1972,
Grenada,GRD,1971,
Grenada,GRD,1970,
Grenada,GRD,1969,
Grenada,GRD,1968,
Grenada,GRD,1967,
Grenada,GRD,1966,
Grenada,GRD,1965,
Grenada,GRD,1964,
Grenada,GRD,1963,
Grenada,GRD,1962,
Grenada,GRD,1961,
Grenada,GRD,1960,
Guam,GUM,2025,
Guam,GUM,2024,
Guam,GUM,2023,
Guam,GUM,2022,
Guam,GUM,2021,
Guam,GUM,2020,
Guam,GUM,2019,
Guam,GUM,2018,
Guam,GUM,2017,
Guam,GUM,2016,
Guam,GUM,2015,
Guam,GUM,2014,
Guam,GUM,2013,
Guam,GUM,2012,
Guam,GUM,2011,
Guam,GUM,2010,
Guam,GUM,2009,
Guam,GUM,2008,
Guam,GUM,2007,
Guam,GUM,2006,
Guam,GUM,2005,
Guam,GUM,2004,
Guam,GUM,2003,
Guam,GUM,2002,
Guam,GUM,2001,
Guam,GUM,2000,
Guam,GUM,1999,
Guam,GUM,1998,
Guam,GUM,1997,
Guam,GUM,1996,
Guam,GUM,1995,
Guam,GUM,1994,
Guam,GUM,1993,
Guam,GUM,1992,
Guam,GUM,1991,
Guam,GUM,1990,
Guam,GUM,1989,
Guam,GUM,1988,
Guam,GUM,1987,
Guam,GUM,1986,
Guam,GUM,1985,
Guam,GUM,1984,
Guam,GUM,1983,
Guam,GUM,1982,
Guam,GUM,1981,
Guam,GUM,1980,
Guam,GUM,1979,
Guam,GUM,1978,
Guam,GUM,1977,
Guam,GUM,1976,
Guam,GUM,1975,
Guam,GUM,1974,
Guam,GUM,1973,
Guam,GUM,1972,
Guam,GUM,1971,
Guam,GUM,1970,
Guam,GUM,1969,
Guam,GUM,1968,
Guam,GUM,1967,
Guam,GUM,1966,
Guam,GUM,1965,
Guam,GUM,1964,
Guam,GUM,1963,
Guam,GUM,1962,
Guam,GUM,1961,
Guam,GUM,1960,
Guatemala,GTM,2025,
Guatemala,GTM,2024,
Guatemala,GTM,2023,0.43638392080902
Guatemala,GTM,2022,0.469560644023403
Guatemala,GTM,2021,0.609931485166026
Guatemala,GTM,2020,0.621929153920041
Guatemala,GTM,2019,0.513949123778097
Guatemala,GTM,2018,0.556086476225846
Guatemala,GTM,2017,0.523166987632508
Guatemala,GTM,2016,0.410731969113683
Guatemala,GTM,2015,0.677590582744511
Guatemala,GTM,2014,0.49673751850485
Guatemala,GTM,2013,0.959423972620772
Guatemala,GTM,2012,0.627740125789485
Guatemala,GTM,2011,0.775846841665399
Guatemala,GTM,2010,1.01034540277328
Guatemala,GTM,2009,1.04557807492174
Guatemala,GTM,2008,1.42462458144687
Guatemala,GTM,2007,1.42101888193547
Guatemala,GTM,2006,1.72264020298322
Guatemala,GTM,2005,1.02470356129512
Guatemala,GTM,2004,1.00792204085786
Guatemala,GTM,2003,1.21978749607094
Guatemala,GTM,2002,1.2582680488906
Guatemala,GTM,2001,1.23989492377709
Guatemala,GTM,2000,1.36639271770539
Guatemala,GTM,1999,1.55074306557349
Guatemala,GTM,1998,1.19869212381766
Guatemala,GTM,1997,1.46028983064568
Guatemala,GTM,1996,1.18381844334445
Guatemala,GTM,1995,1.41656797528092
Guatemala,GTM,1994,1.52514152427819
Guatemala,GTM,1993,1.9398816275491
Guatemala,GTM,1992,1.92615719028481
Guatemala,GTM,1991,2.05496198995819
Guatemala,GTM,1990,2.49393155862088
Guatemala,GTM,1989,2.8974681296237
Guatemala,GTM,1988,2.75396825068399
Guatemala,GTM,1987,3.45208614850655
Guatemala,GTM,1986,1.74319764334818
Guatemala,GTM,1985,0.795891557214857
Guatemala,GTM,1984,0.524429489243962
Guatemala,GTM,1983,0.637776481139652
Guatemala,GTM,1982,0.509217319907745
Guatemala,GTM,1981,0.452603890457562
Guatemala,GTM,1980,0.535572959493436
Guatemala,GTM,1979,0.599249849675112
Guatemala,GTM,1978,0.529976388480315
Guatemala,GTM,1977,0.774449050815311
Guatemala,GTM,1976,1.15844766751662
Guatemala,GTM,1975,0.839967588335546
Guatemala,GTM,1974,0.712060407527037
Guatemala,GTM,1973,0.728014905529208
Guatemala,GTM,1972,0.923286449493423
Guatemala,GTM,1971,0.614545245786366
Guatemala,GTM,1970,0.777682507711534
Guatemala,GTM,1969,0.805501014375913
Guatemala,GTM,1968,1.05249831164799
Guatemala,GTM,1967,1.05501709186534
Guatemala,GTM,1966,0.753001119059272
Guatemala,GTM,1965,1.05326973340911
Guatemala,GTM,1964,0.948443947228149
Guatemala,GTM,1963,0.848150008068069
Guatemala,GTM,1962,0.881859109502194
Guatemala,GTM,1961,1.45353756149852
Guatemala,GTM,1960,1.60956244297005
Guinea,GIN,2025,
Guinea,GIN,2024,
Guinea,GIN,2023,2.59696445733549
Guinea,GIN,2022,2.56755887810027
Guinea,GIN,2021,3.62711477857346
Guinea,GIN,2020,5.2157127604623
Guinea,GIN,2019,4.22224698513303
Guinea,GIN,2018,5.60156014926226
Guinea,GIN,2017,4.5964301581396
Guinea,GIN,2016,6.67542208453164
Guinea,GIN,2015,6.23514738755761
Guinea,GIN,2014,6.5737397786801
Guinea,GIN,2013,5.86370150574051
Guinea,GIN,2012,8.42435543078333
Guinea,GIN,2011,3.03853836179582
Guinea,GIN,2010,3.24259762300587
Guinea,GIN,2009,3.32368523618311
Guinea,GIN,2008,5.11018370924785
Guinea,GIN,2007,4.1425369236251
Guinea,GIN,2006,4.14242826808869
Guinea,GIN,2005,4.81874256294101
Guinea,GIN,2004,5.46141019605772
Guinea,GIN,2003,5.24368615116902
Guinea,GIN,2002,5.95443060215329
Guinea,GIN,2001,7.1623820833462
Guinea,GIN,2000,3.57235355443486
Guinea,GIN,1999,4.78746710308779
Guinea,GIN,1998,7.0332218851267
Guinea,GIN,1997,7.05484906192808
Guinea,GIN,1996,5.36818863539814
Guinea,GIN,1995,7.84003045871149
Guinea,GIN,1994,7.37158983829836
Guinea,GIN,1993,8.73332832834115
Guinea,GIN,1992,9.62260690394028
Guinea,GIN,1991,8.92425392116821
Guinea,GIN,1990,7.79747984742667
Guinea,GIN,1989,10.75653793104
Guinea,GIN,1988,7.6214841160682
Guinea,GIN,1987,7.74089087703601
Guinea,GIN,1986,6.11512214536788
Guinea,GIN,1985,0.538187596198662
Guinea,GIN,1984,0.708784254225963
Guinea,GIN,1983,0.477218656712387
Guinea,GIN,1982,1.05174545432463
Guinea,GIN,1981,1.19918325252521
Guinea,GIN,1980,0.988073293136202
Guinea,GIN,1979,0.679756960654857
Guinea,GIN,1978,0.796366661211871
Guinea,GIN,1977,0.354991030753867
Guinea,GIN,1976,0.16718126306279
Guinea,GIN,1975,0.43370140411638
Guinea,GIN,1974,0.378030007055807
Guinea,GIN,1973,0.236522518760204
Guinea,GIN,1972,0.123774518423643
Guinea,GIN,1971,0.288569857251066
Guinea,GIN,1970,0.345700461737342
Guinea,GIN,1969,
Guinea,GIN,1968,
Guinea,GIN,1967,
Guinea,GIN,1966,
Guinea,GIN,1965,
Guinea,GIN,1964,
Guinea,GIN,1963,
Guinea,GIN,1962,
Guinea,GIN,1961,
Guinea,GIN,1960,
Guinea-Bissau,GNB,2025,
Guinea-Bissau,GNB,2024,
Guinea-Bissau,GNB,2023,8.82888775801468
Guinea-Bissau,GNB,2022,8.01062831532121
Guinea-Bissau,GNB,2021,8.86300250896866
Guinea-Bissau,GNB,2020,8.59611700532698
Guinea-Bissau,GNB,2019,6.99334323455968
Guinea-Bissau,GNB,2018,10.219563125006
Guinea-Bissau,GNB,2017,7.63652595118787
Guinea-Bissau,GNB,2016,15.5870369377009
Guinea-Bissau,GNB,2015,8.07222523892138
Guinea-Bissau,GNB,2014,9.40270893008434
Guinea-Bissau,GNB,2013,9.58749683356153
Guinea-Bissau,GNB,2012,7.89817733089944
Guinea-Bissau,GNB,2011,10.5956031782042
Guinea-Bissau,GNB,2010,12.5955368167154
Guinea-Bissau,GNB,2009,16.9954716837027
Guinea-Bissau,GNB,2008,14.465864380403
Guinea-Bissau,GNB,2007,16.8947059265383
Guinea-Bissau,GNB,2006,14.0901299977412
Guinea-Bissau,GNB,2005,10.5802427203263
Guinea-Bissau,GNB,2004,13.5968713930218
Guinea-Bissau,GNB,2003,26.684902338181
Guinea-Bissau,GNB,2002,13.0748336893896
Guinea-Bissau,GNB,2001,15.1509182874676
Guinea-Bissau,GNB,2000,21.3953189370911
Guinea-Bissau,GNB,1999,9.30871496121904
Guinea-Bissau,GNB,1998,16.6414780682956
Guinea-Bissau,GNB,1997,18.2113252494697
Guinea-Bissau,GNB,1996,26.4161921517361
Guinea-Bissau,GNB,1995,18.4007204587897
Guinea-Bissau,GNB,1994,29.7424868390724
Guinea-Bissau,GNB,1993,16.1094199416744
Guinea-Bissau,GNB,1992,19.1426226257553
Guinea-Bissau,GNB,1991,17.7512495721301
Guinea-Bissau,GNB,1990,20.6485532739802
Guinea-Bissau,GNB,1989,21.8431805849524
Guinea-Bissau,GNB,1988,24.7341652071632
Guinea-Bissau,GNB,1987,25.592556499128
Guinea-Bissau,GNB,1986,21.5045928272638
Guinea-Bissau,GNB,1985,15.3426428963967
Guinea-Bissau,GNB,1984,15.3090307189045
Guinea-Bissau,GNB,1983,14.9919657898725
Guinea-Bissau,GNB,1982,14.9662463683851
Guinea-Bissau,GNB,1981,16.006865248843
Guinea-Bissau,GNB,1980,20.6208390344949
Guinea-Bissau,GNB,1979,17.1418367473356
Guinea-Bissau,GNB,1978,15.8882238869011
Guinea-Bissau,GNB,1977,13.3238668075871
Guinea-Bissau,GNB,1976,8.72618218351423
Guinea-Bissau,GNB,1975,7.26475655998392
Guinea-Bissau,GNB,1974,3.91790746101825
Guinea-Bissau,GNB,1973,0.00430419860731649
Guinea-Bissau,GNB,1972,
Guinea-Bissau,GNB,1971,0.0538773844281304
Guinea-Bissau,GNB,1970,
Guinea-Bissau,GNB,1969,
Guinea-Bissau,GNB,1968,
Guinea-Bissau,GNB,1967,
Guinea-Bissau,GNB,1966,
Guinea-Bissau,GNB,1965,
Guinea-Bissau,GNB,1964,
Guinea-Bissau,GNB,1963,
Guinea-Bissau,GNB,1962,
Guinea-Bissau,GNB,1961,
Guinea-Bissau,GNB,1960,
Guyana,GUY,2025,
Guyana,GUY,2024,
Guyana,GUY,2023,1.03606001670447
Guyana,GUY,2022,2.24923345338212
Guyana,GUY,2021,2.17236002117283
Guyana,GUY,2020,0.991588886563332
Guyana,GUY,2019,2.21009039022524
Guyana,GUY,2018,2.22195097477101
Guyana,GUY,2017,1.09589766335715
Guyana,GUY,2016,1.5782126371403
Guyana,GUY,2015,0.746626190409227
Guyana,GUY,2014,3.86610494374567
Guyana,GUY,2013,2.41251026816215
Guyana,GUY,2012,2.81183233058028
Guyana,GUY,2011,2.86850978829301
Guyana,GUY,2010,2.97646991718138
Guyana,GUY,2009,3.53255178568329
Guyana,GUY,2008,3.99919223052137
Guyana,GUY,2007,2.87082416908375
Guyana,GUY,2006,5.60436192852036
Guyana,GUY,2005,12.5998468325202
Guyana,GUY,2004,13.40577811739
Guyana,GUY,2003,8.46706351422371
Guyana,GUY,2002,7.04175280558
Guyana,GUY,2001,9.67228761592224
Guyana,GUY,2000,9.51597522701665
Guyana,GUY,1999,8.88370532343431
Guyana,GUY,1998,11.3982230404927
Guyana,GUY,1997,34.8580377513397
Guyana,GUY,1996,13.5930223234281
Guyana,GUY,1995,12.7107049250606
Guyana,GUY,1994,14.8712014200564
Guyana,GUY,1993,24.2601333536718
Guyana,GUY,1992,25.6323204589555
Guyana,GUY,1991,59.8267917731328
Guyana,GUY,1990,56.9614520438554
Guyana,GUY,1989,15.4475403105074
Guyana,GUY,1988,7.12942628864224
Guyana,GUY,1987,9.01508547840741
Guyana,GUY,1986,5.78292419867855
Guyana,GUY,1985,2.78525669866871
Guyana,GUY,1984,2.68606516542286
Guyana,GUY,1983,3.62430472518954
Guyana,GUY,1982,5.82157048070055
Guyana,GUY,1981,10.2312234484194
Guyana,GUY,1980,4.74875226639868
Guyana,GUY,1979,5.90272260452507
Guyana,GUY,1978,5.41933337289213
Guyana,GUY,1977,2.74468076990005
Guyana,GUY,1976,5.12182662667291
Guyana,GUY,1975,2.0996103001756
Guyana,GUY,1974,2.94985650047605
Guyana,GUY,1973,2.77099988915912
Guyana,GUY,1972,4.53404957201676
Guyana,GUY,1971,6.22230649694217
Guyana,GUY,1970,6.88704098245236
Guyana,GUY,1969,7.91083932756543
Guyana,GUY,1968,7.2622753760058
Guyana,GUY,1967,4.90592439575349
Guyana,GUY,1966,4.13900593364216
Guyana,GUY,1965,3.52088877360026
Guyana,GUY,1964,2.84778199862497
Guyana,GUY,1963,3.85056855716126
Guyana,GUY,1962,4.78137274568128
Guyana,GUY,1961,5.41962025550511
Guyana,GUY,1960,4.84402632703226
Haiti,HTI,2025,
Haiti,HTI,2024,
Haiti,HTI,2023,5.42767629221563
Haiti,HTI,2022,4.43392676470454
Haiti,HTI,2021,4.54317384596422
Haiti,HTI,2020,6.11553096179816
Haiti,HTI,2019,4.62637237565588
Haiti,HTI,2018,6.18150331039339
Haiti,HTI,2017,6.47609738607413
Haiti,HTI,2016,7.59133783368646
Haiti,HTI,2015,7.02377092978679
Haiti,HTI,2014,7.122698563898
Haiti,HTI,2013,7.71483496147201
Haiti,HTI,2012,9.25163996919454
Haiti,HTI,2011,11.5468322722878
Haiti,HTI,2010,23.3753973206209
Haiti,HTI,2009,8.53386203338874
Haiti,HTI,2008,7.89976573706581
Haiti,HTI,2007,6.74509834433348
Haiti,HTI,2006,6.95241289417638
Haiti,HTI,2005,5.24128839450101
Haiti,HTI,2004,4.61008926957598
Haiti,HTI,2003,3.69229448368588
Haiti,HTI,2002,2.45390253218329
Haiti,HTI,2001,2.6892843025574
Haiti,HTI,2000,2.66951703780281
Haiti,HTI,1999,5.14105617651714
Haiti,HTI,1998,9.40335944777702
Haiti,HTI,1997,8.38229917561346
Haiti,HTI,1996,11.3377474392856
Haiti,HTI,1995,23.211563960743
Haiti,HTI,1994,28.4098013288039
Haiti,HTI,1993,6.4583707422041
Haiti,HTI,1992,4.47660210667334
Haiti,HTI,1991,4.93725695704168
Haiti,HTI,1990,5.05865705132667
Haiti,HTI,1989,6.86473461717644
Haiti,HTI,1988,5.255911117432
Haiti,HTI,1987,10.3874085959024
Haiti,HTI,1986,7.70890022335312
Haiti,HTI,1985,6.94209741631777
Haiti,HTI,1984,6.44110023106232
Haiti,HTI,1983,7.27041141465162
Haiti,HTI,1982,7.78191710976852
Haiti,HTI,1981,6.5557781451381
Haiti,HTI,1980,6.93902875350835
Haiti,HTI,1979,
Haiti,HTI,1978,
Haiti,HTI,1977,
Haiti,HTI,1976,
Haiti,HTI,1975,
Haiti,HTI,1974,
Haiti,HTI,1973,
Haiti,HTI,1972,
Haiti,HTI,1971,
Haiti,HTI,1970,
Haiti,HTI,1969,
Haiti,HTI,1968,
Haiti,HTI,1967,
Haiti,HTI,1966,
Haiti,HTI,1965,
Haiti,HTI,1964,
Haiti,HTI,1963,
Haiti,HTI,1962,
Haiti,HTI,1961,
Haiti,HTI,1960,
Honduras,HND,2025,
Honduras,HND,2024,
Honduras,HND,2023,1.734300280415
Honduras,HND,2022,2.72299471683383
Honduras,HND,2021,2.40068922437786
Honduras,HND,2020,5.45893529818553
Honduras,HND,2019,1.97593951065972
Honduras,HND,2018,2.99904399429131
Honduras,HND,2017,2.03605935404741
Honduras,HND,2016,2.04171440031698
Honduras,HND,2015,2.76526571378543
Honduras,HND,2014,3.33690385877224
Honduras,HND,2013,3.63962222646043
Honduras,HND,2012,3.28283002323091
Honduras,HND,2011,2.14237906175942
Honduras,HND,2010,2.34942932238785
Honduras,HND,2009,2.92608930790309
Honduras,HND,2008,3.42962332434296
Honduras,HND,2007,3.4072006839876
Honduras,HND,2006,4.99020316798761
Honduras,HND,2005,6.9824025784415
Honduras,HND,2004,6.41270311769477
Honduras,HND,2003,4.03449722803135
Honduras,HND,2002,5.0542526104374
Honduras,HND,2001,7.60546950995948
Honduras,HND,2000,5.74179222489537
Honduras,HND,1999,12.1524655370982
Honduras,HND,1998,4.7618371396566
Honduras,HND,1997,5.14473463849429
Honduras,HND,1996,5.25881909639313
Honduras,HND,1995,8.49921008372639
Honduras,HND,1994,6.58665412449966
Honduras,HND,1993,7.27900568630066
Honduras,HND,1992,8.31343395105559
Honduras,HND,1991,8.76679794408522
Honduras,HND,1990,11.88625642439
Honduras,HND,1989,5.93585005732334
Honduras,HND,1988,6.31192726966043
Honduras,HND,1987,5.26037645083983
Honduras,HND,1986,5.94960076510754
Honduras,HND,1985,5.7517589068034
Honduras,HND,1984,5.5963468891578
Honduras,HND,1983,3.98877849813408
Honduras,HND,1982,3.58854632720722
Honduras,HND,1981,2.62962628697748
Honduras,HND,1980,2.8711855431257
Honduras,HND,1979,2.65821360962324
Honduras,HND,1978,2.17855359912839
Honduras,HND,1977,1.7661188226304
Honduras,HND,1976,1.94932412861423
Honduras,HND,1975,2.89227939495909
Honduras,HND,1974,1.58601057340382
Honduras,HND,1973,1.27453729737488
Honduras,HND,1972,1.62787952038137
Honduras,HND,1971,1.25702658291324
Honduras,HND,1970,1.58085728967831
Honduras,HND,1969,1.50157418485472
Honduras,HND,1968,2.04707506952161
Honduras,HND,1967,1.20452209138102
Honduras,HND,1966,1.4379663847242
Honduras,HND,1965,1.82929697880616
Honduras,HND,1964,1.83359014520579
Honduras,HND,1963,1.33698633272354
Honduras,HND,1962,1.11332020658923
Honduras,HND,1961,1.46127815102287
Honduras,HND,1960,1.1132911927791
"Hong Kong SAR, China",HKG,2025,
"Hong Kong SAR, China",HKG,2024,
"Hong Kong SAR, China",HKG,2023,
"Hong Kong SAR, China",HKG,2022,
"Hong Kong SAR, China",HKG,2021,
"Hong Kong SAR, China",HKG,2020,
"Hong Kong SAR, China",HKG,2019,
"Hong Kong SAR, China",HKG,2018,
"Hong Kong SAR, China",HKG,2017,
"Hong Kong SAR, China",HKG,2016,
"Hong Kong SAR, China",HKG,2015,
"Hong Kong SAR, China",HKG,2014,
"Hong Kong SAR, China",HKG,2013,
"Hong Kong SAR, China",HKG,2012,
"Hong Kong SAR, China",HKG,2011,
"Hong Kong SAR, China",HKG,2010,
"Hong Kong SAR, China",HKG,2009,
"Hong Kong SAR, China",HKG,2008,
"Hong Kong SAR, China",HKG,2007,
"Hong Kong SAR, China",HKG,2006,
"Hong Kong SAR, China",HKG,2005,
"Hong Kong SAR, China",HKG,2004,
"Hong Kong SAR, China",HKG,2003,
"Hong Kong SAR, China",HKG,2002,
"Hong Kong SAR, China",HKG,2001,
"Hong Kong SAR, China",HKG,2000,
"Hong Kong SAR, China",HKG,1999,
"Hong Kong SAR, China",HKG,1998,
"Hong Kong SAR, China",HKG,1997,
"Hong Kong SAR, China",HKG,1996,0.00833658476899171
"Hong Kong SAR, China",HKG,1995,0.0121504366114658
"Hong Kong SAR, China",HKG,1994,0.0197424154617483
"Hong Kong SAR, China",HKG,1993,0.025011039279721
"Hong Kong SAR, China",HKG,1992,-0.0387359410895578
"Hong Kong SAR, China",HKG,1991,0.0419298352408172
"Hong Kong SAR, China",HKG,1990,0.0510269297809875
"Hong Kong SAR, China",HKG,1989,0.060480283908867
"Hong Kong SAR, China",HKG,1988,0.0379130258232354
"Hong Kong SAR, China",HKG,1987,0.039327120043586
"Hong Kong SAR, China",HKG,1986,0.0461118153532464
"Hong Kong SAR, China",HKG,1985,0.0587342622136414
"Hong Kong SAR, China",HKG,1984,0.041910501363845
"Hong Kong SAR, China",HKG,1983,0.0299935409150278
"Hong Kong SAR, China",HKG,1982,0.0250064634773065
"Hong Kong SAR, China",HKG,1981,0.0311627832179445
"Hong Kong SAR, China",HKG,1980,0.0382165545523516
"Hong Kong SAR, China",HKG,1979,0.0532398330196025
"Hong Kong SAR, China",HKG,1978,0.01290493264738
"Hong Kong SAR, China",HKG,1977,0.0132585114256984
"Hong Kong SAR, China",HKG,1976,0.0209426515017214
"Hong Kong SAR, China",HKG,1975,-0.0114172748701167
"Hong Kong SAR, China",HKG,1974,0.0110325289823696
"Hong Kong SAR, China",HKG,1973,0.0113988097814044
"Hong Kong SAR, China",HKG,1972,0.0509204076743439
"Hong Kong SAR, China",HKG,1971,0.0814502293402152
"Hong Kong SAR, China",HKG,1970,0.0372347541802994
"Hong Kong SAR, China",HKG,1969,0.0405757679455583
"Hong Kong SAR, China",HKG,1968,0.048742838865598
"Hong Kong SAR, China",HKG,1967,0.0986967032920826
"Hong Kong SAR, China",HKG,1966,0.0994955531329279
"Hong Kong SAR, China",HKG,1965,0.17499640575599
"Hong Kong SAR, China",HKG,1964,0.012362123850658
"Hong Kong SAR, China",HKG,1963,0.276208961390082
"Hong Kong SAR, China",HKG,1962,0.11090741668395
"Hong Kong SAR, China",HKG,1961,0.335803330403397
"Hong Kong SAR, China",HKG,1960,0.439410638566536
Hungary,HUN,2025,
Hungary,HUN,2024,
Hungary,HUN,2023,
Hungary,HUN,2022,
Hungary,HUN,2021,
Hungary,HUN,2020,
Hungary,HUN,2019,
Hungary,HUN,2018,
Hungary,HUN,2017,
Hungary,HUN,2016,
Hungary,HUN,2015,
Hungary,HUN,2014,
Hungary,HUN,2013,
Hungary,HUN,2012,
Hungary,HUN,2011,
Hungary,HUN,2010,
Hungary,HUN,2009,
Hungary,HUN,2008,
Hungary,HUN,2007,
Hungary,HUN,2006,
Hungary,HUN,2005,
Hungary,HUN,2004,
Hungary,HUN,2003,
Hungary,HUN,2002,
Hungary,HUN,2001,
Hungary,HUN,2000,
Hungary,HUN,1999,
Hungary,HUN,1998,
Hungary,HUN,1997,
Hungary,HUN,1996,
Hungary,HUN,1995,
Hungary,HUN,1994,
Hungary,HUN,1993,
Hungary,HUN,1992,
Hungary,HUN,1991,
Hungary,HUN,1990,
Hungary,HUN,1989,
Hungary,HUN,1988,
Hungary,HUN,1987,
Hungary,HUN,1986,
Hungary,HUN,1985,
Hungary,HUN,1984,
Hungary,HUN,1983,
Hungary,HUN,1982,
Hungary,HUN,1981,
Hungary,HUN,1980,
Hungary,HUN,1979,
Hungary,HUN,1978,
Hungary,HUN,1977,
Hungary,HUN,1976,
Hungary,HUN,1975,
Hungary,HUN,1974,
Hungary,HUN,1973,
Hungary,HUN,1972,
Hungary,HUN,1971,
Hungary,HUN,1970,
Hungary,HUN,1969,
Hungary,HUN,1968,
Hungary,HUN,1967,
Hungary,HUN,1966,
Hungary,HUN,1965,
Hungary,HUN,1964,
Hungary,HUN,1963,
Hungary,HUN,1962,
Hungary,HUN,1961,
Hungary,HUN,1960,
Iceland,ISL,2025,
Iceland,ISL,2024,
Iceland,ISL,2023,
Iceland,ISL,2022,
Iceland,ISL,2021,
Iceland,ISL,2020,
Iceland,ISL,2019,
Iceland,ISL,2018,
Iceland,ISL,2017,
Iceland,ISL,2016,
Iceland,ISL,2015,
Iceland,ISL,2014,
Iceland,ISL,2013,
Iceland,ISL,2012,
Iceland,ISL,2011,
Iceland,ISL,2010,
Iceland,ISL,2009,
Iceland,ISL,2008,
Iceland,ISL,2007,
Iceland,ISL,2006,
Iceland,ISL,2005,
Iceland,ISL,2004,
Iceland,ISL,2003,
Iceland,ISL,2002,
Iceland,ISL,2001,
Iceland,ISL,2000,
Iceland,ISL,1999,
Iceland,ISL,1998,
Iceland,ISL,1997,
Iceland,ISL,1996,
Iceland,ISL,1995,
Iceland,ISL,1994,
Iceland,ISL,1993,
Iceland,ISL,1992,
Iceland,ISL,1991,
Iceland,ISL,1990,
Iceland,ISL,1989,
Iceland,ISL,1988,
Iceland,ISL,1987,
Iceland,ISL,1986,
Iceland,ISL,1985,
Iceland,ISL,1984,
Iceland,ISL,1983,
Iceland,ISL,1982,
Iceland,ISL,1981,
Iceland,ISL,1980,
Iceland,ISL,1979,
Iceland,ISL,1978,
Iceland,ISL,1977,
Iceland,ISL,1976,
Iceland,ISL,1975,
Iceland,ISL,1974,
Iceland,ISL,1973,
Iceland,ISL,1972,
Iceland,ISL,1971,
Iceland,ISL,1970,
Iceland,ISL,1969,
Iceland,ISL,1968,
Iceland,ISL,1967,
Iceland,ISL,1966,
Iceland,ISL,1965,
Iceland,ISL,1964,
Iceland,ISL,1963,
Iceland,ISL,1962,
Iceland,ISL,1961,
Iceland,ISL,1960,
India,IND,2025,
India,IND,2024,
India,IND,2023,0.0662234066482821
India,IND,2022,0.085395204884421
India,IND,2021,0.10021711669804
India,IND,2020,0.0680475973856743
India,IND,2019,0.0908498823485309
India,IND,2018,0.0920717165660618
India,IND,2017,0.121935867816169
India,IND,2016,0.118097798410492
India,IND,2015,0.152672881309943
India,IND,2014,0.148476420712042
India,IND,2013,0.133962818068852
India,IND,2012,0.0931164294000045
India,IND,2011,0.180972897460934
India,IND,2010,0.154499070527136
India,IND,2009,0.184170471568028
India,IND,2008,0.168794332995357
India,IND,2007,0.109703024034519
India,IND,2006,0.148306759440318
India,IND,2005,0.2303250312386
India,IND,2004,0.110528732711407
India,IND,2003,0.119513189563199
India,IND,2002,0.33983144589352
India,IND,2001,0.359412175254478
India,IND,2000,0.29852498246462
India,IND,1999,0.327452146872035
India,IND,1998,0.385106966236663
India,IND,1997,0.399271088821843
India,IND,1996,0.489232998546235
India,IND,1995,0.486405283924174
India,IND,1994,0.718744246714335
India,IND,1993,0.532336622385317
India,IND,1992,0.854527351807534
India,IND,1991,1.02765687329413
India,IND,1990,0.440375198697192
India,IND,1989,0.603586615612221
India,IND,1988,0.663630771315528
India,IND,1987,0.612055534990492
India,IND,1986,0.803774684201653
India,IND,1985,0.685996270463395
India,IND,1984,0.789695895172836
India,IND,1983,0.842207340801213
India,IND,1982,0.817641368290815
India,IND,1981,1.01917384596561
India,IND,1980,1.17042906148449
India,IND,1979,0.889898448173275
India,IND,1978,0.824981209068644
India,IND,1977,0.815752062672017
India,IND,1976,1.7027931683954
India,IND,1975,1.63496016158888
India,IND,1974,1.24080125759822
India,IND,1973,0.915006312482887
India,IND,1972,0.863747226637262
India,IND,1971,1.49700519733458
India,IND,1970,1.32915739416705
India,IND,1969,1.55846451409167
India,IND,1968,1.75258694400369
India,IND,1967,2.7758462361577
India,IND,1966,2.76148130951317
India,IND,1965,2.16882785873942
India,IND,1964,2.16465138742929
India,IND,1963,2.02844256061831
India,IND,1962,1.61505940473394
India,IND,1961,1.5799210403864
India,IND,1960,1.978459996902
Indonesia,IDN,2025,
Indonesia,IDN,2024,
Indonesia,IDN,2023,0.0865279546474839
Indonesia,IDN,2022,0.0520217147137062
Indonesia,IDN,2021,0.0543174310216664
Indonesia,IDN,2020,0.117593215290661
Indonesia,IDN,2019,-0.0638812442819552
Indonesia,IDN,2018,0.0952018789066375
Indonesia,IDN,2017,0.0284903831435162
Indonesia,IDN,2016,-0.0120036284950268
Indonesia,IDN,2015,-0.0034191550405382
Indonesia,IDN,2014,-0.0443629875166983
Indonesia,IDN,2013,0.00784804969946066
Indonesia,IDN,2012,0.00773674381148415
Indonesia,IDN,2011,0.0412449965005692
Indonesia,IDN,2010,0.164979488438243
Indonesia,IDN,2009,0.173363074257108
Indonesia,IDN,2008,0.232814882255186
Indonesia,IDN,2007,0.177838855742907
Indonesia,IDN,2006,0.352389791072511
Indonesia,IDN,2005,0.915214479025356
Indonesia,IDN,2004,0.0398137978902738
Indonesia,IDN,2003,0.770170223952235
Indonesia,IDN,2002,0.682807660493894
Indonesia,IDN,2001,0.943825576787904
Indonesia,IDN,2000,1.06791954205989
Indonesia,IDN,1999,1.64874994657633
Indonesia,IDN,1998,1.40532632404352
Indonesia,IDN,1997,0.380815595086564
Indonesia,IDN,1996,0.478121385968773
Indonesia,IDN,1995,0.638036480993907
Indonesia,IDN,1994,0.874357993343745
Indonesia,IDN,1993,1.23433202718861
Indonesia,IDN,1992,1.57465473314249
Indonesia,IDN,1991,1.6135756570256
Indonesia,IDN,1990,1.57798710810871
Indonesia,IDN,1989,1.96724635458955
Indonesia,IDN,1988,1.94624176057961
Indonesia,IDN,1987,1.67044750891445
Indonesia,IDN,1986,0.91305729412188
Indonesia,IDN,1985,0.722773384527319
Indonesia,IDN,1984,0.821218800865805
Indonesia,IDN,1983,0.949709951544741
Indonesia,IDN,1982,1.0261023037485
Indonesia,IDN,1981,1.16942431415775
Indonesia,IDN,1980,1.35244198156507
Indonesia,IDN,1979,1.46159296188161
Indonesia,IDN,1978,1.26463070459827
Indonesia,IDN,1977,1.13177499190451
Indonesia,IDN,1976,1.77593336676556
Indonesia,IDN,1975,2.29690685575832
Indonesia,IDN,1974,2.64408970738316
Indonesia,IDN,1973,3.80908230230061
Indonesia,IDN,1972,4.66413252620021
Indonesia,IDN,1971,6.37822088587635
Indonesia,IDN,1970,5.15171412320123
Indonesia,IDN,1969,3.99280116379462
Indonesia,IDN,1968,4.67140953576457
Indonesia,IDN,1967,4.13914098802348
Indonesia,IDN,1966,
Indonesia,IDN,1965,
Indonesia,IDN,1964,
Indonesia,IDN,1963,
Indonesia,IDN,1962,
Indonesia,IDN,1961,
Indonesia,IDN,1960,
"Iran, Islamic Rep.",IRN,2025,
"Iran, Islamic Rep.",IRN,2024,
"Iran, Islamic Rep.",IRN,2023,0.0527234599960228
"Iran, Islamic Rep.",IRN,2022,0.0689678791055119
"Iran, Islamic Rep.",IRN,2021,0.0748644589123844
"Iran, Islamic Rep.",IRN,2020,0.0841697177382486
"Iran, Islamic Rep.",IRN,2019,0.0590043887435019
"Iran, Islamic Rep.",IRN,2018,0.0402166094506368
"Iran, Islamic Rep.",IRN,2017,0.027438840986759
"Iran, Islamic Rep.",IRN,2016,0.0242581118515413
"Iran, Islamic Rep.",IRN,2015,0.0270825634547446
"Iran, Islamic Rep.",IRN,2014,0.0174688254109505
"Iran, Islamic Rep.",IRN,2013,0.0261325826147521
"Iran, Islamic Rep.",IRN,2012,0.0234160110952402
"Iran, Islamic Rep.",IRN,2011,0.0168035794063548
"Iran, Islamic Rep.",IRN,2010,0.0227425440389798
"Iran, Islamic Rep.",IRN,2009,0.0223639283338746
"Iran, Islamic Rep.",IRN,2008,0.0246600683361909
"Iran, Islamic Rep.",IRN,2007,0.0295900694000419
"Iran, Islamic Rep.",IRN,2006,0.0441225051408069
"Iran, Islamic Rep.",IRN,2005,0.0448272382503688
"Iran, Islamic Rep.",IRN,2004,0.100638782779816
"Iran, Islamic Rep.",IRN,2003,0.0861033016914401
"Iran, Islamic Rep.",IRN,2002,0.088795196146504
"Iran, Islamic Rep.",IRN,2001,0.0900813216211216
"Iran, Islamic Rep.",IRN,2000,0.118289939178243
"Iran, Islamic Rep.",IRN,1999,0.141509876702984
"Iran, Islamic Rep.",IRN,1998,0.149332478397017
"Iran, Islamic Rep.",IRN,1997,0.176616207644172
"Iran, Islamic Rep.",IRN,1996,0.13725036413033
"Iran, Islamic Rep.",IRN,1995,0.194874514753879
"Iran, Islamic Rep.",IRN,1994,0.181834690018427
"Iran, Islamic Rep.",IRN,1993,0.220318676091947
"Iran, Islamic Rep.",IRN,1992,0.0882054764402959
"Iran, Islamic Rep.",IRN,1991,0.146658694058972
"Iran, Islamic Rep.",IRN,1990,0.0853233663824115
"Iran, Islamic Rep.",IRN,1989,0.0758061841053806
"Iran, Islamic Rep.",IRN,1988,0.0661359127018257
"Iran, Islamic Rep.",IRN,1987,0.0529177608390033
"Iran, Islamic Rep.",IRN,1986,0.0125736800534592
"Iran, Islamic Rep.",IRN,1985,0.00634053678348247
"Iran, Islamic Rep.",IRN,1984,0.00479420820300302
"Iran, Islamic Rep.",IRN,1983,0.0272099660594439
"Iran, Islamic Rep.",IRN,1982,-0.0004984858438937
"Iran, Islamic Rep.",IRN,1981,0.0047735743332694
"Iran, Islamic Rep.",IRN,1980,0.0295675122576929
"Iran, Islamic Rep.",IRN,1979,0.00640297751171399
"Iran, Islamic Rep.",IRN,1978,0.316283633226263
"Iran, Islamic Rep.",IRN,1977,0.0485264640515428
"Iran, Islamic Rep.",IRN,1976,-0.00807861206918951
"Iran, Islamic Rep.",IRN,1975,0.00293443599423497
"Iran, Islamic Rep.",IRN,1974,0.01971957224405
"Iran, Islamic Rep.",IRN,1973,-0.0141433210319066
"Iran, Islamic Rep.",IRN,1972,0.0534235118243657
"Iran, Islamic Rep.",IRN,1971,0.0571839660993975
"Iran, Islamic Rep.",IRN,1970,0.19908576994112
"Iran, Islamic Rep.",IRN,1969,0.182251709381253
"Iran, Islamic Rep.",IRN,1968,0.101037027382625
"Iran, Islamic Rep.",IRN,1967,0.439543948310522
"Iran, Islamic Rep.",IRN,1966,0.172233453508977
"Iran, Islamic Rep.",IRN,1965,0.357394222052905
"Iran, Islamic Rep.",IRN,1964,0.0818484006685852
"Iran, Islamic Rep.",IRN,1963,0.571568040189201
"Iran, Islamic Rep.",IRN,1962,1.23562462879827
"Iran, Islamic Rep.",IRN,1961,3.00905702978976
"Iran, Islamic Rep.",IRN,1960,0.662826807161146
Iraq,IRQ,2025,
Iraq,IRQ,2024,
Iraq,IRQ,2023,0.743907468076095
Iraq,IRQ,2022,0.548443348448128
Iraq,IRQ,2021,0.871366376417596
Iraq,IRQ,2020,1.31800255831965
Iraq,IRQ,2019,0.899731010146547
Iraq,IRQ,2018,1.01971245441517
Iraq,IRQ,2017,1.56505493136301
Iraq,IRQ,2016,1.38507255799523
Iraq,IRQ,2015,0.897350382825703
Iraq,IRQ,2014,0.602903851537303
Iraq,IRQ,2013,0.659969237593402
Iraq,IRQ,2012,0.593843342065073
Iraq,IRQ,2011,1.03210962743633
Iraq,IRQ,2010,1.51055678383297
Iraq,IRQ,2009,2.43238739904818
Iraq,IRQ,2008,7.31644127695862
Iraq,IRQ,2007,10.190803811372
Iraq,IRQ,2006,13.4599279927151
Iraq,IRQ,2005,43.6191851028108
Iraq,IRQ,2004,12.6774354242129
Iraq,IRQ,2003,10.6106853039694
Iraq,IRQ,2002,0.356855592998256
Iraq,IRQ,2001,0.341606637423022
Iraq,IRQ,2000,0.211883679801292
Iraq,IRQ,1999,0.211919733493711
Iraq,IRQ,1998,0.578894530446121
Iraq,IRQ,1997,1.08294102850776
Iraq,IRQ,1996,3.35327572731876
Iraq,IRQ,1995,2.58152308766405
Iraq,IRQ,1994,6.35123415405244
Iraq,IRQ,1993,16.3484836435568
Iraq,IRQ,1992,25.2228922735232
Iraq,IRQ,1991,137.587685412099
Iraq,IRQ,1990,0.0355022400893501
Iraq,IRQ,1989,0.0171019507324718
Iraq,IRQ,1988,0.0107571082330582
Iraq,IRQ,1987,0.158455903057116
Iraq,IRQ,1986,0.0628012279210014
Iraq,IRQ,1985,0.0431398593128979
Iraq,IRQ,1984,-0.00435925119963056
Iraq,IRQ,1983,0.0177019172673974
Iraq,IRQ,1982,0.00905769875784186
Iraq,IRQ,1981,0.720187437342764
Iraq,IRQ,1980,0.0229551797912719
Iraq,IRQ,1979,0.0631546497477306
Iraq,IRQ,1978,0.230708973619145
Iraq,IRQ,1977,0.302895214556638
Iraq,IRQ,1976,0.0905496347675546
Iraq,IRQ,1975,0.592690627387098
Iraq,IRQ,1974,0.028140906231639
Iraq,IRQ,1973,0.177387156080531
Iraq,IRQ,1972,0.366592039786644
Iraq,IRQ,1971,0.341286146961749
Iraq,IRQ,1970,0.194058649721917
Iraq,IRQ,1969,0.112261444949403
Iraq,IRQ,1968,0.0623999591323536
Iraq,IRQ,1967,0.126211203657975
Iraq,IRQ,1966,0.127581424011267
Iraq,IRQ,1965,0.362242180903592
Iraq,IRQ,1964,0.475848619481766
Iraq,IRQ,1963,0.225524023130239
Iraq,IRQ,1962,0.0964398112164057
Iraq,IRQ,1961,0.0321011038420845
Iraq,IRQ,1960,0.0744492073443633
Ireland,IRL,2025,
Ireland,IRL,2024,
Ireland,IRL,2023,
Ireland,IRL,2022,
Ireland,IRL,2021,
Ireland,IRL,2020,
Ireland,IRL,2019,
Ireland,IRL,2018,
Ireland,IRL,2017,
Ireland,IRL,2016,
Ireland,IRL,2015,
Ireland,IRL,2014,
Ireland,IRL,2013,
Ireland,IRL,2012,
Ireland,IRL,2011,
Ireland,IRL,2010,
Ireland,IRL,2009,
Ireland,IRL,2008,
Ireland,IRL,2007,
Ireland,IRL,2006,
Ireland,IRL,2005,
Ireland,IRL,2004,
Ireland,IRL,2003,
Ireland,IRL,2002,
Ireland,IRL,2001,
Ireland,IRL,2000,
Ireland,IRL,1999,
Ireland,IRL,1998,
Ireland,IRL,1997,
Ireland,IRL,1996,
Ireland,IRL,1995,
Ireland,IRL,1994,
Ireland,IRL,1993,
Ireland,IRL,1992,
Ireland,IRL,1991,
Ireland,IRL,1990,
Ireland,IRL,1989,
Ireland,IRL,1988,
Ireland,IRL,1987,
Ireland,IRL,1986,
Ireland,IRL,1985,
Ireland,IRL,1984,
Ireland,IRL,1983,
Ireland,IRL,1982,
Ireland,IRL,1981,
Ireland,IRL,1980,
Ireland,IRL,1979,
Ireland,IRL,1978,
Ireland,IRL,1977,
Ireland,IRL,1976,
Ireland,IRL,1975,
Ireland,IRL,1974,
Ireland,IRL,1973,
Ireland,IRL,1972,
Ireland,IRL,1971,
Ireland,IRL,1970,
Ireland,IRL,1969,
Ireland,IRL,1968,
Ireland,IRL,1967,
Ireland,IRL,1966,
Ireland,IRL,1965,
Ireland,IRL,1964,
Ireland,IRL,1963,
Ireland,IRL,1962,
Ireland,IRL,1961,
Ireland,IRL,1960,
Isle of Man,IMN,2025,
Isle of Man,IMN,2024,
Isle of Man,IMN,2023,
Isle of Man,IMN,2022,
Isle of Man,IMN,2021,
Isle of Man,IMN,2020,
Isle of Man,IMN,2019,
Isle of Man,IMN,2018,
Isle of Man,IMN,2017,
Isle of Man,IMN,2016,
Isle of Man,IMN,2015,
Isle of Man,IMN,2014,
Isle of Man,IMN,2013,
Isle of Man,IMN,2012,
Isle of Man,IMN,2011,
Isle of Man,IMN,2010,
Isle of Man,IMN,2009,
Isle of Man,IMN,2008,
Isle of Man,IMN,2007,
Isle of Man,IMN,2006,
Isle of Man,IMN,2005,
Isle of Man,IMN,2004,
Isle of Man,IMN,2003,
Isle of Man,IMN,2002,
Isle of Man,IMN,2001,
Isle of Man,IMN,2000,
Isle of Man,IMN,1999,
Isle of Man,IMN,1998,
Isle of Man,IMN,1997,
Isle of Man,IMN,1996,
Isle of Man,IMN,1995,
Isle of Man,IMN,1994,
Isle of Man,IMN,1993,
Isle of Man,IMN,1992,
Isle of Man,IMN,1991,
Isle of Man,IMN,1990,
Isle of Man,IMN,1989,
Isle of Man,IMN,1988,
Isle of Man,IMN,1987,
Isle of Man,IMN,1986,
Isle of Man,IMN,1985,
Isle of Man,IMN,1984,
Isle of Man,IMN,1983,
Isle of Man,IMN,1982,
Isle of Man,IMN,1981,
Isle of Man,IMN,1980,
Isle of Man,IMN,1979,
Isle of Man,IMN,1978,
Isle of Man,IMN,1977,
Isle of Man,IMN,1976,
Isle of Man,IMN,1975,
Isle of Man,IMN,1974,
Isle of Man,IMN,1973,
Isle of Man,IMN,1972,
Isle of Man,IMN,1971,
Isle of Man,IMN,1970,
Isle of Man,IMN,1969,
Isle of Man,IMN,1968,
Isle of Man,IMN,1967,
Isle of Man,IMN,1966,
Isle of Man,IMN,1965,
Isle of Man,IMN,1964,
Isle of Man,IMN,1963,
Isle of Man,IMN,1962,
Isle of Man,IMN,1961,
Isle of Man,IMN,1960,
Israel,ISR,2025,
Israel,ISR,2024,
Israel,ISR,2023,
Israel,ISR,2022,
Israel,ISR,2021,
Israel,ISR,2020,
Israel,ISR,2019,
Israel,ISR,2018,
Israel,ISR,2017,
Israel,ISR,2016,
Israel,ISR,2015,
Israel,ISR,2014,
Israel,ISR,2013,
Israel,ISR,2012,
Israel,ISR,2011,
Israel,ISR,2010,
Israel,ISR,2009,
Israel,ISR,2008,
Israel,ISR,2007,
Israel,ISR,2006,
Israel,ISR,2005,
Israel,ISR,2004,
Israel,ISR,2003,
Israel,ISR,2002,
Israel,ISR,2001,
Israel,ISR,2000,
Israel,ISR,1999,
Israel,ISR,1998,
Israel,ISR,1997,
Israel,ISR,1996,1.95463364360345
Israel,ISR,1995,0.32316940889951
Israel,ISR,1994,1.39140980131138
Israel,ISR,1993,1.61569918524714
Israel,ISR,1992,2.6482954021054
Israel,ISR,1991,2.50323440931028
Israel,ISR,1990,2.26924492235494
Israel,ISR,1989,2.35024482552823
Israel,ISR,1988,2.44964931005794
Israel,ISR,1987,3.05038623609687
Israel,ISR,1986,5.72464684410235
Israel,ISR,1985,7.3551133455676
Israel,ISR,1984,4.38223619815612
Israel,ISR,1983,4.28069526597767
Israel,ISR,1982,3.04185024757634
Israel,ISR,1981,2.96130623197758
Israel,ISR,1980,3.6519032875339
Israel,ISR,1979,5.39717564333002
Israel,ISR,1978,5.25417902005313
Israel,ISR,1977,4.48103413551033
Israel,ISR,1976,4.16064689963117
Israel,ISR,1975,2.99282977584077
Israel,ISR,1974,0.698277887992227
Israel,ISR,1973,1.59008541270199
Israel,ISR,1972,0.94201382341056
Israel,ISR,1971,1.03689879713859
Israel,ISR,1970,0.870372069555518
Israel,ISR,1969,0.88932539219069
Israel,ISR,1968,1.15032144910493
Israel,ISR,1967,1.50407020700705
Israel,ISR,1966,2.38646940015331
Israel,ISR,1965,2.86236574311557
Israel,ISR,1964,2.4056105271868
Israel,ISR,1963,3.24213332488999
Israel,ISR,1962,3.61862519202262
Israel,ISR,1961,2.91996790345312
Israel,ISR,1960,3.45844846997917
Italy,ITA,2025,
Italy,ITA,2024,
Italy,ITA,2023,
Italy,ITA,2022,
Italy,ITA,2021,
Italy,ITA,2020,
Italy,ITA,2019,
Italy,ITA,2018,
Italy,ITA,2017,
Italy,ITA,2016,
Italy,ITA,2015,
Italy,ITA,2014,
Italy,ITA,2013,
Italy,ITA,2012,
Italy,ITA,2011,
Italy,ITA,2010,
Italy,ITA,2009,
Italy,ITA,2008,
Italy,ITA,2007,
Italy,ITA,2006,
Italy,ITA,2005,
Italy,ITA,2004,
Italy,ITA,2003,
Italy,ITA,2002,
Italy,ITA,2001,
Italy,ITA,2000,
Italy,ITA,1999,
Italy,ITA,1998,
Italy,ITA,1997,
Italy,ITA,1996,
Italy,ITA,1995,
Italy,ITA,1994,
Italy,ITA,1993,
Italy,ITA,1992,
Italy,ITA,1991,
Italy,ITA,1990,
Italy,ITA,1989,
Italy,ITA,1988,
Italy,ITA,1987,
Italy,ITA,1986,
Italy,ITA,1985,
Italy,ITA,1984,
Italy,ITA,1983,
Italy,ITA,1982,
Italy,ITA,1981,
Italy,ITA,1980,
Italy,ITA,1979,
Italy,ITA,1978,
Italy,ITA,1977,
Italy,ITA,1976,
Italy,ITA,1975,
Italy,ITA,1974,
Italy,ITA,1973,
Italy,ITA,1972,
Italy,ITA,1971,
Italy,ITA,1970,
Italy,ITA,1969,
Italy,ITA,1968,
Italy,ITA,1967,
Italy,ITA,1966,
Italy,ITA,1965,
Italy,ITA,1964,
Italy,ITA,1963,
Italy,ITA,1962,
Italy,ITA,1961,
Italy,ITA,1960,
Jamaica,JAM,2025,
Jamaica,JAM,2024,
Jamaica,JAM,2023,0.408973946873009
Jamaica,JAM,2022,0.523401007891495
Jamaica,JAM,2021,0.385668898688865
Jamaica,JAM,2020,0.466450960225852
Jamaica,JAM,2019,0.759329398865791
Jamaica,JAM,2018,0.616911402599475
Jamaica,JAM,2017,0.400630455851055
Jamaica,JAM,2016,0.187684546185974
Jamaica,JAM,2015,0.406734512685123
Jamaica,JAM,2014,0.705795878318829
Jamaica,JAM,2013,0.513924143451507
Jamaica,JAM,2012,0.192078778447544
Jamaica,JAM,2011,0.294638769097247
Jamaica,JAM,2010,1.11858211212153
Jamaica,JAM,2009,1.32969142369479
Jamaica,JAM,2008,0.683448119390598
Jamaica,JAM,2007,0.260833632248937
Jamaica,JAM,2006,0.359713923822608
Jamaica,JAM,2005,0.414004160454038
Jamaica,JAM,2004,0.904393341746839
Jamaica,JAM,2003,0.119039483959586
Jamaica,JAM,2002,0.31304487695511
Jamaica,JAM,2001,0.672610334005369
Jamaica,JAM,2000,0.163276749543508
Jamaica,JAM,1999,-0.201391216626886
Jamaica,JAM,1998,0.272456786893083
Jamaica,JAM,1997,0.940782750831626
Jamaica,JAM,1996,0.870530466534775
Jamaica,JAM,1995,1.84490592906684
Jamaica,JAM,1994,2.37554357639696
Jamaica,JAM,1993,2.00222125375416
Jamaica,JAM,1992,3.79200197098759
Jamaica,JAM,1991,4.47209610673172
Jamaica,JAM,1990,6.52490270952572
Jamaica,JAM,1989,6.38521205960986
Jamaica,JAM,1988,5.29065107283086
Jamaica,JAM,1987,5.46004629027197
Jamaica,JAM,1986,7.05290676146265
Jamaica,JAM,1985,9.12416164562299
Jamaica,JAM,1984,7.84727867409033
Jamaica,JAM,1983,4.93912852245521
Jamaica,JAM,1982,5.21470650458037
Jamaica,JAM,1981,4.84800631010908
Jamaica,JAM,1980,4.49018915350694
Jamaica,JAM,1979,5.06584354536639
Jamaica,JAM,1978,4.54591265520075
Jamaica,JAM,1977,0.784479445361101
Jamaica,JAM,1976,0.680299666608792
Jamaica,JAM,1975,0.702609510987767
Jamaica,JAM,1974,0.87253558169874
Jamaica,JAM,1973,0.822690237836965
Jamaica,JAM,1972,0.920040143258049
Jamaica,JAM,1971,1.23738072472292
Jamaica,JAM,1970,0.781459006876842
Jamaica,JAM,1969,1.17454514726182
Jamaica,JAM,1968,1.5664025743155
Jamaica,JAM,1967,0.91062361321281
Jamaica,JAM,1966,0.999315963139621
Jamaica,JAM,1965,1.03936351736053
Jamaica,JAM,1964,0.456323045739728
Jamaica,JAM,1963,0.426932778049167
Jamaica,JAM,1962,1.69315459256293
Jamaica,JAM,1961,1.38417365698144
Jamaica,JAM,1960,
Japan,JPN,2025,
Japan,JPN,2024,
Japan,JPN,2023,
Japan,JPN,2022,
Japan,JPN,2021,
Japan,JPN,2020,
Japan,JPN,2019,
Japan,JPN,2018,
Japan,JPN,2017,
Japan,JPN,2016,
Japan,JPN,2015,
Japan,JPN,2014,
Japan,JPN,2013,
Japan,JPN,2012,
Japan,JPN,2011,
Japan,JPN,2010,
Japan,JPN,2009,
Japan,JPN,2008,
Japan,JPN,2007,
Japan,JPN,2006,
Japan,JPN,2005,
Japan,JPN,2004,
Japan,JPN,2003,
Japan,JPN,2002,
Japan,JPN,2001,
Japan,JPN,2000,
Japan,JPN,1999,
Japan,JPN,1998,
Japan,JPN,1997,
Japan,JPN,1996,
Japan,JPN,1995,
Japan,JPN,1994,
Japan,JPN,1993,
Japan,JPN,1992,
Japan,JPN,1991,
Japan,JPN,1990,
Japan,JPN,1989,
Japan,JPN,1988,
Japan,JPN,1987,
Japan,JPN,1986,
Japan,JPN,1985,
Japan,JPN,1984,
Japan,JPN,1983,
Japan,JPN,1982,
Japan,JPN,1981,
Japan,JPN,1980,
Japan,JPN,1979,
Japan,JPN,1978,
Japan,JPN,1977,
Japan,JPN,1976,
Japan,JPN,1975,
Japan,JPN,1974,
Japan,JPN,1973,
Japan,JPN,1972,
Japan,JPN,1971,
Japan,JPN,1970,
Japan,JPN,1969,
Japan,JPN,1968,
Japan,JPN,1967,
Japan,JPN,1966,
Japan,JPN,1965,
Japan,JPN,1964,
Japan,JPN,1963,
Japan,JPN,1962,
Japan,JPN,1961,
Japan,JPN,1960,
Jordan,JOR,2025,
Jordan,JOR,2024,
Jordan,JOR,2023,5.58513213621191
Jordan,JOR,2022,4.11814489097836
Jordan,JOR,2021,7.45810216980691
Jordan,JOR,2020,7.15070950456852
Jordan,JOR,2019,6.04620472493981
Jordan,JOR,2018,5.85137055802038
Jordan,JOR,2017,7.19693444417987
Jordan,JOR,2016,6.89109159452612
Jordan,JOR,2015,5.61161552127562
Jordan,JOR,2014,7.40349061962685
Jordan,JOR,2013,4.10464285089262
Jordan,JOR,2012,3.70439490298843
Jordan,JOR,2011,3.32914574491357
Jordan,JOR,2010,3.27450815929877
Jordan,JOR,2009,2.97197462907995
Jordan,JOR,2008,3.1819773853221
Jordan,JOR,2007,3.57061877144006
Jordan,JOR,2006,3.69779343474704
Jordan,JOR,2005,5.49160500938863
Jordan,JOR,2004,5.17422625730433
Jordan,JOR,2003,12.7956201092504
Jordan,JOR,2002,5.83035409302976
Jordan,JOR,2001,4.92817565071732
Jordan,JOR,2000,6.47313595199905
Jordan,JOR,1999,5.44303756758123
Jordan,JOR,1998,5.324038734479
Jordan,JOR,1997,6.7577727551641
Jordan,JOR,1996,7.68240258037133
Jordan,JOR,1995,8.38073846499829
Jordan,JOR,1994,6.31294722075749
Jordan,JOR,1993,5.86886807700023
Jordan,JOR,1992,8.5691562449255
Jordan,JOR,1991,23.5890236412327
Jordan,JOR,1990,24.1227919174872
Jordan,JOR,1989,8.40571677080499
Jordan,JOR,1988,7.96786738576386
Jordan,JOR,1987,9.89192881243866
Jordan,JOR,1986,10.1233984664449
Jordan,JOR,1985,12.3839317628859
Jordan,JOR,1984,14.2942449726753
Jordan,JOR,1983,17.1992299792774
Jordan,JOR,1982,18.9364374122753
Jordan,JOR,1981,27.9381492611362
Jordan,JOR,1980,39.9454415296175
Jordan,JOR,1979,44.1726645358801
Jordan,JOR,1978,17.9510432821987
Jordan,JOR,1977,20.7913440721649
Jordan,JOR,1976,33.4315986740209
Jordan,JOR,1975,34.9800507714735
Jordan,JOR,1974,25.4067616425952
Jordan,JOR,1973,21.3078350440009
Jordan,JOR,1972,13.6619386758747
Jordan,JOR,1971,9.27994563962378
Jordan,JOR,1970,12.1650412989997
Jordan,JOR,1969,6.76244609989639
Jordan,JOR,1968,7.93979058167861
Jordan,JOR,1967,8.31107024793388
Jordan,JOR,1966,11.4847152617273
Jordan,JOR,1965,11.337481012931
Jordan,JOR,1964,
Jordan,JOR,1963,
Jordan,JOR,1962,
Jordan,JOR,1961,
Jordan,JOR,1960,
Kazakhstan,KAZ,2025,
Kazakhstan,KAZ,2024,
Kazakhstan,KAZ,2023,0.0336197721554263
Kazakhstan,KAZ,2022,0.037345479918151
Kazakhstan,KAZ,2021,0.0338465591518411
Kazakhstan,KAZ,2020,0.0481357718437708
Kazakhstan,KAZ,2019,0.0343576852707388
Kazakhstan,KAZ,2018,0.0508557549627264
Kazakhstan,KAZ,2017,0.0400162725148245
Kazakhstan,KAZ,2016,0.0507015506225212
Kazakhstan,KAZ,2015,0.0472883297918799
Kazakhstan,KAZ,2014,0.0466976843998416
Kazakhstan,KAZ,2013,0.0429132193839245
Kazakhstan,KAZ,2012,0.0733020031487019
Kazakhstan,KAZ,2011,0.121926113431953
Kazakhstan,KAZ,2010,0.154128633546906
Kazakhstan,KAZ,2009,0.286594399206516
Kazakhstan,KAZ,2008,0.296039253892666
Kazakhstan,KAZ,2007,0.284261334664761
Kazakhstan,KAZ,2006,0.24942988210076
Kazakhstan,KAZ,2005,0.436706106515788
Kazakhstan,KAZ,2004,0.673764411844739
Kazakhstan,KAZ,2003,0.990651274376084
Kazakhstan,KAZ,2002,0.800335278488067
Kazakhstan,KAZ,2001,0.710388602031954
Kazakhstan,KAZ,2000,1.07759630451675
Kazakhstan,KAZ,1999,1.03136704094902
Kazakhstan,KAZ,1998,0.963992459320557
Kazakhstan,KAZ,1997,0.568352099293848
Kazakhstan,KAZ,1996,0.569083005116058
Kazakhstan,KAZ,1995,0.290907977457572
Kazakhstan,KAZ,1994,0.247846845599795
Kazakhstan,KAZ,1993,0.0656991981494769
Kazakhstan,KAZ,1992,
Kazakhstan,KAZ,1991,
Kazakhstan,KAZ,1990,
Kazakhstan,KAZ,1989,
Kazakhstan,KAZ,1988,
Kazakhstan,KAZ,1987,
Kazakhstan,KAZ,1986,
Kazakhstan,KAZ,1985,
Kazakhstan,KAZ,1984,
Kazakhstan,KAZ,1983,
Kazakhstan,KAZ,1982,
Kazakhstan,KAZ,1981,
Kazakhstan,KAZ,1980,
Kazakhstan,KAZ,1979,
Kazakhstan,KAZ,1978,
Kazakhstan,KAZ,1977,
Kazakhstan,KAZ,1976,
Kazakhstan,KAZ,1975,
Kazakhstan,KAZ,1974,
Kazakhstan,KAZ,1973,
Kazakhstan,KAZ,1972,
Kazakhstan,KAZ,1971,
Kazakhstan,KAZ,1970,
Kazakhstan,KAZ,1969,
Kazakhstan,KAZ,1968,
Kazakhstan,KAZ,1967,
Kazakhstan,KAZ,1966,
Kazakhstan,KAZ,1965,
Kazakhstan,KAZ,1964,
Kazakhstan,KAZ,1963,
Kazakhstan,KAZ,1962,
Kazakhstan,KAZ,1961,
Kazakhstan,KAZ,1960,
Kenya,KEN,2025,
Kenya,KEN,2024,
Kenya,KEN,2023,2.45692145849575
Kenya,KEN,2022,2.34216272813436
Kenya,KEN,2021,2.93844138251803
Kenya,KEN,2020,3.99132572231146
Kenya,KEN,2019,3.21252306710486
Kenya,KEN,2018,2.74303239010294
Kenya,KEN,2017,3.08196058759201
Kenya,KEN,2016,2.96509841983156
Kenya,KEN,2015,3.89833576688931
Kenya,KEN,2014,4.39259978937947
Kenya,KEN,2013,6.06795710845407
Kenya,KEN,2012,5.28750697266849
Kenya,KEN,2011,5.90730352065504
Kenya,KEN,2010,3.7379602418569
Kenya,KEN,2009,4.82052011792212
Kenya,KEN,2008,3.8016391009156
Kenya,KEN,2007,4.17853561645997
Kenya,KEN,2006,3.65612352053179
Kenya,KEN,2005,4.03898539456298
Kenya,KEN,2004,4.11147397402981
Kenya,KEN,2003,3.54783141258978
Kenya,KEN,2002,2.98028481089348
Kenya,KEN,2001,3.67963236700844
Kenya,KEN,2000,4.08669241685671
Kenya,KEN,1999,2.44633264501699
Kenya,KEN,1998,2.97378688678871
Kenya,KEN,1997,3.46621800762949
Kenya,KEN,1996,5.0445159243037
Kenya,KEN,1995,8.40105595391842
Kenya,KEN,1994,9.98950027530939
Kenya,KEN,1993,16.9824897319084
Kenya,KEN,1992,11.2662857955343
Kenya,KEN,1991,11.7828195147456
Kenya,KEN,1990,14.3943826004466
Kenya,KEN,1989,13.1820216920677
Kenya,KEN,1988,10.3593511992494
Kenya,KEN,1987,7.24516642464724
Kenya,KEN,1986,6.32842732741906
Kenya,KEN,1985,7.20012023062232
Kenya,KEN,1984,6.82122199300486
Kenya,KEN,1983,6.84252530484233
Kenya,KEN,1982,7.84500388082395
Kenya,KEN,1981,6.7493570219099
Kenya,KEN,1980,5.60509309610049
Kenya,KEN,1979,5.79614057391052
Kenya,KEN,1978,4.80064556822085
Kenya,KEN,1977,3.70746443518467
Kenya,KEN,1976,4.6391335547461
Kenya,KEN,1975,3.94198647679875
Kenya,KEN,1974,4.0635458295524
Kenya,KEN,1973,3.94615833215452
Kenya,KEN,1972,3.46608373070863
Kenya,KEN,1971,3.81173649829846
Kenya,KEN,1970,3.62848972489095
Kenya,KEN,1969,3.89767467699895
Kenya,KEN,1968,4.62131454957323
Kenya,KEN,1967,3.0743860609087
Kenya,KEN,1966,4.90319403466484
Kenya,KEN,1965,7.42170297631243
Kenya,KEN,1964,5.85228332442427
Kenya,KEN,1963,6.18414606172711
Kenya,KEN,1962,5.81284215298243
Kenya,KEN,1961,8.20840921793324
Kenya,KEN,1960,2.75962310680613
Kiribati,KIR,2025,
Kiribati,KIR,2024,
Kiribati,KIR,2023,20.0834445613624
Kiribati,KIR,2022,20.3487900978079
Kiribati,KIR,2021,16.2875864790468
Kiribati,KIR,2020,15.375074610143
Kiribati,KIR,2019,13.754932588904
Kiribati,KIR,2018,19.818205797739
Kiribati,KIR,2017,19.5842561269875
Kiribati,KIR,2016,17.5791482210244
Kiribati,KIR,2015,17.429426113992
Kiribati,KIR,2014,22.4867187249918
Kiribati,KIR,2013,20.2389024464747
Kiribati,KIR,2012,21.5472743728443
Kiribati,KIR,2011,24.1630256840976
Kiribati,KIR,2010,9.32136279735412
Kiribati,KIR,2009,13.200280371277
Kiribati,KIR,2008,12.7679169412632
Kiribati,KIR,2007,14.1292307467406
Kiribati,KIR,2006,16.2895364923567
Kiribati,KIR,2005,16.5665014708357
Kiribati,KIR,2004,9.63059568123727
Kiribati,KIR,2003,11.6064372504565
Kiribati,KIR,2002,16.8597062870241
Kiribati,KIR,2001,10.0746033181402
Kiribati,KIR,2000,14.4746387137593
Kiribati,KIR,1999,17.4615085014111
Kiribati,KIR,1998,14.0386934324371
Kiribati,KIR,1997,12.6219804242357
Kiribati,KIR,1996,11.9613604145023
Kiribati,KIR,1995,14.0177061503641
Kiribati,KIR,1994,14.7688405379061
Kiribati,KIR,1993,17.9769139481168
Kiribati,KIR,1992,27.9912830357004
Kiribati,KIR,1991,27.3830378618844
Kiribati,KIR,1990,42.8296246652896
Kiribati,KIR,1989,40.3657005782023
Kiribati,KIR,1988,38.6029938959545
Kiribati,KIR,1987,53.0224808725061
Kiribati,KIR,1986,52.4689020090043
Kiribati,KIR,1985,47.2203823518643
Kiribati,KIR,1984,37.0853284515196
Kiribati,KIR,1983,42.4848285575113
Kiribati,KIR,1982,40.8691876278747
Kiribati,KIR,1981,47.12305927661
Kiribati,KIR,1980,58.2570469670936
Kiribati,KIR,1979,22.4522211412358
Kiribati,KIR,1978,24.4278294525394
Kiribati,KIR,1977,
Kiribati,KIR,1976,
Kiribati,KIR,1975,
Kiribati,KIR,1974,
Kiribati,KIR,1973,
Kiribati,KIR,1972,
Kiribati,KIR,1971,
Kiribati,KIR,1970,
Kiribati,KIR,1969,
Kiribati,KIR,1968,
Kiribati,KIR,1967,
Kiribati,KIR,1966,
Kiribati,KIR,1965,
Kiribati,KIR,1964,
Kiribati,KIR,1963,
Kiribati,KIR,1962,
Kiribati,KIR,1961,
Kiribati,KIR,1960,
"Korea, Dem. People's Rep.",PRK,2025,
"Korea, Dem. People's Rep.",PRK,2024,
"Korea, Dem. People's Rep.",PRK,2023,
"Korea, Dem. People's Rep.",PRK,2022,
"Korea, Dem. People's Rep.",PRK,2021,
"Korea, Dem. People's Rep.",PRK,2020,
"Korea, Dem. People's Rep.",PRK,2019,
"Korea, Dem. People's Rep.",PRK,2018,
"Korea, Dem. People's Rep.",PRK,2017,
"Korea, Dem. People's Rep.",PRK,2016,
"Korea, Dem. People's Rep.",PRK,2015,
"Korea, Dem. People's Rep.",PRK,2014,
"Korea, Dem. People's Rep.",PRK,2013,
"Korea, Dem. People's Rep.",PRK,2012,
"Korea, Dem. People's Rep.",PRK,2011,
"Korea, Dem. People's Rep.",PRK,2010,
"Korea, Dem. People's Rep.",PRK,2009,
"Korea, Dem. People's Rep.",PRK,2008,
"Korea, Dem. People's Rep.",PRK,2007,
"Korea, Dem. People's Rep.",PRK,2006,
"Korea, Dem. People's Rep.",PRK,2005,
"Korea, Dem. People's Rep.",PRK,2004,
"Korea, Dem. People's Rep.",PRK,2003,
"Korea, Dem. People's Rep.",PRK,2002,
"Korea, Dem. People's Rep.",PRK,2001,
"Korea, Dem. People's Rep.",PRK,2000,
"Korea, Dem. People's Rep.",PRK,1999,
"Korea, Dem. People's Rep.",PRK,1998,
"Korea, Dem. People's Rep.",PRK,1997,
"Korea, Dem. People's Rep.",PRK,1996,
"Korea, Dem. People's Rep.",PRK,1995,
"Korea, Dem. People's Rep.",PRK,1994,
"Korea, Dem. People's Rep.",PRK,1993,
"Korea, Dem. People's Rep.",PRK,1992,
"Korea, Dem. People's Rep.",PRK,1991,
"Korea, Dem. People's Rep.",PRK,1990,
"Korea, Dem. People's Rep.",PRK,1989,
"Korea, Dem. People's Rep.",PRK,1988,
"Korea, Dem. People's Rep.",PRK,1987,
"Korea, Dem. People's Rep.",PRK,1986,
"Korea, Dem. People's Rep.",PRK,1985,
"Korea, Dem. People's Rep.",PRK,1984,
"Korea, Dem. People's Rep.",PRK,1983,
"Korea, Dem. People's Rep.",PRK,1982,
"Korea, Dem. People's Rep.",PRK,1981,
"Korea, Dem. People's Rep.",PRK,1980,
"Korea, Dem. People's Rep.",PRK,1979,
"Korea, Dem. People's Rep.",PRK,1978,
"Korea, Dem. People's Rep.",PRK,1977,
"Korea, Dem. People's Rep.",PRK,1976,
"Korea, Dem. People's Rep.",PRK,1975,
"Korea, Dem. People's Rep.",PRK,1974,
"Korea, Dem. People's Rep.",PRK,1973,
"Korea, Dem. People's Rep.",PRK,1972,
"Korea, Dem. People's Rep.",PRK,1971,
"Korea, Dem. People's Rep.",PRK,1970,
"Korea, Dem. People's Rep.",PRK,1969,
"Korea, Dem. People's Rep.",PRK,1968,
"Korea, Dem. People's Rep.",PRK,1967,
"Korea, Dem. People's Rep.",PRK,1966,
"Korea, Dem. People's Rep.",PRK,1965,
"Korea, Dem. People's Rep.",PRK,1964,
"Korea, Dem. People's Rep.",PRK,1963,
"Korea, Dem. People's Rep.",PRK,1962,
"Korea, Dem. People's Rep.",PRK,1961,
"Korea, Dem. People's Rep.",PRK,1960,
"Korea, Rep.",KOR,2025,
"Korea, Rep.",KOR,2024,
"Korea, Rep.",KOR,2023,
"Korea, Rep.",KOR,2022,
"Korea, Rep.",KOR,2021,
"Korea, Rep.",KOR,2020,
"Korea, Rep.",KOR,2019,
"Korea, Rep.",KOR,2018,
"Korea, Rep.",KOR,2017,
"Korea, Rep.",KOR,2016,
"Korea, Rep.",KOR,2015,
"Korea, Rep.",KOR,2014,
"Korea, Rep.",KOR,2013,
"Korea, Rep.",KOR,2012,
"Korea, Rep.",KOR,2011,
"Korea, Rep.",KOR,2010,
"Korea, Rep.",KOR,2009,
"Korea, Rep.",KOR,2008,
"Korea, Rep.",KOR,2007,
"Korea, Rep.",KOR,2006,
"Korea, Rep.",KOR,2005,
"Korea, Rep.",KOR,2004,
"Korea, Rep.",KOR,2003,
"Korea, Rep.",KOR,2002,
"Korea, Rep.",KOR,2001,
"Korea, Rep.",KOR,2000,
"Korea, Rep.",KOR,1999,-0.0107994827687361
"Korea, Rep.",KOR,1998,-0.0128384913917813
"Korea, Rep.",KOR,1997,-0.0272374091782687
"Korea, Rep.",KOR,1996,-0.0236703584451095
"Korea, Rep.",KOR,1995,0.00975681913058878
"Korea, Rep.",KOR,1994,-0.0238968177535508
"Korea, Rep.",KOR,1993,-0.00866526485906037
"Korea, Rep.",KOR,1992,-0.00084595524633597
"Korea, Rep.",KOR,1991,0.0159816358118545
"Korea, Rep.",KOR,1990,0.0179175947075273
"Korea, Rep.",KOR,1989,0.0203818454256901
"Korea, Rep.",KOR,1988,0.00455054222085257
"Korea, Rep.",KOR,1987,0.0070854836405176
"Korea, Rep.",KOR,1986,-0.0149589784151204
"Korea, Rep.",KOR,1985,-0.00868595945251998
"Korea, Rep.",KOR,1984,-0.0374909828892237
"Korea, Rep.",KOR,1983,0.00861272411434738
"Korea, Rep.",KOR,1982,0.0426531847949956
"Korea, Rep.",KOR,1981,0.450776219599321
"Korea, Rep.",KOR,1980,0.210317474884356
"Korea, Rep.",KOR,1979,0.196948088969241
"Korea, Rep.",KOR,1978,0.309972789796927
"Korea, Rep.",KOR,1977,0.608863458444245
"Korea, Rep.",KOR,1976,0.714780907414093
"Korea, Rep.",KOR,1975,1.12748211952643
"Korea, Rep.",KOR,1974,1.26455351523799
"Korea, Rep.",KOR,1973,2.00268719512195
"Korea, Rep.",KOR,1972,3.31781958285245
"Korea, Rep.",KOR,1971,3.21902041990834
"Korea, Rep.",KOR,1970,2.9698616306685
"Korea, Rep.",KOR,1969,4.25958206424942
"Korea, Rep.",KOR,1968,3.78187247993644
"Korea, Rep.",KOR,1967,5.13692251629569
"Korea, Rep.",KOR,1966,5.70659939357015
"Korea, Rep.",KOR,1965,6.92265337128854
"Korea, Rep.",KOR,1964,4.88625771161653
"Korea, Rep.",KOR,1963,6.48392649551342
"Korea, Rep.",KOR,1962,8.26131312155037
"Korea, Rep.",KOR,1961,9.32377479404365
"Korea, Rep.",KOR,1960,6.25536330980745
Kosovo,XKX,2025,
Kosovo,XKX,2024,
Kosovo,XKX,2023,3.76533715574932
Kosovo,XKX,2022,4.03595918485361
Kosovo,XKX,2021,4.73906634105586
Kosovo,XKX,2020,6.89686179061899
Kosovo,XKX,2019,4.28038685888543
Kosovo,XKX,2018,4.30722285992559
Kosovo,XKX,2017,5.35688771390387
Kosovo,XKX,2016,5.46971224840515
Kosovo,XKX,2015,6.84228252664611
Kosovo,XKX,2014,8.0186222517765
Kosovo,XKX,2013,8.24378132962531
Kosovo,XKX,2012,8.90981998034805
Kosovo,XKX,2011,8.97690031139228
Kosovo,XKX,2010,9.69822459377741
Kosovo,XKX,2009,15.3305494523813
Kosovo,XKX,2008,
Kosovo,XKX,2007,
Kosovo,XKX,2006,
Kosovo,XKX,2005,
Kosovo,XKX,2004,
Kosovo,XKX,2003,
Kosovo,XKX,2002,
Kosovo,XKX,2001,
Kosovo,XKX,2000,
Kosovo,XKX,1999,
Kosovo,XKX,1998,
Kosovo,XKX,1997,
Kosovo,XKX,1996,
Kosovo,XKX,1995,
Kosovo,XKX,1994,
Kosovo,XKX,1993,
Kosovo,XKX,1992,
Kosovo,XKX,1991,
Kosovo,XKX,1990,
Kosovo,XKX,1989,
Kosovo,XKX,1988,
Kosovo,XKX,1987,
Kosovo,XKX,1986,
Kosovo,XKX,1985,
Kosovo,XKX,1984,
Kosovo,XKX,1983,
Kosovo,XKX,1982,
Kosovo,XKX,1981,
Kosovo,XKX,1980,
Kosovo,XKX,1979,
Kosovo,XKX,1978,
Kosovo,XKX,1977,
Kosovo,XKX,1976,
Kosovo,XKX,1975,
Kosovo,XKX,1974,
Kosovo,XKX,1973,
Kosovo,XKX,1972,
Kosovo,XKX,1971,
Kosovo,XKX,1970,
Kosovo,XKX,1969,
Kosovo,XKX,1968,
Kosovo,XKX,1967,
Kosovo,XKX,1966,
Kosovo,XKX,1965,
Kosovo,XKX,1964,
Kosovo,XKX,1963,
Kosovo,XKX,1962,
Kosovo,XKX,1961,
Kosovo,XKX,1960,
Kuwait,KWT,2025,
Kuwait,KWT,2024,
Kuwait,KWT,2023,
Kuwait,KWT,2022,
Kuwait,KWT,2021,
Kuwait,KWT,2020,
Kuwait,KWT,2019,
Kuwait,KWT,2018,
Kuwait,KWT,2017,
Kuwait,KWT,2016,
Kuwait,KWT,2015,
Kuwait,KWT,2014,
Kuwait,KWT,2013,
Kuwait,KWT,2012,
Kuwait,KWT,2011,
Kuwait,KWT,2010,
Kuwait,KWT,2009,
Kuwait,KWT,2008,
Kuwait,KWT,2007,
Kuwait,KWT,2006,
Kuwait,KWT,2005,
Kuwait,KWT,2004,
Kuwait,KWT,2003,
Kuwait,KWT,2002,
Kuwait,KWT,2001,
Kuwait,KWT,2000,
Kuwait,KWT,1999,
Kuwait,KWT,1998,
Kuwait,KWT,1997,
Kuwait,KWT,1996,
Kuwait,KWT,1995,0.0131908995945086
Kuwait,KWT,1994,0.0159546927719144
Kuwait,KWT,1993,0.00731112752957504
Kuwait,KWT,1992,0.0260153715193482
Kuwait,KWT,1991,0.0716183978894211
Kuwait,KWT,1990,0.0491256353608212
Kuwait,KWT,1989,0.0144202496856479
Kuwait,KWT,1988,0.0212540367933652
Kuwait,KWT,1987,0.0121277128453601
Kuwait,KWT,1986,0.019342297112079
Kuwait,KWT,1985,0.0161235173256489
Kuwait,KWT,1984,0.0167315934319478
Kuwait,KWT,1983,0.0199222890121897
Kuwait,KWT,1982,0.0212293299724299
Kuwait,KWT,1981,0.0287950381951244
Kuwait,KWT,1980,0.0306103655814746
Kuwait,KWT,1979,0.00419235837211358
Kuwait,KWT,1978,0.00519040851472954
Kuwait,KWT,1977,0.00320691317359359
Kuwait,KWT,1976,0.00129776740493132
Kuwait,KWT,1975,0.00250485635431404
Kuwait,KWT,1974,0.0031539461665387
Kuwait,KWT,1973,0.0091643352949452
Kuwait,KWT,1972,0.0176052160171416
Kuwait,KWT,1971,0.0162762108198399
Kuwait,KWT,1970,0.0146834309727783
Kuwait,KWT,1969,0.0140306184146695
Kuwait,KWT,1968,0.000450369472909498
Kuwait,KWT,1967,-0.0700662044190581
Kuwait,KWT,1966,-0.075408495665086
Kuwait,KWT,1965,-0.0773507664605849
Kuwait,KWT,1964,-0.0579955716414645
Kuwait,KWT,1963,-0.0721543993186953
Kuwait,KWT,1962,-0.192577392785446
Kuwait,KWT,1961,
Kuwait,KWT,1960,
Kyrgyz Republic,KGZ,2025,
Kyrgyz Republic,KGZ,2024,
Kyrgyz Republic,KGZ,2023,2.93941682287838
Kyrgyz Republic,KGZ,2022,6.1967554610806
Kyrgyz Republic,KGZ,2021,5.25922031816697
Kyrgyz Republic,KGZ,2020,5.92816486512365
Kyrgyz Republic,KGZ,2019,5.17341825639639
Kyrgyz Republic,KGZ,2018,5.47290098332556
Kyrgyz Republic,KGZ,2017,6.34221759050988
Kyrgyz Republic,KGZ,2016,8.04742793332613
Kyrgyz Republic,KGZ,2015,12.0718184447938
Kyrgyz Republic,KGZ,2014,8.75186568238646
Kyrgyz Republic,KGZ,2013,7.80451848531129
Kyrgyz Republic,KGZ,2012,7.31047898751843
Kyrgyz Republic,KGZ,2011,7.90528804748069
Kyrgyz Republic,KGZ,2010,7.28828104140899
Kyrgyz Republic,KGZ,2009,6.19731374378293
Kyrgyz Republic,KGZ,2008,6.41119948457558
Kyrgyz Republic,KGZ,2007,6.78355235257195
Kyrgyz Republic,KGZ,2006,9.7111499009763
Kyrgyz Republic,KGZ,2005,10.0274851284232
Kyrgyz Republic,KGZ,2004,9.79946638779272
Kyrgyz Republic,KGZ,2003,9.38595825416129
Kyrgyz Republic,KGZ,2002,10.2413907458208
Kyrgyz Republic,KGZ,2001,8.82805076998452
Kyrgyz Republic,KGZ,2000,15.0152778714451
Kyrgyz Republic,KGZ,1999,17.3238589224711
Kyrgyz Republic,KGZ,1998,12.5230108186165
Kyrgyz Republic,KGZ,1997,11.0186084445666
Kyrgyz Republic,KGZ,1996,11.4211696192373
Kyrgyz Republic,KGZ,1995,15.0871731974758
Kyrgyz Republic,KGZ,1994,10.3821862527565
Kyrgyz Republic,KGZ,1993,4.7026668044894
Kyrgyz Republic,KGZ,1992,0.910446703840973
Kyrgyz Republic,KGZ,1991,
Kyrgyz Republic,KGZ,1990,
Kyrgyz Republic,KGZ,1989,
Kyrgyz Republic,KGZ,1988,
Kyrgyz Republic,KGZ,1987,
Kyrgyz Republic,KGZ,1986,
Kyrgyz Republic,KGZ,1985,
Kyrgyz Republic,KGZ,1984,
Kyrgyz Republic,KGZ,1983,
Kyrgyz Republic,KGZ,1982,
Kyrgyz Republic,KGZ,1981,
Kyrgyz Republic,KGZ,1980,
Kyrgyz Republic,KGZ,1979,
Kyrgyz Republic,KGZ,1978,
Kyrgyz Republic,KGZ,1977,
Kyrgyz Republic,KGZ,1976,
Kyrgyz Republic,KGZ,1975,
Kyrgyz Republic,KGZ,1974,
Kyrgyz Republic,KGZ,1973,
Kyrgyz Republic,KGZ,1972,
Kyrgyz Republic,KGZ,1971,
Kyrgyz Republic,KGZ,1970,
Kyrgyz Republic,KGZ,1969,
Kyrgyz Republic,KGZ,1968,
Kyrgyz Republic,KGZ,1967,
Kyrgyz Republic,KGZ,1966,
Kyrgyz Republic,KGZ,1965,
Kyrgyz Republic,KGZ,1964,
Kyrgyz Republic,KGZ,1963,
Kyrgyz Republic,KGZ,1962,
Kyrgyz Republic,KGZ,1961,
Kyrgyz Republic,KGZ,1960,
Lao PDR,LAO,2025,
Lao PDR,LAO,2024,
Lao PDR,LAO,2023,3.50571492639941
Lao PDR,LAO,2022,3.82449599181715
Lao PDR,LAO,2021,3.24954006438519
Lao PDR,LAO,2020,2.973532746881
Lao PDR,LAO,2019,3.52630395334805
Lao PDR,LAO,2018,3.39214245499786
Lao PDR,LAO,2017,2.97068008653757
Lao PDR,LAO,2016,2.6231518954447
Lao PDR,LAO,2015,3.41743588657793
Lao PDR,LAO,2014,3.73750467191173
Lao PDR,LAO,2013,3.73359381184096
Lao PDR,LAO,2012,4.28512216795288
Lao PDR,LAO,2011,4.55973103778296
Lao PDR,LAO,2010,5.24013244255726
Lao PDR,LAO,2009,6.57945069153252
Lao PDR,LAO,2008,8.81154099448887
Lao PDR,LAO,2007,8.4427418997455
Lao PDR,LAO,2006,9.41179516379337
Lao PDR,LAO,2005,9.03779703531836
Lao PDR,LAO,2004,10.177923976176
Lao PDR,LAO,2003,13.2814208286394
Lao PDR,LAO,2002,13.8356236525861
Lao PDR,LAO,2001,12.0397091454582
Lao PDR,LAO,2000,14.0693108243749
Lao PDR,LAO,1999,17.51966268684
Lao PDR,LAO,1998,17.075788383791
Lao PDR,LAO,1997,14.2694367458782
Lao PDR,LAO,1996,13.3111117890996
Lao PDR,LAO,1995,14.0236264417838
Lao PDR,LAO,1994,12.4037248564046
Lao PDR,LAO,1993,11.6874521404872
Lao PDR,LAO,1992,12.6777013043072
Lao PDR,LAO,1991,10.6099871576043
Lao PDR,LAO,1990,12.1054592839817
Lao PDR,LAO,1989,14.9878122108477
Lao PDR,LAO,1988,11.7119428453381
Lao PDR,LAO,1987,4.97759015171937
Lao PDR,LAO,1986,2.28326421124255
Lao PDR,LAO,1985,1.51098587720345
Lao PDR,LAO,1984,1.90365858133128
Lao PDR,LAO,1983,
Lao PDR,LAO,1982,
Lao PDR,LAO,1981,
Lao PDR,LAO,1980,
Lao PDR,LAO,1979,
Lao PDR,LAO,1978,
Lao PDR,LAO,1977,
Lao PDR,LAO,1976,
Lao PDR,LAO,1975,
Lao PDR,LAO,1974,
Lao PDR,LAO,1973,
Lao PDR,LAO,1972,
Lao PDR,LAO,1971,
Lao PDR,LAO,1970,
Lao PDR,LAO,1969,
Lao PDR,LAO,1968,
Lao PDR,LAO,1967,
Lao PDR,LAO,1966,
Lao PDR,LAO,1965,
Lao PDR,LAO,1964,
Lao PDR,LAO,1963,
Lao PDR,LAO,1962,
Lao PDR,LAO,1961,
Lao PDR,LAO,1960,
Latvia,LVA,2025,
Latvia,LVA,2024,
Latvia,LVA,2023,
Latvia,LVA,2022,
Latvia,LVA,2021,
Latvia,LVA,2020,
Latvia,LVA,2019,
Latvia,LVA,2018,
Latvia,LVA,2017,
Latvia,LVA,2016,
Latvia,LVA,2015,
Latvia,LVA,2014,
Latvia,LVA,2013,
Latvia,LVA,2012,
Latvia,LVA,2011,
Latvia,LVA,2010,
Latvia,LVA,2009,
Latvia,LVA,2008,
Latvia,LVA,2007,
Latvia,LVA,2006,
Latvia,LVA,2005,
Latvia,LVA,2004,
Latvia,LVA,2003,
Latvia,LVA,2002,
Latvia,LVA,2001,
Latvia,LVA,2000,
Latvia,LVA,1999,
Latvia,LVA,1998,
Latvia,LVA,1997,
Latvia,LVA,1996,
Latvia,LVA,1995,
Latvia,LVA,1994,
Latvia,LVA,1993,
Latvia,LVA,1992,
Latvia,LVA,1991,
Latvia,LVA,1990,
Latvia,LVA,1989,
Latvia,LVA,1988,
Latvia,LVA,1987,
Latvia,LVA,1986,
Latvia,LVA,1985,
Latvia,LVA,1984,
Latvia,LVA,1983,
Latvia,LVA,1982,
Latvia,LVA,1981,
Latvia,LVA,1980,
Latvia,LVA,1979,
Latvia,LVA,1978,
Latvia,LVA,1977,
Latvia,LVA,1976,
Latvia,LVA,1975,
Latvia,LVA,1974,
Latvia,LVA,1973,
Latvia,LVA,1972,
Latvia,LVA,1971,
Latvia,LVA,1970,
Latvia,LVA,1969,
Latvia,LVA,1968,
Latvia,LVA,1967,
Latvia,LVA,1966,
Latvia,LVA,1965,
Latvia,LVA,1964,
Latvia,LVA,1963,
Latvia,LVA,1962,
Latvia,LVA,1961,
Latvia,LVA,1960,
Lebanon,LBN,2025,
Lebanon,LBN,2024,
Lebanon,LBN,2023,8.81329351538091
Lebanon,LBN,2022,7.13851457922801
Lebanon,LBN,2021,6.61592820947018
Lebanon,LBN,2020,4.63489186346782
Lebanon,LBN,2019,2.45767263477744
Lebanon,LBN,2018,2.64422640246218
Lebanon,LBN,2017,2.46700798851377
Lebanon,LBN,2016,2.24389669270407
Lebanon,LBN,2015,1.95385502507846
Lebanon,LBN,2014,1.72767194358752
Lebanon,LBN,2013,1.33215209057863
Lebanon,LBN,2012,1.62415190864785
Lebanon,LBN,2011,1.19807797990274
Lebanon,LBN,2010,1.10232875699537
Lebanon,LBN,2009,1.64890731193851
Lebanon,LBN,2008,3.61522283598915
Lebanon,LBN,2007,3.8282324974968
Lebanon,LBN,2006,3.69376021097113
Lebanon,LBN,2005,1.0832436594666
Lebanon,LBN,2004,1.31073384177353
Lebanon,LBN,2003,3.18963748198811
Lebanon,LBN,2002,1.11595141808574
Lebanon,LBN,2001,1.13205209146493
Lebanon,LBN,2000,1.14435462100709
Lebanon,LBN,1999,1.10523829883045
Lebanon,LBN,1998,1.95944596277473
Lebanon,LBN,1997,1.62563118314104
Lebanon,LBN,1996,1.66977679097382
Lebanon,LBN,1995,1.56656454301319
Lebanon,LBN,1994,2.29732129220613
Lebanon,LBN,1993,1.73026465130914
Lebanon,LBN,1992,1.81020879279908
Lebanon,LBN,1991,2.6138817347896
Lebanon,LBN,1990,8.25478126643209
Lebanon,LBN,1989,3.45685195150514
Lebanon,LBN,1988,
Lebanon,LBN,1987,
Lebanon,LBN,1986,
Lebanon,LBN,1985,
Lebanon,LBN,1984,
Lebanon,LBN,1983,
Lebanon,LBN,1982,
Lebanon,LBN,1981,
Lebanon,LBN,1980,
Lebanon,LBN,1979,
Lebanon,LBN,1978,
Lebanon,LBN,1977,
Lebanon,LBN,1976,
Lebanon,LBN,1975,
Lebanon,LBN,1974,
Lebanon,LBN,1973,
Lebanon,LBN,1972,
Lebanon,LBN,1971,
Lebanon,LBN,1970,
Lebanon,LBN,1969,
Lebanon,LBN,1968,
Lebanon,LBN,1967,
Lebanon,LBN,1966,
Lebanon,LBN,1965,
Lebanon,LBN,1964,
Lebanon,LBN,1963,
Lebanon,LBN,1962,
Lebanon,LBN,1961,
Lebanon,LBN,1960,
Lesotho,LSO,2025,
Lesotho,LSO,2024,
Lesotho,LSO,2023,6.68850494255515
Lesotho,LSO,2022,5.43707766426183
Lesotho,LSO,2021,6.40953816797434
Lesotho,LSO,2020,7.04467570617707
Lesotho,LSO,2019,5.00070383559453
Lesotho,LSO,2018,5.05319346138565
Lesotho,LSO,2017,5.55962457961521
Lesotho,LSO,2016,4.66827392862323
Lesotho,LSO,2015,3.27724277605361
Lesotho,LSO,2014,3.94076200989537
Lesotho,LSO,2013,11.7943509912759
Lesotho,LSO,2012,9.55026688054369
Lesotho,LSO,2011,8.31212755687192
Lesotho,LSO,2010,7.60001264823895
Lesotho,LSO,2009,5.33230480410812
Lesotho,LSO,2008,6.04825057542569
Lesotho,LSO,2007,5.58303022407835
Lesotho,LSO,2006,3.17320250288469
Lesotho,LSO,2005,3.13456099134935
Lesotho,LSO,2004,4.5978504213821
Lesotho,LSO,2003,4.7816297439777
Lesotho,LSO,2002,6.85513116395266
Lesotho,LSO,2001,4.6509004328661
Lesotho,LSO,2000,3.28753352242803
Lesotho,LSO,1999,2.65004221377673
Lesotho,LSO,1998,5.18812929642856
Lesotho,LSO,1997,6.92268858635006
Lesotho,LSO,1996,8.14809582970017
Lesotho,LSO,1995,8.41208817337243
Lesotho,LSO,1994,9.57517490257284
Lesotho,LSO,1993,12.2522977762632
Lesotho,LSO,1992,11.8140967968564
Lesotho,LSO,1991,11.4214608996699
Lesotho,LSO,1990,14.5341625092285
Lesotho,LSO,1989,16.5029114470923
Lesotho,LSO,1988,13.4428209904124
Lesotho,LSO,1987,14.189346882191
Lesotho,LSO,1986,14.5284160221811
Lesotho,LSO,1985,18.3757675653959
Lesotho,LSO,1984,14.7935836864312
Lesotho,LSO,1983,13.8018475331359
Lesotho,LSO,1982,13.2872980380106
Lesotho,LSO,1981,14.2500589808116
Lesotho,LSO,1980,13.4090146538857
Lesotho,LSO,1979,12.8447212539144
Lesotho,LSO,1978,11.1193598647295
Lesotho,LSO,1977,10.2169006593332
Lesotho,LSO,1976,9.96383856892539
Lesotho,LSO,1975,11.3514328901782
Lesotho,LSO,1974,8.61673819817945
Lesotho,LSO,1973,8.49459497520166
Lesotho,LSO,1972,12.8337202862462
Lesotho,LSO,1971,16.8819736064574
Lesotho,LSO,1970,10.9968393244079
Lesotho,LSO,1969,15.6587014458524
Lesotho,LSO,1968,16.9352216189653
Lesotho,LSO,1967,18.5959963900719
Lesotho,LSO,1966,17.4603243913297
Lesotho,LSO,1965,
Lesotho,LSO,1964,
Lesotho,LSO,1963,
Lesotho,LSO,1962,
Lesotho,LSO,1961,
Lesotho,LSO,1960,
Liberia,LBR,2025,
Liberia,LBR,2024,
Liberia,LBR,2023,13.6663096374408
Liberia,LBR,2022,12.942827606022
Liberia,LBR,2021,18.4569478939444
Liberia,LBR,2020,22.624434513459
Liberia,LBR,2019,19.6427553859774
Liberia,LBR,2018,19.8929132854865
Liberia,LBR,2017,20.4541240938977
Liberia,LBR,2016,26.2776114785617
Liberia,LBR,2015,37.1369897351232
Liberia,LBR,2014,25.9137562208539
Liberia,LBR,2013,18.6365586036506
Liberia,LBR,2012,22.402586627864
Liberia,LBR,2011,33.5328392449361
Liberia,LBR,2010,75.3986597696327
Liberia,LBR,2009,31.4618034046796
Liberia,LBR,2008,79.8266900815564
Liberia,LBR,2007,92.1417301912882
Liberia,LBR,2006,26.9808713299037
Liberia,LBR,2005,27.9926818950417
Liberia,LBR,2004,29.2040884737327
Liberia,LBR,2003,17.9430880656839
Liberia,LBR,2002,7.20457333211745
Liberia,LBR,2001,5.13408727684783
Liberia,LBR,2000,8.72637822533592
Liberia,LBR,1999,20.149908665521
Liberia,LBR,1998,15.7876749251559
Liberia,LBR,1997,20.3664898309913
Liberia,LBR,1996,78.8007779079185
Liberia,LBR,1995,66.430910758689
Liberia,LBR,1994,34.8866906320318
Liberia,LBR,1993,55.4792388605259
Liberia,LBR,1992,38.927412571706
Liberia,LBR,1991,32.9504695452871
Liberia,LBR,1990,21.5244359918322
Liberia,LBR,1989,5.81755843420877
Liberia,LBR,1988,6.4560101186791
Liberia,LBR,1987,8.44731547884843
Liberia,LBR,1986,11.0818835644634
Liberia,LBR,1985,9.5216468020059
Liberia,LBR,1984,14.214794808599
Liberia,LBR,1983,12.180538295147
Liberia,LBR,1982,11.569326511568
Liberia,LBR,1981,11.4159551996149
Liberia,LBR,1980,10.0671173658185
Liberia,LBR,1979,8.63248772400631
Liberia,LBR,1978,5.6487523382568
Liberia,LBR,1977,4.25854414695912
Liberia,LBR,1976,3.9504911479602
Liberia,LBR,1975,3.137887008178
Liberia,LBR,1974,2.67973112172279
Liberia,LBR,1973,2.38572951698831
Liberia,LBR,1972,3.16183493441221
Liberia,LBR,1971,3.40031552207792
Liberia,LBR,1970,3.62786759940861
Liberia,LBR,1969,5.03913280106921
Liberia,LBR,1968,5.5417022167169
Liberia,LBR,1967,9.28545756477551
Liberia,LBR,1966,14.7081498047848
Liberia,LBR,1965,14.4874203872137
Liberia,LBR,1964,6.79754155769001
Liberia,LBR,1963,17.2679902686279
Liberia,LBR,1962,41.7871465060359
Liberia,LBR,1961,14.811524236015
Liberia,LBR,1960,5.29428658757292
Libya,LBY,2025,
Libya,LBY,2024,
Libya,LBY,2023,0.778388975005509
Libya,LBY,2022,0.610852221354153
Libya,LBY,2021,0.993399118031291
Libya,LBY,2020,0.622734219719418
Libya,LBY,2019,0.414591017228459
Libya,LBY,2018,0.390672294656074
Libya,LBY,2017,0.631026065156879
Libya,LBY,2016,0.354282002595638
Libya,LBY,2015,0.3150326435354
Libya,LBY,2014,0.362842576028605
Libya,LBY,2013,0.171916809375947
Libya,LBY,2012,0.0961495307332879
Libya,LBY,2011,1.32938412532718
Libya,LBY,2010,0.0100993189004349
Libya,LBY,2009,0.0652290062298329
Libya,LBY,2008,0.0848814000373836
Libya,LBY,2007,0.0281854337222457
Libya,LBY,2006,0.0624574035135564
Libya,LBY,2005,0.0508876864337293
Libya,LBY,2004,
Libya,LBY,2003,
Libya,LBY,2002,
Libya,LBY,2001,
Libya,LBY,2000,
Libya,LBY,1999,0.015110671346417
Libya,LBY,1998,0.0200170816953923
Libya,LBY,1997,0.0129536299942554
Libya,LBY,1996,0.0130297821906599
Libya,LBY,1995,0.0223152126486668
Libya,LBY,1994,0.0138693790306273
Libya,LBY,1993,0.00940182326968804
Libya,LBY,1992,0.00972534353249124
Libya,LBY,1991,0.0235252657135095
Libya,LBY,1990,0.028990703750347
Libya,LBY,1989,0.0390575379188819
Libya,LBY,1988,0.0227307609140353
Libya,LBY,1987,0.0230554396034083
Libya,LBY,1986,0.0454033711343029
Libya,LBY,1985,0.0169676992857506
Libya,LBY,1984,0.0164875960935865
Libya,LBY,1983,0.0165651082451573
Libya,LBY,1982,0.330928465265174
Libya,LBY,1981,0.0131070353741325
Libya,LBY,1980,0.0302689289613785
Libya,LBY,1979,0.0118377773315898
Libya,LBY,1978,0.0252072964570502
Libya,LBY,1977,0.0306591797824791
Libya,LBY,1976,0.0372856058282162
Libya,LBY,1975,0.0107437105246461
Libya,LBY,1974,0.0759462821712198
Libya,LBY,1973,0.15191266440524
Libya,LBY,1972,0.117162293663236
Libya,LBY,1971,0.0723630214009761
Libya,LBY,1970,0.107943897726201
Libya,LBY,1969,0.192598599370368
Libya,LBY,1968,0.215605395012059
Libya,LBY,1967,0.0851161953339786
Libya,LBY,1966,0.103316542805259
Libya,LBY,1965,0.522038443399463
Libya,LBY,1964,1.74261534813409
Libya,LBY,1963,3.13323556041266
Libya,LBY,1962,5.50047908453183
Libya,LBY,1961,8.79986960411707
Libya,LBY,1960,11.3219267614521
Liechtenstein,LIE,2025,
Liechtenstein,LIE,2024,
Liechtenstein,LIE,2023,
Liechtenstein,LIE,2022,
Liechtenstein,LIE,2021,
Liechtenstein,LIE,2020,
Liechtenstein,LIE,2019,
Liechtenstein,LIE,2018,
Liechtenstein,LIE,2017,
Liechtenstein,LIE,2016,
Liechtenstein,LIE,2015,
Liechtenstein,LIE,2014,
Liechtenstein,LIE,2013,
Liechtenstein,LIE,2012,
Liechtenstein,LIE,2011,
Liechtenstein,LIE,2010,
Liechtenstein,LIE,2009,
Liechtenstein,LIE,2008,
Liechtenstein,LIE,2007,
Liechtenstein,LIE,2006,
Liechtenstein,LIE,2005,
Liechtenstein,LIE,2004,
Liechtenstein,LIE,2003,
Liechtenstein,LIE,2002,
Liechtenstein,LIE,2001,
Liechtenstein,LIE,2000,
Liechtenstein,LIE,1999,
Liechtenstein,LIE,1998,
Liechtenstein,LIE,1997,
Liechtenstein,LIE,1996,
Liechtenstein,LIE,1995,
Liechtenstein,LIE,1994,
Liechtenstein,LIE,1993,
Liechtenstein,LIE,1992,
Liechtenstein,LIE,1991,
Liechtenstein,LIE,1990,
Liechtenstein,LIE,1989,
Liechtenstein,LIE,1988,
Liechtenstein,LIE,1987,
Liechtenstein,LIE,1986,
Liechtenstein,LIE,1985,
Liechtenstein,LIE,1984,
Liechtenstein,LIE,1983,
Liechtenstein,LIE,1982,
Liechtenstein,LIE,1981,
Liechtenstein,LIE,1980,
Liechtenstein,LIE,1979,
Liechtenstein,LIE,1978,
Liechtenstein,LIE,1977,
Liechtenstein,LIE,1976,
Liechtenstein,LIE,1975,
Liechtenstein,LIE,1974,
Liechtenstein,LIE,1973,
Liechtenstein,LIE,1972,
Liechtenstein,LIE,1971,
Liechtenstein,LIE,1970,
Liechtenstein,LIE,1969,
Liechtenstein,LIE,1968,
Liechtenstein,LIE,1967,
Liechtenstein,LIE,1966,
Liechtenstein,LIE,1965,
Liechtenstein,LIE,1964,
Liechtenstein,LIE,1963,
Liechtenstein,LIE,1962,
Liechtenstein,LIE,1961,
Liechtenstein,LIE,1960,
Lithuania,LTU,2025,
Lithuania,LTU,2024,
Lithuania,LTU,2023,
Lithuania,LTU,2022,
Lithuania,LTU,2021,
Lithuania,LTU,2020,
Lithuania,LTU,2019,
Lithuania,LTU,2018,
Lithuania,LTU,2017,
Lithuania,LTU,2016,
Lithuania,LTU,2015,
Lithuania,LTU,2014,
Lithuania,LTU,2013,
Lithuania,LTU,2012,
Lithuania,LTU,2011,
Lithuania,LTU,2010,
Lithuania,LTU,2009,
Lithuania,LTU,2008,
Lithuania,LTU,2007,
Lithuania,LTU,2006,
Lithuania,LTU,2005,
Lithuania,LTU,2004,
Lithuania,LTU,2003,
Lithuania,LTU,2002,
Lithuania,LTU,2001,
Lithuania,LTU,2000,
Lithuania,LTU,1999,
Lithuania,LTU,1998,
Lithuania,LTU,1997,
Lithuania,LTU,1996,
Lithuania,LTU,1995,
Lithuania,LTU,1994,
Lithuania,LTU,1993,
Lithuania,LTU,1992,
Lithuania,LTU,1991,
Lithuania,LTU,1990,
Lithuania,LTU,1989,
Lithuania,LTU,1988,
Lithuania,LTU,1987,
Lithuania,LTU,1986,
Lithuania,LTU,1985,
Lithuania,LTU,1984,
Lithuania,LTU,1983,
Lithuania,LTU,1982,
Lithuania,LTU,1981,
Lithuania,LTU,1980,
Lithuania,LTU,1979,
Lithuania,LTU,1978,
Lithuania,LTU,1977,
Lithuania,LTU,1976,
Lithuania,LTU,1975,
Lithuania,LTU,1974,
Lithuania,LTU,1973,
Lithuania,LTU,1972,
Lithuania,LTU,1971,
Lithuania,LTU,1970,
Lithuania,LTU,1969,
Lithuania,LTU,1968,
Lithuania,LTU,1967,
Lithuania,LTU,1966,
Lithuania,LTU,1965,
Lithuania,LTU,1964,
Lithuania,LTU,1963,
Lithuania,LTU,1962,
Lithuania,LTU,1961,
Lithuania,LTU,1960,
Luxembourg,LUX,2025,
Luxembourg,LUX,2024,
Luxembourg,LUX,2023,
Luxembourg,LUX,2022,
Luxembourg,LUX,2021,
Luxembourg,LUX,2020,
Luxembourg,LUX,2019,
Luxembourg,LUX,2018,
Luxembourg,LUX,2017,
Luxembourg,LUX,2016,
Luxembourg,LUX,2015,
Luxembourg,LUX,2014,
Luxembourg,LUX,2013,
Luxembourg,LUX,2012,
Luxembourg,LUX,2011,
Luxembourg,LUX,2010,
Luxembourg,LUX,2009,
Luxembourg,LUX,2008,
Luxembourg,LUX,2007,
Luxembourg,LUX,2006,
Luxembourg,LUX,2005,
Luxembourg,LUX,2004,
Luxembourg,LUX,2003,
Luxembourg,LUX,2002,
Luxembourg,LUX,2001,
Luxembourg,LUX,2000,
Luxembourg,LUX,1999,
Luxembourg,LUX,1998,
Luxembourg,LUX,1997,
Luxembourg,LUX,1996,
Luxembourg,LUX,1995,
Luxembourg,LUX,1994,
Luxembourg,LUX,1993,
Luxembourg,LUX,1992,
Luxembourg,LUX,1991,
Luxembourg,LUX,1990,
Luxembourg,LUX,1989,
Luxembourg,LUX,1988,
Luxembourg,LUX,1987,
Luxembourg,LUX,1986,
Luxembourg,LUX,1985,
Luxembourg,LUX,1984,
Luxembourg,LUX,1983,
Luxembourg,LUX,1982,
Luxembourg,LUX,1981,
Luxembourg,LUX,1980,
Luxembourg,LUX,1979,
Luxembourg,LUX,1978,
Luxembourg,LUX,1977,
Luxembourg,LUX,1976,
Luxembourg,LUX,1975,
Luxembourg,LUX,1974,
Luxembourg,LUX,1973,
Luxembourg,LUX,1972,
Luxembourg,LUX,1971,
Luxembourg,LUX,1970,
Luxembourg,LUX,1969,
Luxembourg,LUX,1968,
Luxembourg,LUX,1967,
Luxembourg,LUX,1966,
Luxembourg,LUX,1965,
Luxembourg,LUX,1964,
Luxembourg,LUX,1963,
Luxembourg,LUX,1962,
Luxembourg,LUX,1961,
Luxembourg,LUX,1960,
"Macao SAR, China",MAC,2025,
"Macao SAR, China",MAC,2024,
"Macao SAR, China",MAC,2023,
"Macao SAR, China",MAC,2022,
"Macao SAR, China",MAC,2021,
"Macao SAR, China",MAC,2020,
"Macao SAR, China",MAC,2019,
"Macao SAR, China",MAC,2018,
"Macao SAR, China",MAC,2017,
"Macao SAR, China",MAC,2016,
"Macao SAR, China",MAC,2015,
"Macao SAR, China",MAC,2014,
"Macao SAR, China",MAC,2013,
"Macao SAR, China",MAC,2012,
"Macao SAR, China",MAC,2011,
"Macao SAR, China",MAC,2010,
"Macao SAR, China",MAC,2009,
"Macao SAR, China",MAC,2008,
"Macao SAR, China",MAC,2007,
"Macao SAR, China",MAC,2006,
"Macao SAR, China",MAC,2005,
"Macao SAR, China",MAC,2004,
"Macao SAR, China",MAC,2003,
"Macao SAR, China",MAC,2002,
"Macao SAR, China",MAC,2001,
"Macao SAR, China",MAC,2000,
"Macao SAR, China",MAC,1999,0.00521685690793636
"Macao SAR, China",MAC,1998,0.0076864219355598
"Macao SAR, China",MAC,1997,0.00513666922387585
"Macao SAR, China",MAC,1996,0.00461039340695446
"Macao SAR, China",MAC,1995,-0.0577423844888417
"Macao SAR, China",MAC,1994,0.00460645761704133
"Macao SAR, China",MAC,1993,0.00317340836268257
"Macao SAR, China",MAC,1992,0.00262252037501605
"Macao SAR, China",MAC,1991,0.00316718655809119
"Macao SAR, China",MAC,1990,0.00704798623610674
"Macao SAR, China",MAC,1989,0.0120172389263862
"Macao SAR, China",MAC,1988,0.0150351053595572
"Macao SAR, China",MAC,1987,0.00699617833037246
"Macao SAR, China",MAC,1986,0.0231306816529288
"Macao SAR, China",MAC,1985,0.0306801227049373
"Macao SAR, China",MAC,1984,0.0339479474716338
"Macao SAR, China",MAC,1983,0.0488018327667459
"Macao SAR, China",MAC,1982,0.062617513488797
"Macao SAR, China",MAC,1981,
"Macao SAR, China",MAC,1980,
"Macao SAR, China",MAC,1979,
"Macao SAR, China",MAC,1978,
"Macao SAR, China",MAC,1977,
"Macao SAR, China",MAC,1976,
"Macao SAR, China",MAC,1975,
"Macao SAR, China",MAC,1974,
"Macao SAR, China",MAC,1973,
"Macao SAR, China",MAC,1972,
"Macao SAR, China",MAC,1971,
"Macao SAR, China",MAC,1970,
"Macao SAR, China",MAC,1969,
"Macao SAR, China",MAC,1968,
"Macao SAR, China",MAC,1967,
"Macao SAR, China",MAC,1966,
"Macao SAR, China",MAC,1965,
"Macao SAR, China",MAC,1964,
"Macao SAR, China",MAC,1963,
"Macao SAR, China",MAC,1962,
"Macao SAR, China",MAC,1961,
"Macao SAR, China",MAC,1960,
Madagascar,MDG,2025,
Madagascar,MDG,2024,
Madagascar,MDG,2023,8.07484539748982
Madagascar,MDG,2022,6.71601104860105
Madagascar,MDG,2021,7.5871610410107
Madagascar,MDG,2020,10.2606988246381
Madagascar,MDG,2019,5.37087495303583
Madagascar,MDG,2018,5.6501932786507
Madagascar,MDG,2017,6.07559729989975
Madagascar,MDG,2016,5.4328152533716
Madagascar,MDG,2015,6.18902936328174
Madagascar,MDG,2014,4.81130588709127
Madagascar,MDG,2013,4.16060518537766
Madagascar,MDG,2012,3.28778810703724
Madagascar,MDG,2011,3.94426003688728
Madagascar,MDG,2010,3.91987521681523
Madagascar,MDG,2009,4.58824881870444
Madagascar,MDG,2008,7.97337244702909
Madagascar,MDG,2007,10.6276994695394
Madagascar,MDG,2006,12.5531773752348
Madagascar,MDG,2005,15.9695393458985
Madagascar,MDG,2004,25.0975791352521
Madagascar,MDG,2003,8.66289932055244
Madagascar,MDG,2002,7.16403279005939
Madagascar,MDG,2001,6.99268648676868
Madagascar,MDG,2000,7.07311247487637
Madagascar,MDG,1999,8.55611172175423
Madagascar,MDG,1998,11.2096861226147
Madagascar,MDG,1997,20.0975821794062
Madagascar,MDG,1996,7.43723180456956
Madagascar,MDG,1995,8.15528585421383
Madagascar,MDG,1994,8.55804573136859
Madagascar,MDG,1993,9.23279754492584
Madagascar,MDG,1992,10.1334154518186
Madagascar,MDG,1991,14.7117265378572
Madagascar,MDG,1990,10.5282503529094
Madagascar,MDG,1989,11.6273541593157
Madagascar,MDG,1988,9.83265396500297
Madagascar,MDG,1987,10.8811064486572
Madagascar,MDG,1986,7.38915941587429
Madagascar,MDG,1985,5.02595965398704
Madagascar,MDG,1984,3.99503993792146
Madagascar,MDG,1983,3.96600521967845
Madagascar,MDG,1982,5.12014624395065
Madagascar,MDG,1981,4.9877900897814
Madagascar,MDG,1980,4.45041789107469
Madagascar,MDG,1979,3.97227907178847
Madagascar,MDG,1978,3.38979868535884
Madagascar,MDG,1977,2.5695011647459
Madagascar,MDG,1976,2.82773874331231
Madagascar,MDG,1975,3.62117686436129
Madagascar,MDG,1974,3.29710193426097
Madagascar,MDG,1973,3.18545049872417
Madagascar,MDG,1972,4.0837903808739
Madagascar,MDG,1971,3.92996258086986
Madagascar,MDG,1970,4.32426999003648
Madagascar,MDG,1969,4.33425200272018
Madagascar,MDG,1968,4.71275253789903
Madagascar,MDG,1967,4.56277583681977
Madagascar,MDG,1966,5.29844242149094
Madagascar,MDG,1965,6.30511661890327
Madagascar,MDG,1964,6.13163226743869
Madagascar,MDG,1963,1.12908601178659
Madagascar,MDG,1962,0.698325845082934
Madagascar,MDG,1961,0.220393227464335
Madagascar,MDG,1960,0.407195297757805
Malawi,MWI,2025,
Malawi,MWI,2024,
Malawi,MWI,2023,13.1533541593464
Malawi,MWI,2022,11.3763305758569
Malawi,MWI,2021,9.87498576133683
Malawi,MWI,2020,12.7234977703152
Malawi,MWI,2019,10.8353698831549
Malawi,MWI,2018,13.3845005294199
Malawi,MWI,2017,17.4029572898996
Malawi,MWI,2016,15.7428813891573
Malawi,MWI,2015,11.6647910311586
Malawi,MWI,2014,10.7766583885142
Malawi,MWI,2013,14.3867904227844
Malawi,MWI,2012,13.554545631537
Malawi,MWI,2011,6.921820607063
Malawi,MWI,2010,8.81993079964335
Malawi,MWI,2009,8.64129331397517
Malawi,MWI,2008,11.9766055652863
Malawi,MWI,2007,11.9228696593166
Malawi,MWI,2006,12.5053042556621
Malawi,MWI,2005,10.8634050804976
Malawi,MWI,2004,10.1222764653904
Malawi,MWI,2003,11.2259102471242
Malawi,MWI,2002,7.53017964635851
Malawi,MWI,2001,16.6599215207389
Malawi,MWI,2000,17.7834996048155
Malawi,MWI,1999,17.456065322135
Malawi,MWI,1998,17.311214301967
Malawi,MWI,1997,8.87822246229336
Malawi,MWI,1996,14.8374473862045
Malawi,MWI,1995,21.3964544493184
Malawi,MWI,1994,27.3940152300461
Malawi,MWI,1993,16.5043209691805
Malawi,MWI,1992,22.0723853266695
Malawi,MWI,1991,17.1377316459968
Malawi,MWI,1990,18.2807425500388
Malawi,MWI,1989,18.0321088419956
Malawi,MWI,1988,18.7034144206213
Malawi,MWI,1987,16.0212641267319
Malawi,MWI,1986,11.2905812358946
Malawi,MWI,1985,6.83048540092497
Malawi,MWI,1984,10.31382547105
Malawi,MWI,1983,6.48766252336919
Malawi,MWI,1982,7.00078251386515
Malawi,MWI,1981,7.58607935921823
Malawi,MWI,1980,7.83829562585419
Malawi,MWI,1979,
Malawi,MWI,1978,
Malawi,MWI,1977,
Malawi,MWI,1976,
Malawi,MWI,1975,
Malawi,MWI,1974,
Malawi,MWI,1973,
Malawi,MWI,1972,
Malawi,MWI,1971,
Malawi,MWI,1970,
Malawi,MWI,1969,
Malawi,MWI,1968,
Malawi,MWI,1967,
Malawi,MWI,1966,
Malawi,MWI,1965,
Malawi,MWI,1964,
Malawi,MWI,1963,
Malawi,MWI,1962,
Malawi,MWI,1961,
Malawi,MWI,1960,
Malaysia,MYS,2025,
Malaysia,MYS,2024,
Malaysia,MYS,2023,0.00169664672920921
Malaysia,MYS,2022,0.00150426910235144
Malaysia,MYS,2021,0.00425551405061678
Malaysia,MYS,2020,-0.0012877404901923
Malaysia,MYS,2019,-0.000547758029376873
Malaysia,MYS,2018,-0.00991471995214102
Malaysia,MYS,2017,-0.00943196681356662
Malaysia,MYS,2016,-0.0176905567681013
Malaysia,MYS,2015,-0.000204898109883474
Malaysia,MYS,2014,0.00609494316580373
Malaysia,MYS,2013,-0.0362606484813182
Malaysia,MYS,2012,0.00605048575405354
Malaysia,MYS,2011,0.0140299633360215
Malaysia,MYS,2010,-0.00331706295316101
Malaysia,MYS,2009,0.0705868009867688
Malaysia,MYS,2008,0.0698278805447649
Malaysia,MYS,2007,0.106686790648668
Malaysia,MYS,2006,0.152782057357478
Malaysia,MYS,2005,0.0212950102237469
Malaysia,MYS,2004,0.252881048434317
Malaysia,MYS,2003,0.105801022231595
Malaysia,MYS,2002,0.0947932284864987
Malaysia,MYS,2001,0.03408619302176
Malaysia,MYS,2000,0.0564472390495506
Malaysia,MYS,1999,0.198137409006112
Malaysia,MYS,1998,0.295531916651717
Malaysia,MYS,1997,-0.253931621195517
Malaysia,MYS,1996,-0.47481416765633
Malaysia,MYS,1995,0.126226756035791
Malaysia,MYS,1994,0.0926620634387859
Malaysia,MYS,1993,0.147620099341699
Malaysia,MYS,1992,0.361345954622732
Malaysia,MYS,1991,0.616883687554762
Malaysia,MYS,1990,1.10679320242854
Malaysia,MYS,1989,0.375005384616819
Malaysia,MYS,1988,0.305963727437483
Malaysia,MYS,1987,1.19870194487614
Malaysia,MYS,1986,0.736208179259559
Malaysia,MYS,1985,0.782571264247302
Malaysia,MYS,1984,1.0268716890878
Malaysia,MYS,1983,0.616827556424147
Malaysia,MYS,1982,0.526920135807771
Malaysia,MYS,1981,0.591426068869199
Malaysia,MYS,1980,0.569700343701061
Malaysia,MYS,1979,0.614731435193414
Malaysia,MYS,1978,0.509598381697892
Malaysia,MYS,1977,0.557877108690084
Malaysia,MYS,1976,0.588494983014485
Malaysia,MYS,1975,1.09175763645117
Malaysia,MYS,1974,0.752476784982651
Malaysia,MYS,1973,0.597982822536895
Malaysia,MYS,1972,1.02010814653057
Malaysia,MYS,1971,1.02267189650857
Malaysia,MYS,1970,0.693007223191519
Malaysia,MYS,1969,0.862481026289329
Malaysia,MYS,1968,0.78004285917761
Malaysia,MYS,1967,0.73301734391793
Malaysia,MYS,1966,0.987754514471718
Malaysia,MYS,1965,0.773676624136398
Malaysia,MYS,1964,0.660700509223747
Malaysia,MYS,1963,0.518691989866693
Malaysia,MYS,1962,1.11605379224377
Malaysia,MYS,1961,1.02765257825128
Malaysia,MYS,1960,0.723878219062787
Maldives,MDV,2025,
Maldives,MDV,2024,
Maldives,MDV,2023,3.41920524615893
Maldives,MDV,2022,2.20048262323771
Maldives,MDV,2021,2.40576785962369
Maldives,MDV,2020,9.15960333068238
Maldives,MDV,2019,1.38556969470846
Maldives,MDV,2018,2.67574750529586
Maldives,MDV,2017,1.04660758444596
Maldives,MDV,2016,0.559856419848434
Maldives,MDV,2015,0.631752673849256
Maldives,MDV,2014,0.674495125023793
Maldives,MDV,2013,0.740356241243841
Maldives,MDV,2012,2.17031123338267
Maldives,MDV,2011,2.00942732343081
Maldives,MDV,2010,2.93861494348655
Maldives,MDV,2009,1.39172775825161
Maldives,MDV,2008,2.66019634342812
Maldives,MDV,2007,2.12797521091113
Maldives,MDV,2006,2.22172337192531
Maldives,MDV,2005,6.39247244288083
Maldives,MDV,2004,2.23164634968809
Maldives,MDV,2003,1.67244743683499
Maldives,MDV,2002,2.46281736696525
Maldives,MDV,2001,2.63755114667062
Maldives,MDV,2000,3.05281427920012
Maldives,MDV,1999,5.44957620823469
Maldives,MDV,1998,4.85025789676095
Maldives,MDV,1997,4.88446807737102
Maldives,MDV,1996,6.18275564491356
Maldives,MDV,1995,13.8495522529179
Maldives,MDV,1994,8.76555103899025
Maldives,MDV,1993,9.58408335598129
Maldives,MDV,1992,12.4358932850787
Maldives,MDV,1991,12.6916005686861
Maldives,MDV,1990,8.07347991746619
Maldives,MDV,1989,15.7519958945794
Maldives,MDV,1988,16.0284837592638
Maldives,MDV,1987,12.8867467466116
Maldives,MDV,1986,12.6644428565887
Maldives,MDV,1985,7.46004466155407
Maldives,MDV,1984,5.48126099223161
Maldives,MDV,1983,19.7727540762214
Maldives,MDV,1982,12.5390932506434
Maldives,MDV,1981,32.5789808223745
Maldives,MDV,1980,56.5479246438015
Maldives,MDV,1979,18.7033162449439
Maldives,MDV,1978,38.1931396771489
Maldives,MDV,1977,20.0974953967488
Maldives,MDV,1976,15.4293553857381
Maldives,MDV,1975,15.2098258855182
Maldives,MDV,1974,1.79056635898606
Maldives,MDV,1973,2.15811085394728
Maldives,MDV,1972,2.91918206233417
Maldives,MDV,1971,4.52599745334214
Maldives,MDV,1970,1.42593748639764
Maldives,MDV,1969,
Maldives,MDV,1968,
Maldives,MDV,1967,
Maldives,MDV,1966,
Maldives,MDV,1965,
Maldives,MDV,1964,
Maldives,MDV,1963,
Maldives,MDV,1962,
Maldives,MDV,1961,
Maldives,MDV,1960,
Mali,MLI,2025,
Mali,MLI,2024,
Mali,MLI,2023,5.41042224647687
Mali,MLI,2022,5.52057383748637
Mali,MLI,2021,6.48984920982866
Mali,MLI,2020,7.85280228909771
Mali,MLI,2019,9.18392582641081
Mali,MLI,2018,7.84036507419255
Mali,MLI,2017,7.63757179674661
Mali,MLI,2016,7.36216405357478
Mali,MLI,2015,7.86033701875036
Mali,MLI,2014,7.46341887760032
Mali,MLI,2013,9.1122656335941
Mali,MLI,2012,6.89840039436328
Mali,MLI,2011,8.42586155566995
Mali,MLI,2010,7.32175912890253
Mali,MLI,2009,8.11559502258282
Mali,MLI,2008,8.09952613952094
Mali,MLI,2007,10.2127790240709
Mali,MLI,2006,10.1056741566181
Mali,MLI,2005,9.28620825545027
Mali,MLI,2004,8.46066813745876
Mali,MLI,2003,12.2143553163383
Mali,MLI,2002,11.4671795952833
Mali,MLI,2001,10.6518804049724
Mali,MLI,2000,9.82611352640311
Mali,MLI,1999,10.4351788352876
Mali,MLI,1998,12.0860977799989
Mali,MLI,1997,16.2383003624459
Mali,MLI,1996,17.9511733428111
Mali,MLI,1995,20.3231596789209
Mali,MLI,1994,21.3808385311445
Mali,MLI,1993,13.1168609557189
Mali,MLI,1992,15.2189007675454
Mali,MLI,1991,16.5234699282505
Mali,MLI,1990,17.9729649099233
Mali,MLI,1989,20.495714649028
Mali,MLI,1988,20.3176174125373
Mali,MLI,1987,17.3943551667832
Mali,MLI,1986,20.7205027336083
Mali,MLI,1985,27.7142490595389
Mali,MLI,1984,26.3825351465831
Mali,MLI,1983,17.2268652324444
Mali,MLI,1982,15.9776617241851
Mali,MLI,1981,15.1673972328327
Mali,MLI,1980,15.3079001585248
Mali,MLI,1979,11.8560839308525
Mali,MLI,1978,12.7347011163729
Mali,MLI,1977,10.4964451166378
Mali,MLI,1976,9.34509281824749
Mali,MLI,1975,17.5642709657632
Mali,MLI,1974,21.7053366575786
Mali,MLI,1973,12.5787907614337
Mali,MLI,1972,7.78278564443885
Mali,MLI,1971,7.5783853684119
Mali,MLI,1970,6.23792714572005
Mali,MLI,1969,6.88608963391738
Mali,MLI,1968,8.15996544123602
Mali,MLI,1967,6.25801088531157
Mali,MLI,1966,
Mali,MLI,1965,
Mali,MLI,1964,
Mali,MLI,1963,
Mali,MLI,1962,
Mali,MLI,1961,
Mali,MLI,1960,
Malta,MLT,2025,
Malta,MLT,2024,
Malta,MLT,2023,
Malta,MLT,2022,
Malta,MLT,2021,
Malta,MLT,2020,
Malta,MLT,2019,
Malta,MLT,2018,
Malta,MLT,2017,
Malta,MLT,2016,
Malta,MLT,2015,
Malta,MLT,2014,
Malta,MLT,2013,
Malta,MLT,2012,
Malta,MLT,2011,
Malta,MLT,2010,
Malta,MLT,2009,
Malta,MLT,2008,
Malta,MLT,2007,
Malta,MLT,2006,
Malta,MLT,2005,
Malta,MLT,2004,
Malta,MLT,2003,
Malta,MLT,2002,0.243728401471357
Malta,MLT,2001,0.0411167059905717
Malta,MLT,2000,0.540758099934493
Malta,MLT,1999,0.596135487534123
Malta,MLT,1998,0.545589566659809
Malta,MLT,1997,0.580965021087475
Malta,MLT,1996,1.85791994004851
Malta,MLT,1995,0.242758534595944
Malta,MLT,1994,1.39065575795978
Malta,MLT,1993,1.09782822378166
Malta,MLT,1992,0.146217884876984
Malta,MLT,1991,0.746581713805423
Malta,MLT,1990,0.193900123961414
Malta,MLT,1989,-0.2334135118354
Malta,MLT,1988,-0.133854505696977
Malta,MLT,1987,-0.0773233529790087
Malta,MLT,1986,0.45113937241539
Malta,MLT,1985,1.51602854906321
Malta,MLT,1984,0.942453366543453
Malta,MLT,1983,3.48596253133553
Malta,MLT,1982,1.82561180045204
Malta,MLT,1981,3.62682866721946
Malta,MLT,1980,1.18187089129468
Malta,MLT,1979,4.9745212930654
Malta,MLT,1978,4.69353655114199
Malta,MLT,1977,4.61371998969165
Malta,MLT,1976,5.27264989029781
Malta,MLT,1975,6.38542404333939
Malta,MLT,1974,5.22857154161887
Malta,MLT,1973,7.46800195600402
Malta,MLT,1972,4.71165375542953
Malta,MLT,1971,5.62969785135399
Malta,MLT,1970,7.24395524353504
Malta,MLT,1969,
Malta,MLT,1968,
Malta,MLT,1967,
Malta,MLT,1966,
Malta,MLT,1965,
Malta,MLT,1964,
Malta,MLT,1963,
Malta,MLT,1962,
Malta,MLT,1961,
Malta,MLT,1960,
Marshall Islands,MHL,2025,
Marshall Islands,MHL,2024,
Marshall Islands,MHL,2023,39.7970574077605
Marshall Islands,MHL,2022,47.4542931215206
Marshall Islands,MHL,2021,37.4067183281739
Marshall Islands,MHL,2020,63.7482773294687
Marshall Islands,MHL,2019,23.347893760125
Marshall Islands,MHL,2018,20.306241561246
Marshall Islands,MHL,2017,27.7616696554888
Marshall Islands,MHL,2016,4.91938856120395
Marshall Islands,MHL,2015,23.5609610547318
Marshall Islands,MHL,2014,24.4604419813797
Marshall Islands,MHL,2013,42.2638496694745
Marshall Islands,MHL,2012,40.0797440946444
Marshall Islands,MHL,2011,40.5371686537489
Marshall Islands,MHL,2010,12.4670722443524
Marshall Islands,MHL,2009,31.9900632403385
Marshall Islands,MHL,2008,28.1088214920616
Marshall Islands,MHL,2007,27.798052997609
Marshall Islands,MHL,2006,30.4998168608845
Marshall Islands,MHL,2005,31.4277678744744
Marshall Islands,MHL,2004,29.5552399964499
Marshall Islands,MHL,2003,31.5008094066354
Marshall Islands,MHL,2002,33.6785792076952
Marshall Islands,MHL,2001,42.7774844769552
Marshall Islands,MHL,2000,31.6722205954009
Marshall Islands,MHL,1999,40.1624726098272
Marshall Islands,MHL,1998,29.9562226080224
Marshall Islands,MHL,1997,39.3312349357125
Marshall Islands,MHL,1996,51.7114939707434
Marshall Islands,MHL,1995,21.8443596800141
Marshall Islands,MHL,1994,33.8709219141528
Marshall Islands,MHL,1993,24.0653913557785
Marshall Islands,MHL,1992,4.87596932574309
Marshall Islands,MHL,1991,0.271742560020743
Marshall Islands,MHL,1990,
Marshall Islands,MHL,1989,
Marshall Islands,MHL,1988,
Marshall Islands,MHL,1987,
Marshall Islands,MHL,1986,
Marshall Islands,MHL,1985,
Marshall Islands,MHL,1984,
Marshall Islands,MHL,1983,
Marshall Islands,MHL,1982,
Marshall Islands,MHL,1981,
Marshall Islands,MHL,1980,
Marshall Islands,MHL,1979,
Marshall Islands,MHL,1978,
Marshall Islands,MHL,1977,
Marshall Islands,MHL,1976,
Marshall Islands,MHL,1975,
Marshall Islands,MHL,1974,
Marshall Islands,MHL,1973,
Marshall Islands,MHL,1972,
Marshall Islands,MHL,1971,
Marshall Islands,MHL,1970,
Marshall Islands,MHL,1969,
Marshall Islands,MHL,1968,
Marshall Islands,MHL,1967,
Marshall Islands,MHL,1966,
Marshall Islands,MHL,1965,
Marshall Islands,MHL,1964,
Marshall Islands,MHL,1963,
Marshall Islands,MHL,1962,
Marshall Islands,MHL,1961,
Marshall Islands,MHL,1960,
Mauritania,MRT,2025,
Mauritania,MRT,2024,
Mauritania,MRT,2023,3.90753329949279
Mauritania,MRT,2022,3.44936500748483
Mauritania,MRT,2021,4.9896017361611
Mauritania,MRT,2020,7.93040629314914
Mauritania,MRT,2019,5.09483222856053
Mauritania,MRT,2018,6.03100922927194
Mauritania,MRT,2017,4.35161837850267
Mauritania,MRT,2016,4.89122405964282
Mauritania,MRT,2015,5.50352820429501
Mauritania,MRT,2014,4.11226876776528
Mauritania,MRT,2013,4.19446696866905
Mauritania,MRT,2012,6.26836030177909
Mauritania,MRT,2011,5.77548448693851
Mauritania,MRT,2010,5.65308587623872
Mauritania,MRT,2009,7.8880775336841
Mauritania,MRT,2008,8.77390661583978
Mauritania,MRT,2007,8.14041480089303
Mauritania,MRT,2006,5.62564555029419
Mauritania,MRT,2005,6.29204825531456
Mauritania,MRT,2004,8.02179410407934
Mauritania,MRT,2003,12.3693194720635
Mauritania,MRT,2002,19.8297302708288
Mauritania,MRT,2001,16.4974411465154
Mauritania,MRT,2000,12.4703679430554
Mauritania,MRT,1999,11.0488559315186
Mauritania,MRT,1998,8.05810449666055
Mauritania,MRT,1997,11.4448386536281
Mauritania,MRT,1996,12.6269754446962
Mauritania,MRT,1995,11.4121657928492
Mauritania,MRT,1994,14.3805153955903
Mauritania,MRT,1993,18.9941257491095
Mauritania,MRT,1992,9.51608787871853
Mauritania,MRT,1991,10.4899113455204
Mauritania,MRT,1990,16.3119469917546
Mauritania,MRT,1989,18.040795532349
Mauritania,MRT,1988,13.6204739495548
Mauritania,MRT,1987,15.3052458656206
Mauritania,MRT,1986,20.6555988810728
Mauritania,MRT,1985,21.6810933466656
Mauritania,MRT,1984,16.6874524333154
Mauritania,MRT,1983,16.2809379197864
Mauritania,MRT,1982,17.6528592934878
Mauritania,MRT,1981,21.1507300133791
Mauritania,MRT,1980,17.1751071127349
Mauritania,MRT,1979,18.486669900481
Mauritania,MRT,1978,30.877694291076
Mauritania,MRT,1977,23.544950199734
Mauritania,MRT,1976,28.7784133411368
Mauritania,MRT,1975,12.3542973042452
Mauritania,MRT,1974,16.1257763201965
Mauritania,MRT,1973,6.39041126294948
Mauritania,MRT,1972,3.55839219902944
Mauritania,MRT,1971,4.54052550279575
Mauritania,MRT,1970,2.51924398517769
Mauritania,MRT,1969,4.22350552090011
Mauritania,MRT,1968,6.96426097063273
Mauritania,MRT,1967,4.41943494199224
Mauritania,MRT,1966,8.14156276759546
Mauritania,MRT,1965,3.64219585273897
Mauritania,MRT,1964,5.38094830473415
Mauritania,MRT,1963,0.963217593203203
Mauritania,MRT,1962,1.36359576998168
Mauritania,MRT,1961,0.634368588858593
Mauritania,MRT,1960,
Mauritius,MUS,2025,
Mauritius,MUS,2024,
Mauritius,MUS,2023,0.599583488101554
Mauritius,MUS,2022,0.541192344725448
Mauritius,MUS,2021,2.30084474727509
Mauritius,MUS,2020,2.67844415901431
Mauritius,MUS,2019,0.149680563529287
Mauritius,MUS,2018,0.43736998697953
Mauritius,MUS,2017,0.0997128415291393
Mauritius,MUS,2016,0.318596600477018
Mauritius,MUS,2015,0.617031759927573
Mauritius,MUS,2014,0.323779564651616
Mauritius,MUS,2013,1.12510090675945
Mauritius,MUS,2012,1.44077966731472
Mauritius,MUS,2011,1.61837477176352
Mauritius,MUS,2010,1.25107852768919
Mauritius,MUS,2009,1.71667815057762
Mauritius,MUS,2008,1.0731564891435
Mauritius,MUS,2007,0.828993795999449
Mauritius,MUS,2006,0.270913423780958
Mauritius,MUS,2005,0.523739415726601
Mauritius,MUS,2004,0.493011679591342
Mauritius,MUS,2003,-0.247592844996054
Mauritius,MUS,2002,0.484784582409358
Mauritius,MUS,2001,0.453804173951267
Mauritius,MUS,2000,0.440618745418622
Mauritius,MUS,1999,0.953550312811769
Mauritius,MUS,1998,0.962293550280804
Mauritius,MUS,1997,0.995210404240663
Mauritius,MUS,1996,0.458137787811549
Mauritius,MUS,1995,0.584447193519174
Mauritius,MUS,1994,0.414364785593199
Mauritius,MUS,1993,0.807656048911638
Mauritius,MUS,1992,1.39355484373323
Mauritius,MUS,1991,2.32054646483039
Mauritius,MUS,1990,3.31119974607355
Mauritius,MUS,1989,2.75335367050743
Mauritius,MUS,1988,2.7044207710998
Mauritius,MUS,1987,3.35695217949197
Mauritius,MUS,1986,3.78167740388277
Mauritius,MUS,1985,2.54859490578635
Mauritius,MUS,1984,3.31053139385547
Mauritius,MUS,1983,3.77423935862752
Mauritius,MUS,1982,4.55630580740934
Mauritius,MUS,1981,5.23994165957476
Mauritius,MUS,1980,2.94430700235942
Mauritius,MUS,1979,2.64652788476932
Mauritius,MUS,1978,4.28689371463438
Mauritius,MUS,1977,2.68799318959115
Mauritius,MUS,1976,2.3674248567838
Mauritius,MUS,1975,4.2033211821894
Mauritius,MUS,1974,3.71772414487103
Mauritius,MUS,1973,3.36913887303713
Mauritius,MUS,1972,3.30993449757965
Mauritius,MUS,1971,3.65631599831698
Mauritius,MUS,1970,2.66653904948194
Mauritius,MUS,1969,2.4353546313741
Mauritius,MUS,1968,4.67877959497443
Mauritius,MUS,1967,2.18193764283233
Mauritius,MUS,1966,1.92676478043704
Mauritius,MUS,1965,0.957317817731936
Mauritius,MUS,1964,0.984006196366413
Mauritius,MUS,1963,2.30026531795705
Mauritius,MUS,1962,2.17879106797349
Mauritius,MUS,1961,2.89355351703321
Mauritius,MUS,1960,0.325293949065787
Mexico,MEX,2025,
Mexico,MEX,2024,
Mexico,MEX,2023,0.0257549902304684
Mexico,MEX,2022,0.0346606538271294
Mexico,MEX,2021,0.0440393635325657
Mexico,MEX,2020,0.0732682764645418
Mexico,MEX,2019,0.0415218389242912
Mexico,MEX,2018,0.0448764768240232
Mexico,MEX,2017,0.0650211139098326
Mexico,MEX,2016,0.0747199269179264
Mexico,MEX,2015,0.0271415639950281
Mexico,MEX,2014,0.0611756092752999
Mexico,MEX,2013,0.0436301815773622
Mexico,MEX,2012,0.0331985037736346
Mexico,MEX,2011,0.0798776211114356
Mexico,MEX,2010,0.0398787977210698
Mexico,MEX,2009,0.0200929545914216
Mexico,MEX,2008,0.0129411697271671
Mexico,MEX,2007,0.0103670853913799
Mexico,MEX,2006,0.0244683173771819
Mexico,MEX,2005,0.0221195982815081
Mexico,MEX,2004,0.0167380649553544
Mexico,MEX,2003,0.0152758099691418
Mexico,MEX,2002,0.0169273061004973
Mexico,MEX,2001,0.0126502384095443
Mexico,MEX,2000,-0.00556572069964649
Mexico,MEX,1999,0.00743110147736978
Mexico,MEX,1998,0.00552108698376717
Mexico,MEX,1997,0.0222844074525077
Mexico,MEX,1996,0.0730355859649952
Mexico,MEX,1995,0.111922500321981
Mexico,MEX,1994,0.0832208874229751
Mexico,MEX,1993,0.0860842279468401
Mexico,MEX,1992,0.0959348189210358
Mexico,MEX,1991,0.0953004215567764
Mexico,MEX,1990,0.070593981066057
Mexico,MEX,1989,0.0537398283166283
Mexico,MEX,1988,0.102210745093028
Mexico,MEX,1987,0.125407422888335
Mexico,MEX,1986,0.212065663076551
Mexico,MEX,1985,0.081044423559404
Mexico,MEX,1984,0.0536875043836015
Mexico,MEX,1983,0.101847584319952
Mexico,MEX,1982,0.0870827696440444
Mexico,MEX,1981,0.0439001692644835
Mexico,MEX,1980,0.0338428999950706
Mexico,MEX,1979,0.0515029406892843
Mexico,MEX,1978,0.0174097215884075
Mexico,MEX,1977,0.0232302080917081
Mexico,MEX,1976,0.0236309082681637
Mexico,MEX,1975,0.0251126851430124
Mexico,MEX,1974,0.0311829932671059
Mexico,MEX,1973,0.0242672396566944
Mexico,MEX,1972,0.0477612172687873
Mexico,MEX,1971,0.0436935314214794
Mexico,MEX,1970,0.0857656043113071
Mexico,MEX,1969,0.0677496101858581
Mexico,MEX,1968,0.0937127095966007
Mexico,MEX,1967,0.137474579255139
Mexico,MEX,1966,0.153691416588009
Mexico,MEX,1965,0.230519569735769
Mexico,MEX,1964,-0.116696092473807
Mexico,MEX,1963,0.0185114828229137
Mexico,MEX,1962,0.2506361491442
Mexico,MEX,1961,0.614866655585822
Mexico,MEX,1960,0.0612655716305187
"Micronesia, Fed. Sts.",FSM,2025,
"Micronesia, Fed. Sts.",FSM,2024,
"Micronesia, Fed. Sts.",FSM,2023,25.9144153476326
"Micronesia, Fed. Sts.",FSM,2022,32.8202676503583
"Micronesia, Fed. Sts.",FSM,2021,29.9941160624175
"Micronesia, Fed. Sts.",FSM,2020,40.6795519563534
"Micronesia, Fed. Sts.",FSM,2019,20.9272141570082
"Micronesia, Fed. Sts.",FSM,2018,24.5574419385579
"Micronesia, Fed. Sts.",FSM,2017,24.0043658838525
"Micronesia, Fed. Sts.",FSM,2016,13.3856941980689
"Micronesia, Fed. Sts.",FSM,2015,22.0259138868037
"Micronesia, Fed. Sts.",FSM,2014,34.4764488583839
"Micronesia, Fed. Sts.",FSM,2013,42.3319874933948
"Micronesia, Fed. Sts.",FSM,2012,42.3588658864937
"Micronesia, Fed. Sts.",FSM,2011,41.2955659408779
"Micronesia, Fed. Sts.",FSM,2010,21.1718413386019
"Micronesia, Fed. Sts.",FSM,2009,41.5317314591302
"Micronesia, Fed. Sts.",FSM,2008,34.3430685042241
"Micronesia, Fed. Sts.",FSM,2007,42.5752337954871
"Micronesia, Fed. Sts.",FSM,2006,41.3169289806753
"Micronesia, Fed. Sts.",FSM,2005,41.2267983249124
"Micronesia, Fed. Sts.",FSM,2004,35.2203964815759
"Micronesia, Fed. Sts.",FSM,2003,45.8794648464077
"Micronesia, Fed. Sts.",FSM,2002,45.7748496531652
"Micronesia, Fed. Sts.",FSM,2001,56.082966985221
"Micronesia, Fed. Sts.",FSM,2000,41.3602716816612
"Micronesia, Fed. Sts.",FSM,1999,46.1176796326376
"Micronesia, Fed. Sts.",FSM,1998,33.9053436029622
"Micronesia, Fed. Sts.",FSM,1997,40.8122307684552
"Micronesia, Fed. Sts.",FSM,1996,49.6862933837337
"Micronesia, Fed. Sts.",FSM,1995,31.83727796038
"Micronesia, Fed. Sts.",FSM,1994,45.9740276140211
"Micronesia, Fed. Sts.",FSM,1993,28.5000004899611
"Micronesia, Fed. Sts.",FSM,1992,6.71971432826712
"Micronesia, Fed. Sts.",FSM,1991,0.243108024173737
"Micronesia, Fed. Sts.",FSM,1990,
"Micronesia, Fed. Sts.",FSM,1989,
"Micronesia, Fed. Sts.",FSM,1988,
"Micronesia, Fed. Sts.",FSM,1987,
"Micronesia, Fed. Sts.",FSM,1986,
"Micronesia, Fed. Sts.",FSM,1985,
"Micronesia, Fed. Sts.",FSM,1984,
"Micronesia, Fed. Sts.",FSM,1983,
"Micronesia, Fed. Sts.",FSM,1982,
"Micronesia, Fed. Sts.",FSM,1981,
"Micronesia, Fed. Sts.",FSM,1980,
"Micronesia, Fed. Sts.",FSM,1979,
"Micronesia, Fed. Sts.",FSM,1978,
"Micronesia, Fed. Sts.",FSM,1977,
"Micronesia, Fed. Sts.",FSM,1976,
"Micronesia, Fed. Sts.",FSM,1975,
"Micronesia, Fed. Sts.",FSM,1974,
"Micronesia, Fed. Sts.",FSM,1973,
"Micronesia, Fed. Sts.",FSM,1972,
"Micronesia, Fed. Sts.",FSM,1971,
"Micronesia, Fed. Sts.",FSM,1970,
"Micronesia, Fed. Sts.",FSM,1969,
"Micronesia, Fed. Sts.",FSM,1968,
"Micronesia, Fed. Sts.",FSM,1967,
"Micronesia, Fed. Sts.",FSM,1966,
"Micronesia, Fed. Sts.",FSM,1965,
"Micronesia, Fed. Sts.",FSM,1964,
"Micronesia, Fed. Sts.",FSM,1963,
"Micronesia, Fed. Sts.",FSM,1962,
"Micronesia, Fed. Sts.",FSM,1961,
"Micronesia, Fed. Sts.",FSM,1960,
Moldova,MDA,2025,
Moldova,MDA,2024,
Moldova,MDA,2023,6.1923971951494
Moldova,MDA,2022,6.07295568156991
Moldova,MDA,2021,4.27850066744328
Moldova,MDA,2020,4.40597951537938
Moldova,MDA,2019,2.7695639727145
Moldova,MDA,2018,2.20320952750088
Moldova,MDA,2017,2.41509139749894
Moldova,MDA,2016,3.10965613526426
Moldova,MDA,2015,3.79019186956943
Moldova,MDA,2014,5.06430814956935
Moldova,MDA,2013,3.35567223606184
Moldova,MDA,2012,4.99498126621651
Moldova,MDA,2011,5.13457291778247
Moldova,MDA,2010,5.44436286619093
Moldova,MDA,2009,4.27745866528224
Moldova,MDA,2008,4.48431455665732
Moldova,MDA,2007,5.61792779547053
Moldova,MDA,2006,5.90129892559785
Moldova,MDA,2005,5.00299847359018
Moldova,MDA,2004,4.05930458375243
Moldova,MDA,2003,5.38316435300482
Moldova,MDA,2002,7.82379543834688
Moldova,MDA,2001,7.49022587072931
Moldova,MDA,2000,9.06966401718982
Moldova,MDA,1999,8.90388982966818
Moldova,MDA,1998,2.30221425977779
Moldova,MDA,1997,3.27606875219578
Moldova,MDA,1996,
Moldova,MDA,1995,
Moldova,MDA,1994,
Moldova,MDA,1993,
Moldova,MDA,1992,
Moldova,MDA,1991,
Moldova,MDA,1990,
Moldova,MDA,1989,
Moldova,MDA,1988,
Moldova,MDA,1987,
Moldova,MDA,1986,
Moldova,MDA,1985,
Moldova,MDA,1984,
Moldova,MDA,1983,
Moldova,MDA,1982,
Moldova,MDA,1981,
Moldova,MDA,1980,
Moldova,MDA,1979,
Moldova,MDA,1978,
Moldova,MDA,1977,
Moldova,MDA,1976,
Moldova,MDA,1975,
Moldova,MDA,1974,
Moldova,MDA,1973,
Moldova,MDA,1972,
Moldova,MDA,1971,
Moldova,MDA,1970,
Moldova,MDA,1969,
Moldova,MDA,1968,
Moldova,MDA,1967,
Moldova,MDA,1966,
Moldova,MDA,1965,
Moldova,MDA,1964,
Moldova,MDA,1963,
Moldova,MDA,1962,
Moldova,MDA,1961,
Moldova,MDA,1960,
Monaco,MCO,2025,
Monaco,MCO,2024,
Monaco,MCO,2023,
Monaco,MCO,2022,
Monaco,MCO,2021,
Monaco,MCO,2020,
Monaco,MCO,2019,
Monaco,MCO,2018,
Monaco,MCO,2017,
Monaco,MCO,2016,
Monaco,MCO,2015,
Monaco,MCO,2014,
Monaco,MCO,2013,
Monaco,MCO,2012,
Monaco,MCO,2011,
Monaco,MCO,2010,
Monaco,MCO,2009,
Monaco,MCO,2008,
Monaco,MCO,2007,
Monaco,MCO,2006,
Monaco,MCO,2005,
Monaco,MCO,2004,
Monaco,MCO,2003,
Monaco,MCO,2002,
Monaco,MCO,2001,
Monaco,MCO,2000,
Monaco,MCO,1999,
Monaco,MCO,1998,
Monaco,MCO,1997,
Monaco,MCO,1996,
Monaco,MCO,1995,
Monaco,MCO,1994,
Monaco,MCO,1993,
Monaco,MCO,1992,
Monaco,MCO,1991,
Monaco,MCO,1990,
Monaco,MCO,1989,
Monaco,MCO,1988,
Monaco,MCO,1987,
Monaco,MCO,1986,
Monaco,MCO,1985,
Monaco,MCO,1984,
Monaco,MCO,1983,
Monaco,MCO,1982,
Monaco,MCO,1981,
Monaco,MCO,1980,
Monaco,MCO,1979,
Monaco,MCO,1978,
Monaco,MCO,1977,
Monaco,MCO,1976,
Monaco,MCO,1975,
Monaco,MCO,1974,
Monaco,MCO,1973,
Monaco,MCO,1972,
Monaco,MCO,1971,
Monaco,MCO,1970,
Monaco,MCO,1969,
Monaco,MCO,1968,
Monaco,MCO,1967,
Monaco,MCO,1966,
Monaco,MCO,1965,
Monaco,MCO,1964,
Monaco,MCO,1963,
Monaco,MCO,1962,
Monaco,MCO,1961,
Monaco,MCO,1960,
Mongolia,MNG,2025,
Mongolia,MNG,2024,
Mongolia,MNG,2023,1.43771914300586
Mongolia,MNG,2022,1.84181816247804
Mongolia,MNG,2021,2.17080029675054
Mongolia,MNG,2020,5.83620477559177
Mongolia,MNG,2019,2.46300068011568
Mongolia,MNG,2018,2.79316739093683
Mongolia,MNG,2017,7.75507453241401
Mongolia,MNG,2016,3.17409515351423
Mongolia,MNG,2015,2.21864333198472
Mongolia,MNG,2014,2.82132923537257
Mongolia,MNG,2013,3.62649542431166
Mongolia,MNG,2012,3.93650386313531
Mongolia,MNG,2011,3.53273882651551
Mongolia,MNG,2010,3.86996703907043
Mongolia,MNG,2009,6.99090327225126
Mongolia,MNG,2008,4.23206243850226
Mongolia,MNG,2007,5.12601302144805
Mongolia,MNG,2006,5.41024927486921
Mongolia,MNG,2005,7.89729685767689
Mongolia,MNG,2004,11.0795005439362
Mongolia,MNG,2003,13.4845724382227
Mongolia,MNG,2002,13.1862272939499
Mongolia,MNG,2001,14.4788452152441
Mongolia,MNG,2000,16.3974362506615
Mongolia,MNG,1999,16.6962118845225
Mongolia,MNG,1998,15.2724715669375
Mongolia,MNG,1997,15.7023580088058
Mongolia,MNG,1996,12.4068623107243
Mongolia,MNG,1995,10.7467817057216
Mongolia,MNG,1994,17.2494845618979
Mongolia,MNG,1993,14.4132449543194
Mongolia,MNG,1992,7.80964410996464
Mongolia,MNG,1991,2.92994241416898
Mongolia,MNG,1990,0.518436140730871
Mongolia,MNG,1989,0.185144264343965
Mongolia,MNG,1988,0.120810214626008
Mongolia,MNG,1987,0.155517282456966
Mongolia,MNG,1986,0.225256424587673
Mongolia,MNG,1985,0.241418946434609
Mongolia,MNG,1984,0.102925880001894
Mongolia,MNG,1983,0.0742215128185006
Mongolia,MNG,1982,0.0947866600011763
Mongolia,MNG,1981,0.104384177106398
Mongolia,MNG,1980,
Mongolia,MNG,1979,
Mongolia,MNG,1978,
Mongolia,MNG,1977,
Mongolia,MNG,1976,
Mongolia,MNG,1975,
Mongolia,MNG,1974,
Mongolia,MNG,1973,
Mongolia,MNG,1972,
Mongolia,MNG,1971,
Mongolia,MNG,1970,
Mongolia,MNG,1969,
Mongolia,MNG,1968,
Mongolia,MNG,1967,
Mongolia,MNG,1966,
Mongolia,MNG,1965,
Mongolia,MNG,1964,
Mongolia,MNG,1963,
Mongolia,MNG,1962,
Mongolia,MNG,1961,
Mongolia,MNG,1960,
Montenegro,MNE,2025,
Montenegro,MNE,2024,
Montenegro,MNE,2023,1.19677562752987
Montenegro,MNE,2022,1.62658409912004
Montenegro,MNE,2021,2.25648564245433
Montenegro,MNE,2020,4.29304885279049
Montenegro,MNE,2019,1.74190582988512
Montenegro,MNE,2018,2.84114928491216
Montenegro,MNE,2017,2.40619119922253
Montenegro,MNE,2016,1.95026698599921
Montenegro,MNE,2015,2.43834177743018
Montenegro,MNE,2014,2.16388675504236
Montenegro,MNE,2013,2.59875709791544
Montenegro,MNE,2012,2.48956517320026
Montenegro,MNE,2011,2.78685089421292
Montenegro,MNE,2010,1.82419320048734
Montenegro,MNE,2009,1.84302944860969
Montenegro,MNE,2008,2.26718757174747
Montenegro,MNE,2007,2.83955514758448
Montenegro,MNE,2006,3.45944066646156
Montenegro,MNE,2005,0.169145264184493
Montenegro,MNE,2004,0.923261418492415
Montenegro,MNE,2003,0.450435486135031
Montenegro,MNE,2002,
Montenegro,MNE,2001,
Montenegro,MNE,2000,
Montenegro,MNE,1999,
Montenegro,MNE,1998,
Montenegro,MNE,1997,
Montenegro,MNE,1996,
Montenegro,MNE,1995,
Montenegro,MNE,1994,
Montenegro,MNE,1993,
Montenegro,MNE,1992,
Montenegro,MNE,1991,
Montenegro,MNE,1990,
Montenegro,MNE,1989,
Montenegro,MNE,1988,
Montenegro,MNE,1987,
Montenegro,MNE,1986,
Montenegro,MNE,1985,
Montenegro,MNE,1984,
Montenegro,MNE,1983,
Montenegro,MNE,1982,
Montenegro,MNE,1981,
Montenegro,MNE,1980,
Montenegro,MNE,1979,
Montenegro,MNE,1978,
Montenegro,MNE,1977,
Montenegro,MNE,1976,
Montenegro,MNE,1975,
Montenegro,MNE,1974,
Montenegro,MNE,1973,
Montenegro,MNE,1972,
Montenegro,MNE,1971,
Montenegro,MNE,1970,
Montenegro,MNE,1969,
Montenegro,MNE,1968,
Montenegro,MNE,1967,
Montenegro,MNE,1966,
Montenegro,MNE,1965,
Montenegro,MNE,1964,
Montenegro,MNE,1963,
Montenegro,MNE,1962,
Montenegro,MNE,1961,
Montenegro,MNE,1960,
Morocco,MAR,2025,
Morocco,MAR,2024,
Morocco,MAR,2023,0.536686895809572
Morocco,MAR,2022,1.09524688704206
Morocco,MAR,2021,0.710644111622585
Morocco,MAR,2020,1.52210244830714
Morocco,MAR,2019,0.592828129335347
Morocco,MAR,2018,0.652413486101861
Morocco,MAR,2017,2.07998478121315
Morocco,MAR,2016,1.8743767714641
Morocco,MAR,2015,1.39671951053223
Morocco,MAR,2014,1.91895310437175
Morocco,MAR,2013,1.75759088133939
Morocco,MAR,2012,1.40170236233179
Morocco,MAR,2011,1.32899201020771
Morocco,MAR,2010,0.975143061791613
Morocco,MAR,2009,1.04728545388857
Morocco,MAR,2008,1.43010154551018
Morocco,MAR,2007,1.40682774236991
Morocco,MAR,2006,1.4588914192153
Morocco,MAR,2005,1.0683153723933
Morocco,MAR,2004,1.19097855399681
Morocco,MAR,2003,1.01920567222469
Morocco,MAR,2002,0.78487913562408
Morocco,MAR,2001,1.14586195589302
Morocco,MAR,2000,1.05879737625584
Morocco,MAR,1999,1.49852401298007
Morocco,MAR,1998,1.16236658401693
Morocco,MAR,1997,1.23533915341754
Morocco,MAR,1996,1.54250352580202
Morocco,MAR,1995,1.324215077826
Morocco,MAR,1994,1.97593975979531
Morocco,MAR,1993,2.5479800145826
Morocco,MAR,1992,2.90828177455444
Morocco,MAR,1991,4.89746015473561
Morocco,MAR,1990,4.23309649161642
Morocco,MAR,1989,1.96471290250569
Morocco,MAR,1988,1.94988479478159
Morocco,MAR,1987,2.00970796591614
Morocco,MAR,1986,2.25325256881742
Morocco,MAR,1985,6.03489847122448
Morocco,MAR,1984,2.36516234853597
Morocco,MAR,1983,2.84701956138342
Morocco,MAR,1982,4.98361404724234
Morocco,MAR,1981,6.0666831467582
Morocco,MAR,1980,5.45513762494375
Morocco,MAR,1979,3.43990350556929
Morocco,MAR,1978,3.2902723168254
Morocco,MAR,1977,5.53836597133927
Morocco,MAR,1976,2.64822489570065
Morocco,MAR,1975,3.02488499229331
Morocco,MAR,1974,1.50359303027893
Morocco,MAR,1973,1.52200116901687
Morocco,MAR,1972,2.01396507335102
Morocco,MAR,1971,3.06162160797392
Morocco,MAR,1970,2.16890714026874
Morocco,MAR,1969,2.15128319807759
Morocco,MAR,1968,2.87465095274193
Morocco,MAR,1967,2.06651620235646
Morocco,MAR,1966,3.46359105280843
Morocco,MAR,1965,3.65192474100508
Morocco,MAR,1964,3.56991424829871
Morocco,MAR,1963,3.51485938998687
Morocco,MAR,1962,3.33368974350245
Morocco,MAR,1961,5.45333711501917
Morocco,MAR,1960,2.90726525116579
Mozambique,MOZ,2025,
Mozambique,MOZ,2024,
Mozambique,MOZ,2023,15.3436669673168
Mozambique,MOZ,2022,14.7438303319363
Mozambique,MOZ,2021,14.4437331804925
Mozambique,MOZ,2020,18.3358986998219
Mozambique,MOZ,2019,12.092576467105
Mozambique,MOZ,2018,12.3794840047796
Mozambique,MOZ,2017,14.0170423074241
Mozambique,MOZ,2016,12.9612205859853
Mozambique,MOZ,2015,11.4346704878573
Mozambique,MOZ,2014,11.8472671221558
Mozambique,MOZ,2013,13.4934095145826
Mozambique,MOZ,2012,12.4706011814047
Mozambique,MOZ,2011,14.3793863526581
Mozambique,MOZ,2010,16.0523056595868
Mozambique,MOZ,2009,16.805089196664
Mozambique,MOZ,2008,16.2324094509745
Mozambique,MOZ,2007,17.4658493314862
Mozambique,MOZ,2006,18.4999542250262
Mozambique,MOZ,2005,15.1593576051145
Mozambique,MOZ,2004,16.0226663920446
Mozambique,MOZ,2003,16.3527561841075
Mozambique,MOZ,2002,41.4648484887191
Mozambique,MOZ,2001,17.7251147244034
Mozambique,MOZ,2000,15.8143619924716
Mozambique,MOZ,1999,13.2870098752409
Mozambique,MOZ,1998,19.1808072143196
Mozambique,MOZ,1997,19.8028350122359
Mozambique,MOZ,1996,22.5187188448406
Mozambique,MOZ,1995,36.0135939063935
Mozambique,MOZ,1994,42.4651051174141
Mozambique,MOZ,1993,42.7772525420844
Mozambique,MOZ,1992,54.8237361975019
Mozambique,MOZ,1991,28.423461344061
Mozambique,MOZ,1990,
Mozambique,MOZ,1989,
Mozambique,MOZ,1988,
Mozambique,MOZ,1987,
Mozambique,MOZ,1986,
Mozambique,MOZ,1985,
Mozambique,MOZ,1984,
Mozambique,MOZ,1983,
Mozambique,MOZ,1982,
Mozambique,MOZ,1981,
Mozambique,MOZ,1980,
Mozambique,MOZ,1979,
Mozambique,MOZ,1978,
Mozambique,MOZ,1977,
Mozambique,MOZ,1976,
Mozambique,MOZ,1975,
Mozambique,MOZ,1974,
Mozambique,MOZ,1973,
Mozambique,MOZ,1972,
Mozambique,MOZ,1971,
Mozambique,MOZ,1970,
Mozambique,MOZ,1969,
Mozambique,MOZ,1968,
Mozambique,MOZ,1967,
Mozambique,MOZ,1966,
Mozambique,MOZ,1965,
Mozambique,MOZ,1964,
Mozambique,MOZ,1963,
Mozambique,MOZ,1962,
Mozambique,MOZ,1961,
Mozambique,MOZ,1960,
Myanmar,MMR,2025,
Myanmar,MMR,2024,
Myanmar,MMR,2023,1.75281748999938
Myanmar,MMR,2022,1.64213121897817
Myanmar,MMR,2021,2.30907199324804
Myanmar,MMR,2020,3.70442473460569
Myanmar,MMR,2019,2.81510738438825
Myanmar,MMR,2018,2.59431559541798
Myanmar,MMR,2017,2.41148816429755
Myanmar,MMR,2016,2.49239522660221
Myanmar,MMR,2015,2.03219192688884
Myanmar,MMR,2014,2.21388317571422
Myanmar,MMR,2013,6.74398222371237
Myanmar,MMR,2012,0.876575596171047
Myanmar,MMR,2011,0.633626340853335
Myanmar,MMR,2010,0.716150395434044
Myanmar,MMR,2009,0.964778867120792
Myanmar,MMR,2008,1.6784078431374
Myanmar,MMR,2007,0.970907258752306
Myanmar,MMR,2006,1.0051313685165
Myanmar,MMR,2005,1.20886112259001
Myanmar,MMR,2004,1.1690288065403
Myanmar,MMR,2003,1.19511885269231
Myanmar,MMR,2002,1.75740985259587
Myanmar,MMR,2001,1.94224812432238
Myanmar,MMR,2000,1.18686340766385
Myanmar,MMR,1999,0.955079752948007
Myanmar,MMR,1998,1.12122544469121
Myanmar,MMR,1997,1.29267867424907
Myanmar,MMR,1996,0.807205416300684
Myanmar,MMR,1995,3.03627753543425
Myanmar,MMR,1994,4.00020676344737
Myanmar,MMR,1993,3.27703314592059
Myanmar,MMR,1992,4.75346272465894
Myanmar,MMR,1991,8.51036694535731
Myanmar,MMR,1990,7.37190267763927
Myanmar,MMR,1989,7.44612223146042
Myanmar,MMR,1988,26.0961297512958
Myanmar,MMR,1987,20.2713619026968
Myanmar,MMR,1986,23.8690630473166
Myanmar,MMR,1985,21.2649975425863
Myanmar,MMR,1984,18.8309594220074
Myanmar,MMR,1983,20.6465173981574
Myanmar,MMR,1982,19.1650480697198
Myanmar,MMR,1981,23.6530298394173
Myanmar,MMR,1980,28.6040576215408
Myanmar,MMR,1979,36.1713432478235
Myanmar,MMR,1978,23.171597030245
Myanmar,MMR,1977,10.5542741391561
Myanmar,MMR,1976,5.42089749982754
Myanmar,MMR,1975,5.15660377018354
Myanmar,MMR,1974,5.45044617919448
Myanmar,MMR,1973,9.81033425317289
Myanmar,MMR,1972,6.70631362784495
Myanmar,MMR,1971,6.95476551776441
Myanmar,MMR,1970,4.08396555816629
Myanmar,MMR,1969,5.00147608817772
Myanmar,MMR,1968,2.76763777583102
Myanmar,MMR,1967,3.04902933009281
Myanmar,MMR,1966,5.72417732889978
Myanmar,MMR,1965,4.65535802180375
Myanmar,MMR,1964,5.18642977018941
Myanmar,MMR,1963,7.01357434541156
Myanmar,MMR,1962,4.50647934475046
Myanmar,MMR,1961,3.53868837424463
Myanmar,MMR,1960,6.54193751637808
Namibia,NAM,2025,
Namibia,NAM,2024,
Namibia,NAM,2023,2.29916587608591
Namibia,NAM,2022,2.71861189068702
Namibia,NAM,2021,1.53927816563754
Namibia,NAM,2020,1.72198058427895
Namibia,NAM,2019,1.18364865996176
Namibia,NAM,2018,1.21043033531015
Namibia,NAM,2017,1.50412855603387
Namibia,NAM,2016,1.61916299431979
Namibia,NAM,2015,1.25807741720931
Namibia,NAM,2014,1.82974029062337
Namibia,NAM,2013,2.17318877499283
Namibia,NAM,2012,2.01632788664148
Namibia,NAM,2011,2.31631929755578
Namibia,NAM,2010,2.36249804774298
Namibia,NAM,2009,3.8242541218228
Namibia,NAM,2008,2.45871213054323
Namibia,NAM,2007,2.57773667913774
Namibia,NAM,2006,1.88259654817202
Namibia,NAM,2005,1.59047177379389
Namibia,NAM,2004,2.62063392981854
Namibia,NAM,2003,2.87552302639924
Namibia,NAM,2002,3.97702179385913
Namibia,NAM,2001,3.08858111979988
Namibia,NAM,2000,3.86646767693755
Namibia,NAM,1999,4.6988126535347
Namibia,NAM,1998,4.61997736919402
Namibia,NAM,1997,3.96153667603673
Namibia,NAM,1996,4.62786901265832
Namibia,NAM,1995,4.64388441507393
Namibia,NAM,1994,3.71755884548165
Namibia,NAM,1993,4.65881695153678
Namibia,NAM,1992,4.1077702621213
Namibia,NAM,1991,5.8033352888207
Namibia,NAM,1990,4.20921974330676
Namibia,NAM,1989,2.42001188439359
Namibia,NAM,1988,0.985355487665024
Namibia,NAM,1987,0.750055261652376
Namibia,NAM,1986,0.928201158439332
Namibia,NAM,1985,0.395181492228491
Namibia,NAM,1984,
Namibia,NAM,1983,0.000451883666661431
Namibia,NAM,1982,
Namibia,NAM,1981,
Namibia,NAM,1980,
Namibia,NAM,1979,
Namibia,NAM,1978,
Namibia,NAM,1977,
Namibia,NAM,1976,
Namibia,NAM,1975,
Namibia,NAM,1974,
Namibia,NAM,1973,
Namibia,NAM,1972,
Namibia,NAM,1971,
Namibia,NAM,1970,
Namibia,NAM,1969,
Namibia,NAM,1968,
Namibia,NAM,1967,
Namibia,NAM,1966,
Namibia,NAM,1965,
Namibia,NAM,1964,
Namibia,NAM,1963,
Namibia,NAM,1962,
Namibia,NAM,1961,
Namibia,NAM,1960,
Nauru,NRU,2025,
Nauru,NRU,2024,
Nauru,NRU,2023,15.1363178566291
Nauru,NRU,2022,14.1974449243739
Nauru,NRU,2021,12.8048821446623
Nauru,NRU,2020,15.0800817844807
Nauru,NRU,2019,30.7054740958881
Nauru,NRU,2018,21.3587923303847
Nauru,NRU,2017,16.8576562101604
Nauru,NRU,2016,16.9795991108242
Nauru,NRU,2015,26.8067267129872
Nauru,NRU,2014,18.493741572966
Nauru,NRU,2013,24.2534387042678
Nauru,NRU,2012,29.2753944837228
Nauru,NRU,2011,46.4326925046945
Nauru,NRU,2010,48.4450994324107
Nauru,NRU,2009,44.8855209796854
Nauru,NRU,2008,73.9264260004652
Nauru,NRU,2007,89.9392352825319
Nauru,NRU,2006,50.6178372859503
Nauru,NRU,2005,25.895767903128
Nauru,NRU,2004,37.2393897238935
Nauru,NRU,2003,54.5951303039537
Nauru,NRU,2002,46.6362781994171
Nauru,NRU,2001,26.781946770809
Nauru,NRU,2000,12.4201946139896
Nauru,NRU,1999,20.0268052006987
Nauru,NRU,1998,5.96978323480153
Nauru,NRU,1997,5.86518497571364
Nauru,NRU,1996,7.24932008536377
Nauru,NRU,1995,5.28871692261375
Nauru,NRU,1994,23.3799991484849
Nauru,NRU,1993,0.805960705851444
Nauru,NRU,1992,0.669973867433291
Nauru,NRU,1991,0.604402702851522
Nauru,NRU,1990,0.240568434984656
Nauru,NRU,1989,0.0777458193691426
Nauru,NRU,1988,0.327449833145387
Nauru,NRU,1987,0.12496434656157
Nauru,NRU,1986,0.0836830412865828
Nauru,NRU,1985,0.100552094732693
Nauru,NRU,1984,0.0529247419284912
Nauru,NRU,1983,0.0517492602963552
Nauru,NRU,1982,0.0316035582246708
Nauru,NRU,1981,0.0484949649006039
Nauru,NRU,1980,0.0533938381510064
Nauru,NRU,1979,0.0376114060756698
Nauru,NRU,1978,
Nauru,NRU,1977,0.0206593782800437
Nauru,NRU,1976,
Nauru,NRU,1975,0.0208334472577023
Nauru,NRU,1974,
Nauru,NRU,1973,
Nauru,NRU,1972,
Nauru,NRU,1971,
Nauru,NRU,1970,
Nauru,NRU,1969,
Nauru,NRU,1968,
Nauru,NRU,1967,
Nauru,NRU,1966,
Nauru,NRU,1965,
Nauru,NRU,1964,
Nauru,NRU,1963,
Nauru,NRU,1962,
Nauru,NRU,1961,
Nauru,NRU,1960,
Nepal,NPL,2025,
Nepal,NPL,2024,
Nepal,NPL,2023,2.82489412680092
Nepal,NPL,2022,2.8939617926913
Nepal,NPL,2021,4.30972174965279
Nepal,NPL,2020,5.20289798982393
Nepal,NPL,2019,3.86096484971829
Nepal,NPL,2018,4.35776084796642
Nepal,NPL,2017,4.33868633780897
Nepal,NPL,2016,4.28474652257397
Nepal,NPL,2015,4.95626441382639
Nepal,NPL,2014,3.83183174195632
Nepal,NPL,2013,3.91437033729244
Nepal,NPL,2012,3.52180192305728
Nepal,NPL,2011,3.45655042714966
Nepal,NPL,2010,3.94623923082947
Nepal,NPL,2009,5.45048907463238
Nepal,NPL,2008,4.85221000320757
Nepal,NPL,2007,5.33950172377591
Nepal,NPL,2006,4.96598127554458
Nepal,NPL,2005,4.99489965569299
Nepal,NPL,2004,5.9254635092444
Nepal,NPL,2003,7.16377472387655
Nepal,NPL,2002,5.53537052371981
Nepal,NPL,2001,5.76788516397709
Nepal,NPL,2000,5.64428725129434
Nepal,NPL,1999,5.79168517944319
Nepal,NPL,1998,6.32798384129547
Nepal,NPL,1997,6.40103348821011
Nepal,NPL,1996,7.31534930679091
Nepal,NPL,1995,8.63778753201299
Nepal,NPL,1994,9.41846592353853
Nepal,NPL,1993,8.16240484986142
Nepal,NPL,1992,11.3790964723102
Nepal,NPL,1991,9.50745585011619
Nepal,NPL,1990,9.81200183702704
Nepal,NPL,1989,11.7553551847164
Nepal,NPL,1988,10.5248982563162
Nepal,NPL,1987,10.9098798769326
Nepal,NPL,1986,9.12910651814653
Nepal,NPL,1985,7.18911007742942
Nepal,NPL,1984,6.00192932255245
Nepal,NPL,1983,7.10482689322645
Nepal,NPL,1982,7.36068544113749
Nepal,NPL,1981,7.17164940769392
Nepal,NPL,1980,7.69850091680654
Nepal,NPL,1979,6.82748877270917
Nepal,NPL,1978,4.36113986484895
Nepal,NPL,1977,5.12210677540895
Nepal,NPL,1976,2.94972683808406
Nepal,NPL,1975,2.53333356955703
Nepal,NPL,1974,2.35394856786422
Nepal,NPL,1973,3.32681234083213
Nepal,NPL,1972,2.82297090175681
Nepal,NPL,1971,2.58619085794094
Nepal,NPL,1970,2.69291739176659
Nepal,NPL,1969,1.37451475165269
Nepal,NPL,1968,1.41149399043172
Nepal,NPL,1967,1.68532509926135
Nepal,NPL,1966,1.69825725426354
Nepal,NPL,1965,2.43176929735184
Nepal,NPL,1964,3.928653070952
Nepal,NPL,1963,3.26392347534567
Nepal,NPL,1962,1.57466296604242
Nepal,NPL,1961,2.01707052872857
Nepal,NPL,1960,1.69573407755767
Netherlands,NLD,2025,
Netherlands,NLD,2024,
Netherlands,NLD,2023,
Netherlands,NLD,2022,
Netherlands,NLD,2021,
Netherlands,NLD,2020,
Netherlands,NLD,2019,
Netherlands,NLD,2018,
Netherlands,NLD,2017,
Netherlands,NLD,2016,
Netherlands,NLD,2015,
Netherlands,NLD,2014,
Netherlands,NLD,2013,
Netherlands,NLD,2012,
Netherlands,NLD,2011,
Netherlands,NLD,2010,
Netherlands,NLD,2009,
Netherlands,NLD,2008,
Netherlands,NLD,2007,
Netherlands,NLD,2006,
Netherlands,NLD,2005,
Netherlands,NLD,2004,
Netherlands,NLD,2003,
Netherlands,NLD,2002,
Netherlands,NLD,2001,
Netherlands,NLD,2000,
Netherlands,NLD,1999,
Netherlands,NLD,1998,
Netherlands,NLD,1997,
Netherlands,NLD,1996,
Netherlands,NLD,1995,
Netherlands,NLD,1994,
Netherlands,NLD,1993,
Netherlands,NLD,1992,
Netherlands,NLD,1991,
Netherlands,NLD,1990,
Netherlands,NLD,1989,
Netherlands,NLD,1988,
Netherlands,NLD,1987,
Netherlands,NLD,1986,
Netherlands,NLD,1985,
Netherlands,NLD,1984,
Netherlands,NLD,1983,
Netherlands,NLD,1982,
Netherlands,NLD,1981,
Netherlands,NLD,1980,
Netherlands,NLD,1979,
Netherlands,NLD,1978,
Netherlands,NLD,1977,
Netherlands,NLD,1976,
Netherlands,NLD,1975,
Netherlands,NLD,1974,
Netherlands,NLD,1973,
Netherlands,NLD,1972,
Netherlands,NLD,1971,
Netherlands,NLD,1970,
Netherlands,NLD,1969,
Netherlands,NLD,1968,
Netherlands,NLD,1967,
Netherlands,NLD,1966,
Netherlands,NLD,1965,
Netherlands,NLD,1964,
Netherlands,NLD,1963,
Netherlands,NLD,1962,
Netherlands,NLD,1961,
Netherlands,NLD,1960,
New Caledonia,NCL,2025,
New Caledonia,NCL,2024,
New Caledonia,NCL,2023,
New Caledonia,NCL,2022,
New Caledonia,NCL,2021,
New Caledonia,NCL,2020,
New Caledonia,NCL,2019,
New Caledonia,NCL,2018,
New Caledonia,NCL,2017,
New Caledonia,NCL,2016,
New Caledonia,NCL,2015,
New Caledonia,NCL,2014,
New Caledonia,NCL,2013,
New Caledonia,NCL,2012,
New Caledonia,NCL,2011,
New Caledonia,NCL,2010,
New Caledonia,NCL,2009,
New Caledonia,NCL,2008,
New Caledonia,NCL,2007,
New Caledonia,NCL,2006,
New Caledonia,NCL,2005,
New Caledonia,NCL,2004,
New Caledonia,NCL,2003,
New Caledonia,NCL,2002,
New Caledonia,NCL,2001,
New Caledonia,NCL,2000,
New Caledonia,NCL,1999,10.2915843667109
New Caledonia,NCL,1998,10.7139706732961
New Caledonia,NCL,1997,10.294940504988
New Caledonia,NCL,1996,10.9826304742449
New Caledonia,NCL,1995,12.4353697081614
New Caledonia,NCL,1994,13.4408193476544
New Caledonia,NCL,1993,13.986389611244
New Caledonia,NCL,1992,12.2433071560022
New Caledonia,NCL,1991,11.7070711962965
New Caledonia,NCL,1990,11.9556088679875
New Caledonia,NCL,1989,12.8873829494688
New Caledonia,NCL,1988,12.5966369767081
New Caledonia,NCL,1987,18.9927635977479
New Caledonia,NCL,1986,17.1968947505269
New Caledonia,NCL,1985,17.0059010266892
New Caledonia,NCL,1984,16.394364610558
New Caledonia,NCL,1983,22.0790497252016
New Caledonia,NCL,1982,17.5392467954031
New Caledonia,NCL,1981,15.4406264538394
New Caledonia,NCL,1980,16.7421595404037
New Caledonia,NCL,1979,14.1946469180672
New Caledonia,NCL,1978,13.5944875720495
New Caledonia,NCL,1977,9.31926001817954
New Caledonia,NCL,1976,5.82352677430049
New Caledonia,NCL,1975,7.92381406739998
New Caledonia,NCL,1974,9.73480712465111
New Caledonia,NCL,1973,13.7637668849662
New Caledonia,NCL,1972,10.8443219127747
New Caledonia,NCL,1971,9.23461662680206
New Caledonia,NCL,1970,6.37374614724232
New Caledonia,NCL,1969,6.27116896416923
New Caledonia,NCL,1968,7.33618327630288
New Caledonia,NCL,1967,6.44868257095187
New Caledonia,NCL,1966,10.4746139436925
New Caledonia,NCL,1965,
New Caledonia,NCL,1964,
New Caledonia,NCL,1963,
New Caledonia,NCL,1962,
New Caledonia,NCL,1961,
New Caledonia,NCL,1960,
New Zealand,NZL,2025,
New Zealand,NZL,2024,
New Zealand,NZL,2023,
New Zealand,NZL,2022,
New Zealand,NZL,2021,
New Zealand,NZL,2020,
New Zealand,NZL,2019,
New Zealand,NZL,2018,
New Zealand,NZL,2017,
New Zealand,NZL,2016,
New Zealand,NZL,2015,
New Zealand,NZL,2014,
New Zealand,NZL,2013,
New Zealand,NZL,2012,
New Zealand,NZL,2011,
New Zealand,NZL,2010,
New Zealand,NZL,2009,
New Zealand,NZL,2008,
New Zealand,NZL,2007,
New Zealand,NZL,2006,
New Zealand,NZL,2005,
New Zealand,NZL,2004,
New Zealand,NZL,2003,
New Zealand,NZL,2002,
New Zealand,NZL,2001,
New Zealand,NZL,2000,
New Zealand,NZL,1999,
New Zealand,NZL,1998,
New Zealand,NZL,1997,
New Zealand,NZL,1996,
New Zealand,NZL,1995,
New Zealand,NZL,1994,
New Zealand,NZL,1993,
New Zealand,NZL,1992,
New Zealand,NZL,1991,
New Zealand,NZL,1990,
New Zealand,NZL,1989,
New Zealand,NZL,1988,
New Zealand,NZL,1987,
New Zealand,NZL,1986,
New Zealand,NZL,1985,
New Zealand,NZL,1984,
New Zealand,NZL,1983,
New Zealand,NZL,1982,
New Zealand,NZL,1981,
New Zealand,NZL,1980,
New Zealand,NZL,1979,
New Zealand,NZL,1978,
New Zealand,NZL,1977,
New Zealand,NZL,1976,
New Zealand,NZL,1975,
New Zealand,NZL,1974,
New Zealand,NZL,1973,
New Zealand,NZL,1972,
New Zealand,NZL,1971,
New Zealand,NZL,1970,
New Zealand,NZL,1969,
New Zealand,NZL,1968,
New Zealand,NZL,1967,
New Zealand,NZL,1966,
New Zealand,NZL,1965,
New Zealand,NZL,1964,
New Zealand,NZL,1963,
New Zealand,NZL,1962,
New Zealand,NZL,1961,
New Zealand,NZL,1960,
Nicaragua,NIC,2025,
Nicaragua,NIC,2024,
Nicaragua,NIC,2023,3.42232523645269
Nicaragua,NIC,2022,7.80582708403881
Nicaragua,NIC,2021,5.60086146316907
Nicaragua,NIC,2020,3.86456355553207
Nicaragua,NIC,2019,3.17289868414479
Nicaragua,NIC,2018,2.85993990149735
Nicaragua,NIC,2017,4.30307325060259
Nicaragua,NIC,2016,3.40644891962685
Nicaragua,NIC,2015,3.73273899019953
Nicaragua,NIC,2014,3.78019242422284
Nicaragua,NIC,2013,4.74501266553773
Nicaragua,NIC,2012,5.26208404149385
Nicaragua,NIC,2011,5.64491714410933
Nicaragua,NIC,2010,5.39474145266239
Nicaragua,NIC,2009,8.21776837596481
Nicaragua,NIC,2008,8.00009397771568
Nicaragua,NIC,2007,10.0970782996403
Nicaragua,NIC,2006,9.52719082780108
Nicaragua,NIC,2005,10.6355081701889
Nicaragua,NIC,2004,19.7273274336089
Nicaragua,NIC,2003,14.3899109474279
Nicaragua,NIC,2002,8.29130619912174
Nicaragua,NIC,2001,16.1457563195049
Nicaragua,NIC,2000,10.227479241549
Nicaragua,NIC,1999,12.8291964223448
Nicaragua,NIC,1998,11.3371841659239
Nicaragua,NIC,1997,8.5851288573755
Nicaragua,NIC,1996,22.1724015375863
Nicaragua,NIC,1995,15.0948870568962
Nicaragua,NIC,1994,15.8913989733033
Nicaragua,NIC,1993,23.9236819256621
Nicaragua,NIC,1992,47.1774331038881
Nicaragua,NIC,1991,68.9560838204566
Nicaragua,NIC,1990,33.3637695953525
Nicaragua,NIC,1989,30.2357708106726
Nicaragua,NIC,1988,9.74399419614765
Nicaragua,NIC,1987,3.78548547546065
Nicaragua,NIC,1986,5.18843578986379
Nicaragua,NIC,1985,4.00849761608152
Nicaragua,NIC,1984,3.56606844636171
Nicaragua,NIC,1983,3.64460076561832
Nicaragua,NIC,1982,4.21667499021475
Nicaragua,NIC,1981,4.17194084618461
Nicaragua,NIC,1980,9.08750134489801
Nicaragua,NIC,1979,5.80943353623139
Nicaragua,NIC,1978,1.4885852295802
Nicaragua,NIC,1977,1.1362313537996
Nicaragua,NIC,1976,1.5648334584917
Nicaragua,NIC,1975,1.85763617301186
Nicaragua,NIC,1974,2.17605356959863
Nicaragua,NIC,1973,2.7876613797999
Nicaragua,NIC,1972,1.36500044011021
Nicaragua,NIC,1971,1.96065049248507
Nicaragua,NIC,1970,3.12280143224675
Nicaragua,NIC,1969,2.31330534268185
Nicaragua,NIC,1968,1.7563982608189
Nicaragua,NIC,1967,1.81935793845791
Nicaragua,NIC,1966,2.19389444578675
Nicaragua,NIC,1965,1.70366197235089
Nicaragua,NIC,1964,2.75667176637106
Nicaragua,NIC,1963,2.6855539859549
Nicaragua,NIC,1962,2.8503303474897
Nicaragua,NIC,1961,3.94875888424995
Nicaragua,NIC,1960,3.75752509734712
Niger,NER,2025,
Niger,NER,2024,
Niger,NER,2023,7.771927158677
Niger,NER,2022,14.5485632968888
Niger,NER,2021,11.8957354659886
Niger,NER,2020,14.6768952097333
Niger,NER,2019,10.6888184238665
Niger,NER,2018,9.76058854531685
Niger,NER,2017,10.5574669066848
Niger,NER,2016,8.87297175102682
Niger,NER,2015,8.55661373821213
Niger,NER,2014,8.08507747950925
Niger,NER,2013,7.50302813998595
Niger,NER,2012,9.14312805328212
Niger,NER,2011,6.91167166080304
Niger,NER,2010,8.02034184599528
Niger,NER,2009,6.06792764388394
Niger,NER,2008,7.99960578593446
Niger,NER,2007,9.48436348402537
Niger,NER,2006,10.7278242276685
Niger,NER,2005,11.2310009631684
Niger,NER,2004,13.745886858377
Niger,NER,2003,13.5301528607606
Niger,NER,2002,10.1204840073333
Niger,NER,2001,10.1086155146292
Niger,NER,2000,8.95407624884674
Niger,NER,1999,7.09448553982064
Niger,NER,1998,10.664454112566
Niger,NER,1997,14.2163933081367
Niger,NER,1996,10.2544881958645
Niger,NER,1995,11.7348780020568
Niger,NER,1994,19.1525858573216
Niger,NER,1993,11.0059521523322
Niger,NER,1992,10.4570325602482
Niger,NER,1991,11.1679091776213
Niger,NER,1990,10.9602159945702
Niger,NER,1989,13.5635406527044
Niger,NER,1988,16.6201627114112
Niger,NER,1987,16.3324078259424
Niger,NER,1986,16.0982884858161
Niger,NER,1985,21.2861673112834
Niger,NER,1984,11.2131481308558
Niger,NER,1983,9.84866149734733
Niger,NER,1982,13.215457767244
Niger,NER,1981,9.10585599622391
Niger,NER,1980,6.68241634523688
Niger,NER,1979,8.40816145464542
Niger,NER,1978,8.89799522633774
Niger,NER,1977,7.36045178842816
Niger,NER,1976,11.8512701074556
Niger,NER,1975,13.2084867821689
Niger,NER,1974,13.2160619562986
Niger,NER,1973,7.48355334777293
Niger,NER,1972,5.82989808924571
Niger,NER,1971,5.90666570865882
Niger,NER,1970,4.86415675448031
Niger,NER,1969,5.35392382928521
Niger,NER,1968,4.78745993849924
Niger,NER,1967,3.33894696197608
Niger,NER,1966,3.14987020195581
Niger,NER,1965,2.25369054629737
Niger,NER,1964,2.56044834971564
Niger,NER,1963,0.772464362215277
Niger,NER,1962,0.821187811618489
Niger,NER,1961,0.408274347606632
Niger,NER,1960,0.00887408370201946
Nigeria,NGA,2025,
Nigeria,NGA,2024,
Nigeria,NGA,2023,0.75483676432411
Nigeria,NGA,2022,0.695330270196992
Nigeria,NGA,2021,0.587792842015972
Nigeria,NGA,2020,0.568736724692865
Nigeria,NGA,2019,0.497166156566671
Nigeria,NGA,2018,0.804720194815591
Nigeria,NGA,2017,0.913541680472579
Nigeria,NGA,2016,0.627073734790335
Nigeria,NGA,2015,0.506233816554214
Nigeria,NGA,2014,0.446576936763396
Nigeria,NGA,2013,0.508843993943477
Nigeria,NGA,2012,0.433797594848328
Nigeria,NGA,2011,0.462294712655282
Nigeria,NGA,2010,0.308433977724407
Nigeria,NGA,2009,0.584507945538659
Nigeria,NGA,2008,0.398901376410332
Nigeria,NGA,2007,
Nigeria,NGA,2006,
Nigeria,NGA,2005,
Nigeria,NGA,2004,
Nigeria,NGA,2003,
Nigeria,NGA,2002,
Nigeria,NGA,2001,
Nigeria,NGA,2000,
Nigeria,NGA,1999,
Nigeria,NGA,1998,
Nigeria,NGA,1997,
Nigeria,NGA,1996,
Nigeria,NGA,1995,
Nigeria,NGA,1994,
Nigeria,NGA,1993,
Nigeria,NGA,1992,
Nigeria,NGA,1991,
Nigeria,NGA,1990,
Nigeria,NGA,1989,
Nigeria,NGA,1988,
Nigeria,NGA,1987,
Nigeria,NGA,1986,
Nigeria,NGA,1985,
Nigeria,NGA,1984,
Nigeria,NGA,1983,
Nigeria,NGA,1982,
Nigeria,NGA,1981,
Nigeria,NGA,1980,
Nigeria,NGA,1979,
Nigeria,NGA,1978,
Nigeria,NGA,1977,
Nigeria,NGA,1976,
Nigeria,NGA,1975,
Nigeria,NGA,1974,
Nigeria,NGA,1973,
Nigeria,NGA,1972,
Nigeria,NGA,1971,
Nigeria,NGA,1970,
Nigeria,NGA,1969,
Nigeria,NGA,1968,
Nigeria,NGA,1967,
Nigeria,NGA,1966,
Nigeria,NGA,1965,
Nigeria,NGA,1964,
Nigeria,NGA,1963,
Nigeria,NGA,1962,
Nigeria,NGA,1961,
Nigeria,NGA,1960,
North Macedonia,MKD,2025,
North Macedonia,MKD,2024,
North Macedonia,MKD,2023,2.7534612564777
North Macedonia,MKD,2022,1.68828382595701
North Macedonia,MKD,2021,2.53403324240999
North Macedonia,MKD,2020,2.38800508619165
North Macedonia,MKD,2019,1.16863429316816
North Macedonia,MKD,2018,1.4017004899327
North Macedonia,MKD,2017,1.38078889306985
North Macedonia,MKD,2016,1.64281465111346
North Macedonia,MKD,2015,2.19872776022047
North Macedonia,MKD,2014,1.90067498234215
North Macedonia,MKD,2013,1.86269647239152
North Macedonia,MKD,2012,1.54927705032839
North Macedonia,MKD,2011,1.8655590413937
North Macedonia,MKD,2010,2.09161491839497
North Macedonia,MKD,2009,2.08057224907736
North Macedonia,MKD,2008,2.07157425468668
North Macedonia,MKD,2007,2.53967213582815
North Macedonia,MKD,2006,2.93908332928029
North Macedonia,MKD,2005,3.69787443046887
North Macedonia,MKD,2004,4.67471177385576
North Macedonia,MKD,2003,5.4459036796964
North Macedonia,MKD,2002,6.89364248023741
North Macedonia,MKD,2001,6.72490001057368
North Macedonia,MKD,2000,6.77466023861814
North Macedonia,MKD,1999,7.30438139909652
North Macedonia,MKD,1998,2.82617908247955
North Macedonia,MKD,1997,2.54690080290719
North Macedonia,MKD,1996,2.29571556272755
North Macedonia,MKD,1995,1.68836249080793
North Macedonia,MKD,1994,2.96786002467927
North Macedonia,MKD,1993,0.12643929672492
North Macedonia,MKD,1992,
North Macedonia,MKD,1991,
North Macedonia,MKD,1990,
North Macedonia,MKD,1989,
North Macedonia,MKD,1988,
North Macedonia,MKD,1987,
North Macedonia,MKD,1986,
North Macedonia,MKD,1985,
North Macedonia,MKD,1984,
North Macedonia,MKD,1983,
North Macedonia,MKD,1982,
North Macedonia,MKD,1981,
North Macedonia,MKD,1980,
North Macedonia,MKD,1979,
North Macedonia,MKD,1978,
North Macedonia,MKD,1977,
North Macedonia,MKD,1976,
North Macedonia,MKD,1975,
North Macedonia,MKD,1974,
North Macedonia,MKD,1973,
North Macedonia,MKD,1972,
North Macedonia,MKD,1971,
North Macedonia,MKD,1970,
North Macedonia,MKD,1969,
North Macedonia,MKD,1968,
North Macedonia,MKD,1967,
North Macedonia,MKD,1966,
North Macedonia,MKD,1965,
North Macedonia,MKD,1964,
North Macedonia,MKD,1963,
North Macedonia,MKD,1962,
North Macedonia,MKD,1961,
North Macedonia,MKD,1960,
Northern Mariana Islands,MNP,2025,
Northern Mariana Islands,MNP,2024,
Northern Mariana Islands,MNP,2023,
Northern Mariana Islands,MNP,2022,
Northern Mariana Islands,MNP,2021,
Northern Mariana Islands,MNP,2020,
Northern Mariana Islands,MNP,2019,
Northern Mariana Islands,MNP,2018,
Northern Mariana Islands,MNP,2017,
Northern Mariana Islands,MNP,2016,
Northern Mariana Islands,MNP,2015,
Northern Mariana Islands,MNP,2014,
Northern Mariana Islands,MNP,2013,
Northern Mariana Islands,MNP,2012,
Northern Mariana Islands,MNP,2011,
Northern Mariana Islands,MNP,2010,
Northern Mariana Islands,MNP,2009,
Northern Mariana Islands,MNP,2008,
Northern Mariana Islands,MNP,2007,
Northern Mariana Islands,MNP,2006,
Northern Mariana Islands,MNP,2005,
Northern Mariana Islands,MNP,2004,
Northern Mariana Islands,MNP,2003,
Northern Mariana Islands,MNP,2002,
Northern Mariana Islands,MNP,2001,
Northern Mariana Islands,MNP,2000,
Northern Mariana Islands,MNP,1999,
Northern Mariana Islands,MNP,1998,
Northern Mariana Islands,MNP,1997,
Northern Mariana Islands,MNP,1996,
Northern Mariana Islands,MNP,1995,
Northern Mariana Islands,MNP,1994,
Northern Mariana Islands,MNP,1993,
Northern Mariana Islands,MNP,1992,
Northern Mariana Islands,MNP,1991,
Northern Mariana Islands,MNP,1990,
Northern Mariana Islands,MNP,1989,
Northern Mariana Islands,MNP,1988,
Northern Mariana Islands,MNP,1987,
Northern Mariana Islands,MNP,1986,
Northern Mariana Islands,MNP,1985,
Northern Mariana Islands,MNP,1984,
Northern Mariana Islands,MNP,1983,
Northern Mariana Islands,MNP,1982,
Northern Mariana Islands,MNP,1981,
Northern Mariana Islands,MNP,1980,
Northern Mariana Islands,MNP,1979,
Northern Mariana Islands,MNP,1978,
Northern Mariana Islands,MNP,1977,
Northern Mariana Islands,MNP,1976,
Northern Mariana Islands,MNP,1975,
Northern Mariana Islands,MNP,1974,
Northern Mariana Islands,MNP,1973,
Northern Mariana Islands,MNP,1972,
Northern Mariana Islands,MNP,1971,
Northern Mariana Islands,MNP,1970,
Northern Mariana Islands,MNP,1969,
Northern Mariana Islands,MNP,1968,
Northern Mariana Islands,MNP,1967,
Northern Mariana Islands,MNP,1966,
Northern Mariana Islands,MNP,1965,
Northern Mariana Islands,MNP,1964,
Northern Mariana Islands,MNP,1963,
Northern Mariana Islands,MNP,1962,
Northern Mariana Islands,MNP,1961,
Northern Mariana Islands,MNP,1960,
Norway,NOR,2025,
Norway,NOR,2024,
Norway,NOR,2023,
Norway,NOR,2022,
Norway,NOR,2021,
Norway,NOR,2020,
Norway,NOR,2019,
Norway,NOR,2018,
Norway,NOR,2017,
Norway,NOR,2016,
Norway,NOR,2015,
Norway,NOR,2014,
Norway,NOR,2013,
Norway,NOR,2012,
Norway,NOR,2011,
Norway,NOR,2010,
Norway,NOR,2009,
Norway,NOR,2008,
Norway,NOR,2007,
Norway,NOR,2006,
Norway,NOR,2005,
Norway,NOR,2004,
Norway,NOR,2003,
Norway,NOR,2002,
Norway,NOR,2001,
Norway,NOR,2000,
Norway,NOR,1999,
Norway,NOR,1998,
Norway,NOR,1997,
Norway,NOR,1996,
Norway,NOR,1995,
Norway,NOR,1994,
Norway,NOR,1993,
Norway,NOR,1992,
Norway,NOR,1991,
Norway,NOR,1990,
Norway,NOR,1989,
Norway,NOR,1988,
Norway,NOR,1987,
Norway,NOR,1986,
Norway,NOR,1985,
Norway,NOR,1984,
Norway,NOR,1983,
Norway,NOR,1982,
Norway,NOR,1981,
Norway,NOR,1980,
Norway,NOR,1979,
Norway,NOR,1978,
Norway,NOR,1977,
Norway,NOR,1976,
Norway,NOR,1975,
Norway,NOR,1974,
Norway,NOR,1973,
Norway,NOR,1972,
Norway,NOR,1971,
Norway,NOR,1970,
Norway,NOR,1969,
Norway,NOR,1968,
Norway,NOR,1967,
Norway,NOR,1966,
Norway,NOR,1965,
Norway,NOR,1964,
Norway,NOR,1963,
Norway,NOR,1962,
Norway,NOR,1961,
Norway,NOR,1960,
Oman,OMN,2025,
Oman,OMN,2024,
Oman,OMN,2023,
Oman,OMN,2022,
Oman,OMN,2021,
Oman,OMN,2020,
Oman,OMN,2019,
Oman,OMN,2018,
Oman,OMN,2017,
Oman,OMN,2016,
Oman,OMN,2015,
Oman,OMN,2014,
Oman,OMN,2013,
Oman,OMN,2012,
Oman,OMN,2011,
Oman,OMN,2010,0.0115449331244232
Oman,OMN,2009,0.275049718309795
Oman,OMN,2008,0.111342708908062
Oman,OMN,2007,0.450515035494805
Oman,OMN,2006,0.129008910169095
Oman,OMN,2005,0.055212757379823
Oman,OMN,2004,0.358500316789346
Oman,OMN,2003,0.265823782385475
Oman,OMN,2002,0.348270302191891
Oman,OMN,2001,0.0390993044706635
Oman,OMN,2000,0.371905525154908
Oman,OMN,1999,0.309465535786005
Oman,OMN,1998,3.57566978321816
Oman,OMN,1997,0.573614545389632
Oman,OMN,1996,0.490248289571926
Oman,OMN,1995,0.489961802596791
Oman,OMN,1994,1.08752437441486
Oman,OMN,1993,0.936700772254445
Oman,OMN,1992,0.287444365838677
Oman,OMN,1991,0.102773252890558
Oman,OMN,1990,0.524407004171177
Oman,OMN,1989,0.270665028378433
Oman,OMN,1988,0.0631851123999105
Oman,OMN,1987,0.581735933906884
Oman,OMN,1986,1.43182922524138
Oman,OMN,1985,0.801451981033951
Oman,OMN,1984,1.23668966667881
Oman,OMN,1983,0.919182628719354
Oman,OMN,1982,1.84467307503549
Oman,OMN,1981,3.58945921112379
Oman,OMN,1980,3.83112060287882
Oman,OMN,1979,6.80309650525909
Oman,OMN,1978,2.30748791311275
Oman,OMN,1977,14.0704873757444
Oman,OMN,1976,7.26700121506748
Oman,OMN,1975,7.77899573537759
Oman,OMN,1974,12.5192742919922
Oman,OMN,1973,7.40790755487671
Oman,OMN,1972,3.38461685889266
Oman,OMN,1971,0.806683143811721
Oman,OMN,1970,0.0329195148128402
Oman,OMN,1969,0.0217296996446814
Oman,OMN,1968,0.0350140341351952
Oman,OMN,1967,0.966979599820111
Oman,OMN,1966,0.914994469847069
Oman,OMN,1965,2.90771297310148
Oman,OMN,1964,6.56187845955499
Oman,OMN,1963,0.600873668736387
Oman,OMN,1962,0.781899697255732
Oman,OMN,1961,0.723137329348392
Oman,OMN,1960,0.565167721518987
Pakistan,PAK,2025,
Pakistan,PAK,2024,
Pakistan,PAK,2023,1.19777756155236
Pakistan,PAK,2022,0.468981528185361
Pakistan,PAK,2021,0.849773385600569
Pakistan,PAK,2020,0.879109699815451
Pakistan,PAK,2019,0.637588245368665
Pakistan,PAK,2018,0.395487211787381
Pakistan,PAK,2017,0.707466003418661
Pakistan,PAK,2016,0.960503322690544
Pakistan,PAK,2015,1.27436408375115
Pakistan,PAK,2014,1.35203538752693
Pakistan,PAK,2013,0.860616171425644
Pakistan,PAK,2012,0.817218923025024
Pakistan,PAK,2011,1.63218506459761
Pakistan,PAK,2010,1.3742555969781
Pakistan,PAK,2009,1.38460706568728
Pakistan,PAK,2008,0.534634613909645
Pakistan,PAK,2007,1.10983384112395
Pakistan,PAK,2006,1.2936252039102
Pakistan,PAK,2005,1.03393689424471
Pakistan,PAK,2004,1.02109216549723
Pakistan,PAK,2003,0.946981294585726
Pakistan,PAK,2002,2.04127846914982
Pakistan,PAK,2001,1.87939134136974
Pakistan,PAK,2000,0.563920711191827
Pakistan,PAK,1999,1.00322998173638
Pakistan,PAK,1998,1.3792930241612
Pakistan,PAK,1997,1.13238750728799
Pakistan,PAK,1996,1.12015610805661
Pakistan,PAK,1995,0.850694952419385
Pakistan,PAK,1994,2.3423436906883
Pakistan,PAK,1993,1.64229706474648
Pakistan,PAK,1992,1.77852776947849
Pakistan,PAK,1991,2.57111909697292
Pakistan,PAK,1990,2.32745116544383
Pakistan,PAK,1989,3.03833407046102
Pakistan,PAK,1988,3.0950731192989
Pakistan,PAK,1987,2.04317105146951
Pakistan,PAK,1986,2.58537690491267
Pakistan,PAK,1985,2.18063937423274
Pakistan,PAK,1984,2.03426108250684
Pakistan,PAK,1983,2.34476377546082
Pakistan,PAK,1982,2.85959379461779
Pakistan,PAK,1981,2.88201978793883
Pakistan,PAK,1980,4.96407964541244
Pakistan,PAK,1979,3.61032499301736
Pakistan,PAK,1978,3.58287439445217
Pakistan,PAK,1977,3.96963349135363
Pakistan,PAK,1976,7.74147125814327
Pakistan,PAK,1975,6.56533375026826
Pakistan,PAK,1974,5.30865230687632
Pakistan,PAK,1973,4.47834561975252
Pakistan,PAK,1972,3.28362336389645
Pakistan,PAK,1971,4.01821796484516
Pakistan,PAK,1970,4.23646753447146
Pakistan,PAK,1969,3.8093112450115
Pakistan,PAK,1968,4.89794354315642
Pakistan,PAK,1967,6.54149598272621
Pakistan,PAK,1966,5.75531467281718
Pakistan,PAK,1965,8.44917893318394
Pakistan,PAK,1964,9.8306800408395
Pakistan,PAK,1963,10.5177978950685
Pakistan,PAK,1962,8.8222443932705
Pakistan,PAK,1961,6.14462542019642
Pakistan,PAK,1960,6.77278757338843
Palau,PLW,2025,
Palau,PLW,2024,
Palau,PLW,2023,10.3499193941371
Palau,PLW,2022,22.5311403805069
Palau,PLW,2021,20.575758695689
Palau,PLW,2020,24.7442032105716
Palau,PLW,2019,8.90931218046251
Palau,PLW,2018,30.135825576552
Palau,PLW,2017,7.73566361267483
Palau,PLW,2016,6.14820342553051
Palau,PLW,2015,5.08723359298917
Palau,PLW,2014,9.92572278709133
Palau,PLW,2013,16.183190123118
Palau,PLW,2012,7.44140316253437
Palau,PLW,2011,12.5285820718959
Palau,PLW,2010,15.2909638397495
Palau,PLW,2009,18.564376374218
Palau,PLW,2008,22.0683411161931
Palau,PLW,2007,11.7889630418416
Palau,PLW,2006,20.2257872684249
Palau,PLW,2005,12.9872829804273
Palau,PLW,2004,12.4145482005815
Palau,PLW,2003,17.6656824843765
Palau,PLW,2002,21.0177836705301
Palau,PLW,2001,23.0728222583953
Palau,PLW,2000,28.1895788783699
Palau,PLW,1999,17.8061513662318
Palau,PLW,1998,53.2722201678756
Palau,PLW,1997,23.8001636296025
Palau,PLW,1996,40.8475711885034
Palau,PLW,1995,104.839629941038
Palau,PLW,1994,169.593467421277
Palau,PLW,1993,0.00924178523244253
Palau,PLW,1992,0.00850900872299566
Palau,PLW,1991,
Palau,PLW,1990,
Palau,PLW,1989,
Palau,PLW,1988,
Palau,PLW,1987,
Palau,PLW,1986,
Palau,PLW,1985,
Palau,PLW,1984,
Palau,PLW,1983,
Palau,PLW,1982,
Palau,PLW,1981,
Palau,PLW,1980,
Palau,PLW,1979,
Palau,PLW,1978,
Palau,PLW,1977,
Palau,PLW,1976,
Palau,PLW,1975,
Palau,PLW,1974,
Palau,PLW,1973,
Palau,PLW,1972,
Palau,PLW,1971,
Palau,PLW,1970,
Palau,PLW,1969,
Palau,PLW,1968,
Palau,PLW,1967,
Palau,PLW,1966,
Palau,PLW,1965,
Palau,PLW,1964,
Palau,PLW,1963,
Palau,PLW,1962,
Palau,PLW,1961,
Palau,PLW,1960,
Panama,PAN,2025,
Panama,PAN,2024,
Panama,PAN,2023,0.514147462562358
Panama,PAN,2022,0.180015093174011
Panama,PAN,2021,0.145991846721379
Panama,PAN,2020,0.263992700939154
Panama,PAN,2019,0.109465585477083
Panama,PAN,2018,0.0631269263990844
Panama,PAN,2017,0.0689907767580841
Panama,PAN,2016,0.0406529815942433
Panama,PAN,2015,0.0195922793427509
Panama,PAN,2014,-0.410547283224367
Panama,PAN,2013,0.0209004602616507
Panama,PAN,2012,0.132144783041972
Panama,PAN,2011,0.328472105396568
Panama,PAN,2010,0.454266910732202
Panama,PAN,2009,0.252614099579993
Panama,PAN,2008,0.146360225181282
Panama,PAN,2007,-0.623882788904175
Panama,PAN,2006,0.223551592752815
Panama,PAN,2005,0.183998759158239
Panama,PAN,2004,0.219936786725964
Panama,PAN,2003,0.285561787180043
Panama,PAN,2002,0.237672600423035
Panama,PAN,2001,0.29854392506654
Panama,PAN,2000,0.236237053650093
Panama,PAN,1999,0.222000410376949
Panama,PAN,1998,0.305276280183505
Panama,PAN,1997,0.568694694777693
Panama,PAN,1996,0.648391080550027
Panama,PAN,1995,0.511093986727833
Panama,PAN,1994,0.420759533393585
Panama,PAN,1993,0.949866279450977
Panama,PAN,1992,2.57899879656175
Panama,PAN,1991,1.68150210634
Panama,PAN,1990,1.61412837890944
Panama,PAN,1989,0.353675741426941
Panama,PAN,1988,0.390549517888402
Panama,PAN,1987,0.544382593105307
Panama,PAN,1986,0.555448133867283
Panama,PAN,1985,0.768855549199003
Panama,PAN,1984,1.05935824696718
Panama,PAN,1983,0.547376866439522
Panama,PAN,1982,0.521360538186013
Panama,PAN,1981,0.516616125328873
Panama,PAN,1980,0.576897576273924
Panama,PAN,1979,0.530471863438044
Panama,PAN,1978,0.628386013761878
Panama,PAN,1977,0.870625598071278
Panama,PAN,1976,1.281225206822
Panama,PAN,1975,1.00773412254012
Panama,PAN,1974,0.823354801337126
Panama,PAN,1973,1.31397206413357
Panama,PAN,1972,0.856721336245309
Panama,PAN,1971,1.43389828190308
Panama,PAN,1970,1.30837507351945
Panama,PAN,1969,1.51668045160677
Panama,PAN,1968,1.3048982461085
Panama,PAN,1967,1.83826964876679
Panama,PAN,1966,2.38549700781692
Panama,PAN,1965,4.30428298223228
Panama,PAN,1964,1.54974802707728
Panama,PAN,1963,2.85603954562403
Panama,PAN,1962,1.97786804131985
Panama,PAN,1961,1.89418037198537
Panama,PAN,1960,2.79053432747427
Papua New Guinea,PNG,2025,
Papua New Guinea,PNG,2024,
Papua New Guinea,PNG,2023,2.42300703710733
Papua New Guinea,PNG,2022,2.24066177808907
Papua New Guinea,PNG,2021,4.83969507106437
Papua New Guinea,PNG,2020,4.57703295424197
Papua New Guinea,PNG,2019,2.82708298289155
Papua New Guinea,PNG,2018,3.46955478700203
Papua New Guinea,PNG,2017,2.45872010716866
Papua New Guinea,PNG,2016,2.68281856981382
Papua New Guinea,PNG,2015,2.91262387876545
Papua New Guinea,PNG,2014,2.55120280526347
Papua New Guinea,PNG,2013,3.36434584758284
Papua New Guinea,PNG,2012,3.31857592712778
Papua New Guinea,PNG,2011,3.78831138767256
Papua New Guinea,PNG,2010,3.85170917271255
Papua New Guinea,PNG,2009,3.76641428871097
Papua New Guinea,PNG,2008,2.77889406373463
Papua New Guinea,PNG,2007,3.72426357152164
Papua New Guinea,PNG,2006,3.63435636798365
Papua New Guinea,PNG,2005,5.92791219276604
Papua New Guinea,PNG,2004,7.36590410682983
Papua New Guinea,PNG,2003,7.12008132083002
Papua New Guinea,PNG,2002,7.34052038573885
Papua New Guinea,PNG,2001,7.27339325000185
Papua New Guinea,PNG,2000,8.32572469602731
Papua New Guinea,PNG,1999,6.6549767605713
Papua New Guinea,PNG,1998,10.1823448656199
Papua New Guinea,PNG,1997,7.34238670398913
Papua New Guinea,PNG,1996,8.0781922472069
Papua New Guinea,PNG,1995,8.19960555188806
Papua New Guinea,PNG,1994,5.86071523647078
Papua New Guinea,PNG,1993,6.22983236400749
Papua New Guinea,PNG,1992,10.8875657731207
Papua New Guinea,PNG,1991,9.39989779371973
Papua New Guinea,PNG,1990,11.9560976257603
Papua New Guinea,PNG,1989,9.55527738179624
Papua New Guinea,PNG,1988,10.3594062550052
Papua New Guinea,PNG,1987,10.4072738509344
Papua New Guinea,PNG,1986,9.96241369880105
Papua New Guinea,PNG,1985,10.8242419641917
Papua New Guinea,PNG,1984,12.7708550832914
Papua New Guinea,PNG,1983,13.3844519232784
Papua New Guinea,PNG,1982,13.6079705199681
Papua New Guinea,PNG,1981,13.2498808237244
Papua New Guinea,PNG,1980,12.7978526269231
Papua New Guinea,PNG,1979,12.565327195248
Papua New Guinea,PNG,1978,15.1558431834243
Papua New Guinea,PNG,1977,15.6420997873646
Papua New Guinea,PNG,1976,16.1792332225112
Papua New Guinea,PNG,1975,23.7094977310782
Papua New Guinea,PNG,1974,19.3318928303139
Papua New Guinea,PNG,1973,16.0214933778372
Papua New Guinea,PNG,1972,23.7902717459372
Papua New Guinea,PNG,1971,21.1768091555279
Papua New Guinea,PNG,1970,23.5932792227023
Papua New Guinea,PNG,1969,21.8464317509583
Papua New Guinea,PNG,1968,22.8915434782508
Papua New Guinea,PNG,1967,22.3407570838058
Papua New Guinea,PNG,1966,22.0102613364804
Papua New Guinea,PNG,1965,24.2082994220602
Papua New Guinea,PNG,1964,
Papua New Guinea,PNG,1963,0.00365325797623361
Papua New Guinea,PNG,1962,
Papua New Guinea,PNG,1961,0.00413168048915776
Papua New Guinea,PNG,1960,0.00438534431716222
Paraguay,PRY,2025,
Paraguay,PRY,2024,
Paraguay,PRY,2023,0.537689267584597
Paraguay,PRY,2022,0.241762448097808
Paraguay,PRY,2021,0.458365684287928
Paraguay,PRY,2020,0.893216786301447
Paraguay,PRY,2019,0.348549268089135
Paraguay,PRY,2018,0.423931256836223
Paraguay,PRY,2017,0.378988879372805
Paraguay,PRY,2016,0.254560742084982
Paraguay,PRY,2015,0.173059664269258
Paraguay,PRY,2014,0.160845542516362
Paraguay,PRY,2013,0.354375612807195
Paraguay,PRY,2012,0.329019945281536
Paraguay,PRY,2011,0.247580726290403
Paraguay,PRY,2010,0.437379149056229
Paraguay,PRY,2009,0.763577672555047
Paraguay,PRY,2008,0.591788110060493
Paraguay,PRY,2007,0.715596353322813
Paraguay,PRY,2006,0.56976176927479
Paraguay,PRY,2005,0.679445048442851
Paraguay,PRY,2004,0.414174230181173
Paraguay,PRY,2003,1.00104788887628
Paraguay,PRY,2002,1.00016979953169
Paraguay,PRY,2001,0.909680331996589
Paraguay,PRY,2000,1.03575354331234
Paraguay,PRY,1999,0.913914416572404
Paraguay,PRY,1998,0.71301883728493
Paraguay,PRY,1997,0.897375963995401
Paraguay,PRY,1996,0.773118972221741
Paraguay,PRY,1995,1.48553325228301
Paraguay,PRY,1994,1.2818963327184
Paraguay,PRY,1993,1.53526645384063
Paraguay,PRY,1992,1.1271997141619
Paraguay,PRY,1991,2.17559427666974
Paraguay,PRY,1990,1.0849844295791
Paraguay,PRY,1989,2.08898824097028
Paraguay,PRY,1988,1.64033464506412
Paraguay,PRY,1987,1.6359263092675
Paraguay,PRY,1986,1.51107436952294
Paraguay,PRY,1985,1.07035595322766
Paraguay,PRY,1984,0.932264287708394
Paraguay,PRY,1983,0.781109305411189
Paraguay,PRY,1982,1.31880674601597
Paraguay,PRY,1981,0.753918253080111
Paraguay,PRY,1980,0.659117433130915
Paraguay,PRY,1979,0.719261391136389
Paraguay,PRY,1978,1.17984687480455
Paraguay,PRY,1977,1.53563089962855
Paraguay,PRY,1976,1.31908061798002
Paraguay,PRY,1975,1.10182326059074
Paraguay,PRY,1974,1.65668051249172
Paraguay,PRY,1973,1.4985854010268
Paraguay,PRY,1972,1.96890651418104
Paraguay,PRY,1971,2.46687582586212
Paraguay,PRY,1970,2.26679217008847
Paraguay,PRY,1969,2.5818046237935
Paraguay,PRY,1968,2.07212534944482
Paraguay,PRY,1967,2.51452857575892
Paraguay,PRY,1966,2.01116826861158
Paraguay,PRY,1965,2.11981537203609
Paraguay,PRY,1964,2.14877862947771
Paraguay,PRY,1963,2.28952579292483
Paraguay,PRY,1962,0.887747816123778
Paraguay,PRY,1961,3.22347892755309
Paraguay,PRY,1960,3.56310080160117
Peru,PER,2025,
Peru,PER,2024,
Peru,PER,2023,0.232017560477485
Peru,PER,2022,0.362144553271403
Peru,PER,2021,0.145981440373941
Peru,PER,2020,0.249894242963778
Peru,PER,2019,0.208878560968195
Peru,PER,2018,0.213041827484999
Peru,PER,2017,-0.000624550660122771
Peru,PER,2016,0.174078603076771
Peru,PER,2015,0.182663691741555
Peru,PER,2014,0.171260154775149
Peru,PER,2013,0.190584745366052
Peru,PER,2012,0.213587603089216
Peru,PER,2011,0.37132530709018
Peru,PER,2010,-0.223576190305936
Peru,PER,2009,0.3909271305489
Peru,PER,2008,0.422820740855598
Peru,PER,2007,0.340843256568484
Peru,PER,2006,0.564412176860586
Peru,PER,2005,0.6524389020199
Peru,PER,2004,0.755701543226383
Peru,PER,2003,0.895335997031106
Peru,PER,2002,0.92851924064758
Peru,PER,2001,0.900886340255641
Peru,PER,2000,0.815797815518127
Peru,PER,1999,0.931260810135188
Peru,PER,1998,0.903157173743197
Peru,PER,1997,0.710786175185495
Peru,PER,1996,0.618633960541538
Peru,PER,1995,0.757497191380463
Peru,PER,1994,0.804641805175077
Peru,PER,1993,1.71452195113719
Peru,PER,1992,1.25032918222254
Peru,PER,1991,1.98747680203882
Peru,PER,1990,1.60143666674447
Peru,PER,1989,1.47737780313023
Peru,PER,1988,2.00299965704238
Peru,PER,1987,0.856370558246038
Peru,PER,1986,1.32957932506252
Peru,PER,1985,2.15537656222009
Peru,PER,1984,1.6217814475744
Peru,PER,1983,1.52673169038238
Peru,PER,1982,0.761576297338576
Peru,PER,1981,0.975668419773619
Peru,PER,1980,1.0749712430008
Peru,PER,1979,1.2652072053894
Peru,PER,1978,1.108627364867
Peru,PER,1977,0.622316171420009
Peru,PER,1976,0.477701301699726
Peru,PER,1975,0.39517327667186
Peru,PER,1974,0.508032815131454
Peru,PER,1973,0.755461353361938
Peru,PER,1972,0.417408995597681
Peru,PER,1971,0.479057390417366
Peru,PER,1970,0.611954997264072
Peru,PER,1969,0.541321984881278
Peru,PER,1968,0.609409696987224
Peru,PER,1967,0.743033360553763
Peru,PER,1966,0.740570056058143
Peru,PER,1965,1.11779143038207
Peru,PER,1964,0.483146869631956
Peru,PER,1963,0.274664157400012
Peru,PER,1962,0.234600606459376
Peru,PER,1961,-0.616113497729694
Peru,PER,1960,-0.401447909634358
Philippines,PHL,2025,
Philippines,PHL,2024,
Philippines,PHL,2023,0.379972081131584
Philippines,PHL,2022,0.376911574705654
Philippines,PHL,2021,0.400624903864076
Philippines,PHL,2020,0.374480808619051
Philippines,PHL,2019,0.213984189835818
Philippines,PHL,2018,0.142619411483806
Philippines,PHL,2017,0.044000334670258
Philippines,PHL,2016,0.0801241958930269
Philippines,PHL,2015,0.150804657152234
Philippines,PHL,2014,0.204192137960845
Philippines,PHL,2013,0.0605317245317116
Philippines,PHL,2012,-0.00115970652399813
Philippines,PHL,2011,-0.052359331526873
Philippines,PHL,2010,0.250013552984124
Philippines,PHL,2009,0.173047771705493
Philippines,PHL,2008,0.0336679479963655
Philippines,PHL,2007,0.374311443305809
Philippines,PHL,2006,0.426852734160443
Philippines,PHL,2005,0.498505248994011
Philippines,PHL,2004,0.447708125032911
Philippines,PHL,2003,0.761068920256009
Philippines,PHL,2002,0.599033941357658
Philippines,PHL,2001,0.639678868970299
Philippines,PHL,2000,0.603764832638585
Philippines,PHL,1999,0.682369370142643
Philippines,PHL,1998,0.69821490350814
Philippines,PHL,1997,0.638584022675156
Philippines,PHL,1996,0.879107210831263
Philippines,PHL,1995,0.986003620658379
Philippines,PHL,1994,1.34492590959601
Philippines,PHL,1993,2.20787528083082
Philippines,PHL,1992,2.68233862579598
Philippines,PHL,1991,1.84139386890758
Philippines,PHL,1990,2.29700864882386
Philippines,PHL,1989,1.64406350500431
Philippines,PHL,1988,1.85540672514481
Philippines,PHL,1987,1.9018066854653
Philippines,PHL,1986,2.72180352597561
Philippines,PHL,1985,1.3523463653227
Philippines,PHL,1984,1.09799432842037
Philippines,PHL,1983,1.12568557561483
Philippines,PHL,1982,0.788202501263762
Philippines,PHL,1981,0.930717449655498
Philippines,PHL,1980,0.800706829461042
Philippines,PHL,1979,0.859711088267766
Philippines,PHL,1978,0.965846505862174
Philippines,PHL,1977,0.8085950022329
Philippines,PHL,1976,0.956097582740812
Philippines,PHL,1975,1.05256619473617
Philippines,PHL,1974,0.984435079917799
Philippines,PHL,1973,1.95973613654927
Philippines,PHL,1972,1.82269910080407
Philippines,PHL,1971,0.862000766131797
Philippines,PHL,1970,0.618787730847521
Philippines,PHL,1969,0.8490324305519
Philippines,PHL,1968,0.764030173169715
Philippines,PHL,1967,1.12275101185408
Philippines,PHL,1966,0.635133961276067
Philippines,PHL,1965,1.42453148840061
Philippines,PHL,1964,1.23363150802288
Philippines,PHL,1963,0.400102573925281
Philippines,PHL,1962,0.617602040476628
Philippines,PHL,1961,0.23402366486081
Philippines,PHL,1960,0.697074906630681
Poland,POL,2025,
Poland,POL,2024,
Poland,POL,2023,
Poland,POL,2022,
Poland,POL,2021,
Poland,POL,2020,
Poland,POL,2019,
Poland,POL,2018,
Poland,POL,2017,
Poland,POL,2016,
Poland,POL,2015,
Poland,POL,2014,
Poland,POL,2013,
Poland,POL,2012,
Poland,POL,2011,
Poland,POL,2010,
Poland,POL,2009,
Poland,POL,2008,
Poland,POL,2007,
Poland,POL,2006,
Poland,POL,2005,
Poland,POL,2004,
Poland,POL,2003,
Poland,POL,2002,
Poland,POL,2001,
Poland,POL,2000,
Poland,POL,1999,
Poland,POL,1998,
Poland,POL,1997,
Poland,POL,1996,
Poland,POL,1995,
Poland,POL,1994,
Poland,POL,1993,
Poland,POL,1992,
Poland,POL,1991,
Poland,POL,1990,
Poland,POL,1989,
Poland,POL,1988,
Poland,POL,1987,
Poland,POL,1986,
Poland,POL,1985,
Poland,POL,1984,
Poland,POL,1983,
Poland,POL,1982,
Poland,POL,1981,
Poland,POL,1980,
Poland,POL,1979,
Poland,POL,1978,
Poland,POL,1977,
Poland,POL,1976,
Poland,POL,1975,
Poland,POL,1974,
Poland,POL,1973,
Poland,POL,1972,
Poland,POL,1971,
Poland,POL,1970,
Poland,POL,1969,
Poland,POL,1968,
Poland,POL,1967,
Poland,POL,1966,
Poland,POL,1965,
Poland,POL,1964,
Poland,POL,1963,
Poland,POL,1962,
Poland,POL,1961,
Poland,POL,1960,
Portugal,PRT,2025,
Portugal,PRT,2024,
Portugal,PRT,2023,
Portugal,PRT,2022,
Portugal,PRT,2021,
Portugal,PRT,2020,
Portugal,PRT,2019,
Portugal,PRT,2018,
Portugal,PRT,2017,
Portugal,PRT,2016,
Portugal,PRT,2015,
Portugal,PRT,2014,
Portugal,PRT,2013,
Portugal,PRT,2012,
Portugal,PRT,2011,
Portugal,PRT,2010,
Portugal,PRT,2009,
Portugal,PRT,2008,
Portugal,PRT,2007,
Portugal,PRT,2006,
Portugal,PRT,2005,
Portugal,PRT,2004,
Portugal,PRT,2003,
Portugal,PRT,2002,
Portugal,PRT,2001,
Portugal,PRT,2000,
Portugal,PRT,1999,
Portugal,PRT,1998,
Portugal,PRT,1997,
Portugal,PRT,1996,
Portugal,PRT,1995,
Portugal,PRT,1994,
Portugal,PRT,1993,
Portugal,PRT,1992,
Portugal,PRT,1991,
Portugal,PRT,1990,
Portugal,PRT,1989,
Portugal,PRT,1988,
Portugal,PRT,1987,
Portugal,PRT,1986,
Portugal,PRT,1985,
Portugal,PRT,1984,
Portugal,PRT,1983,
Portugal,PRT,1982,
Portugal,PRT,1981,
Portugal,PRT,1980,
Portugal,PRT,1979,
Portugal,PRT,1978,
Portugal,PRT,1977,
Portugal,PRT,1976,
Portugal,PRT,1975,
Portugal,PRT,1974,
Portugal,PRT,1973,
Portugal,PRT,1972,
Portugal,PRT,1971,
Portugal,PRT,1970,
Portugal,PRT,1969,
Portugal,PRT,1968,
Portugal,PRT,1967,
Portugal,PRT,1966,
Portugal,PRT,1965,
Portugal,PRT,1964,
Portugal,PRT,1963,
Portugal,PRT,1962,
Portugal,PRT,1961,
Portugal,PRT,1960,
Puerto Rico (US),PRI,2025,
Puerto Rico (US),PRI,2024,
Puerto Rico (US),PRI,2023,
Puerto Rico (US),PRI,2022,
Puerto Rico (US),PRI,2021,
Puerto Rico (US),PRI,2020,
Puerto Rico (US),PRI,2019,
Puerto Rico (US),PRI,2018,
Puerto Rico (US),PRI,2017,
Puerto Rico (US),PRI,2016,
Puerto Rico (US),PRI,2015,
Puerto Rico (US),PRI,2014,
Puerto Rico (US),PRI,2013,
Puerto Rico (US),PRI,2012,
Puerto Rico (US),PRI,2011,
Puerto Rico (US),PRI,2010,
Puerto Rico (US),PRI,2009,
Puerto Rico (US),PRI,2008,
Puerto Rico (US),PRI,2007,
Puerto Rico (US),PRI,2006,
Puerto Rico (US),PRI,2005,
Puerto Rico (US),PRI,2004,
Puerto Rico (US),PRI,2003,
Puerto Rico (US),PRI,2002,
Puerto Rico (US),PRI,2001,
Puerto Rico (US),PRI,2000,
Puerto Rico (US),PRI,1999,
Puerto Rico (US),PRI,1998,
Puerto Rico (US),PRI,1997,
Puerto Rico (US),PRI,1996,
Puerto Rico (US),PRI,1995,
Puerto Rico (US),PRI,1994,
Puerto Rico (US),PRI,1993,
Puerto Rico (US),PRI,1992,
Puerto Rico (US),PRI,1991,
Puerto Rico (US),PRI,1990,
Puerto Rico (US),PRI,1989,
Puerto Rico (US),PRI,1988,
Puerto Rico (US),PRI,1987,
Puerto Rico (US),PRI,1986,
Puerto Rico (US),PRI,1985,
Puerto Rico (US),PRI,1984,
Puerto Rico (US),PRI,1983,
Puerto Rico (US),PRI,1982,
Puerto Rico (US),PRI,1981,
Puerto Rico (US),PRI,1980,
Puerto Rico (US),PRI,1979,
Puerto Rico (US),PRI,1978,
Puerto Rico (US),PRI,1977,
Puerto Rico (US),PRI,1976,
Puerto Rico (US),PRI,1975,
Puerto Rico (US),PRI,1974,
Puerto Rico (US),PRI,1973,
Puerto Rico (US),PRI,1972,
Puerto Rico (US),PRI,1971,
Puerto Rico (US),PRI,1970,
Puerto Rico (US),PRI,1969,
Puerto Rico (US),PRI,1968,
Puerto Rico (US),PRI,1967,
Puerto Rico (US),PRI,1966,
Puerto Rico (US),PRI,1965,
Puerto Rico (US),PRI,1964,
Puerto Rico (US),PRI,1963,
Puerto Rico (US),PRI,1962,
Puerto Rico (US),PRI,1961,
Puerto Rico (US),PRI,1960,
Qatar,QAT,2025,
Qatar,QAT,2024,
Qatar,QAT,2023,
Qatar,QAT,2022,
Qatar,QAT,2021,
Qatar,QAT,2020,
Qatar,QAT,2019,
Qatar,QAT,2018,
Qatar,QAT,2017,
Qatar,QAT,2016,
Qatar,QAT,2015,
Qatar,QAT,2014,
Qatar,QAT,2013,
Qatar,QAT,2012,
Qatar,QAT,2011,
Qatar,QAT,2010,
Qatar,QAT,2009,
Qatar,QAT,2008,
Qatar,QAT,2007,
Qatar,QAT,2006,
Qatar,QAT,2005,
Qatar,QAT,2004,
Qatar,QAT,2003,
Qatar,QAT,2002,
Qatar,QAT,2001,
Qatar,QAT,2000,
Qatar,QAT,1999,
Qatar,QAT,1998,
Qatar,QAT,1997,
Qatar,QAT,1996,
Qatar,QAT,1995,0.0446566082777767
Qatar,QAT,1994,0.0424280737916795
Qatar,QAT,1993,0.0511872877830571
Qatar,QAT,1992,0.0371078454295515
Qatar,QAT,1991,0.0406577730890323
Qatar,QAT,1990,0.0391746744832413
Qatar,QAT,1989,0.0746346037658258
Qatar,QAT,1988,0.0288681054819186
Qatar,QAT,1987,0.0477637104637073
Qatar,QAT,1986,0.0413956612750883
Qatar,QAT,1985,0.027671558612709
Qatar,QAT,1984,0.0188036983415503
Qatar,QAT,1983,0.0151589655843127
Qatar,QAT,1982,0.0105590166840678
Qatar,QAT,1981,0.00924288429084826
Qatar,QAT,1980,0.00645148964492273
Qatar,QAT,1979,0.00329007141532808
Qatar,QAT,1978,0.00385044206142178
Qatar,QAT,1977,0.0265028232043283
Qatar,QAT,1976,0.0417587214687102
Qatar,QAT,1975,0.0320450214016696
Qatar,QAT,1974,0.0216161173190392
Qatar,QAT,1973,0.0435326176896207
Qatar,QAT,1972,0.0447092565275857
Qatar,QAT,1971,0.0281127542823741
Qatar,QAT,1970,0.0208489487458986
Qatar,QAT,1969,
Qatar,QAT,1968,
Qatar,QAT,1967,
Qatar,QAT,1966,
Qatar,QAT,1965,
Qatar,QAT,1964,
Qatar,QAT,1963,
Qatar,QAT,1962,
Qatar,QAT,1961,
Qatar,QAT,1960,
Romania,ROU,2025,
Romania,ROU,2024,
Romania,ROU,2023,
Romania,ROU,2022,
Romania,ROU,2021,
Romania,ROU,2020,
Romania,ROU,2019,
Romania,ROU,2018,
Romania,ROU,2017,
Romania,ROU,2016,
Romania,ROU,2015,
Romania,ROU,2014,
Romania,ROU,2013,
Romania,ROU,2012,
Romania,ROU,2011,
Romania,ROU,2010,
Romania,ROU,2009,
Romania,ROU,2008,
Romania,ROU,2007,
Romania,ROU,2006,
Romania,ROU,2005,
Romania,ROU,2004,
Romania,ROU,2003,
Romania,ROU,2002,
Romania,ROU,2001,
Romania,ROU,2000,
Romania,ROU,1999,
Romania,ROU,1998,
Romania,ROU,1997,
Romania,ROU,1996,
Romania,ROU,1995,
Romania,ROU,1994,
Romania,ROU,1993,
Romania,ROU,1992,
Romania,ROU,1991,
Romania,ROU,1990,
Romania,ROU,1989,
Romania,ROU,1988,
Romania,ROU,1987,
Romania,ROU,1986,
Romania,ROU,1985,
Romania,ROU,1984,
Romania,ROU,1983,
Romania,ROU,1982,
Romania,ROU,1981,
Romania,ROU,1980,
Romania,ROU,1979,
Romania,ROU,1978,
Romania,ROU,1977,
Romania,ROU,1976,
Romania,ROU,1975,
Romania,ROU,1974,
Romania,ROU,1973,
Romania,ROU,1972,
Romania,ROU,1971,
Romania,ROU,1970,
Romania,ROU,1969,
Romania,ROU,1968,
Romania,ROU,1967,
Romania,ROU,1966,
Romania,ROU,1965,
Romania,ROU,1964,
Romania,ROU,1963,
Romania,ROU,1962,
Romania,ROU,1961,
Romania,ROU,1960,
Russian Federation,RUS,2025,
Russian Federation,RUS,2024,
Russian Federation,RUS,2023,
Russian Federation,RUS,2022,
Russian Federation,RUS,2021,
Russian Federation,RUS,2020,
Russian Federation,RUS,2019,
Russian Federation,RUS,2018,
Russian Federation,RUS,2017,
Russian Federation,RUS,2016,
Russian Federation,RUS,2015,
Russian Federation,RUS,2014,
Russian Federation,RUS,2013,
Russian Federation,RUS,2012,
Russian Federation,RUS,2011,
Russian Federation,RUS,2010,
Russian Federation,RUS,2009,
Russian Federation,RUS,2008,
Russian Federation,RUS,2007,
Russian Federation,RUS,2006,
Russian Federation,RUS,2005,
Russian Federation,RUS,2004,
Russian Federation,RUS,2003,
Russian Federation,RUS,2002,
Russian Federation,RUS,2001,
Russian Federation,RUS,2000,
Russian Federation,RUS,1999,
Russian Federation,RUS,1998,
Russian Federation,RUS,1997,
Russian Federation,RUS,1996,
Russian Federation,RUS,1995,
Russian Federation,RUS,1994,
Russian Federation,RUS,1993,
Russian Federation,RUS,1992,
Russian Federation,RUS,1991,
Russian Federation,RUS,1990,
Russian Federation,RUS,1989,
Russian Federation,RUS,1988,
Russian Federation,RUS,1987,
Russian Federation,RUS,1986,
Russian Federation,RUS,1985,
Russian Federation,RUS,1984,
Russian Federation,RUS,1983,
Russian Federation,RUS,1982,
Russian Federation,RUS,1981,
Russian Federation,RUS,1980,
Russian Federation,RUS,1979,
Russian Federation,RUS,1978,
Russian Federation,RUS,1977,
Russian Federation,RUS,1976,
Russian Federation,RUS,1975,
Russian Federation,RUS,1974,
Russian Federation,RUS,1973,
Russian Federation,RUS,1972,
Russian Federation,RUS,1971,
Russian Federation,RUS,1970,
Russian Federation,RUS,1969,
Russian Federation,RUS,1968,
Russian Federation,RUS,1967,
Russian Federation,RUS,1966,
Russian Federation,RUS,1965,
Russian Federation,RUS,1964,
Russian Federation,RUS,1963,
Russian Federation,RUS,1962,
Russian Federation,RUS,1961,
Russian Federation,RUS,1960,
Rwanda,RWA,2025,
Rwanda,RWA,2024,
Rwanda,RWA,2023,9.87315886161806
Rwanda,RWA,2022,8.24999812228402
Rwanda,RWA,2021,12.2687852965587
Rwanda,RWA,2020,16.3657553621239
Rwanda,RWA,2019,11.6893206931095
Rwanda,RWA,2018,12.0525049304216
Rwanda,RWA,2017,13.7403367402177
Rwanda,RWA,2016,13.603943013175
Rwanda,RWA,2015,12.9944833196144
Rwanda,RWA,2014,12.8573097920086
Rwanda,RWA,2013,14.129343625789
Rwanda,RWA,2012,11.6343886639645
Rwanda,RWA,2011,18.5012764756534
Rwanda,RWA,2010,14.5308539312957
Rwanda,RWA,2009,16.5715017101494
Rwanda,RWA,2008,18.1902426172126
Rwanda,RWA,2007,19.2445559086788
Rwanda,RWA,2006,18.3990252437094
Rwanda,RWA,2005,19.703413460261
Rwanda,RWA,2004,20.9618348860986
Rwanda,RWA,2003,15.939892976535
Rwanda,RWA,2002,18.4693695912392
Rwanda,RWA,2001,15.6709238695669
Rwanda,RWA,2000,15.6546084157651
Rwanda,RWA,1999,17.3899066292617
Rwanda,RWA,1998,17.7724204353954
Rwanda,RWA,1997,12.5187791471306
Rwanda,RWA,1996,34.004275839624
Rwanda,RWA,1995,53.4806219325175
Rwanda,RWA,1994,94.9460335773766
Rwanda,RWA,1993,18.0905460423585
Rwanda,RWA,1992,17.2842675614782
Rwanda,RWA,1991,18.8971670122157
Rwanda,RWA,1990,11.3432679674503
Rwanda,RWA,1989,9.42031127789183
Rwanda,RWA,1988,10.2830207355207
Rwanda,RWA,1987,11.1506985122294
Rwanda,RWA,1986,10.6013186036498
Rwanda,RWA,1985,10.347242688979
Rwanda,RWA,1984,10.2473230409824
Rwanda,RWA,1983,10.023503027391
Rwanda,RWA,1982,10.5942874282014
Rwanda,RWA,1981,10.825218612345
Rwanda,RWA,1980,12.2643667291486
Rwanda,RWA,1979,13.3024696253243
Rwanda,RWA,1978,13.7878679572675
Rwanda,RWA,1977,12.7825782904734
Rwanda,RWA,1976,12.4192910197425
Rwanda,RWA,1975,15.893884125281
Rwanda,RWA,1974,15.2155491902506
Rwanda,RWA,1973,13.4732646335007
Rwanda,RWA,1972,12.2040330802622
Rwanda,RWA,1971,11.2714736271968
Rwanda,RWA,1970,9.88181780827688
Rwanda,RWA,1969,9.35346908200675
Rwanda,RWA,1968,9.33797807367599
Rwanda,RWA,1967,8.41689570702844
Rwanda,RWA,1966,9.5642904028218
Rwanda,RWA,1965,5.4905921871051
Rwanda,RWA,1964,5.56923085020924
Rwanda,RWA,1963,5.24999983608723
Rwanda,RWA,1962,8.84799976942137
Rwanda,RWA,1961,5.88524498909789
Rwanda,RWA,1960,6.32772999256567
Samoa,WSM,2025,
Samoa,WSM,2024,
Samoa,WSM,2023,11.3409860690099
Samoa,WSM,2022,14.7401483592578
Samoa,WSM,2021,10.1604897946221
Samoa,WSM,2020,19.9605868389914
Samoa,WSM,2019,14.2371529669697
Samoa,WSM,2018,15.083196438941
Samoa,WSM,2017,15.8597256071144
Samoa,WSM,2016,10.7408203595479
Samoa,WSM,2015,11.6017151369859
Samoa,WSM,2014,12.2561655203972
Samoa,WSM,2013,14.6717734560995
Samoa,WSM,2012,15.7158815008836
Samoa,WSM,2011,12.3986870914422
Samoa,WSM,2010,15.3333363733388
Samoa,WSM,2009,11.3299759132541
Samoa,WSM,2008,6.74414136009505
Samoa,WSM,2007,7.28553282093282
Samoa,WSM,2006,10.3785092600733
Samoa,WSM,2005,9.78060321500747
Samoa,WSM,2004,8.00780424619942
Samoa,WSM,2003,10.7640203735322
Samoa,WSM,2002,14.522722595377
Samoa,WSM,2001,16.3933543266333
Samoa,WSM,2000,11.820485106309
Samoa,WSM,1999,10.4816090842454
Samoa,WSM,1998,13.3898041326316
Samoa,WSM,1997,10.8605745134182
Samoa,WSM,1996,14.3128831270717
Samoa,WSM,1995,19.5845312724397
Samoa,WSM,1994,22.5196219512097
Samoa,WSM,1993,27.8385676946905
Samoa,WSM,1992,26.746457065831
Samoa,WSM,1991,25.2467369651102
Samoa,WSM,1990,21.0934881525615
Samoa,WSM,1989,17.1407555493361
Samoa,WSM,1988,17.5157416706368
Samoa,WSM,1987,28.5327540682662
Samoa,WSM,1986,21.3928615550186
Samoa,WSM,1985,18.2416487186288
Samoa,WSM,1984,15.1699081406598
Samoa,WSM,1983,19.6101775133473
Samoa,WSM,1982,16.8898663213874
Samoa,WSM,1981,17.4850534891558
Samoa,WSM,1980,16.0002557543437
Samoa,WSM,1979,20.4155582649591
Samoa,WSM,1978,13.8404533746146
Samoa,WSM,1977,16.8891457111612
Samoa,WSM,1976,11.205315083
Samoa,WSM,1975,11.8211728012905
Samoa,WSM,1974,5.42951122503206
Samoa,WSM,1973,3.48186442722757
Samoa,WSM,1972,3.57572210322189
Samoa,WSM,1971,1.89461244743149
Samoa,WSM,1970,1.95396300794889
Samoa,WSM,1969,
Samoa,WSM,1968,
Samoa,WSM,1967,
Samoa,WSM,1966,
Samoa,WSM,1965,
Samoa,WSM,1964,
Samoa,WSM,1963,
Samoa,WSM,1962,
Samoa,WSM,1961,
Samoa,WSM,1960,
San Marino,SMR,2025,
San Marino,SMR,2024,
San Marino,SMR,2023,
San Marino,SMR,2022,
San Marino,SMR,2021,
San Marino,SMR,2020,
San Marino,SMR,2019,
San Marino,SMR,2018,
San Marino,SMR,2017,
San Marino,SMR,2016,
San Marino,SMR,2015,
San Marino,SMR,2014,
San Marino,SMR,2013,
San Marino,SMR,2012,
San Marino,SMR,2011,
San Marino,SMR,2010,
San Marino,SMR,2009,
San Marino,SMR,2008,
San Marino,SMR,2007,
San Marino,SMR,2006,
San Marino,SMR,2005,
San Marino,SMR,2004,
San Marino,SMR,2003,
San Marino,SMR,2002,
San Marino,SMR,2001,
San Marino,SMR,2000,
San Marino,SMR,1999,
San Marino,SMR,1998,
San Marino,SMR,1997,
San Marino,SMR,1996,
San Marino,SMR,1995,
San Marino,SMR,1994,
San Marino,SMR,1993,
San Marino,SMR,1992,
San Marino,SMR,1991,
San Marino,SMR,1990,
San Marino,SMR,1989,
San Marino,SMR,1988,
San Marino,SMR,1987,
San Marino,SMR,1986,
San Marino,SMR,1985,
San Marino,SMR,1984,
San Marino,SMR,1983,
San Marino,SMR,1982,
San Marino,SMR,1981,
San Marino,SMR,1980,
San Marino,SMR,1979,
San Marino,SMR,1978,
San Marino,SMR,1977,
San Marino,SMR,1976,
San Marino,SMR,1975,
San Marino,SMR,1974,
San Marino,SMR,1973,
San Marino,SMR,1972,
San Marino,SMR,1971,
San Marino,SMR,1970,
San Marino,SMR,1969,
San Marino,SMR,1968,
San Marino,SMR,1967,
San Marino,SMR,1966,
San Marino,SMR,1965,
San Marino,SMR,1964,
San Marino,SMR,1963,
San Marino,SMR,1962,
San Marino,SMR,1961,
San Marino,SMR,1960,
Sao Tome and Principe,STP,2025,
Sao Tome and Principe,STP,2024,
Sao Tome and Principe,STP,2023,12.4551768206314
Sao Tome and Principe,STP,2022,10.0067928899678
Sao Tome and Principe,STP,2021,13.8454686632253
Sao Tome and Principe,STP,2020,19.562147795527
Sao Tome and Principe,STP,2019,12.5636724100504
Sao Tome and Principe,STP,2018,13.5337042493925
Sao Tome and Principe,STP,2017,12.5127348678618
Sao Tome and Principe,STP,2016,15.9382629048394
Sao Tome and Principe,STP,2015,18.6093632341087
Sao Tome and Principe,STP,2014,13.7351886070519
Sao Tome and Principe,STP,2013,19.8991801407116
Sao Tome and Principe,STP,2012,22.5429455460465
Sao Tome and Principe,STP,2011,32.5089256932977
Sao Tome and Principe,STP,2010,24.850763705574
Sao Tome and Principe,STP,2009,15.2032378903829
Sao Tome and Principe,STP,2008,25.16183610518
Sao Tome and Principe,STP,2007,33.2466389611615
Sao Tome and Principe,STP,2006,15.8176750602604
Sao Tome and Principe,STP,2005,24.4883635787615
Sao Tome and Principe,STP,2004,30.2123939618452
Sao Tome and Principe,STP,2003,38.015235689194
Sao Tome and Principe,STP,2002,31.8847298926787
Sao Tome and Principe,STP,2001,52.4449075505134
Sao Tome and Principe,STP,2000,49.9622748945609
Sao Tome and Principe,STP,1999,39.3326263898814
Sao Tome and Principe,STP,1998,43.9520362186317
Sao Tome and Principe,STP,1997,40.6156661984592
Sao Tome and Principe,STP,1996,38.9111786709318
Sao Tome and Principe,STP,1995,91.583318824467
Sao Tome and Principe,STP,1994,42.44484828577
Sao Tome and Principe,STP,1993,41.4975074838614
Sao Tome and Principe,STP,1992,66.4309077416344
Sao Tome and Principe,STP,1991,52.9978101399128
Sao Tome and Principe,STP,1990,49.52747942577
Sao Tome and Principe,STP,1989,48.3327693831872
Sao Tome and Principe,STP,1988,26.5545977608296
Sao Tome and Principe,STP,1987,15.6500142359563
Sao Tome and Principe,STP,1986,11.8330294818329
Sao Tome and Principe,STP,1985,14.7583065883176
Sao Tome and Principe,STP,1984,14.4519087908728
Sao Tome and Principe,STP,1983,15.6163903746271
Sao Tome and Principe,STP,1982,12.3197957827378
Sao Tome and Principe,STP,1981,6.99805171618342
Sao Tome and Principe,STP,1980,4.46049432322838
Sao Tome and Principe,STP,1979,4.27787467821187
Sao Tome and Principe,STP,1978,6.89460594958054
Sao Tome and Principe,STP,1977,5.89089665736176
Sao Tome and Principe,STP,1976,21.3468762002986
Sao Tome and Principe,STP,1975,1.33270367922879
Sao Tome and Principe,STP,1974,
Sao Tome and Principe,STP,1973,
Sao Tome and Principe,STP,1972,
Sao Tome and Principe,STP,1971,
Sao Tome and Principe,STP,1970,
Sao Tome and Principe,STP,1969,
Sao Tome and Principe,STP,1968,
Sao Tome and Principe,STP,1967,
Sao Tome and Principe,STP,1966,
Sao Tome and Principe,STP,1965,
Sao Tome and Principe,STP,1964,
Sao Tome and Principe,STP,1963,
Sao Tome and Principe,STP,1962,
Sao Tome and Principe,STP,1961,
Sao Tome and Principe,STP,1960,
Saudi Arabia,SAU,2025,
Saudi Arabia,SAU,2024,
Saudi Arabia,SAU,2023,
Saudi Arabia,SAU,2022,
Saudi Arabia,SAU,2021,
Saudi Arabia,SAU,2020,
Saudi Arabia,SAU,2019,
Saudi Arabia,SAU,2018,
Saudi Arabia,SAU,2017,
Saudi Arabia,SAU,2016,
Saudi Arabia,SAU,2015,
Saudi Arabia,SAU,2014,
Saudi Arabia,SAU,2013,
Saudi Arabia,SAU,2012,
Saudi Arabia,SAU,2011,
Saudi Arabia,SAU,2010,
Saudi Arabia,SAU,2009,
Saudi Arabia,SAU,2008,
Saudi Arabia,SAU,2007,-0.0310326909499246
Saudi Arabia,SAU,2006,0.00638239074487854
Saudi Arabia,SAU,2005,0.00763473819902853
Saudi Arabia,SAU,2004,0.00780804182453193
Saudi Arabia,SAU,2003,0.0064286886229707
Saudi Arabia,SAU,2002,0.0088597739071567
Saudi Arabia,SAU,2001,0.00713982141006695
Saudi Arabia,SAU,2000,0.0115582349187517
Saudi Arabia,SAU,1999,0.0134537894325799
Saudi Arabia,SAU,1998,0.0110940019851428
Saudi Arabia,SAU,1997,0.00081778650965445
Saudi Arabia,SAU,1996,0.00873944226824132
Saudi Arabia,SAU,1995,0.0116253134173741
Saudi Arabia,SAU,1994,0.0122358830642885
Saudi Arabia,SAU,1993,0.0212381436001258
Saudi Arabia,SAU,1992,0.0349491805297269
Saudi Arabia,SAU,1991,0.00992160660904554
Saudi Arabia,SAU,1990,0.0116711555847745
Saudi Arabia,SAU,1989,0.012991639256804
Saudi Arabia,SAU,1988,0.0190929282815971
Saudi Arabia,SAU,1987,0.0223112881417971
Saudi Arabia,SAU,1986,0.0309275055016095
Saudi Arabia,SAU,1985,0.0239873326477642
Saudi Arabia,SAU,1984,0.0270284361488344
Saudi Arabia,SAU,1983,0.0298345003769681
Saudi Arabia,SAU,1982,0.0287665315808044
Saudi Arabia,SAU,1981,0.0137033276683681
Saudi Arabia,SAU,1980,0.00777266255341437
Saudi Arabia,SAU,1979,0.00935411043622628
Saudi Arabia,SAU,1978,0.00768224501258768
Saudi Arabia,SAU,1977,0.00902855848626377
Saudi Arabia,SAU,1976,0.00279834323461561
Saudi Arabia,SAU,1975,0.00643163940166731
Saudi Arabia,SAU,1974,0.00816971149107531
Saudi Arabia,SAU,1973,0.0208321077957294
Saudi Arabia,SAU,1972,0.0232079527671745
Saudi Arabia,SAU,1971,0.0279630738416025
Saudi Arabia,SAU,1970,0.0334640497435999
Saudi Arabia,SAU,1969,0.0356697461588361
Saudi Arabia,SAU,1968,0.0141132197362577
Saudi Arabia,SAU,1967,0.0159435105050883
Saudi Arabia,SAU,1966,0.0123817708979512
Saudi Arabia,SAU,1965,0.0156794427099676
Saudi Arabia,SAU,1964,-0.0214402722853206
Saudi Arabia,SAU,1963,-0.141873838668894
Saudi Arabia,SAU,1962,-0.59549217651093
Saudi Arabia,SAU,1961,-0.0121863054555106
Saudi Arabia,SAU,1960,0.567178745058067
Senegal,SEN,2025,
Senegal,SEN,2024,
Senegal,SEN,2023,6.26906188460355
Senegal,SEN,2022,5.40838198917863
Senegal,SEN,2021,5.18564785310953
Senegal,SEN,2020,6.68794664424335
Senegal,SEN,2019,6.31431354538936
Senegal,SEN,2018,4.43710618022309
Senegal,SEN,2017,4.44961003802017
Senegal,SEN,2016,3.94331569043849
Senegal,SEN,2015,5.02181321929272
Senegal,SEN,2014,5.71223069918126
Senegal,SEN,2013,5.34756785797974
Senegal,SEN,2012,6.19698829885968
Senegal,SEN,2011,6.01514400431621
Senegal,SEN,2010,5.01027078480879
Senegal,SEN,2009,6.37222450102293
Senegal,SEN,2008,6.3419844122279
Senegal,SEN,2007,6.21631625153486
Senegal,SEN,2006,7.47232187462414
Senegal,SEN,2005,6.42298242353957
Senegal,SEN,2004,10.6778181799585
Senegal,SEN,2003,5.28309247802644
Senegal,SEN,2002,6.44943497498196
Senegal,SEN,2001,6.58767445130116
Senegal,SEN,2000,7.29684857386934
Senegal,SEN,1999,8.24583913541378
Senegal,SEN,1998,7.78460636095612
Senegal,SEN,1997,7.11175709739381
Senegal,SEN,1996,8.84689341952766
Senegal,SEN,1995,10.5702383464846
Senegal,SEN,1994,12.9891219180185
Senegal,SEN,1993,6.87094457058124
Senegal,SEN,1992,8.67305268112924
Senegal,SEN,1991,8.88799737692346
Senegal,SEN,1990,11.2831624467994
Senegal,SEN,1989,11.5362920457388
Senegal,SEN,1988,9.67304684907379
Senegal,SEN,1987,10.5616888456424
Senegal,SEN,1986,11.10063890584
Senegal,SEN,1985,7.86815133130002
Senegal,SEN,1984,10.7751397461317
Senegal,SEN,1983,9.41655295944972
Senegal,SEN,1982,7.30104384851561
Senegal,SEN,1981,9.90469679739972
Senegal,SEN,1980,5.92058199065053
Senegal,SEN,1979,7.58561058686922
Senegal,SEN,1978,6.63169657956225
Senegal,SEN,1977,4.15056026795446
Senegal,SEN,1976,4.20292100672946
Senegal,SEN,1975,5.06049774137783
Senegal,SEN,1974,6.74152058261062
Senegal,SEN,1973,4.30219139173717
Senegal,SEN,1972,3.01439318625407
Senegal,SEN,1971,4.02389809209063
Senegal,SEN,1970,3.31478205070155
Senegal,SEN,1969,4.4734362329439
Senegal,SEN,1968,3.79854206204195
Senegal,SEN,1967,
Senegal,SEN,1966,
Senegal,SEN,1965,
Senegal,SEN,1964,
Senegal,SEN,1963,
Senegal,SEN,1962,
Senegal,SEN,1961,
Senegal,SEN,1960,
Serbia,SRB,2025,
Serbia,SRB,2024,
Serbia,SRB,2023,0.749898051489786
Serbia,SRB,2022,0.803437270419767
Serbia,SRB,2021,0.83842238985912
Serbia,SRB,2020,0.902053707675581
Serbia,SRB,2019,1.10615195790582
Serbia,SRB,2018,2.13124600902687
Serbia,SRB,2017,3.91559935517745
Serbia,SRB,2016,1.58414154827877
Serbia,SRB,2015,0.791939226797719
Serbia,SRB,2014,0.775456189654093
Serbia,SRB,2013,1.60646086735246
Serbia,SRB,2012,2.48986594723987
Serbia,SRB,2011,2.79482019956138
Serbia,SRB,2010,1.48909886680453
Serbia,SRB,2009,1.34621138715555
Serbia,SRB,2008,1.84905127577715
Serbia,SRB,2007,1.9347654520276
Serbia,SRB,2006,4.80345132455947
Serbia,SRB,2005,3.81450550377035
Serbia,SRB,2004,4.35496850728415
Serbia,SRB,2003,5.58652325516939
Serbia,SRB,2002,11.6713436580761
Serbia,SRB,2001,9.58574397184678
Serbia,SRB,2000,15.4824966705202
Serbia,SRB,1999,3.38569156562399
Serbia,SRB,1998,0.515004188609869
Serbia,SRB,1997,0.358190168504144
Serbia,SRB,1996,
Serbia,SRB,1995,
Serbia,SRB,1994,
Serbia,SRB,1993,
Serbia,SRB,1992,
Serbia,SRB,1991,
Serbia,SRB,1990,
Serbia,SRB,1989,
Serbia,SRB,1988,
Serbia,SRB,1987,
Serbia,SRB,1986,
Serbia,SRB,1985,
Serbia,SRB,1984,
Serbia,SRB,1983,
Serbia,SRB,1982,
Serbia,SRB,1981,
Serbia,SRB,1980,
Serbia,SRB,1979,
Serbia,SRB,1978,
Serbia,SRB,1977,
Serbia,SRB,1976,
Serbia,SRB,1975,
Serbia,SRB,1974,
Serbia,SRB,1973,
Serbia,SRB,1972,
Serbia,SRB,1971,
Serbia,SRB,1970,
Serbia,SRB,1969,
Serbia,SRB,1968,
Serbia,SRB,1967,
Serbia,SRB,1966,
Serbia,SRB,1965,
Serbia,SRB,1964,
Serbia,SRB,1963,
Serbia,SRB,1962,
Serbia,SRB,1961,
Serbia,SRB,1960,
Seychelles,SYC,2025,
Seychelles,SYC,2024,
Seychelles,SYC,2023,
Seychelles,SYC,2022,
Seychelles,SYC,2021,
Seychelles,SYC,2020,
Seychelles,SYC,2019,
Seychelles,SYC,2018,
Seychelles,SYC,2017,1.03692016576786
Seychelles,SYC,2016,0.397340299992192
Seychelles,SYC,2015,0.502683940305945
Seychelles,SYC,2014,0.923416193399686
Seychelles,SYC,2013,2.19212480230455
Seychelles,SYC,2012,3.19879230817889
Seychelles,SYC,2011,2.30596655759479
Seychelles,SYC,2010,3.83082249245554
Seychelles,SYC,2009,2.91046012139611
Seychelles,SYC,2008,0.831349884463947
Seychelles,SYC,2007,0.604346896449528
Seychelles,SYC,2006,1.25542857003324
Seychelles,SYC,2005,1.74100086698992
Seychelles,SYC,2004,1.17762866173969
Seychelles,SYC,2003,1.32621623063396
Seychelles,SYC,2002,8.59369474038363
Seychelles,SYC,2001,2.0806293454055
Seychelles,SYC,2000,3.7905305374671
Seychelles,SYC,1999,2.08712422546176
Seychelles,SYC,1998,3.88702632181545
Seychelles,SYC,1997,2.93081511495051
Seychelles,SYC,1996,3.70228081957245
Seychelles,SYC,1995,2.53119353157522
Seychelles,SYC,1994,2.54422159945561
Seychelles,SYC,1993,4.00093707608992
Seychelles,SYC,1992,4.30199372333411
Seychelles,SYC,1991,5.86820823775687
Seychelles,SYC,1990,9.38234208906718
Seychelles,SYC,1989,6.32151671226645
Seychelles,SYC,1988,7.24175889333006
Seychelles,SYC,1987,9.61199022186542
Seychelles,SYC,1986,13.4202507643789
Seychelles,SYC,1985,12.6829637947877
Seychelles,SYC,1984,9.687006379157
Seychelles,SYC,1983,10.1334469796543
Seychelles,SYC,1982,11.8159467901172
Seychelles,SYC,1981,10.42500666113
Seychelles,SYC,1980,14.1961985960667
Seychelles,SYC,1979,21.2299211826879
Seychelles,SYC,1978,20.4513729783904
Seychelles,SYC,1977,17.9543665863131
Seychelles,SYC,1976,15.69483123187
Seychelles,SYC,1975,15.7074787856976
Seychelles,SYC,1974,19.8560707090245
Seychelles,SYC,1973,21.7419199621801
Seychelles,SYC,1972,28.5595148377559
Seychelles,SYC,1971,35.3831703036737
Seychelles,SYC,1970,21.8953870725847
Seychelles,SYC,1969,7.87544409678324
Seychelles,SYC,1968,15.3557790695812
Seychelles,SYC,1967,13.5184924575546
Seychelles,SYC,1966,5.67764408212785
Seychelles,SYC,1965,9.97423922018261
Seychelles,SYC,1964,6.13175518992706
Seychelles,SYC,1963,4.61759504830386
Seychelles,SYC,1962,3.88888099235495
Seychelles,SYC,1961,8.65799090909091
Seychelles,SYC,1960,9.18962212900427
Sierra Leone,SLE,2025,
Sierra Leone,SLE,2024,
Sierra Leone,SLE,2023,7.82473378440375
Sierra Leone,SLE,2022,7.36292863275781
Sierra Leone,SLE,2021,10.0239856010614
Sierra Leone,SLE,2020,12.6452159534447
Sierra Leone,SLE,2019,8.78677408728679
Sierra Leone,SLE,2018,8.03817837830715
Sierra Leone,SLE,2017,9.57703088012174
Sierra Leone,SLE,2016,11.5759003967371
Sierra Leone,SLE,2015,14.1851966613903
Sierra Leone,SLE,2014,12.5121425142911
Sierra Leone,SLE,2013,6.35478205029956
Sierra Leone,SLE,2012,7.37836284931443
Sierra Leone,SLE,2011,9.12860120989628
Sierra Leone,SLE,2010,9.45179392632289
Sierra Leone,SLE,2009,11.820228690716
Sierra Leone,SLE,2008,10.5002636257455
Sierra Leone,SLE,2007,18.2558806922302
Sierra Leone,SLE,2006,13.6054348451714
Sierra Leone,SLE,2005,14.1767144592604
Sierra Leone,SLE,2004,18.2964081978268
Sierra Leone,SLE,2003,15.9994027747525
Sierra Leone,SLE,2002,19.8775417447951
Sierra Leone,SLE,2001,20.1499919961195
Sierra Leone,SLE,2000,29.3203184105913
Sierra Leone,SLE,1999,11.4319758645169
Sierra Leone,SLE,1998,16.71602845857
Sierra Leone,SLE,1997,14.1683609896638
Sierra Leone,SLE,1996,20.0746556319447
Sierra Leone,SLE,1995,25.9352511444278
Sierra Leone,SLE,1994,34.2838927328794
Sierra Leone,SLE,1993,28.483936397378
Sierra Leone,SLE,1992,21.9840469179543
Sierra Leone,SLE,1991,14.3512130651521
Sierra Leone,SLE,1990,10.2304095754531
Sierra Leone,SLE,1989,11.1533866334316
Sierra Leone,SLE,1988,10.1714886043655
Sierra Leone,SLE,1987,10.4625085869966
Sierra Leone,SLE,1986,20.0823426931421
Sierra Leone,SLE,1985,7.70273527943836
Sierra Leone,SLE,1984,5.47516192245758
Sierra Leone,SLE,1983,6.72635590421794
Sierra Leone,SLE,1982,6.42914251338087
Sierra Leone,SLE,1981,5.48487290911077
Sierra Leone,SLE,1980,8.45875433076926
Sierra Leone,SLE,1979,4.89988651124959
Sierra Leone,SLE,1978,4.2565024016119
Sierra Leone,SLE,1977,3.78440653367217
Sierra Leone,SLE,1976,2.24056077053291
Sierra Leone,SLE,1975,2.49598804315873
Sierra Leone,SLE,1974,1.62442748220875
Sierra Leone,SLE,1973,2.49302035950862
Sierra Leone,SLE,1972,2.22978061036953
Sierra Leone,SLE,1971,2.53521067041513
Sierra Leone,SLE,1970,1.55763619394408
Sierra Leone,SLE,1969,2.1394413301396
Sierra Leone,SLE,1968,3.23085970722812
Sierra Leone,SLE,1967,2.13972515896813
Sierra Leone,SLE,1966,2.71370536262706
Sierra Leone,SLE,1965,4.86039073578957
Sierra Leone,SLE,1964,2.69407434473434
Sierra Leone,SLE,1963,
Sierra Leone,SLE,1962,
Sierra Leone,SLE,1961,
Sierra Leone,SLE,1960,
Singapore,SGP,2025,
Singapore,SGP,2024,
Singapore,SGP,2023,
Singapore,SGP,2022,
Singapore,SGP,2021,
Singapore,SGP,2020,
Singapore,SGP,2019,
Singapore,SGP,2018,
Singapore,SGP,2017,
Singapore,SGP,2016,
Singapore,SGP,2015,
Singapore,SGP,2014,
Singapore,SGP,2013,
Singapore,SGP,2012,
Singapore,SGP,2011,
Singapore,SGP,2010,
Singapore,SGP,2009,
Singapore,SGP,2008,
Singapore,SGP,2007,
Singapore,SGP,2006,
Singapore,SGP,2005,
Singapore,SGP,2004,
Singapore,SGP,2003,
Singapore,SGP,2002,
Singapore,SGP,2001,
Singapore,SGP,2000,
Singapore,SGP,1999,
Singapore,SGP,1998,
Singapore,SGP,1997,
Singapore,SGP,1996,
Singapore,SGP,1995,0.018836013767755
Singapore,SGP,1994,0.0228503470867121
Singapore,SGP,1993,0.0398487915716968
Singapore,SGP,1992,0.038226737447717
Singapore,SGP,1991,0.0173517541131757
Singapore,SGP,1990,-0.00486292197393013
Singapore,SGP,1989,0.313836338211356
Singapore,SGP,1988,0.088269467822841
Singapore,SGP,1987,0.11516063306024
Singapore,SGP,1986,0.158609857958337
Singapore,SGP,1985,0.121305059503772
Singapore,SGP,1984,0.205563683532216
Singapore,SGP,1983,0.0839809971394827
Singapore,SGP,1982,0.13474077467411
Singapore,SGP,1981,0.163774349537453
Singapore,SGP,1980,0.123072012234146
Singapore,SGP,1979,0.0595969099131001
Singapore,SGP,1978,0.088405316813709
Singapore,SGP,1977,0.188146339126117
Singapore,SGP,1976,0.174962059916147
Singapore,SGP,1975,0.206004093883718
Singapore,SGP,1974,0.410131095863369
Singapore,SGP,1973,0.697615675969008
Singapore,SGP,1972,1.09773183854161
Singapore,SGP,1971,1.36782763094193
Singapore,SGP,1970,1.477616912345
Singapore,SGP,1969,0.906633112347687
Singapore,SGP,1968,0.317014660093381
Singapore,SGP,1967,0.581897147189419
Singapore,SGP,1966,0.208643183701994
Singapore,SGP,1965,0.226631863896412
Singapore,SGP,1964,0.0487835173704729
Singapore,SGP,1963,0.0659814501858869
Singapore,SGP,1962,0.121100075302973
Singapore,SGP,1961,0.00128336893957842
Singapore,SGP,1960,-0.0320502828101058
Sint Maarten (Dutch part),SXM,2025,
Sint Maarten (Dutch part),SXM,2024,
Sint Maarten (Dutch part),SXM,2023,
Sint Maarten (Dutch part),SXM,2022,
Sint Maarten (Dutch part),SXM,2021,
Sint Maarten (Dutch part),SXM,2020,
Sint Maarten (Dutch part),SXM,2019,
Sint Maarten (Dutch part),SXM,2018,
Sint Maarten (Dutch part),SXM,2017,
Sint Maarten (Dutch part),SXM,2016,
Sint Maarten (Dutch part),SXM,2015,
Sint Maarten (Dutch part),SXM,2014,
Sint Maarten (Dutch part),SXM,2013,
Sint Maarten (Dutch part),SXM,2012,
Sint Maarten (Dutch part),SXM,2011,
Sint Maarten (Dutch part),SXM,2010,
Sint Maarten (Dutch part),SXM,2009,
Sint Maarten (Dutch part),SXM,2008,
Sint Maarten (Dutch part),SXM,2007,
Sint Maarten (Dutch part),SXM,2006,
Sint Maarten (Dutch part),SXM,2005,
Sint Maarten (Dutch part),SXM,2004,
Sint Maarten (Dutch part),SXM,2003,
Sint Maarten (Dutch part),SXM,2002,
Sint Maarten (Dutch part),SXM,2001,
Sint Maarten (Dutch part),SXM,2000,
Sint Maarten (Dutch part),SXM,1999,
Sint Maarten (Dutch part),SXM,1998,
Sint Maarten (Dutch part),SXM,1997,
Sint Maarten (Dutch part),SXM,1996,
Sint Maarten (Dutch part),SXM,1995,
Sint Maarten (Dutch part),SXM,1994,
Sint Maarten (Dutch part),SXM,1993,
Sint Maarten (Dutch part),SXM,1992,
Sint Maarten (Dutch part),SXM,1991,
Sint Maarten (Dutch part),SXM,1990,
Sint Maarten (Dutch part),SXM,1989,
Sint Maarten (Dutch part),SXM,1988,
Sint Maarten (Dutch part),SXM,1987,
Sint Maarten (Dutch part),SXM,1986,
Sint Maarten (Dutch part),SXM,1985,
Sint Maarten (Dutch part),SXM,1984,
Sint Maarten (Dutch part),SXM,1983,
Sint Maarten (Dutch part),SXM,1982,
Sint Maarten (Dutch part),SXM,1981,
Sint Maarten (Dutch part),SXM,1980,
Sint Maarten (Dutch part),SXM,1979,
Sint Maarten (Dutch part),SXM,1978,
Sint Maarten (Dutch part),SXM,1977,
Sint Maarten (Dutch part),SXM,1976,
Sint Maarten (Dutch part),SXM,1975,
Sint Maarten (Dutch part),SXM,1974,
Sint Maarten (Dutch part),SXM,1973,
Sint Maarten (Dutch part),SXM,1972,
Sint Maarten (Dutch part),SXM,1971,
Sint Maarten (Dutch part),SXM,1970,
Sint Maarten (Dutch part),SXM,1969,
Sint Maarten (Dutch part),SXM,1968,
Sint Maarten (Dutch part),SXM,1967,
Sint Maarten (Dutch part),SXM,1966,
Sint Maarten (Dutch part),SXM,1965,
Sint Maarten (Dutch part),SXM,1964,
Sint Maarten (Dutch part),SXM,1963,
Sint Maarten (Dutch part),SXM,1962,
Sint Maarten (Dutch part),SXM,1961,
Sint Maarten (Dutch part),SXM,1960,
Slovak Republic,SVK,2025,
Slovak Republic,SVK,2024,
Slovak Republic,SVK,2023,
Slovak Republic,SVK,2022,
Slovak Republic,SVK,2021,
Slovak Republic,SVK,2020,
Slovak Republic,SVK,2019,
Slovak Republic,SVK,2018,
Slovak Republic,SVK,2017,
Slovak Republic,SVK,2016,
Slovak Republic,SVK,2015,
Slovak Republic,SVK,2014,
Slovak Republic,SVK,2013,
Slovak Republic,SVK,2012,
Slovak Republic,SVK,2011,
Slovak Republic,SVK,2010,
Slovak Republic,SVK,2009,
Slovak Republic,SVK,2008,
Slovak Republic,SVK,2007,
Slovak Republic,SVK,2006,
Slovak Republic,SVK,2005,
Slovak Republic,SVK,2004,
Slovak Republic,SVK,2003,
Slovak Republic,SVK,2002,
Slovak Republic,SVK,2001,
Slovak Republic,SVK,2000,
Slovak Republic,SVK,1999,
Slovak Republic,SVK,1998,
Slovak Republic,SVK,1997,
Slovak Republic,SVK,1996,
Slovak Republic,SVK,1995,
Slovak Republic,SVK,1994,
Slovak Republic,SVK,1993,
Slovak Republic,SVK,1992,
Slovak Republic,SVK,1991,
Slovak Republic,SVK,1990,
Slovak Republic,SVK,1989,
Slovak Republic,SVK,1988,
Slovak Republic,SVK,1987,
Slovak Republic,SVK,1986,
Slovak Republic,SVK,1985,
Slovak Republic,SVK,1984,
Slovak Republic,SVK,1983,
Slovak Republic,SVK,1982,
Slovak Republic,SVK,1981,
Slovak Republic,SVK,1980,
Slovak Republic,SVK,1979,
Slovak Republic,SVK,1978,
Slovak Republic,SVK,1977,
Slovak Republic,SVK,1976,
Slovak Republic,SVK,1975,
Slovak Republic,SVK,1974,
Slovak Republic,SVK,1973,
Slovak Republic,SVK,1972,
Slovak Republic,SVK,1971,
Slovak Republic,SVK,1970,
Slovak Republic,SVK,1969,
Slovak Republic,SVK,1968,
Slovak Republic,SVK,1967,
Slovak Republic,SVK,1966,
Slovak Republic,SVK,1965,
Slovak Republic,SVK,1964,
Slovak Republic,SVK,1963,
Slovak Republic,SVK,1962,
Slovak Republic,SVK,1961,
Slovak Republic,SVK,1960,
Slovenia,SVN,2025,
Slovenia,SVN,2024,
Slovenia,SVN,2023,
Slovenia,SVN,2022,
Slovenia,SVN,2021,
Slovenia,SVN,2020,
Slovenia,SVN,2019,
Slovenia,SVN,2018,
Slovenia,SVN,2017,
Slovenia,SVN,2016,
Slovenia,SVN,2015,
Slovenia,SVN,2014,
Slovenia,SVN,2013,
Slovenia,SVN,2012,
Slovenia,SVN,2011,
Slovenia,SVN,2010,
Slovenia,SVN,2009,
Slovenia,SVN,2008,
Slovenia,SVN,2007,
Slovenia,SVN,2006,
Slovenia,SVN,2005,
Slovenia,SVN,2004,
Slovenia,SVN,2003,
Slovenia,SVN,2002,0.2292973505221
Slovenia,SVN,2001,0.607985134084902
Slovenia,SVN,2000,0.302387736698922
Slovenia,SVN,1999,0.13744786953403
Slovenia,SVN,1998,0.180522303674694
Slovenia,SVN,1997,0.466371017980424
Slovenia,SVN,1996,0.381841504670418
Slovenia,SVN,1995,0.244671577740796
Slovenia,SVN,1994,0.20877504801273
Slovenia,SVN,1993,0.0539408295251537
Slovenia,SVN,1992,
Slovenia,SVN,1991,
Slovenia,SVN,1990,
Slovenia,SVN,1989,
Slovenia,SVN,1988,
Slovenia,SVN,1987,
Slovenia,SVN,1986,
Slovenia,SVN,1985,
Slovenia,SVN,1984,
Slovenia,SVN,1983,
Slovenia,SVN,1982,
Slovenia,SVN,1981,
Slovenia,SVN,1980,
Slovenia,SVN,1979,
Slovenia,SVN,1978,
Slovenia,SVN,1977,
Slovenia,SVN,1976,
Slovenia,SVN,1975,
Slovenia,SVN,1974,
Slovenia,SVN,1973,
Slovenia,SVN,1972,
Slovenia,SVN,1971,
Slovenia,SVN,1970,
Slovenia,SVN,1969,
Slovenia,SVN,1968,
Slovenia,SVN,1967,
Slovenia,SVN,1966,
Slovenia,SVN,1965,
Slovenia,SVN,1964,
Slovenia,SVN,1963,
Slovenia,SVN,1962,
Slovenia,SVN,1961,
Slovenia,SVN,1960,
Solomon Islands,SLB,2025,
Solomon Islands,SLB,2024,
Solomon Islands,SLB,2023,15.9122070193485
Solomon Islands,SLB,2022,17.1882771312074
Solomon Islands,SLB,2021,16.7878473869077
Solomon Islands,SLB,2020,13.6326003305901
Solomon Islands,SLB,2019,13.9709345308166
Solomon Islands,SLB,2018,12.2617678265821
Solomon Islands,SLB,2017,12.9713023033434
Solomon Islands,SLB,2016,13.1301145781565
Solomon Islands,SLB,2015,14.802910048232
Solomon Islands,SLB,2014,15.1874496273698
Solomon Islands,SLB,2013,22.4724892451737
Solomon Islands,SLB,2012,27.0464931828722
Solomon Islands,SLB,2011,33.1171088717018
Solomon Islands,SLB,2010,39.0109989630525
Solomon Islands,SLB,2009,27.4484976811408
Solomon Islands,SLB,2008,31.1128060249605
Solomon Islands,SLB,2007,35.844173705026
Solomon Islands,SLB,2006,33.0946381643912
Solomon Islands,SLB,2005,35.489226109429
Solomon Islands,SLB,2004,25.852967849889
Solomon Islands,SLB,2003,14.9528261764439
Solomon Islands,SLB,2002,7.72495127363064
Solomon Islands,SLB,2001,14.4483817357963
Solomon Islands,SLB,2000,16.4525249528928
Solomon Islands,SLB,1999,8.50650721337916
Solomon Islands,SLB,1998,6.36684617741312
Solomon Islands,SLB,1997,8.06652583347634
Solomon Islands,SLB,1996,8.49022207632088
Solomon Islands,SLB,1995,10.3373705299253
Solomon Islands,SLB,1994,11.7248367226138
Solomon Islands,SLB,1993,18.0005006517993
Solomon Islands,SLB,1992,17.1110654521406
Solomon Islands,SLB,1991,16.8592004784497
Solomon Islands,SLB,1990,19.8503739933067
Solomon Islands,SLB,1989,27.6623401387878
Solomon Islands,SLB,1988,31.0514552801089
Solomon Islands,SLB,1987,35.6533981967207
Solomon Islands,SLB,1986,19.5122835165828
Solomon Islands,SLB,1985,11.8783493526646
Solomon Islands,SLB,1984,10.6437591122933
Solomon Islands,SLB,1983,14.8037084436045
Solomon Islands,SLB,1982,14.2572959236509
Solomon Islands,SLB,1981,14.6331260724828
Solomon Islands,SLB,1980,24.4536888573635
Solomon Islands,SLB,1979,24.9927687472506
Solomon Islands,SLB,1978,38.2591847873726
Solomon Islands,SLB,1977,27.4212390721475
Solomon Islands,SLB,1976,36.5298159990069
Solomon Islands,SLB,1975,45.064109833904
Solomon Islands,SLB,1974,21.0244569410358
Solomon Islands,SLB,1973,30.7345621001854
Solomon Islands,SLB,1972,45.3296911695908
Solomon Islands,SLB,1971,
Solomon Islands,SLB,1970,
Solomon Islands,SLB,1969,
Solomon Islands,SLB,1968,
Solomon Islands,SLB,1967,
Solomon Islands,SLB,1966,
Solomon Islands,SLB,1965,
Solomon Islands,SLB,1964,
Solomon Islands,SLB,1963,
Solomon Islands,SLB,1962,
Solomon Islands,SLB,1961,
Solomon Islands,SLB,1960,
"Somalia, Fed. Rep.",SOM,2025,
"Somalia, Fed. Rep.",SOM,2024,
"Somalia, Fed. Rep.",SOM,2023,20.4271063911805
"Somalia, Fed. Rep.",SOM,2022,19.1940121461162
"Somalia, Fed. Rep.",SOM,2021,25.4958867319859
"Somalia, Fed. Rep.",SOM,2020,35.4513955829502
"Somalia, Fed. Rep.",SOM,2019,19.9622606011247
"Somalia, Fed. Rep.",SOM,2018,20.0941842769326
"Somalia, Fed. Rep.",SOM,2017,23.1965523707503
"Somalia, Fed. Rep.",SOM,2016,17.979018527839
"Somalia, Fed. Rep.",SOM,2015,20.5876137515454
"Somalia, Fed. Rep.",SOM,2014,19.4672659482089
"Somalia, Fed. Rep.",SOM,2013,20.9622103683534
"Somalia, Fed. Rep.",SOM,2012,22.6925891013955
"Somalia, Fed. Rep.",SOM,2011,38.1357239859251
"Somalia, Fed. Rep.",SOM,2010,18.9063043141775
"Somalia, Fed. Rep.",SOM,2009,22.690199188985
"Somalia, Fed. Rep.",SOM,2008,13.1137723780387
"Somalia, Fed. Rep.",SOM,2007,7.35128787553267
"Somalia, Fed. Rep.",SOM,2006,8.00157608870969
"Somalia, Fed. Rep.",SOM,2005,5.21498242632339
"Somalia, Fed. Rep.",SOM,2004,5.30993351703612
"Somalia, Fed. Rep.",SOM,2003,6.33209426528047
"Somalia, Fed. Rep.",SOM,2002,7.10975482220834
"Somalia, Fed. Rep.",SOM,2001,6.77263777934023
"Somalia, Fed. Rep.",SOM,2000,3.06696506616082
"Somalia, Fed. Rep.",SOM,1999,3.8964147033041
"Somalia, Fed. Rep.",SOM,1998,2.81775426110297
"Somalia, Fed. Rep.",SOM,1997,3.8038856538709
"Somalia, Fed. Rep.",SOM,1996,5.05685686322823
"Somalia, Fed. Rep.",SOM,1995,12.654793949395
"Somalia, Fed. Rep.",SOM,1994,37.3929911124515
"Somalia, Fed. Rep.",SOM,1993,72.8896094729742
"Somalia, Fed. Rep.",SOM,1992,94.9409211301237
"Somalia, Fed. Rep.",SOM,1991,26.789922564706
"Somalia, Fed. Rep.",SOM,1990,53.0452611753468
"Somalia, Fed. Rep.",SOM,1989,37.0016070062286
"Somalia, Fed. Rep.",SOM,1988,41.192229897143
"Somalia, Fed. Rep.",SOM,1987,59.5411854392061
"Somalia, Fed. Rep.",SOM,1986,57.3707793967258
"Somalia, Fed. Rep.",SOM,1985,40.9506746652635
"Somalia, Fed. Rep.",SOM,1984,44.7713674777298
"Somalia, Fed. Rep.",SOM,1983,46.4667721538293
"Somalia, Fed. Rep.",SOM,1982,61.4555977346817
"Somalia, Fed. Rep.",SOM,1981,54.749706528073
"Somalia, Fed. Rep.",SOM,1980,79.6869253768019
"Somalia, Fed. Rep.",SOM,1979,46.4228889107519
"Somalia, Fed. Rep.",SOM,1978,46.6252824547738
"Somalia, Fed. Rep.",SOM,1977,47.1677328758472
"Somalia, Fed. Rep.",SOM,1976,12.4962815351181
"Somalia, Fed. Rep.",SOM,1975,23.2309894977559
"Somalia, Fed. Rep.",SOM,1974,17.2158803480514
"Somalia, Fed. Rep.",SOM,1973,10.0072888714292
"Somalia, Fed. Rep.",SOM,1972,7.11584947715872
"Somalia, Fed. Rep.",SOM,1971,9.2333271535128
"Somalia, Fed. Rep.",SOM,1970,8.54377945252929
"Somalia, Fed. Rep.",SOM,1969,10.7873570970315
"Somalia, Fed. Rep.",SOM,1968,11.1568875022515
"Somalia, Fed. Rep.",SOM,1967,5.30998069976725
"Somalia, Fed. Rep.",SOM,1966,19.5769110456275
"Somalia, Fed. Rep.",SOM,1965,11.7726814014199
"Somalia, Fed. Rep.",SOM,1964,9.48805011111478
"Somalia, Fed. Rep.",SOM,1963,14.0877045086627
"Somalia, Fed. Rep.",SOM,1962,11.6900217053917
"Somalia, Fed. Rep.",SOM,1961,12.128605028794
"Somalia, Fed. Rep.",SOM,1960,11.9158740043092
South Africa,ZAF,2025,
South Africa,ZAF,2024,
South Africa,ZAF,2023,0.40046031574028
South Africa,ZAF,2022,0.258034061543275
South Africa,ZAF,2021,0.253147136898378
South Africa,ZAF,2020,0.362427644652388
South Africa,ZAF,2019,0.254444933587184
South Africa,ZAF,2018,0.233782961836093
South Africa,ZAF,2017,0.273627076562111
South Africa,ZAF,2016,0.374342476704099
South Africa,ZAF,2015,0.419248415633216
South Africa,ZAF,2014,0.289821392763173
South Africa,ZAF,2013,0.33112469209882
South Africa,ZAF,2012,0.251661597696877
South Africa,ZAF,2011,0.312185227759399
South Africa,ZAF,2010,0.250537275075127
South Africa,ZAF,2009,0.332432060610017
South Africa,ZAF,2008,0.362940139707328
South Africa,ZAF,2007,0.245933095130919
South Africa,ZAF,2006,0.24211060827743
South Africa,ZAF,2005,0.239934238306902
South Africa,ZAF,2004,0.251143523831332
South Africa,ZAF,2003,0.333740719749369
South Africa,ZAF,2002,0.401400145937755
South Africa,ZAF,2001,0.325667218287791
South Africa,ZAF,2000,0.329800401698625
South Africa,ZAF,1999,0.36630987248153
South Africa,ZAF,1998,0.344174184794893
South Africa,ZAF,1997,0.298986445985656
South Africa,ZAF,1996,0.226288783850357
South Africa,ZAF,1995,0.228690826449012
South Africa,ZAF,1994,0.193975802860388
South Africa,ZAF,1993,0.187120735236843
South Africa,ZAF,1992,
South Africa,ZAF,1991,
South Africa,ZAF,1990,
South Africa,ZAF,1989,
South Africa,ZAF,1988,
South Africa,ZAF,1987,
South Africa,ZAF,1986,
South Africa,ZAF,1985,
South Africa,ZAF,1984,
South Africa,ZAF,1983,
South Africa,ZAF,1982,
South Africa,ZAF,1981,
South Africa,ZAF,1980,
South Africa,ZAF,1979,
South Africa,ZAF,1978,
South Africa,ZAF,1977,
South Africa,ZAF,1976,
South Africa,ZAF,1975,
South Africa,ZAF,1974,
South Africa,ZAF,1973,
South Africa,ZAF,1972,
South Africa,ZAF,1971,
South Africa,ZAF,1970,
South Africa,ZAF,1969,
South Africa,ZAF,1968,
South Africa,ZAF,1967,
South Africa,ZAF,1966,
South Africa,ZAF,1965,
South Africa,ZAF,1964,
South Africa,ZAF,1963,
South Africa,ZAF,1962,
South Africa,ZAF,1961,
South Africa,ZAF,1960,
South Sudan,SSD,2025,
South Sudan,SSD,2024,
South Sudan,SSD,2023,
South Sudan,SSD,2022,
South Sudan,SSD,2021,
South Sudan,SSD,2020,
South Sudan,SSD,2019,
South Sudan,SSD,2018,
South Sudan,SSD,2017,
South Sudan,SSD,2016,
South Sudan,SSD,2015,15.9162280373347
South Sudan,SSD,2014,16.4303643627759
South Sudan,SSD,2013,8.03578525829966
South Sudan,SSD,2012,10.3277206243117
South Sudan,SSD,2011,5.09733435565575
South Sudan,SSD,2010,
South Sudan,SSD,2009,
South Sudan,SSD,2008,
South Sudan,SSD,2007,
South Sudan,SSD,2006,
South Sudan,SSD,2005,
South Sudan,SSD,2004,
South Sudan,SSD,2003,
South Sudan,SSD,2002,
South Sudan,SSD,2001,
South Sudan,SSD,2000,
South Sudan,SSD,1999,
South Sudan,SSD,1998,
South Sudan,SSD,1997,
South Sudan,SSD,1996,
South Sudan,SSD,1995,
South Sudan,SSD,1994,
South Sudan,SSD,1993,
South Sudan,SSD,1992,
South Sudan,SSD,1991,
South Sudan,SSD,1990,
South Sudan,SSD,1989,
South Sudan,SSD,1988,
South Sudan,SSD,1987,
South Sudan,SSD,1986,
South Sudan,SSD,1985,
South Sudan,SSD,1984,
South Sudan,SSD,1983,
South Sudan,SSD,1982,
South Sudan,SSD,1981,
South Sudan,SSD,1980,
South Sudan,SSD,1979,
South Sudan,SSD,1978,
South Sudan,SSD,1977,
South Sudan,SSD,1976,
South Sudan,SSD,1975,
South Sudan,SSD,1974,
South Sudan,SSD,1973,
South Sudan,SSD,1972,
South Sudan,SSD,1971,
South Sudan,SSD,1970,
South Sudan,SSD,1969,
South Sudan,SSD,1968,
South Sudan,SSD,1967,
South Sudan,SSD,1966,
South Sudan,SSD,1965,
South Sudan,SSD,1964,
South Sudan,SSD,1963,
South Sudan,SSD,1962,
South Sudan,SSD,1961,
South Sudan,SSD,1960,
Spain,ESP,2025,
Spain,ESP,2024,
Spain,ESP,2023,
Spain,ESP,2022,
Spain,ESP,2021,
Spain,ESP,2020,
Spain,ESP,2019,
Spain,ESP,2018,
Spain,ESP,2017,
Spain,ESP,2016,
Spain,ESP,2015,
Spain,ESP,2014,
Spain,ESP,2013,
Spain,ESP,2012,
Spain,ESP,2011,
Spain,ESP,2010,
Spain,ESP,2009,
Spain,ESP,2008,
Spain,ESP,2007,
Spain,ESP,2006,
Spain,ESP,2005,
Spain,ESP,2004,
Spain,ESP,2003,
Spain,ESP,2002,
Spain,ESP,2001,
Spain,ESP,2000,
Spain,ESP,1999,
Spain,ESP,1998,
Spain,ESP,1997,
Spain,ESP,1996,
Spain,ESP,1995,
Spain,ESP,1994,
Spain,ESP,1993,
Spain,ESP,1992,
Spain,ESP,1991,
Spain,ESP,1990,
Spain,ESP,1989,
Spain,ESP,1988,
Spain,ESP,1987,
Spain,ESP,1986,
Spain,ESP,1985,
Spain,ESP,1984,
Spain,ESP,1983,
Spain,ESP,1982,
Spain,ESP,1981,
Spain,ESP,1980,
Spain,ESP,1979,
Spain,ESP,1978,
Spain,ESP,1977,
Spain,ESP,1976,
Spain,ESP,1975,
Spain,ESP,1974,
Spain,ESP,1973,
Spain,ESP,1972,
Spain,ESP,1971,
Spain,ESP,1970,
Spain,ESP,1969,
Spain,ESP,1968,
Spain,ESP,1967,
Spain,ESP,1966,
Spain,ESP,1965,
Spain,ESP,1964,
Spain,ESP,1963,
Spain,ESP,1962,
Spain,ESP,1961,
Spain,ESP,1960,
Sri Lanka,LKA,2025,
Sri Lanka,LKA,2024,
Sri Lanka,LKA,2023,1.01915092279146
Sri Lanka,LKA,2022,0.0169660618123616
Sri Lanka,LKA,2021,0.179454134689139
Sri Lanka,LKA,2020,0.267429103671222
Sri Lanka,LKA,2019,0.222993670669449
Sri Lanka,LKA,2018,-0.268631697411072
Sri Lanka,LKA,2017,0.343462394945836
Sri Lanka,LKA,2016,0.435256701092165
Sri Lanka,LKA,2015,0.535713389043718
Sri Lanka,LKA,2014,0.609036234863752
Sri Lanka,LKA,2013,0.535949200512662
Sri Lanka,LKA,2012,0.708981020446014
Sri Lanka,LKA,2011,0.913001012725925
Sri Lanka,LKA,2010,0.791121295236927
Sri Lanka,LKA,2009,1.4585533321979
Sri Lanka,LKA,2008,1.59645103747308
Sri Lanka,LKA,2007,1.58302899170181
Sri Lanka,LKA,2006,2.45710839996253
Sri Lanka,LKA,2005,4.31312694150171
Sri Lanka,LKA,2004,1.99608348514963
Sri Lanka,LKA,2003,2.81077268912255
Sri Lanka,LKA,2002,1.53439884082235
Sri Lanka,LKA,2001,1.71940575287857
Sri Lanka,LKA,2000,1.36660169707145
Sri Lanka,LKA,1999,1.17953165378338
Sri Lanka,LKA,1998,2.07274952928182
Sri Lanka,LKA,1997,1.70126944145386
Sri Lanka,LKA,1996,2.53738663935396
Sri Lanka,LKA,1995,3.66629332894124
Sri Lanka,LKA,1994,4.40050514747097
Sri Lanka,LKA,1993,5.26639096578888
Sri Lanka,LKA,1992,5.27377044959454
Sri Lanka,LKA,1991,8.27093026089877
Sri Lanka,LKA,1990,7.72492564304479
Sri Lanka,LKA,1989,7.80598008162611
Sri Lanka,LKA,1988,8.19502326554809
Sri Lanka,LKA,1987,6.45000868263835
Sri Lanka,LKA,1986,7.95570227951535
Sri Lanka,LKA,1985,7.37395326975645
Sri Lanka,LKA,1984,7.29762492692634
Sri Lanka,LKA,1983,8.56582331327703
Sri Lanka,LKA,1982,8.24902798722411
Sri Lanka,LKA,1981,8.32345063223297
Sri Lanka,LKA,1980,9.37191777771894
Sri Lanka,LKA,1979,9.22063473460025
Sri Lanka,LKA,1978,11.9110953660365
Sri Lanka,LKA,1977,4.96908450901647
Sri Lanka,LKA,1976,5.24512558149617
Sri Lanka,LKA,1975,4.19757080594955
Sri Lanka,LKA,1974,2.38269485205137
Sri Lanka,LKA,1973,2.11020019647618
Sri Lanka,LKA,1972,2.36342615660839
Sri Lanka,LKA,1971,2.55215198357676
Sri Lanka,LKA,1970,2.29391963257813
Sri Lanka,LKA,1969,2.55219376833785
Sri Lanka,LKA,1968,2.9368915715314
Sri Lanka,LKA,1967,2.51461077021981
Sri Lanka,LKA,1966,1.70681382461597
Sri Lanka,LKA,1965,0.888081855635865
Sri Lanka,LKA,1964,0.67959944742638
Sri Lanka,LKA,1963,0.88166689685078
Sri Lanka,LKA,1962,0.90911149754745
Sri Lanka,LKA,1961,0.798136941123711
Sri Lanka,LKA,1960,0.788519794706758
St. Kitts and Nevis,KNA,2025,
St. Kitts and Nevis,KNA,2024,
St. Kitts and Nevis,KNA,2023,
St. Kitts and Nevis,KNA,2022,
St. Kitts and Nevis,KNA,2021,
St. Kitts and Nevis,KNA,2020,
St. Kitts and Nevis,KNA,2019,
St. Kitts and Nevis,KNA,2018,
St. Kitts and Nevis,KNA,2017,
St. Kitts and Nevis,KNA,2016,
St. Kitts and Nevis,KNA,2015,
St. Kitts and Nevis,KNA,2014,
St. Kitts and Nevis,KNA,2013,3.49407037993241
St. Kitts and Nevis,KNA,2012,2.71463373681729
St. Kitts and Nevis,KNA,2011,1.95412674405802
St. Kitts and Nevis,KNA,2010,1.64235375731288
St. Kitts and Nevis,KNA,2009,0.433043032461407
St. Kitts and Nevis,KNA,2008,6.29744923640175
St. Kitts and Nevis,KNA,2007,0.522293557048573
St. Kitts and Nevis,KNA,2006,0.855287364050876
St. Kitts and Nevis,KNA,2005,0.509375025482148
St. Kitts and Nevis,KNA,2004,-0.0174502741324861
St. Kitts and Nevis,KNA,2003,0.021905625797782
St. Kitts and Nevis,KNA,2002,6.34345550164451
St. Kitts and Nevis,KNA,2001,2.38901560772579
St. Kitts and Nevis,KNA,2000,1.018377281627
St. Kitts and Nevis,KNA,1999,1.25823756241352
St. Kitts and Nevis,KNA,1998,1.86867313669541
St. Kitts and Nevis,KNA,1997,2.03638897837904
St. Kitts and Nevis,KNA,1996,2.14539994811373
St. Kitts and Nevis,KNA,1995,1.28914574294117
St. Kitts and Nevis,KNA,1994,2.20094250574248
St. Kitts and Nevis,KNA,1993,4.27626082498228
St. Kitts and Nevis,KNA,1992,3.48674195900616
St. Kitts and Nevis,KNA,1991,3.51701540534585
St. Kitts and Nevis,KNA,1990,3.81578941990558
St. Kitts and Nevis,KNA,1989,7.33016844097261
St. Kitts and Nevis,KNA,1988,8.35852713714183
St. Kitts and Nevis,KNA,1987,5.103257429728
St. Kitts and Nevis,KNA,1986,4.27144064371098
St. Kitts and Nevis,KNA,1985,4.05624370717257
St. Kitts and Nevis,KNA,1984,3.65741077551923
St. Kitts and Nevis,KNA,1983,3.21685673136292
St. Kitts and Nevis,KNA,1982,3.69420220999916
St. Kitts and Nevis,KNA,1981,4.73420536355524
St. Kitts and Nevis,KNA,1980,9.23903466111793
St. Kitts and Nevis,KNA,1979,3.07588751922781
St. Kitts and Nevis,KNA,1978,4.25862117772887
St. Kitts and Nevis,KNA,1977,4.72217387576353
St. Kitts and Nevis,KNA,1976,
St. Kitts and Nevis,KNA,1975,
St. Kitts and Nevis,KNA,1974,
St. Kitts and Nevis,KNA,1973,
St. Kitts and Nevis,KNA,1972,
St. Kitts and Nevis,KNA,1971,
St. Kitts and Nevis,KNA,1970,
St. Kitts and Nevis,KNA,1969,
St. Kitts and Nevis,KNA,1968,
St. Kitts and Nevis,KNA,1967,
St. Kitts and Nevis,KNA,1966,
St. Kitts and Nevis,KNA,1965,
St. Kitts and Nevis,KNA,1964,
St. Kitts and Nevis,KNA,1963,
St. Kitts and Nevis,KNA,1962,
St. Kitts and Nevis,KNA,1961,
St. Kitts and Nevis,KNA,1960,
St. Lucia,LCA,2025,
St. Lucia,LCA,2024,
St. Lucia,LCA,2023,1.60683584193309
St. Lucia,LCA,2022,1.56021196688226
St. Lucia,LCA,2021,5.54183153354039
St. Lucia,LCA,2020,6.70683448425405
St. Lucia,LCA,2019,1.62963707132077
St. Lucia,LCA,2018,0.436932927319386
St. Lucia,LCA,2017,0.817275786657435
St. Lucia,LCA,2016,0.86632084503199
St. Lucia,LCA,2015,0.829975003233282
St. Lucia,LCA,2014,1.17858855891073
St. Lucia,LCA,2013,1.62323168935186
St. Lucia,LCA,2012,1.71760811927733
St. Lucia,LCA,2011,2.27888337245728
St. Lucia,LCA,2010,2.22345012625112
St. Lucia,LCA,2009,2.87482237956327
St. Lucia,LCA,2008,1.22184514941903
St. Lucia,LCA,2007,1.53274256319564
St. Lucia,LCA,2006,1.53582890388666
St. Lucia,LCA,2005,1.00487686663783
St. Lucia,LCA,2004,-2.17218427717637
St. Lucia,LCA,2003,1.66103862287063
St. Lucia,LCA,2002,3.85407446378703
St. Lucia,LCA,2001,1.93156373496997
St. Lucia,LCA,2000,1.24924097312625
St. Lucia,LCA,1999,3.09283284958866
St. Lucia,LCA,1998,0.787275798707387
St. Lucia,LCA,1997,3.50571388382371
St. Lucia,LCA,1996,5.41642502465864
St. Lucia,LCA,1995,7.05383321141514
St. Lucia,LCA,1994,4.8972292967976
St. Lucia,LCA,1993,4.16682709928405
St. Lucia,LCA,1992,4.43296999329886
St. Lucia,LCA,1991,4.19545777500347
St. Lucia,LCA,1990,2.36086042293301
St. Lucia,LCA,1989,4.0759868747574
St. Lucia,LCA,1988,4.45490278885007
St. Lucia,LCA,1987,3.00838932832341
St. Lucia,LCA,1986,3.61421727522299
St. Lucia,LCA,1985,2.59512157814744
St. Lucia,LCA,1984,2.36621769611186
St. Lucia,LCA,1983,3.7057040278958
St. Lucia,LCA,1982,4.74203695936458
St. Lucia,LCA,1981,6.26565162487157
St. Lucia,LCA,1980,5.3814997475805
St. Lucia,LCA,1979,
St. Lucia,LCA,1978,
St. Lucia,LCA,1977,
St. Lucia,LCA,1976,
St. Lucia,LCA,1975,
St. Lucia,LCA,1974,
St. Lucia,LCA,1973,
St. Lucia,LCA,1972,
St. Lucia,LCA,1971,
St. Lucia,LCA,1970,
St. Lucia,LCA,1969,
St. Lucia,LCA,1968,
St. Lucia,LCA,1967,
St. Lucia,LCA,1966,
St. Lucia,LCA,1965,
St. Lucia,LCA,1964,
St. Lucia,LCA,1963,
St. Lucia,LCA,1962,
St. Lucia,LCA,1961,
St. Lucia,LCA,1960,
St. Martin (French part),MAF,2025,
St. Martin (French part),MAF,2024,
St. Martin (French part),MAF,2023,
St. Martin (French part),MAF,2022,
St. Martin (French part),MAF,2021,
St. Martin (French part),MAF,2020,
St. Martin (French part),MAF,2019,
St. Martin (French part),MAF,2018,
St. Martin (French part),MAF,2017,
St. Martin (French part),MAF,2016,
St. Martin (French part),MAF,2015,
St. Martin (French part),MAF,2014,
St. Martin (French part),MAF,2013,
St. Martin (French part),MAF,2012,
St. Martin (French part),MAF,2011,
St. Martin (French part),MAF,2010,
St. Martin (French part),MAF,2009,
St. Martin (French part),MAF,2008,
St. Martin (French part),MAF,2007,
St. Martin (French part),MAF,2006,
St. Martin (French part),MAF,2005,
St. Martin (French part),MAF,2004,
St. Martin (French part),MAF,2003,
St. Martin (French part),MAF,2002,
St. Martin (French part),MAF,2001,
St. Martin (French part),MAF,2000,
St. Martin (French part),MAF,1999,
St. Martin (French part),MAF,1998,
St. Martin (French part),MAF,1997,
St. Martin (French part),MAF,1996,
St. Martin (French part),MAF,1995,
St. Martin (French part),MAF,1994,
St. Martin (French part),MAF,1993,
St. Martin (French part),MAF,1992,
St. Martin (French part),MAF,1991,
St. Martin (French part),MAF,1990,
St. Martin (French part),MAF,1989,
St. Martin (French part),MAF,1988,
St. Martin (French part),MAF,1987,
St. Martin (French part),MAF,1986,
St. Martin (French part),MAF,1985,
St. Martin (French part),MAF,1984,
St. Martin (French part),MAF,1983,
St. Martin (French part),MAF,1982,
St. Martin (French part),MAF,1981,
St. Martin (French part),MAF,1980,
St. Martin (French part),MAF,1979,
St. Martin (French part),MAF,1978,
St. Martin (French part),MAF,1977,
St. Martin (French part),MAF,1976,
St. Martin (French part),MAF,1975,
St. Martin (French part),MAF,1974,
St. Martin (French part),MAF,1973,
St. Martin (French part),MAF,1972,
St. Martin (French part),MAF,1971,
St. Martin (French part),MAF,1970,
St. Martin (French part),MAF,1969,
St. Martin (French part),MAF,1968,
St. Martin (French part),MAF,1967,
St. Martin (French part),MAF,1966,
St. Martin (French part),MAF,1965,
St. Martin (French part),MAF,1964,
St. Martin (French part),MAF,1963,
St. Martin (French part),MAF,1962,
St. Martin (French part),MAF,1961,
St. Martin (French part),MAF,1960,
St. Vincent and the Grenadines,VCT,2025,
St. Vincent and the Grenadines,VCT,2024,
St. Vincent and the Grenadines,VCT,2023,1.98081784314213
St. Vincent and the Grenadines,VCT,2022,1.58273538831209
St. Vincent and the Grenadines,VCT,2021,14.4869430698902
St. Vincent and the Grenadines,VCT,2020,8.88817341524276
St. Vincent and the Grenadines,VCT,2019,9.29651990257923
St. Vincent and the Grenadines,VCT,2018,2.05685952053976
St. Vincent and the Grenadines,VCT,2017,1.41230644187295
St. Vincent and the Grenadines,VCT,2016,1.13133706804751
St. Vincent and the Grenadines,VCT,2015,1.76016350874309
St. Vincent and the Grenadines,VCT,2014,1.33785239505301
St. Vincent and the Grenadines,VCT,2013,1.11956564767271
St. Vincent and the Grenadines,VCT,2012,1.14468359782794
St. Vincent and the Grenadines,VCT,2011,2.53335438037497
St. Vincent and the Grenadines,VCT,2010,2.30312260476677
St. Vincent and the Grenadines,VCT,2009,4.10432822282195
St. Vincent and the Grenadines,VCT,2008,3.70185379569314
St. Vincent and the Grenadines,VCT,2007,9.5216323954537
St. Vincent and the Grenadines,VCT,2006,0.776406801355181
St. Vincent and the Grenadines,VCT,2005,1.42794839033887
St. Vincent and the Grenadines,VCT,2004,2.03408748186352
St. Vincent and the Grenadines,VCT,2003,1.29250857731118
St. Vincent and the Grenadines,VCT,2002,0.972007497785095
St. Vincent and the Grenadines,VCT,2001,1.82230707794831
St. Vincent and the Grenadines,VCT,2000,1.54034541908251
St. Vincent and the Grenadines,VCT,1999,4.44042806328533
St. Vincent and the Grenadines,VCT,1998,5.73917417337618
St. Vincent and the Grenadines,VCT,1997,1.77209136572686
St. Vincent and the Grenadines,VCT,1996,8.1614276728751
St. Vincent and the Grenadines,VCT,1995,15.6417051769403
St. Vincent and the Grenadines,VCT,1994,4.53105672677352
St. Vincent and the Grenadines,VCT,1993,4.92282065219883
St. Vincent and the Grenadines,VCT,1992,6.7226529882675
St. Vincent and the Grenadines,VCT,1991,6.5428907348943
St. Vincent and the Grenadines,VCT,1990,6.70235956054227
St. Vincent and the Grenadines,VCT,1989,7.35954992431319
St. Vincent and the Grenadines,VCT,1988,8.94612793106955
St. Vincent and the Grenadines,VCT,1987,7.78653517624565
St. Vincent and the Grenadines,VCT,1986,8.14292631744525
St. Vincent and the Grenadines,VCT,1985,3.84610773984782
St. Vincent and the Grenadines,VCT,1984,2.999432232338
St. Vincent and the Grenadines,VCT,1983,4.38496511003674
St. Vincent and the Grenadines,VCT,1982,6.82518845462579
St. Vincent and the Grenadines,VCT,1981,9.01500377673462
St. Vincent and the Grenadines,VCT,1980,11.9105591324623
St. Vincent and the Grenadines,VCT,1979,8.08552362024298
St. Vincent and the Grenadines,VCT,1978,7.29725741367088
St. Vincent and the Grenadines,VCT,1977,8.00354221746224
St. Vincent and the Grenadines,VCT,1976,13.4785503332461
St. Vincent and the Grenadines,VCT,1975,17.991874596336
St. Vincent and the Grenadines,VCT,1974,11.1166113849561
St. Vincent and the Grenadines,VCT,1973,0.397810955575237
St. Vincent and the Grenadines,VCT,1972,
St. Vincent and the Grenadines,VCT,1971,
St. Vincent and the Grenadines,VCT,1970,
St. Vincent and the Grenadines,VCT,1969,
St. Vincent and the Grenadines,VCT,1968,
St. Vincent and the Grenadines,VCT,1967,
St. Vincent and the Grenadines,VCT,1966,
St. Vincent and the Grenadines,VCT,1965,
St. Vincent and the Grenadines,VCT,1964,
St. Vincent and the Grenadines,VCT,1963,
St. Vincent and the Grenadines,VCT,1962,
St. Vincent and the Grenadines,VCT,1961,
St. Vincent and the Grenadines,VCT,1960,
Sudan,SDN,2025,
Sudan,SDN,2024,
Sudan,SDN,2023,3.46775963653224
Sudan,SDN,2022,3.05802244254419
Sudan,SDN,2021,11.6211882876443
Sudan,SDN,2020,9.19641021192227
Sudan,SDN,2019,5.00293087327998
Sudan,SDN,2018,3.17009319843308
Sudan,SDN,2017,2.17603929226557
Sudan,SDN,2016,1.93728569441748
Sudan,SDN,2015,1.91776873033635
Sudan,SDN,2014,1.8009130245808
Sudan,SDN,2013,3.74734779519329
Sudan,SDN,2012,3.84494436100468
Sudan,SDN,2011,3.40063890335216
Sudan,SDN,2010,3.66568582850374
Sudan,SDN,2009,4.69668447140859
Sudan,SDN,2008,4.15145547489334
Sudan,SDN,2007,3.70816746119964
Sudan,SDN,2006,4.73628616317176
Sudan,SDN,2005,5.39679909255987
Sudan,SDN,2004,3.89520661712666
Sudan,SDN,2003,3.02755363772427
Sudan,SDN,2002,1.75696490964984
Sudan,SDN,2001,1.27060641542063
Sudan,SDN,2000,1.93541900649616
Sudan,SDN,1999,2.40933498259603
Sudan,SDN,1998,1.94082729814888
Sudan,SDN,1997,1.22560555638874
Sudan,SDN,1996,2.51816351921985
Sudan,SDN,1995,1.83771460749134
Sudan,SDN,1994,3.43271210820829
Sudan,SDN,1993,5.58172199983592
Sudan,SDN,1992,8.66227016709988
Sudan,SDN,1991,2.28424829047756
Sudan,SDN,1990,2.74244081176178
Sudan,SDN,1989,3.65039457060946
Sudan,SDN,1988,6.72957535593939
Sudan,SDN,1987,7.59503487160402
Sudan,SDN,1986,9.57462490048199
Sudan,SDN,1985,14.3965236898833
Sudan,SDN,1984,6.12381144550257
Sudan,SDN,1983,11.896384371069
Sudan,SDN,1982,8.73871037513867
Sudan,SDN,1981,6.09660973906413
Sudan,SDN,1980,7.55519102837595
Sudan,SDN,1979,8.32291976055807
Sudan,SDN,1978,4.68089805510079
Sudan,SDN,1977,4.10141719045955
Sudan,SDN,1976,4.40118516490178
Sudan,SDN,1975,6.16000969538401
Sudan,SDN,1974,5.33901569283677
Sudan,SDN,1973,1.21734047508786
Sudan,SDN,1972,2.58600160156793
Sudan,SDN,1971,0.392027812558158
Sudan,SDN,1970,0.373413818684915
Sudan,SDN,1969,0.485111755313428
Sudan,SDN,1968,1.93377720480433
Sudan,SDN,1967,0.925571166773403
Sudan,SDN,1966,2.54026342493778
Sudan,SDN,1965,2.0354287884489
Sudan,SDN,1964,1.44746766231727
Sudan,SDN,1963,1.12613771308105
Sudan,SDN,1962,0.739773866520665
Sudan,SDN,1961,1.17620766395779
Sudan,SDN,1960,2.43704668329303
Suriname,SUR,2025,
Suriname,SUR,2024,
Suriname,SUR,2023,1.38075140695505
Suriname,SUR,2022,1.58410696870175
Suriname,SUR,2021,1.06994021937803
Suriname,SUR,2020,1.0646378331075
Suriname,SUR,2019,0.653711919265269
Suriname,SUR,2018,0.393341224744977
Suriname,SUR,2017,0.630103092569359
Suriname,SUR,2016,0.524942955524115
Suriname,SUR,2015,0.312548177235772
Suriname,SUR,2014,0.259036921239328
Suriname,SUR,2013,0.614581555371759
Suriname,SUR,2012,0.842901225770249
Suriname,SUR,2011,1.8348297926085
Suriname,SUR,2010,2.3557295741876
Suriname,SUR,2009,3.98225897053908
Suriname,SUR,2008,2.81467894839141
Suriname,SUR,2007,5.12310807494032
Suriname,SUR,2006,2.45083710323496
Suriname,SUR,2005,2.44588846722934
Suriname,SUR,2004,1.74556469922208
Suriname,SUR,2003,0.909240432303263
Suriname,SUR,2002,1.17383835599755
Suriname,SUR,2001,3.26406088995628
Suriname,SUR,2000,3.87199176047367
Suriname,SUR,1999,3.98106943868623
Suriname,SUR,1998,5.35552546940809
Suriname,SUR,1997,8.3773984107908
Suriname,SUR,1996,12.7003065555006
Suriname,SUR,1995,11.1407468247042
Suriname,SUR,1994,10.0034578307446
Suriname,SUR,1993,18.5215020838878
Suriname,SUR,1992,19.7762184552572
Suriname,SUR,1991,9.69737689341699
Suriname,SUR,1990,15.7741015195908
Suriname,SUR,1989,9.38356138961662
Suriname,SUR,1988,1.8317433511911
Suriname,SUR,1987,1.90983600303775
Suriname,SUR,1986,1.50365781166879
Suriname,SUR,1985,1.08820160366552
Suriname,SUR,1984,0.584633153411848
Suriname,SUR,1983,0.437321114280801
Suriname,SUR,1982,10.9886057662756
Suriname,SUR,1981,10.7229314334918
Suriname,SUR,1980,10.5208469706518
Suriname,SUR,1979,12.7924634331818
Suriname,SUR,1978,9.35252842222136
Suriname,SUR,1977,14.9658734020108
Suriname,SUR,1976,21.9885153955015
Suriname,SUR,1975,11.6074187888771
Suriname,SUR,1974,13.8036275919116
Suriname,SUR,1973,10.9785029055721
Suriname,SUR,1972,14.318828419875
Suriname,SUR,1971,12.0622917064968
Suriname,SUR,1970,12.1961825422171
Suriname,SUR,1969,9.28929982758579
Suriname,SUR,1968,9.85651247811898
Suriname,SUR,1967,2.22096000331195
Suriname,SUR,1966,2.37565452515767
Suriname,SUR,1965,13.6059473881491
Suriname,SUR,1964,14.3561301522246
Suriname,SUR,1963,18.5849056089663
Suriname,SUR,1962,10.6793802600083
Suriname,SUR,1961,12.5409340844001
Suriname,SUR,1960,11.2142399171319
Sweden,SWE,2025,
Sweden,SWE,2024,
Sweden,SWE,2023,
Sweden,SWE,2022,
Sweden,SWE,2021,
Sweden,SWE,2020,
Sweden,SWE,2019,
Sweden,SWE,2018,
Sweden,SWE,2017,
Sweden,SWE,2016,
Sweden,SWE,2015,
Sweden,SWE,2014,
Sweden,SWE,2013,
Sweden,SWE,2012,
Sweden,SWE,2011,
Sweden,SWE,2010,
Sweden,SWE,2009,
Sweden,SWE,2008,
Sweden,SWE,2007,
Sweden,SWE,2006,
Sweden,SWE,2005,
Sweden,SWE,2004,
Sweden,SWE,2003,
Sweden,SWE,2002,
Sweden,SWE,2001,
Sweden,SWE,2000,
Sweden,SWE,1999,
Sweden,SWE,1998,
Sweden,SWE,1997,
Sweden,SWE,1996,
Sweden,SWE,1995,
Sweden,SWE,1994,
Sweden,SWE,1993,
Sweden,SWE,1992,
Sweden,SWE,1991,
Sweden,SWE,1990,
Sweden,SWE,1989,
Sweden,SWE,1988,
Sweden,SWE,1987,
Sweden,SWE,1986,
Sweden,SWE,1985,
Sweden,SWE,1984,
Sweden,SWE,1983,
Sweden,SWE,1982,
Sweden,SWE,1981,
Sweden,SWE,1980,
Sweden,SWE,1979,
Sweden,SWE,1978,
Sweden,SWE,1977,
Sweden,SWE,1976,
Sweden,SWE,1975,
Sweden,SWE,1974,
Sweden,SWE,1973,
Sweden,SWE,1972,
Sweden,SWE,1971,
Sweden,SWE,1970,
Sweden,SWE,1969,
Sweden,SWE,1968,
Sweden,SWE,1967,
Sweden,SWE,1966,
Sweden,SWE,1965,
Sweden,SWE,1964,
Sweden,SWE,1963,
Sweden,SWE,1962,
Sweden,SWE,1961,
Sweden,SWE,1960,
Switzerland,CHE,2025,
Switzerland,CHE,2024,
Switzerland,CHE,2023,
Switzerland,CHE,2022,
Switzerland,CHE,2021,
Switzerland,CHE,2020,
Switzerland,CHE,2019,
Switzerland,CHE,2018,
Switzerland,CHE,2017,
Switzerland,CHE,2016,
Switzerland,CHE,2015,
Switzerland,CHE,2014,
Switzerland,CHE,2013,
Switzerland,CHE,2012,
Switzerland,CHE,2011,
Switzerland,CHE,2010,
Switzerland,CHE,2009,
Switzerland,CHE,2008,
Switzerland,CHE,2007,
Switzerland,CHE,2006,
Switzerland,CHE,2005,
Switzerland,CHE,2004,
Switzerland,CHE,2003,
Switzerland,CHE,2002,
Switzerland,CHE,2001,
Switzerland,CHE,2000,
Switzerland,CHE,1999,
Switzerland,CHE,1998,
Switzerland,CHE,1997,
Switzerland,CHE,1996,
Switzerland,CHE,1995,
Switzerland,CHE,1994,
Switzerland,CHE,1993,
Switzerland,CHE,1992,
Switzerland,CHE,1991,
Switzerland,CHE,1990,
Switzerland,CHE,1989,
Switzerland,CHE,1988,
Switzerland,CHE,1987,
Switzerland,CHE,1986,
Switzerland,CHE,1985,
Switzerland,CHE,1984,
Switzerland,CHE,1983,
Switzerland,CHE,1982,
Switzerland,CHE,1981,
Switzerland,CHE,1980,
Switzerland,CHE,1979,
Switzerland,CHE,1978,
Switzerland,CHE,1977,
Switzerland,CHE,1976,
Switzerland,CHE,1975,
Switzerland,CHE,1974,
Switzerland,CHE,1973,
Switzerland,CHE,1972,
Switzerland,CHE,1971,
Switzerland,CHE,1970,
Switzerland,CHE,1969,
Switzerland,CHE,1968,
Switzerland,CHE,1967,
Switzerland,CHE,1966,
Switzerland,CHE,1965,
Switzerland,CHE,1964,
Switzerland,CHE,1963,
Switzerland,CHE,1962,
Switzerland,CHE,1961,
Switzerland,CHE,1960,
Syrian Arab Republic,SYR,2025,
Syrian Arab Republic,SYR,2024,
Syrian Arab Republic,SYR,2023,
Syrian Arab Republic,SYR,2022,31.4787623609564
Syrian Arab Republic,SYR,2021,70.0695269566447
Syrian Arab Republic,SYR,2020,86.9268240719525
Syrian Arab Republic,SYR,2019,46.611326765029
Syrian Arab Republic,SYR,2018,48.2449333856848
Syrian Arab Republic,SYR,2017,66.0215740253512
Syrian Arab Republic,SYR,2016,73.3611517520088
Syrian Arab Republic,SYR,2015,31.0503667746687
Syrian Arab Republic,SYR,2014,20.1860164461182
Syrian Arab Republic,SYR,2013,17.796890898204
Syrian Arab Republic,SYR,2012,4.02782853500484
Syrian Arab Republic,SYR,2011,0.532773441706037
Syrian Arab Republic,SYR,2010,0.303248473536366
Syrian Arab Republic,SYR,2009,0.399709675457259
Syrian Arab Republic,SYR,2008,0.319692243365071
Syrian Arab Republic,SYR,2007,0.220715249912159
Syrian Arab Republic,SYR,2006,0.0633625362630155
Syrian Arab Republic,SYR,2005,0.269512445958816
Syrian Arab Republic,SYR,2004,0.459434923632165
Syrian Arab Republic,SYR,2003,0.593994922187153
Syrian Arab Republic,SYR,2002,0.332106242419842
Syrian Arab Republic,SYR,2001,0.828355749026266
Syrian Arab Republic,SYR,2000,0.928387662595488
Syrian Arab Republic,SYR,1999,1.61066371044835
Syrian Arab Republic,SYR,1998,1.13703901975319
Syrian Arab Republic,SYR,1997,1.5383856329457
Syrian Arab Republic,SYR,1996,1.68166289774661
Syrian Arab Republic,SYR,1995,3.29209874682825
Syrian Arab Republic,SYR,1994,7.75048038003913
Syrian Arab Republic,SYR,1993,2.07399435604512
Syrian Arab Republic,SYR,1992,1.6349368549636
Syrian Arab Republic,SYR,1991,4.56305032531344
Syrian Arab Republic,SYR,1990,7.91597999761455
Syrian Arab Republic,SYR,1989,1.41022687657567
Syrian Arab Republic,SYR,1988,1.93659209972226
Syrian Arab Republic,SYR,1987,7.49310446322786
Syrian Arab Republic,SYR,1986,5.7055643228487
Syrian Arab Republic,SYR,1985,3.8652289250012
Syrian Arab Republic,SYR,1984,3.8226634189238
Syrian Arab Republic,SYR,1983,5.27301230078238
Syrian Arab Republic,SYR,1982,7.39567337956405
Syrian Arab Republic,SYR,1981,12.0681264444334
Syrian Arab Republic,SYR,1980,15.1164119807002
Syrian Arab Republic,SYR,1979,21.2976410194389
Syrian Arab Republic,SYR,1978,10.1941129120307
Syrian Arab Republic,SYR,1977,13.8391080388161
Syrian Arab Republic,SYR,1976,10.7767399391596
Syrian Arab Republic,SYR,1975,12.4981975372521
Syrian Arab Republic,SYR,1974,15.3662186322361
Syrian Arab Republic,SYR,1973,13.5642116725343
Syrian Arab Republic,SYR,1972,1.84331448623537
Syrian Arab Republic,SYR,1971,0.865546553981112
Syrian Arab Republic,SYR,1970,1.05521163336219
Syrian Arab Republic,SYR,1969,0.506214980052951
Syrian Arab Republic,SYR,1968,0.307695367487693
Syrian Arab Republic,SYR,1967,0.380344587737478
Syrian Arab Republic,SYR,1966,1.56405547069239
Syrian Arab Republic,SYR,1965,0.230133698039579
Syrian Arab Republic,SYR,1964,0.365006366400129
Syrian Arab Republic,SYR,1963,0.234453663922983
Syrian Arab Republic,SYR,1962,2.33606247279715
Syrian Arab Republic,SYR,1961,1.77990986154373
Syrian Arab Republic,SYR,1960,2.22680805263384
Tajikistan,TJK,2025,
Tajikistan,TJK,2024,
Tajikistan,TJK,2023,3.4751537144387
Tajikistan,TJK,2022,4.18447111360647
Tajikistan,TJK,2021,5.18205062190212
Tajikistan,TJK,2020,7.53240794173957
Tajikistan,TJK,2019,3.75844222920152
Tajikistan,TJK,2018,4.49075789057439
Tajikistan,TJK,2017,3.79974891065399
Tajikistan,TJK,2016,4.45117437792254
Tajikistan,TJK,2015,4.41164164343703
Tajikistan,TJK,2014,3.15555673173096
Tajikistan,TJK,2013,3.51448292740253
Tajikistan,TJK,2012,4.04567037031609
Tajikistan,TJK,2011,3.39232844839424
Tajikistan,TJK,2010,4.64952131531418
Tajikistan,TJK,2009,5.00982401356829
Tajikistan,TJK,2008,3.52155422876604
Tajikistan,TJK,2007,4.15306828134239
Tajikistan,TJK,2006,5.97610728362084
Tajikistan,TJK,2005,8.50835122713539
Tajikistan,TJK,2004,11.3401573829087
Tajikistan,TJK,2003,8.97648886730944
Tajikistan,TJK,2002,13.1100550043846
Tajikistan,TJK,2001,15.7885555339716
Tajikistan,TJK,2000,13.5578899593814
Tajikistan,TJK,1999,10.6546788766408
Tajikistan,TJK,1998,12.4765816541507
Tajikistan,TJK,1997,9.57098887212203
Tajikistan,TJK,1996,10.6620369690835
Tajikistan,TJK,1995,5.50108826974665
Tajikistan,TJK,1994,5.07768515162499
Tajikistan,TJK,1993,1.57620310608758
Tajikistan,TJK,1992,0.620364768427712
Tajikistan,TJK,1991,
Tajikistan,TJK,1990,
Tajikistan,TJK,1989,
Tajikistan,TJK,1988,
Tajikistan,TJK,1987,
Tajikistan,TJK,1986,
Tajikistan,TJK,1985,
Tajikistan,TJK,1984,
Tajikistan,TJK,1983,
Tajikistan,TJK,1982,
Tajikistan,TJK,1981,
Tajikistan,TJK,1980,
Tajikistan,TJK,1979,
Tajikistan,TJK,1978,
Tajikistan,TJK,1977,
Tajikistan,TJK,1976,
Tajikistan,TJK,1975,
Tajikistan,TJK,1974,
Tajikistan,TJK,1973,
Tajikistan,TJK,1972,
Tajikistan,TJK,1971,
Tajikistan,TJK,1970,
Tajikistan,TJK,1969,
Tajikistan,TJK,1968,
Tajikistan,TJK,1967,
Tajikistan,TJK,1966,
Tajikistan,TJK,1965,
Tajikistan,TJK,1964,
Tajikistan,TJK,1963,
Tajikistan,TJK,1962,
Tajikistan,TJK,1961,
Tajikistan,TJK,1960,
Tanzania,TZA,2025,
Tanzania,TZA,2024,
Tanzania,TZA,2023,3.94261128973222
Tanzania,TZA,2022,3.55757595208918
Tanzania,TZA,2021,3.77140167483885
Tanzania,TZA,2020,3.51569509955142
Tanzania,TZA,2019,3.54419377923018
Tanzania,TZA,2018,4.35588336393621
Tanzania,TZA,2017,4.94005950877757
Tanzania,TZA,2016,4.74810807218485
Tanzania,TZA,2015,5.53657404633591
Tanzania,TZA,2014,5.35960194568487
Tanzania,TZA,2013,7.63862528624182
Tanzania,TZA,2012,7.22165919270816
Tanzania,TZA,2011,7.179007105631
Tanzania,TZA,2010,7.17513045072094
Tanzania,TZA,2009,10.7331343483789
Tanzania,TZA,2008,8.42870297355262
Tanzania,TZA,2007,13.0717810372467
Tanzania,TZA,2006,10.1364121936795
Tanzania,TZA,2005,8.25662251169564
Tanzania,TZA,2004,10.768081128605
Tanzania,TZA,2003,11.4747572086006
Tanzania,TZA,2002,8.9722319249215
Tanzania,TZA,2001,9.62180281998858
Tanzania,TZA,2000,8.02800073547245
Tanzania,TZA,1999,7.90852071240446
Tanzania,TZA,1998,8.29898800632007
Tanzania,TZA,1997,8.55195323153081
Tanzania,TZA,1996,9.26352265438513
Tanzania,TZA,1995,11.6109620525086
Tanzania,TZA,1994,15.0635945621826
Tanzania,TZA,1993,15.6914048193908
Tanzania,TZA,1992,20.5404312027773
Tanzania,TZA,1991,15.3016437849227
Tanzania,TZA,1990,19.3925107572255
Tanzania,TZA,1989,14.5341951387204
Tanzania,TZA,1988,13.9475223377905
Tanzania,TZA,1987,11.5797750586414
Tanzania,TZA,1986,6.15256467565981
Tanzania,TZA,1985,3.13243599586576
Tanzania,TZA,1984,4.27096603171698
Tanzania,TZA,1983,4.18966759785845
Tanzania,TZA,1982,4.8835827524362
Tanzania,TZA,1981,5.31023180205801
Tanzania,TZA,1980,5.92888618700559
Tanzania,TZA,1979,5.98346494619429
Tanzania,TZA,1978,4.55820289476264
Tanzania,TZA,1977,4.38579087399218
Tanzania,TZA,1976,4.12115068564091
Tanzania,TZA,1975,5.12125639709552
Tanzania,TZA,1974,3.25878759076205
Tanzania,TZA,1973,2.41593872828208
Tanzania,TZA,1972,1.76183160888305
Tanzania,TZA,1971,2.03912673351161
Tanzania,TZA,1970,1.7897278418786
Tanzania,TZA,1969,0.743693312345657
Tanzania,TZA,1968,0.82869215641086
Tanzania,TZA,1967,0.883711652942257
Tanzania,TZA,1966,0.793383946313075
Tanzania,TZA,1965,1.01751427984102
Tanzania,TZA,1964,1.22466156096541
Tanzania,TZA,1963,0.906654860675626
Tanzania,TZA,1962,1.52392832250358
Tanzania,TZA,1961,1.39385866694238
Tanzania,TZA,1960,0.393848975717192
Thailand,THA,2025,
Thailand,THA,2024,
Thailand,THA,2023,0.0168927193799064
Thailand,THA,2022,0.115752157534506
Thailand,THA,2021,0.0273929847645155
Thailand,THA,2020,0.0407745706352862
Thailand,THA,2019,-0.0669245184161615
Thailand,THA,2018,-0.0869413910259997
Thailand,THA,2017,0.0574019888684555
Thailand,THA,2016,0.0578192906755546
Thailand,THA,2015,0.0154141717261514
Thailand,THA,2014,0.091751001899181
Thailand,THA,2013,0.00731811110678138
Thailand,THA,2012,-0.0346318176482192
Thailand,THA,2011,-0.0370621023919577
Thailand,THA,2010,-0.00638280855894968
Thailand,THA,2009,-0.0114163265106956
Thailand,THA,2008,-0.219233287590922
Thailand,THA,2007,-0.120958244825058
Thailand,THA,2006,-0.100307247856215
Thailand,THA,2005,-0.0910159391248752
Thailand,THA,2004,0.0313559660249106
Thailand,THA,2003,-0.64262026934326
Thailand,THA,2002,0.229823641321821
Thailand,THA,2001,0.243178620321182
Thailand,THA,2000,0.565511331523491
Thailand,THA,1999,0.827412037694016
Thailand,THA,1998,0.640508742205871
Thailand,THA,1997,0.428858204180387
Thailand,THA,1996,0.46598647294813
Thailand,THA,1995,0.503823181209674
Thailand,THA,1994,0.40104489814245
Thailand,THA,1993,0.459189687754831
Thailand,THA,1992,0.675518109787395
Thailand,THA,1991,0.737964056538818
Thailand,THA,1990,0.944133572399586
Thailand,THA,1989,0.958420182656632
Thailand,THA,1988,0.870403175956478
Thailand,THA,1987,0.924597505753325
Thailand,THA,1986,1.06970004194339
Thailand,THA,1985,1.1683650853579
Thailand,THA,1984,1.09216794978185
Thailand,THA,1983,1.05264078846415
Thailand,THA,1982,1.06464568257279
Thailand,THA,1981,1.17981044855865
Thailand,THA,1980,1.29628812356083
Thailand,THA,1979,1.43508981357713
Thailand,THA,1978,1.0733736127061
Thailand,THA,1977,0.664435844250999
Thailand,THA,1976,0.990432044388432
Thailand,THA,1975,0.567837833705618
Thailand,THA,1974,0.517298394957846
Thailand,THA,1973,0.563148436805575
Thailand,THA,1972,0.658360817859353
Thailand,THA,1971,0.850724121867402
Thailand,THA,1970,1.04267748373522
Thailand,THA,1969,1.01849594958022
Thailand,THA,1968,1.06897926652186
Thailand,THA,1967,1.06662574493513
Thailand,THA,1966,0.83972625424033
Thailand,THA,1965,1.11928105381607
Thailand,THA,1964,0.820624111948995
Thailand,THA,1963,1.02838554809838
Thailand,THA,1962,1.14769369507195
Thailand,THA,1961,0.969350954207135
Thailand,THA,1960,1.58986217198181
Timor-Leste,TLS,2025,
Timor-Leste,TLS,2024,
Timor-Leste,TLS,2023,11.3345943401069
Timor-Leste,TLS,2022,7.34741893667808
Timor-Leste,TLS,2021,7.40670788242085
Timor-Leste,TLS,2020,10.6088183492867
Timor-Leste,TLS,2019,8.04092591566917
Timor-Leste,TLS,2018,9.28755198118349
Timor-Leste,TLS,2017,10.2742993867238
Timor-Leste,TLS,2016,10.0744744927612
Timor-Leste,TLS,2015,7.61301165866334
Timor-Leste,TLS,2014,7.47629948588454
Timor-Leste,TLS,2013,6.22759286470396
Timor-Leste,TLS,2012,6.56841629367122
Timor-Leste,TLS,2011,6.01864390018014
Timor-Leste,TLS,2010,8.58176813454427
Timor-Leste,TLS,2009,8.41635032114128
Timor-Leste,TLS,2008,8.31464424447728
Timor-Leste,TLS,2007,14.2156983385492
Timor-Leste,TLS,2006,16.074636733783
Timor-Leste,TLS,2005,21.8489144410015
Timor-Leste,TLS,2004,23.6703849461111
Timor-Leste,TLS,2003,26.4381311908491
Timor-Leste,TLS,2002,28.8419896626003
Timor-Leste,TLS,2001,30.6830823840075
Timor-Leste,TLS,2000,44.8838451499077
Timor-Leste,TLS,1999,33.643668899866
Timor-Leste,TLS,1998,0.254363275712382
Timor-Leste,TLS,1997,0.0666731283500428
Timor-Leste,TLS,1996,0.012930281088455
Timor-Leste,TLS,1995,0.00377543692244595
Timor-Leste,TLS,1994,0.0477366209140203
Timor-Leste,TLS,1993,0.0960630363118238
Timor-Leste,TLS,1992,0.0343266666274888
Timor-Leste,TLS,1991,0.31572187375418
Timor-Leste,TLS,1990,0.0386966178626797
Timor-Leste,TLS,1989,
Timor-Leste,TLS,1988,
Timor-Leste,TLS,1987,
Timor-Leste,TLS,1986,
Timor-Leste,TLS,1985,
Timor-Leste,TLS,1984,
Timor-Leste,TLS,1983,
Timor-Leste,TLS,1982,
Timor-Leste,TLS,1981,
Timor-Leste,TLS,1980,
Timor-Leste,TLS,1979,
Timor-Leste,TLS,1978,
Timor-Leste,TLS,1977,
Timor-Leste,TLS,1976,
Timor-Leste,TLS,1975,
Timor-Leste,TLS,1974,
Timor-Leste,TLS,1973,
Timor-Leste,TLS,1972,
Timor-Leste,TLS,1971,
Timor-Leste,TLS,1970,
Timor-Leste,TLS,1969,
Timor-Leste,TLS,1968,
Timor-Leste,TLS,1967,
Timor-Leste,TLS,1966,
Timor-Leste,TLS,1965,
Timor-Leste,TLS,1964,
Timor-Leste,TLS,1963,
Timor-Leste,TLS,1962,
Timor-Leste,TLS,1961,
Timor-Leste,TLS,1960,
Togo,TGO,2025,
Togo,TGO,2024,
Togo,TGO,2023,6.26407667950394
Togo,TGO,2022,4.9626430205307
Togo,TGO,2021,4.11363457117729
Togo,TGO,2020,7.47384425103709
Togo,TGO,2019,5.7694048737209
Togo,TGO,2018,4.77675656828307
Togo,TGO,2017,5.39611738507745
Togo,TGO,2016,2.7515700899264
Togo,TGO,2015,3.38311172899741
Togo,TGO,2014,3.27577089750294
Togo,TGO,2013,3.74264885538888
Togo,TGO,2012,4.52211105280759
Togo,TGO,2011,9.58901263947118
Togo,TGO,2010,8.35462242966074
Togo,TGO,2009,10.5153774076447
Togo,TGO,2008,7.23397812253565
Togo,TGO,2007,3.28409842892058
Togo,TGO,2006,2.43150425641595
Togo,TGO,2005,2.59168474504698
Togo,TGO,2004,2.06326412063306
Togo,TGO,2003,1.68959799229878
Togo,TGO,2002,2.14033653859319
Togo,TGO,2001,2.23303001742668
Togo,TGO,2000,3.3512788863041
Togo,TGO,1999,3.26904305243628
Togo,TGO,1998,5.79101758037706
Togo,TGO,1997,5.99299106111148
Togo,TGO,1996,7.60624815307516
Togo,TGO,1995,10.5392845847132
Togo,TGO,1994,9.28287106657914
Togo,TGO,1993,5.47190642713611
Togo,TGO,1992,9.4106625098073
Togo,TGO,1991,8.92064469768258
Togo,TGO,1990,11.3902751878219
Togo,TGO,1989,10.6425440266309
Togo,TGO,1988,10.8248073691909
Togo,TGO,1987,7.06432295142303
Togo,TGO,1986,11.6972990401978
Togo,TGO,1985,10.6755887673157
Togo,TGO,1984,11.0995354824413
Togo,TGO,1983,10.6930427904081
Togo,TGO,1982,6.83377641608739
Togo,TGO,1981,4.69636655138007
Togo,TGO,1980,5.77995936311873
Togo,TGO,1979,8.84601667994605
Togo,TGO,1978,8.90995782268584
Togo,TGO,1977,5.89214060910953
Togo,TGO,1976,4.91531555456956
Togo,TGO,1975,4.81008274534382
Togo,TGO,1974,4.87718433405532
Togo,TGO,1973,4.60023813266918
Togo,TGO,1972,4.63191326174008
Togo,TGO,1971,4.81446655833933
Togo,TGO,1970,4.78589258928628
Togo,TGO,1969,4.68500462419466
Togo,TGO,1968,5.62272605285153
Togo,TGO,1967,4.36050309611504
Togo,TGO,1966,3.99239576589474
Togo,TGO,1965,5.1601832582212
Togo,TGO,1964,6.28399998176485
Togo,TGO,1963,3.2292438200822
Togo,TGO,1962,2.42417123878706
Togo,TGO,1961,1.65274490550176
Togo,TGO,1960,0.0644852281309853
Tonga,TON,2025,
Tonga,TON,2024,
Tonga,TON,2023,20.3478186153954
Tonga,TON,2022,50.6841565356857
Tonga,TON,2021,20.7308727276589
Tonga,TON,2020,30.0519393713002
Tonga,TON,2019,20.0379650470013
Tonga,TON,2018,18.8481239234468
Tonga,TON,2017,18.2310189177113
Tonga,TON,2016,19.3249938527634
Tonga,TON,2015,15.4727282325829
Tonga,TON,2014,18.0857331822525
Tonga,TON,2013,17.5105702047413
Tonga,TON,2012,16.1195443283327
Tonga,TON,2011,20.7806358947272
Tonga,TON,2010,15.5903845042411
Tonga,TON,2009,11.4381524080741
Tonga,TON,2008,7.32061417043046
Tonga,TON,2007,10.5611063920936
Tonga,TON,2006,7.58437285278215
Tonga,TON,2005,12.5939064292581
Tonga,TON,2004,8.71606839962638
Tonga,TON,2003,10.9581762534757
Tonga,TON,2002,9.67658607428986
Tonga,TON,2001,11.3527034589865
Tonga,TON,2000,7.91452344030605
Tonga,TON,1999,9.39390738304228
Tonga,TON,1998,10.0760555329752
Tonga,TON,1997,11.6656763994628
Tonga,TON,1996,12.9098639127195
Tonga,TON,1995,15.07397759745
Tonga,TON,1994,14.3197880734131
Tonga,TON,1993,20.3640054183467
Tonga,TON,1992,15.9190390197835
Tonga,TON,1991,12.6973338728986
Tonga,TON,1990,23.3037481739
Tonga,TON,1989,20.6138134454671
Tonga,TON,1988,15.1430978842945
Tonga,TON,1987,24.1774800020246
Tonga,TON,1986,19.460343417825
Tonga,TON,1985,20.301928322691
Tonga,TON,1984,22.0393637755615
Tonga,TON,1983,27.4853174277823
Tonga,TON,1982,26.4135214208443
Tonga,TON,1981,26.1106899834378
Tonga,TON,1980,
Tonga,TON,1979,
Tonga,TON,1978,
Tonga,TON,1977,
Tonga,TON,1976,
Tonga,TON,1975,
Tonga,TON,1974,
Tonga,TON,1973,
Tonga,TON,1972,
Tonga,TON,1971,
Tonga,TON,1970,
Tonga,TON,1969,
Tonga,TON,1968,
Tonga,TON,1967,
Tonga,TON,1966,
Tonga,TON,1965,
Tonga,TON,1964,
Tonga,TON,1963,
Tonga,TON,1962,
Tonga,TON,1961,
Tonga,TON,1960,
Trinidad and Tobago,TTO,2025,
Trinidad and Tobago,TTO,2024,
Trinidad and Tobago,TTO,2023,
Trinidad and Tobago,TTO,2022,
Trinidad and Tobago,TTO,2021,
Trinidad and Tobago,TTO,2020,
Trinidad and Tobago,TTO,2019,
Trinidad and Tobago,TTO,2018,
Trinidad and Tobago,TTO,2017,
Trinidad and Tobago,TTO,2016,
Trinidad and Tobago,TTO,2015,
Trinidad and Tobago,TTO,2014,
Trinidad and Tobago,TTO,2013,
Trinidad and Tobago,TTO,2012,
Trinidad and Tobago,TTO,2011,
Trinidad and Tobago,TTO,2010,0.0205897773805389
Trinidad and Tobago,TTO,2009,0.0369043004066841
Trinidad and Tobago,TTO,2008,0.0348676769384547
Trinidad and Tobago,TTO,2007,0.0990189014859516
Trinidad and Tobago,TTO,2006,0.070578798936977
Trinidad and Tobago,TTO,2005,-0.0158663453926308
Trinidad and Tobago,TTO,2004,-0.0117985017897267
Trinidad and Tobago,TTO,2003,-0.0295541666089769
Trinidad and Tobago,TTO,2002,-0.110570483838977
Trinidad and Tobago,TTO,2001,-0.074587677962348
Trinidad and Tobago,TTO,2000,-0.0207285774446687
Trinidad and Tobago,TTO,1999,0.420184951766259
Trinidad and Tobago,TTO,1998,0.255330875205058
Trinidad and Tobago,TTO,1997,0.625026064738507
Trinidad and Tobago,TTO,1996,0.287862975928922
Trinidad and Tobago,TTO,1995,0.478016805057394
Trinidad and Tobago,TTO,1994,0.444309381632112
Trinidad and Tobago,TTO,1993,0.0329214692835813
Trinidad and Tobago,TTO,1992,0.117600887698167
Trinidad and Tobago,TTO,1991,-0.038431222837095
Trinidad and Tobago,TTO,1990,0.364786673303838
Trinidad and Tobago,TTO,1989,0.130024454236486
Trinidad and Tobago,TTO,1988,0.149465930260864
Trinidad and Tobago,TTO,1987,0.811165761079494
Trinidad and Tobago,TTO,1986,0.43205644026949
Trinidad and Tobago,TTO,1985,0.103303484456915
Trinidad and Tobago,TTO,1984,0.0686910077399478
Trinidad and Tobago,TTO,1983,0.0775587709923296
Trinidad and Tobago,TTO,1982,0.0601838949947882
Trinidad and Tobago,TTO,1981,-0.046024264656265
Trinidad and Tobago,TTO,1980,0.0646863837474368
Trinidad and Tobago,TTO,1979,0.0765906045875255
Trinidad and Tobago,TTO,1978,0.0918363700053921
Trinidad and Tobago,TTO,1977,0.0713002358441887
Trinidad and Tobago,TTO,1976,0.159291872993876
Trinidad and Tobago,TTO,1975,0.185652077285337
Trinidad and Tobago,TTO,1974,0.186714287095749
Trinidad and Tobago,TTO,1973,0.18408787997838
Trinidad and Tobago,TTO,1972,0.291327629998141
Trinidad and Tobago,TTO,1971,0.480824704590791
Trinidad and Tobago,TTO,1970,0.710934934184463
Trinidad and Tobago,TTO,1969,0.925729657371897
Trinidad and Tobago,TTO,1968,0.666135675133237
Trinidad and Tobago,TTO,1967,0.791815045405419
Trinidad and Tobago,TTO,1966,1.37948918769851
Trinidad and Tobago,TTO,1965,2.20480472064863
Trinidad and Tobago,TTO,1964,1.6898482663254
Trinidad and Tobago,TTO,1963,1.69851394037497
Trinidad and Tobago,TTO,1962,0.0994472651024079
Trinidad and Tobago,TTO,1961,0.0154353626262927
Trinidad and Tobago,TTO,1960,
Tunisia,TUN,2025,
Tunisia,TUN,2024,
Tunisia,TUN,2023,2.61210641637506
Tunisia,TUN,2022,2.74434249913848
Tunisia,TUN,2021,2.43554093679102
Tunisia,TUN,2020,2.37469792485443
Tunisia,TUN,2019,2.40119246823005
Tunisia,TUN,2018,1.93708049744182
Tunisia,TUN,2017,1.97197984286984
Tunisia,TUN,2016,1.49023772076605
Tunisia,TUN,2015,1.11182323500338
Tunisia,TUN,2014,1.89980743872399
Tunisia,TUN,2013,1.53281884863117
Tunisia,TUN,2012,2.251052233298
Tunisia,TUN,2011,2.01298317558378
Tunisia,TUN,2010,1.2306315777533
Tunisia,TUN,2009,1.1944088162353
Tunisia,TUN,2008,0.894107973185608
Tunisia,TUN,2007,0.88510753240212
Tunisia,TUN,2006,1.33205646009299
Tunisia,TUN,2005,1.2033769052433
Tunisia,TUN,2004,1.11564394035814
Tunisia,TUN,2003,1.1432713219354
Tunisia,TUN,2002,0.980683049760948
Tunisia,TUN,2001,1.73357307064937
Tunisia,TUN,2000,1.08539559752194
Tunisia,TUN,1999,1.14873144869281
Tunisia,TUN,1998,0.72050358845748
Tunisia,TUN,1997,0.98354617153288
Tunisia,TUN,1996,0.68389277226035
Tunisia,TUN,1995,0.438978099906968
Tunisia,TUN,1994,0.717466618747897
Tunisia,TUN,1993,1.77718117136841
Tunisia,TUN,1992,2.62697434686019
Tunisia,TUN,1991,2.83159258929434
Tunisia,TUN,1990,3.30354523520806
Tunisia,TUN,1989,2.90843031837812
Tunisia,TUN,1988,3.28000415130242
Tunisia,TUN,1987,2.9776462261697
Tunisia,TUN,1986,2.56230694998635
Tunisia,TUN,1985,1.99068889471794
Tunisia,TUN,1984,2.20116648765729
Tunisia,TUN,1983,2.50841674609816
Tunisia,TUN,1982,2.64479293362661
Tunisia,TUN,1981,2.9886420550102
Tunisia,TUN,1980,2.84567175000966
Tunisia,TUN,1979,3.03145513668292
Tunisia,TUN,1978,5.39748112025396
Tunisia,TUN,1977,5.03191648637658
Tunisia,TUN,1976,5.04716456460469
Tunisia,TUN,1975,5.10989754616256
Tunisia,TUN,1974,5.09405557413295
Tunisia,TUN,1973,5.13453798014361
Tunisia,TUN,1972,5.24259402055541
Tunisia,TUN,1971,6.53523443748024
Tunisia,TUN,1970,8.17640756264332
Tunisia,TUN,1969,9.37772059922679
Tunisia,TUN,1968,6.16950127889364
Tunisia,TUN,1967,8.53577882993278
Tunisia,TUN,1966,8.16732358260893
Tunisia,TUN,1965,9.40551705195986
Tunisia,TUN,1964,7.02698508781116
Tunisia,TUN,1963,8.23886661225205
Tunisia,TUN,1962,8.03152931681582
Tunisia,TUN,1961,10.8473109292002
Tunisia,TUN,1960,
Turkiye,TUR,2025,
Turkiye,TUR,2024,
Turkiye,TUR,2023,0.13722599295077
Turkiye,TUR,2022,0.0873712782957776
Turkiye,TUR,2021,0.12790355839265
Turkiye,TUR,2020,0.0749658135227427
Turkiye,TUR,2019,0.0918151888240677
Turkiye,TUR,2018,0.1538596716039
Turkiye,TUR,2017,0.370310035215228
Turkiye,TUR,2016,0.418863670013141
Turkiye,TUR,2015,0.250212907969912
Turkiye,TUR,2014,0.368978427074074
Turkiye,TUR,2013,0.298657321015624
Turkiye,TUR,2012,0.354162588303747
Turkiye,TUR,2011,0.392890729605449
Turkiye,TUR,2010,0.133710784390566
Turkiye,TUR,2009,0.20986570584865
Turkiye,TUR,2008,0.145540653642637
Turkiye,TUR,2007,0.11718922381036
Turkiye,TUR,2006,0.10281382815024
Turkiye,TUR,2005,0.0793981381757925
Turkiye,TUR,2004,0.0714072770021877
Turkiye,TUR,2003,0.054104952531475
Turkiye,TUR,2002,0.115754535563139
Turkiye,TUR,2001,0.0675777481699122
Turkiye,TUR,2000,0.12135708053618
Turkiye,TUR,1999,0.00491828925006267
Turkiye,TUR,1998,0.0102874687964261
Turkiye,TUR,1997,0.00259198627112413
Turkiye,TUR,1996,0.0994503142877492
Turkiye,TUR,1995,0.135448386215229
Turkiye,TUR,1994,0.155706093693283
Turkiye,TUR,1993,0.252003727996867
Turkiye,TUR,1992,0.227693544883235
Turkiye,TUR,1991,1.08513166114437
Turkiye,TUR,1990,0.880100535803813
Turkiye,TUR,1989,0.138272187359557
Turkiye,TUR,1988,0.318894306301167
Turkiye,TUR,1987,0.445181779568117
Turkiye,TUR,1986,0.460666661364551
Turkiye,TUR,1985,0.274209091669137
Turkiye,TUR,1984,0.411527689973487
Turkiye,TUR,1983,0.589811014609656
Turkiye,TUR,1982,1.02965068118355
Turkiye,TUR,1981,1.0424167756988
Turkiye,TUR,1980,1.4074711261113
Turkiye,TUR,1979,0.658207660552668
Turkiye,TUR,1978,0.268240650212857
Turkiye,TUR,1977,0.159421273352576
Turkiye,TUR,1976,0.246397776651151
Turkiye,TUR,1975,0.127502413228034
Turkiye,TUR,1974,0.142430595999458
Turkiye,TUR,1973,0.320596513218789
Turkiye,TUR,1972,1.13261653552391
Turkiye,TUR,1971,1.26610694239982
Turkiye,TUR,1970,0.988650323910705
Turkiye,TUR,1969,0.888898419431071
Turkiye,TUR,1968,1.00298024501935
Turkiye,TUR,1967,1.26930810381444
Turkiye,TUR,1966,
Turkiye,TUR,1965,
Turkiye,TUR,1964,
Turkiye,TUR,1963,
Turkiye,TUR,1962,
Turkiye,TUR,1961,
Turkiye,TUR,1960,
Turkmenistan,TKM,2025,
Turkmenistan,TKM,2024,
Turkmenistan,TKM,2023,0.0798672735327719
Turkmenistan,TKM,2022,0.0391914391031228
Turkmenistan,TKM,2021,0.0738664966673172
Turkmenistan,TKM,2020,0.085265595007481
Turkmenistan,TKM,2019,0.0654606002920539
Turkmenistan,TKM,2018,0.0523945372109728
Turkmenistan,TKM,2017,0.0774178812971216
Turkmenistan,TKM,2016,0.0914919652963795
Turkmenistan,TKM,2015,0.0681034692133807
Turkmenistan,TKM,2014,0.0870517032822848
Turkmenistan,TKM,2013,0.100367357827648
Turkmenistan,TKM,2012,0.11829226696331
Turkmenistan,TKM,2011,0.154588806940526
Turkmenistan,TKM,2010,0.21011005591369
Turkmenistan,TKM,2009,0.214359975231378
Turkmenistan,TKM,2008,0.0993787085415853
Turkmenistan,TKM,2007,0.233872996313786
Turkmenistan,TKM,2006,0.425943207204888
Turkmenistan,TKM,2005,0.385218170601729
Turkmenistan,TKM,2004,0.80282058671455
Turkmenistan,TKM,2003,0.488916395319566
Turkmenistan,TKM,2002,1.01652688811123
Turkmenistan,TKM,2001,2.18462257909482
Turkmenistan,TKM,2000,1.30286978046486
Turkmenistan,TKM,1999,1.03664816433669
Turkmenistan,TKM,1998,1.04333709716657
Turkmenistan,TKM,1997,0.821207261703307
Turkmenistan,TKM,1996,0.986610699308045
Turkmenistan,TKM,1995,1.22769156153216
Turkmenistan,TKM,1994,1.00206595809049
Turkmenistan,TKM,1993,0.971030441407844
Turkmenistan,TKM,1992,0.20590277051139
Turkmenistan,TKM,1991,
Turkmenistan,TKM,1990,
Turkmenistan,TKM,1989,
Turkmenistan,TKM,1988,
Turkmenistan,TKM,1987,
Turkmenistan,TKM,1986,
Turkmenistan,TKM,1985,
Turkmenistan,TKM,1984,
Turkmenistan,TKM,1983,
Turkmenistan,TKM,1982,
Turkmenistan,TKM,1981,
Turkmenistan,TKM,1980,
Turkmenistan,TKM,1979,
Turkmenistan,TKM,1978,
Turkmenistan,TKM,1977,
Turkmenistan,TKM,1976,
Turkmenistan,TKM,1975,
Turkmenistan,TKM,1974,
Turkmenistan,TKM,1973,
Turkmenistan,TKM,1972,
Turkmenistan,TKM,1971,
Turkmenistan,TKM,1970,
Turkmenistan,TKM,1969,
Turkmenistan,TKM,1968,
Turkmenistan,TKM,1967,
Turkmenistan,TKM,1966,
Turkmenistan,TKM,1965,
Turkmenistan,TKM,1964,
Turkmenistan,TKM,1963,
Turkmenistan,TKM,1962,
Turkmenistan,TKM,1961,
Turkmenistan,TKM,1960,
Turks and Caicos Islands,TCA,2025,
Turks and Caicos Islands,TCA,2024,
Turks and Caicos Islands,TCA,2023,
Turks and Caicos Islands,TCA,2022,
Turks and Caicos Islands,TCA,2021,
Turks and Caicos Islands,TCA,2020,
Turks and Caicos Islands,TCA,2019,
Turks and Caicos Islands,TCA,2018,
Turks and Caicos Islands,TCA,2017,
Turks and Caicos Islands,TCA,2016,
Turks and Caicos Islands,TCA,2015,
Turks and Caicos Islands,TCA,2014,
Turks and Caicos Islands,TCA,2013,
Turks and Caicos Islands,TCA,2012,
Turks and Caicos Islands,TCA,2011,
Turks and Caicos Islands,TCA,2010,
Turks and Caicos Islands,TCA,2009,
Turks and Caicos Islands,TCA,2008,
Turks and Caicos Islands,TCA,2007,
Turks and Caicos Islands,TCA,2006,
Turks and Caicos Islands,TCA,2005,
Turks and Caicos Islands,TCA,2004,
Turks and Caicos Islands,TCA,2003,
Turks and Caicos Islands,TCA,2002,
Turks and Caicos Islands,TCA,2001,
Turks and Caicos Islands,TCA,2000,
Turks and Caicos Islands,TCA,1999,
Turks and Caicos Islands,TCA,1998,
Turks and Caicos Islands,TCA,1997,
Turks and Caicos Islands,TCA,1996,
Turks and Caicos Islands,TCA,1995,
Turks and Caicos Islands,TCA,1994,
Turks and Caicos Islands,TCA,1993,
Turks and Caicos Islands,TCA,1992,
Turks and Caicos Islands,TCA,1991,
Turks and Caicos Islands,TCA,1990,
Turks and Caicos Islands,TCA,1989,
Turks and Caicos Islands,TCA,1988,
Turks and Caicos Islands,TCA,1987,
Turks and Caicos Islands,TCA,1986,
Turks and Caicos Islands,TCA,1985,
Turks and Caicos Islands,TCA,1984,
Turks and Caicos Islands,TCA,1983,
Turks and Caicos Islands,TCA,1982,
Turks and Caicos Islands,TCA,1981,
Turks and Caicos Islands,TCA,1980,
Turks and Caicos Islands,TCA,1979,
Turks and Caicos Islands,TCA,1978,
Turks and Caicos Islands,TCA,1977,
Turks and Caicos Islands,TCA,1976,
Turks and Caicos Islands,TCA,1975,
Turks and Caicos Islands,TCA,1974,
Turks and Caicos Islands,TCA,1973,
Turks and Caicos Islands,TCA,1972,
Turks and Caicos Islands,TCA,1971,
Turks and Caicos Islands,TCA,1970,
Turks and Caicos Islands,TCA,1969,
Turks and Caicos Islands,TCA,1968,
Turks and Caicos Islands,TCA,1967,
Turks and Caicos Islands,TCA,1966,
Turks and Caicos Islands,TCA,1965,
Turks and Caicos Islands,TCA,1964,
Turks and Caicos Islands,TCA,1963,
Turks and Caicos Islands,TCA,1962,
Turks and Caicos Islands,TCA,1961,
Turks and Caicos Islands,TCA,1960,
Tuvalu,TUV,2025,
Tuvalu,TUV,2024,
Tuvalu,TUV,2023,81.1484406707923
Tuvalu,TUV,2022,79.7829644797151
Tuvalu,TUV,2021,44.2481473843472
Tuvalu,TUV,2020,61.1570042045182
Tuvalu,TUV,2019,50.5459910417748
Tuvalu,TUV,2018,39.3656156023171
Tuvalu,TUV,2017,45.4611745430201
Tuvalu,TUV,2016,40.3713147514896
Tuvalu,TUV,2015,87.1292225854251
Tuvalu,TUV,2014,67.0336100772821
Tuvalu,TUV,2013,46.6735398856209
Tuvalu,TUV,2012,49.896680776837
Tuvalu,TUV,2011,63.9725363153233
Tuvalu,TUV,2010,25.8391673432122
Tuvalu,TUV,2009,32.9336355722863
Tuvalu,TUV,2008,30.9824908483783
Tuvalu,TUV,2007,21.5622200559912
Tuvalu,TUV,2006,36.4728380037062
Tuvalu,TUV,2005,23.4462033487897
Tuvalu,TUV,2004,21.1783347178524
Tuvalu,TUV,2003,21.0552732745796
Tuvalu,TUV,2002,33.7416092907449
Tuvalu,TUV,2001,32.4156516237468
Tuvalu,TUV,2000,17.2304845912981
Tuvalu,TUV,1999,14.9942440886003
Tuvalu,TUV,1998,20.4922335742282
Tuvalu,TUV,1997,37.5336441324678
Tuvalu,TUV,1996,42.2160070513452
Tuvalu,TUV,1995,32.4060622407087
Tuvalu,TUV,1994,30.0790962769076
Tuvalu,TUV,1993,21.4877810747449
Tuvalu,TUV,1992,38.1841328069384
Tuvalu,TUV,1991,25.164793230411
Tuvalu,TUV,1990,27.0258425961948
Tuvalu,TUV,1989,41.6713351657183
Tuvalu,TUV,1988,101.406825641726
Tuvalu,TUV,1987,260.366430467505
Tuvalu,TUV,1986,47.8685584229447
Tuvalu,TUV,1985,43.8960657283678
Tuvalu,TUV,1984,62.1332555120833
Tuvalu,TUV,1983,51.6165810758467
Tuvalu,TUV,1982,76.9978046813897
Tuvalu,TUV,1981,57.0785943002605
Tuvalu,TUV,1980,59.4378859327269
Tuvalu,TUV,1979,51.3477011815059
Tuvalu,TUV,1978,38.1981846628456
Tuvalu,TUV,1977,33.0185248212857
Tuvalu,TUV,1976,38.1968890499998
Tuvalu,TUV,1975,0.634025983473698
Tuvalu,TUV,1974,
Tuvalu,TUV,1973,
Tuvalu,TUV,1972,
Tuvalu,TUV,1971,
Tuvalu,TUV,1970,
Tuvalu,TUV,1969,
Tuvalu,TUV,1968,
Tuvalu,TUV,1967,
Tuvalu,TUV,1966,
Tuvalu,TUV,1965,
Tuvalu,TUV,1964,
Tuvalu,TUV,1963,
Tuvalu,TUV,1962,
Tuvalu,TUV,1961,
Tuvalu,TUV,1960,
Uganda,UGA,2025,
Uganda,UGA,2024,
Uganda,UGA,2023,4.74668094734475
Uganda,UGA,2022,4.83671763802895
Uganda,UGA,2021,6.47129062383775
Uganda,UGA,2020,8.383937755951
Uganda,UGA,2019,5.90142002234634
Uganda,UGA,2018,6.07970266543343
Uganda,UGA,2017,6.70141170342905
Uganda,UGA,2016,6.14318637256677
Uganda,UGA,2015,5.15807437280951
Uganda,UGA,2014,5.12679105484007
Uganda,UGA,2013,6.00234317051374
Uganda,UGA,2012,6.14500428197936
Uganda,UGA,2011,5.73210519086011
Uganda,UGA,2010,5.19156058788344
Uganda,UGA,2009,7.22534398711211
Uganda,UGA,2008,11.5908556045177
Uganda,UGA,2007,14.8890401817022
Uganda,UGA,2006,16.3351104302689
Uganda,UGA,2005,13.3302557080378
Uganda,UGA,2004,15.8223537372308
Uganda,UGA,2003,15.5137701114878
Uganda,UGA,2002,12.1261986938445
Uganda,UGA,2001,14.6461904790796
Uganda,UGA,2000,14.0648892396156
Uganda,UGA,1999,10.154151847557
Uganda,UGA,1998,10.0070991883726
Uganda,UGA,1997,13.0091698784697
Uganda,UGA,1996,11.250259775264
Uganda,UGA,1995,14.6366581801683
Uganda,UGA,1994,19.1373076637152
Uganda,UGA,1993,19.2332486325414
Uganda,UGA,1992,26.1671562725685
Uganda,UGA,1991,20.3240111148475
Uganda,UGA,1990,15.6857662676905
Uganda,UGA,1989,9.91271285161548
Uganda,UGA,1988,6.06934508112366
Uganda,UGA,1987,4.80432226780422
Uganda,UGA,1986,4.93807543101846
Uganda,UGA,1985,5.17726460014784
Uganda,UGA,1984,4.5414966977348
Uganda,UGA,1983,6.22928689897479
Uganda,UGA,1982,6.10589466825567
Uganda,UGA,1981,10.2392636170359
Uganda,UGA,1980,9.16174283057209
Uganda,UGA,1979,2.22083457855225
Uganda,UGA,1978,1.63646568435501
Uganda,UGA,1977,0.571504262912534
Uganda,UGA,1976,0.858065571699802
Uganda,UGA,1975,2.20064780519291
Uganda,UGA,1974,0.841594961304299
Uganda,UGA,1973,1.31257337736253
Uganda,UGA,1972,2.76974852375236
Uganda,UGA,1971,2.27715158047264
Uganda,UGA,1970,2.6437283122929
Uganda,UGA,1969,2.38931772181461
Uganda,UGA,1968,2.17719417140317
Uganda,UGA,1967,2.27555269346077
Uganda,UGA,1966,2.59685383063572
Uganda,UGA,1965,2.32401626770123
Uganda,UGA,1964,3.83564449978189
Uganda,UGA,1963,3.82248167293911
Uganda,UGA,1962,6.46863365744204
Uganda,UGA,1961,4.818762945638
Uganda,UGA,1960,4.88241983564561
Ukraine,UKR,2025,
Ukraine,UKR,2024,
Ukraine,UKR,2023,20.9001522896519
Ukraine,UKR,2022,16.8350050093792
Ukraine,UKR,2021,1.14242200616382
Ukraine,UKR,2020,1.46149209346667
Ukraine,UKR,2019,0.719140943846709
Ukraine,UKR,2018,0.925520694973838
Ukraine,UKR,2017,1.03823767611707
Ukraine,UKR,2016,1.61498487532565
Ukraine,UKR,2015,1.52831593029216
Ukraine,UKR,2014,1.06368188041463
Ukraine,UKR,2013,0.42124089336654
Ukraine,UKR,2012,0.427491476303355
Ukraine,UKR,2011,0.483170255639416
Ukraine,UKR,2010,0.47909497548762
Ukraine,UKR,2009,0.570397755162243
Ukraine,UKR,2008,0.346163660123109
Ukraine,UKR,2007,0.296337484064836
Ukraine,UKR,2006,0.457065609040872
Ukraine,UKR,2005,0.474531618403603
Ukraine,UKR,2004,
Ukraine,UKR,2003,
Ukraine,UKR,2002,
Ukraine,UKR,2001,
Ukraine,UKR,2000,
Ukraine,UKR,1999,
Ukraine,UKR,1998,
Ukraine,UKR,1997,
Ukraine,UKR,1996,
Ukraine,UKR,1995,
Ukraine,UKR,1994,
Ukraine,UKR,1993,
Ukraine,UKR,1992,
Ukraine,UKR,1991,
Ukraine,UKR,1990,
Ukraine,UKR,1989,
Ukraine,UKR,1988,
Ukraine,UKR,1987,
Ukraine,UKR,1986,
Ukraine,UKR,1985,
Ukraine,UKR,1984,
Ukraine,UKR,1983,
Ukraine,UKR,1982,
Ukraine,UKR,1981,
Ukraine,UKR,1980,
Ukraine,UKR,1979,
Ukraine,UKR,1978,
Ukraine,UKR,1977,
Ukraine,UKR,1976,
Ukraine,UKR,1975,
Ukraine,UKR,1974,
Ukraine,UKR,1973,
Ukraine,UKR,1972,
Ukraine,UKR,1971,
Ukraine,UKR,1970,
Ukraine,UKR,1969,
Ukraine,UKR,1968,
Ukraine,UKR,1967,
Ukraine,UKR,1966,
Ukraine,UKR,1965,
Ukraine,UKR,1964,
Ukraine,UKR,1963,
Ukraine,UKR,1962,
Ukraine,UKR,1961,
Ukraine,UKR,1960,
United Arab Emirates,ARE,2025,
United Arab Emirates,ARE,2024,
United Arab Emirates,ARE,2023,
United Arab Emirates,ARE,2022,
United Arab Emirates,ARE,2021,
United Arab Emirates,ARE,2020,
United Arab Emirates,ARE,2019,
United Arab Emirates,ARE,2018,
United Arab Emirates,ARE,2017,
United Arab Emirates,ARE,2016,
United Arab Emirates,ARE,2015,
United Arab Emirates,ARE,2014,
United Arab Emirates,ARE,2013,
United Arab Emirates,ARE,2012,
United Arab Emirates,ARE,2011,
United Arab Emirates,ARE,2010,
United Arab Emirates,ARE,2009,
United Arab Emirates,ARE,2008,
United Arab Emirates,ARE,2007,
United Arab Emirates,ARE,2006,
United Arab Emirates,ARE,2005,
United Arab Emirates,ARE,2004,
United Arab Emirates,ARE,2003,
United Arab Emirates,ARE,2002,
United Arab Emirates,ARE,2001,
United Arab Emirates,ARE,2000,
United Arab Emirates,ARE,1999,
United Arab Emirates,ARE,1998,
United Arab Emirates,ARE,1997,
United Arab Emirates,ARE,1996,
United Arab Emirates,ARE,1995,0.00800016001192587
United Arab Emirates,ARE,1994,-0.0133772372627947
United Arab Emirates,ARE,1993,-0.0179782648032461
United Arab Emirates,ARE,1992,-0.0175178603176336
United Arab Emirates,ARE,1991,-0.0144345092847439
United Arab Emirates,ARE,1990,0.00655269711413404
United Arab Emirates,ARE,1989,-0.0139113855557193
United Arab Emirates,ARE,1988,-0.0324982277515246
United Arab Emirates,ARE,1987,0.314775744290535
United Arab Emirates,ARE,1986,0.102332705713572
United Arab Emirates,ARE,1985,0.00965185009442272
United Arab Emirates,ARE,1984,0.00781156093807433
United Arab Emirates,ARE,1983,0.00998054254998861
United Arab Emirates,ARE,1982,0.00971194125261268
United Arab Emirates,ARE,1981,0.000644225252140387
United Arab Emirates,ARE,1980,0.00893837615982423
United Arab Emirates,ARE,1979,0.0209942173010663
United Arab Emirates,ARE,1978,0.00706958395901853
United Arab Emirates,ARE,1977,0.143790805778513
United Arab Emirates,ARE,1976,0.00544268369352695
United Arab Emirates,ARE,1975,0.0275430807046232
United Arab Emirates,ARE,1974,0.00513782978569501
United Arab Emirates,ARE,1973,0.0202368822467164
United Arab Emirates,ARE,1972,0.240023691855695
United Arab Emirates,ARE,1971,0.399345869061655
United Arab Emirates,ARE,1970,0.521785230633996
United Arab Emirates,ARE,1969,
United Arab Emirates,ARE,1968,
United Arab Emirates,ARE,1967,
United Arab Emirates,ARE,1966,
United Arab Emirates,ARE,1965,
United Arab Emirates,ARE,1964,
United Arab Emirates,ARE,1963,
United Arab Emirates,ARE,1962,
United Arab Emirates,ARE,1961,
United Arab Emirates,ARE,1960,
United Kingdom,GBR,2025,
United Kingdom,GBR,2024,
United Kingdom,GBR,2023,
United Kingdom,GBR,2022,
United Kingdom,GBR,2021,
United Kingdom,GBR,2020,
United Kingdom,GBR,2019,
United Kingdom,GBR,2018,
United Kingdom,GBR,2017,
United Kingdom,GBR,2016,
United Kingdom,GBR,2015,
United Kingdom,GBR,2014,
United Kingdom,GBR,2013,
United Kingdom,GBR,2012,
United Kingdom,GBR,2011,
United Kingdom,GBR,2010,
United Kingdom,GBR,2009,
United Kingdom,GBR,2008,
United Kingdom,GBR,2007,
United Kingdom,GBR,2006,
United Kingdom,GBR,2005,
United Kingdom,GBR,2004,
United Kingdom,GBR,2003,
United Kingdom,GBR,2002,
United Kingdom,GBR,2001,
United Kingdom,GBR,2000,
United Kingdom,GBR,1999,
United Kingdom,GBR,1998,
United Kingdom,GBR,1997,
United Kingdom,GBR,1996,
United Kingdom,GBR,1995,
United Kingdom,GBR,1994,
United Kingdom,GBR,1993,
United Kingdom,GBR,1992,
United Kingdom,GBR,1991,
United Kingdom,GBR,1990,
United Kingdom,GBR,1989,
United Kingdom,GBR,1988,
United Kingdom,GBR,1987,
United Kingdom,GBR,1986,
United Kingdom,GBR,1985,
United Kingdom,GBR,1984,
United Kingdom,GBR,1983,
United Kingdom,GBR,1982,
United Kingdom,GBR,1981,
United Kingdom,GBR,1980,
United Kingdom,GBR,1979,
United Kingdom,GBR,1978,
United Kingdom,GBR,1977,
United Kingdom,GBR,1976,
United Kingdom,GBR,1975,
United Kingdom,GBR,1974,
United Kingdom,GBR,1973,
United Kingdom,GBR,1972,
United Kingdom,GBR,1971,
United Kingdom,GBR,1970,
United Kingdom,GBR,1969,
United Kingdom,GBR,1968,
United Kingdom,GBR,1967,
United Kingdom,GBR,1966,
United Kingdom,GBR,1965,
United Kingdom,GBR,1964,
United Kingdom,GBR,1963,
United Kingdom,GBR,1962,
United Kingdom,GBR,1961,
United Kingdom,GBR,1960,
United States,USA,2025,
United States,USA,2024,
United States,USA,2023,
United States,USA,2022,
United States,USA,2021,
United States,USA,2020,
United States,USA,2019,
United States,USA,2018,
United States,USA,2017,
United States,USA,2016,
United States,USA,2015,
United States,USA,2014,
United States,USA,2013,
United States,USA,2012,
United States,USA,2011,
United States,USA,2010,
United States,USA,2009,
United States,USA,2008,
United States,USA,2007,
United States,USA,2006,
United States,USA,2005,
United States,USA,2004,
United States,USA,2003,
United States,USA,2002,
United States,USA,2001,
United States,USA,2000,
United States,USA,1999,
United States,USA,1998,
United States,USA,1997,
United States,USA,1996,
United States,USA,1995,
United States,USA,1994,
United States,USA,1993,
United States,USA,1992,
United States,USA,1991,
United States,USA,1990,
United States,USA,1989,
United States,USA,1988,
United States,USA,1987,
United States,USA,1986,
United States,USA,1985,
United States,USA,1984,
United States,USA,1983,
United States,USA,1982,
United States,USA,1981,
United States,USA,1980,
United States,USA,1979,
United States,USA,1978,
United States,USA,1977,
United States,USA,1976,
United States,USA,1975,
United States,USA,1974,
United States,USA,1973,
United States,USA,1972,
United States,USA,1971,
United States,USA,1970,
United States,USA,1969,
United States,USA,1968,
United States,USA,1967,
United States,USA,1966,
United States,USA,1965,
United States,USA,1964,
United States,USA,1963,
United States,USA,1962,
United States,USA,1961,
United States,USA,1960,
Uruguay,URY,2025,
Uruguay,URY,2024,
Uruguay,URY,2023,
Uruguay,URY,2022,
Uruguay,URY,2021,
Uruguay,URY,2020,
Uruguay,URY,2019,
Uruguay,URY,2018,
Uruguay,URY,2017,0.0677663896408513
Uruguay,URY,2016,0.03329738199295
Uruguay,URY,2015,0.0419617780284561
Uruguay,URY,2014,0.158546383313004
Uruguay,URY,2013,0.0626792393829293
Uruguay,URY,2012,0.0344525766639668
Uruguay,URY,2011,0.0374258130647216
Uruguay,URY,2010,0.108979833186083
Uruguay,URY,2009,0.160171340095208
Uruguay,URY,2008,0.108766841322309
Uruguay,URY,2007,0.15912861687198
Uruguay,URY,2006,0.127455572912577
Uruguay,URY,2005,0.108732166591775
Uruguay,URY,2004,0.186907603536987
Uruguay,URY,2003,0.149469781297799
Uruguay,URY,2002,0.118459542963487
Uruguay,URY,2001,0.0788181323831106
Uruguay,URY,2000,0.0947097156567166
Uruguay,URY,1999,0.107001705140806
Uruguay,URY,1998,0.109312253184617
Uruguay,URY,1997,0.156701125452597
Uruguay,URY,1996,0.180907514403698
Uruguay,URY,1995,0.362907444051361
Uruguay,URY,1994,0.437275351857413
Uruguay,URY,1993,0.772137405823603
Uruguay,URY,1992,0.519419142386564
Uruguay,URY,1991,0.382070971271737
Uruguay,URY,1990,0.512459419346963
Uruguay,URY,1989,0.381684671108209
Uruguay,URY,1988,0.431973140500975
Uruguay,URY,1987,0.228581734572763
Uruguay,URY,1986,0.497911488629298
Uruguay,URY,1985,0.17624109654178
Uruguay,URY,1984,0.128641616381034
Uruguay,URY,1983,0.115263156291411
Uruguay,URY,1982,0.0702921328918308
Uruguay,URY,1981,0.0879321760652903
Uruguay,URY,1980,0.0882273394080951
Uruguay,URY,1979,0.0974274529355493
Uruguay,URY,1978,0.107592403531552
Uruguay,URY,1977,0.341534008324867
Uruguay,URY,1976,0.187572464726107
Uruguay,URY,1975,0.141024583311261
Uruguay,URY,1974,0.126658742685248
Uruguay,URY,1973,0.430635802512529
Uruguay,URY,1972,1.03358137032367
Uruguay,URY,1971,0.331886574074074
Uruguay,URY,1970,0.543446407551032
Uruguay,URY,1969,0.981403904213427
Uruguay,URY,1968,1.56396411827071
Uruguay,URY,1967,0.354336061927139
Uruguay,URY,1966,0.261343808354041
Uruguay,URY,1965,0.160418968692449
Uruguay,URY,1964,0.113891205793404
Uruguay,URY,1963,0.570599266568304
Uruguay,URY,1962,0.208186594591927
Uruguay,URY,1961,0.142987431670598
Uruguay,URY,1960,1.53924498144786
Uzbekistan,UZB,2025,
Uzbekistan,UZB,2024,
Uzbekistan,UZB,2023,1.157994937943
Uzbekistan,UZB,2022,1.73923639093832
Uzbekistan,UZB,2021,1.49688009519053
Uzbekistan,UZB,2020,2.1973148388234
Uzbekistan,UZB,2019,1.69634306195154
Uzbekistan,UZB,2018,1.75751502434929
Uzbekistan,UZB,2017,0.901257101079438
Uzbekistan,UZB,2016,0.587473914055036
Uzbekistan,UZB,2015,0.514700853134976
Uzbekistan,UZB,2014,0.396125106128038
Uzbekistan,UZB,2013,0.396711472464982
Uzbekistan,UZB,2012,0.374627708188029
Uzbekistan,UZB,2011,0.234504212489273
Uzbekistan,UZB,2010,0.280262326976624
Uzbekistan,UZB,2009,0.495013913285575
Uzbekistan,UZB,2008,0.573820556154252
Uzbekistan,UZB,2007,0.721422098392653
Uzbekistan,UZB,2006,0.867719729488372
Uzbekistan,UZB,2005,1.18366808165985
Uzbekistan,UZB,2004,2.02944845202254
Uzbekistan,UZB,2003,1.91746975775119
Uzbekistan,UZB,2002,1.92211628902364
Uzbekistan,UZB,2001,1.3363957095157
Uzbekistan,UZB,2000,1.36795502857977
Uzbekistan,UZB,1999,0.924012513572395
Uzbekistan,UZB,1998,1.06152478915215
Uzbekistan,UZB,1997,0.960077593849041
Uzbekistan,UZB,1996,0.631959380190467
Uzbekistan,UZB,1995,0.628701606778828
Uzbekistan,UZB,1994,0.219741921315664
Uzbekistan,UZB,1993,0.0611436334870946
Uzbekistan,UZB,1992,0.011721293067012
Uzbekistan,UZB,1991,
Uzbekistan,UZB,1990,
Uzbekistan,UZB,1989,
Uzbekistan,UZB,1988,
Uzbekistan,UZB,1987,
Uzbekistan,UZB,1986,
Uzbekistan,UZB,1985,
Uzbekistan,UZB,1984,
Uzbekistan,UZB,1983,
Uzbekistan,UZB,1982,
Uzbekistan,UZB,1981,
Uzbekistan,UZB,1980,
Uzbekistan,UZB,1979,
Uzbekistan,UZB,1978,
Uzbekistan,UZB,1977,
Uzbekistan,UZB,1976,
Uzbekistan,UZB,1975,
Uzbekistan,UZB,1974,
Uzbekistan,UZB,1973,
Uzbekistan,UZB,1972,
Uzbekistan,UZB,1971,
Uzbekistan,UZB,1970,
Uzbekistan,UZB,1969,
Uzbekistan,UZB,1968,
Uzbekistan,UZB,1967,
Uzbekistan,UZB,1966,
Uzbekistan,UZB,1965,
Uzbekistan,UZB,1964,
Uzbekistan,UZB,1963,
Uzbekistan,UZB,1962,
Uzbekistan,UZB,1961,
Uzbekistan,UZB,1960,
Vanuatu,VUT,2025,
Vanuatu,VUT,2024,
Vanuatu,VUT,2023,11.8100410900786
Vanuatu,VUT,2022,10.3104725144921
Vanuatu,VUT,2021,15.340652902576
Vanuatu,VUT,2020,15.2045366933589
Vanuatu,VUT,2019,12.2004068825955
Vanuatu,VUT,2018,13.9102165621058
Vanuatu,VUT,2017,15.0398114713474
Vanuatu,VUT,2016,15.7132950383756
Vanuatu,VUT,2015,24.1428351191853
Vanuatu,VUT,2014,12.7772462562891
Vanuatu,VUT,2013,12.0497888023447
Vanuatu,VUT,2012,14.4656613027988
Vanuatu,VUT,2011,12.3662073622638
Vanuatu,VUT,2010,16.8665757142958
Vanuatu,VUT,2009,17.7020522025928
Vanuatu,VUT,2008,15.8305329628658
Vanuatu,VUT,2007,11.7189492450368
Vanuatu,VUT,2006,11.8273623008978
Vanuatu,VUT,2005,10.9237503563341
Vanuatu,VUT,2004,11.1480122806299
Vanuatu,VUT,2003,11.0009513442329
Vanuatu,VUT,2002,10.8711626814732
Vanuatu,VUT,2001,11.4419087718614
Vanuatu,VUT,2000,13.7018358274476
Vanuatu,VUT,1999,11.8302352215324
Vanuatu,VUT,1998,11.6151605210642
Vanuatu,VUT,1997,11.1627411076209
Vanuatu,VUT,1996,13.3860669564946
Vanuatu,VUT,1995,20.9763685995718
Vanuatu,VUT,1994,20.6591092609272
Vanuatu,VUT,1993,19.5039714761902
Vanuatu,VUT,1992,21.6592297457201
Vanuatu,VUT,1991,26.0567578909233
Vanuatu,VUT,1990,27.9379020817578
Vanuatu,VUT,1989,24.3228142774935
Vanuatu,VUT,1988,26.8291656101157
Vanuatu,VUT,1987,41.710489882268
Vanuatu,VUT,1986,19.9486597092546
Vanuatu,VUT,1985,17.7493887835601
Vanuatu,VUT,1984,18.9294860439543
Vanuatu,VUT,1983,26.31244447212
Vanuatu,VUT,1982,27.4436711846247
Vanuatu,VUT,1981,31.2481414551974
Vanuatu,VUT,1980,42.4460207871335
Vanuatu,VUT,1979,38.2965960956598
Vanuatu,VUT,1978,
Vanuatu,VUT,1977,
Vanuatu,VUT,1976,
Vanuatu,VUT,1975,
Vanuatu,VUT,1974,
Vanuatu,VUT,1973,
Vanuatu,VUT,1972,
Vanuatu,VUT,1971,
Vanuatu,VUT,1970,
Vanuatu,VUT,1969,
Vanuatu,VUT,1968,
Vanuatu,VUT,1967,
Vanuatu,VUT,1966,
Vanuatu,VUT,1965,
Vanuatu,VUT,1964,
Vanuatu,VUT,1963,
Vanuatu,VUT,1962,
Vanuatu,VUT,1961,
Vanuatu,VUT,1960,
"Venezuela, RB",VEN,2025,
"Venezuela, RB",VEN,2024,
"Venezuela, RB",VEN,2023,0.39205716032986
"Venezuela, RB",VEN,2022,0.310771646099845
"Venezuela, RB",VEN,2021,0.493809572404959
"Venezuela, RB",VEN,2020,0.799383807058203
"Venezuela, RB",VEN,2019,0.378742163040856
"Venezuela, RB",VEN,2018,0.158513462404584
"Venezuela, RB",VEN,2017,0.0801740645470099
"Venezuela, RB",VEN,2016,0.040962649162779
"Venezuela, RB",VEN,2015,0.0310678454068359
"Venezuela, RB",VEN,2014,0.020808204132675
"Venezuela, RB",VEN,2013,0.0151197590542438
"Venezuela, RB",VEN,2012,0.0140499051728954
"Venezuela, RB",VEN,2011,0.0158810649495964
"Venezuela, RB",VEN,2010,0.0125096108451562
"Venezuela, RB",VEN,2009,0.0180511983183216
"Venezuela, RB",VEN,2008,0.0189684614808185
"Venezuela, RB",VEN,2007,0.0313675214173523
"Venezuela, RB",VEN,2006,0.031374023704989
"Venezuela, RB",VEN,2005,0.0340535841354326
"Venezuela, RB",VEN,2004,0.0428280041344901
"Venezuela, RB",VEN,2003,0.101215854895886
"Venezuela, RB",VEN,2002,0.0638825303733608
"Venezuela, RB",VEN,2001,0.0372427152656055
"Venezuela, RB",VEN,2000,0.0675068614760506
"Venezuela, RB",VEN,1999,0.0453632623518278
"Venezuela, RB",VEN,1998,0.0452396124472916
"Venezuela, RB",VEN,1997,0.00887699639587269
"Venezuela, RB",VEN,1996,0.0524281429916007
"Venezuela, RB",VEN,1995,0.0594593626241813
"Venezuela, RB",VEN,1994,0.0487125719409764
"Venezuela, RB",VEN,1993,0.0721677376406692
"Venezuela, RB",VEN,1992,0.0591949752058308
"Venezuela, RB",VEN,1991,0.059010003871397
"Venezuela, RB",VEN,1990,0.168252218740796
"Venezuela, RB",VEN,1989,0.156769552582036
"Venezuela, RB",VEN,1988,0.0455731944417292
"Venezuela, RB",VEN,1987,0.0494505143525921
"Venezuela, RB",VEN,1986,0.0354414151402331
"Venezuela, RB",VEN,1985,0.0276399103372289
"Venezuela, RB",VEN,1984,0.0301527139047836
"Venezuela, RB",VEN,1983,0.027275528725326
"Venezuela, RB",VEN,1982,0.0280485015886613
"Venezuela, RB",VEN,1981,0.0258140930561457
"Venezuela, RB",VEN,1980,0.0327695043894472
"Venezuela, RB",VEN,1979,0.0216941597203291
"Venezuela, RB",VEN,1978,-0.0382931667179268
"Venezuela, RB",VEN,1977,-0.0230311283662635
"Venezuela, RB",VEN,1976,-0.048217479029165
"Venezuela, RB",VEN,1975,0.0137132153389714
"Venezuela, RB",VEN,1974,0.0202639569001589
"Venezuela, RB",VEN,1973,0.0516284297736216
"Venezuela, RB",VEN,1972,0.0621084180332785
"Venezuela, RB",VEN,1971,0.0650687074892534
"Venezuela, RB",VEN,1970,0.0445537353218768
"Venezuela, RB",VEN,1969,0.121216083010833
"Venezuela, RB",VEN,1968,0.197292275281261
"Venezuela, RB",VEN,1967,0.296447130509478
"Venezuela, RB",VEN,1966,0.353015101635456
"Venezuela, RB",VEN,1965,0.182497796790796
"Venezuela, RB",VEN,1964,-0.716197680195395
"Venezuela, RB",VEN,1963,0.488166766177641
"Venezuela, RB",VEN,1962,0.977339163778842
"Venezuela, RB",VEN,1961,0.116531749628784
"Venezuela, RB",VEN,1960,0.0112068834957982
Viet Nam,VNM,2025,
Viet Nam,VNM,2024,
Viet Nam,VNM,2023,0.202041500754586
Viet Nam,VNM,2022,0.0127149180103884
Viet Nam,VNM,2021,0.151801839170189
Viet Nam,VNM,2020,0.353395254058579
Viet Nam,VNM,2019,0.342992317246203
Viet Nam,VNM,2018,0.558921597096612
Viet Nam,VNM,2017,0.910699779837221
Viet Nam,VNM,2016,1.1961451189338
Viet Nam,VNM,2015,1.39461008493105
Viet Nam,VNM,2014,1.87689874659763
Viet Nam,VNM,2013,1.97972552084625
Viet Nam,VNM,2012,2.17219868944015
Viet Nam,VNM,2011,1.98615765962449
Viet Nam,VNM,2010,1.33844437226168
Viet Nam,VNM,2009,3.28052266497676
Viet Nam,VNM,2008,2.41265527442172
Viet Nam,VNM,2007,3.11873414046993
Viet Nam,VNM,2006,2.60232903445206
Viet Nam,VNM,2005,2.99332424920426
Viet Nam,VNM,2004,3.7194078561081
Viet Nam,VNM,2003,3.94089664268723
Viet Nam,VNM,2002,3.08507058118226
Viet Nam,VNM,2001,3.8949000204821
Viet Nam,VNM,2000,4.83393543954672
Viet Nam,VNM,1999,4.40208592256148
Viet Nam,VNM,1998,3.95089687186579
Viet Nam,VNM,1997,3.22554562632484
Viet Nam,VNM,1996,3.72438597361357
Viet Nam,VNM,1995,3.75537843928603
Viet Nam,VNM,1994,5.64091348089313
Viet Nam,VNM,1993,1.97032015391618
Viet Nam,VNM,1992,5.94144596518686
Viet Nam,VNM,1991,2.49748310356732
Viet Nam,VNM,1990,2.97950698420206
Viet Nam,VNM,1989,1.96739212587028
Viet Nam,VNM,1988,
Viet Nam,VNM,1987,
Viet Nam,VNM,1986,
Viet Nam,VNM,1985,
Viet Nam,VNM,1984,
Viet Nam,VNM,1983,
Viet Nam,VNM,1982,
Viet Nam,VNM,1981,
Viet Nam,VNM,1980,
Viet Nam,VNM,1979,
Viet Nam,VNM,1978,
Viet Nam,VNM,1977,
Viet Nam,VNM,1976,
Viet Nam,VNM,1975,
Viet Nam,VNM,1974,
Viet Nam,VNM,1973,
Viet Nam,VNM,1972,
Viet Nam,VNM,1971,
Viet Nam,VNM,1970,
Viet Nam,VNM,1969,
Viet Nam,VNM,1968,
Viet Nam,VNM,1967,
Viet Nam,VNM,1966,
Viet Nam,VNM,1965,
Viet Nam,VNM,1964,
Viet Nam,VNM,1963,
Viet Nam,VNM,1962,
Viet Nam,VNM,1961,
Viet Nam,VNM,1960,
Virgin Islands (U.S.),VIR,2025,
Virgin Islands (U.S.),VIR,2024,
Virgin Islands (U.S.),VIR,2023,
Virgin Islands (U.S.),VIR,2022,
Virgin Islands (U.S.),VIR,2021,
Virgin Islands (U.S.),VIR,2020,
Virgin Islands (U.S.),VIR,2019,
Virgin Islands (U.S.),VIR,2018,
Virgin Islands (U.S.),VIR,2017,
Virgin Islands (U.S.),VIR,2016,
Virgin Islands (U.S.),VIR,2015,
Virgin Islands (U.S.),VIR,2014,
Virgin Islands (U.S.),VIR,2013,
Virgin Islands (U.S.),VIR,2012,
Virgin Islands (U.S.),VIR,2011,
Virgin Islands (U.S.),VIR,2010,
Virgin Islands (U.S.),VIR,2009,
Virgin Islands (U.S.),VIR,2008,
Virgin Islands (U.S.),VIR,2007,
Virgin Islands (U.S.),VIR,2006,
Virgin Islands (U.S.),VIR,2005,
Virgin Islands (U.S.),VIR,2004,
Virgin Islands (U.S.),VIR,2003,
Virgin Islands (U.S.),VIR,2002,
Virgin Islands (U.S.),VIR,2001,
Virgin Islands (U.S.),VIR,2000,
Virgin Islands (U.S.),VIR,1999,
Virgin Islands (U.S.),VIR,1998,
Virgin Islands (U.S.),VIR,1997,
Virgin Islands (U.S.),VIR,1996,
Virgin Islands (U.S.),VIR,1995,
Virgin Islands (U.S.),VIR,1994,
Virgin Islands (U.S.),VIR,1993,
Virgin Islands (U.S.),VIR,1992,
Virgin Islands (U.S.),VIR,1991,
Virgin Islands (U.S.),VIR,1990,
Virgin Islands (U.S.),VIR,1989,
Virgin Islands (U.S.),VIR,1988,
Virgin Islands (U.S.),VIR,1987,
Virgin Islands (U.S.),VIR,1986,
Virgin Islands (U.S.),VIR,1985,
Virgin Islands (U.S.),VIR,1984,
Virgin Islands (U.S.),VIR,1983,
Virgin Islands (U.S.),VIR,1982,
Virgin Islands (U.S.),VIR,1981,
Virgin Islands (U.S.),VIR,1980,
Virgin Islands (U.S.),VIR,1979,
Virgin Islands (U.S.),VIR,1978,
Virgin Islands (U.S.),VIR,1977,
Virgin Islands (U.S.),VIR,1976,
Virgin Islands (U.S.),VIR,1975,
Virgin Islands (U.S.),VIR,1974,
Virgin Islands (U.S.),VIR,1973,
Virgin Islands (U.S.),VIR,1972,
Virgin Islands (U.S.),VIR,1971,
Virgin Islands (U.S.),VIR,1970,
Virgin Islands (U.S.),VIR,1969,
Virgin Islands (U.S.),VIR,1968,
Virgin Islands (U.S.),VIR,1967,
Virgin Islands (U.S.),VIR,1966,
Virgin Islands (U.S.),VIR,1965,
Virgin Islands (U.S.),VIR,1964,
Virgin Islands (U.S.),VIR,1963,
Virgin Islands (U.S.),VIR,1962,
Virgin Islands (U.S.),VIR,1961,
Virgin Islands (U.S.),VIR,1960,
West Bank and Gaza,PSE,2025,
West Bank and Gaza,PSE,2024,
West Bank and Gaza,PSE,2023,16.8371333445229
West Bank and Gaza,PSE,2022,9.44712725838066
West Bank and Gaza,PSE,2021,9.94848196227339
West Bank and Gaza,PSE,2020,11.293624377103
West Bank and Gaza,PSE,2019,11.6079686394728
West Bank and Gaza,PSE,2018,12.0505570219715
West Bank and Gaza,PSE,2017,11.7608731839158
West Bank and Gaza,PSE,2016,13.8816290649746
West Bank and Gaza,PSE,2015,11.9364574151806
West Bank and Gaza,PSE,2014,16.0793165068583
West Bank and Gaza,PSE,2013,17.7321057055876
West Bank and Gaza,PSE,2012,15.3537338845774
West Bank and Gaza,PSE,2011,20.3989989604367
West Bank and Gaza,PSE,2010,23.5270312112438
West Bank and Gaza,PSE,2009,32.8119866638672
West Bank and Gaza,PSE,2008,30.9467917627197
West Bank and Gaza,PSE,2007,26.9633965948771
West Bank and Gaza,PSE,2006,23.5708468349824
West Bank and Gaza,PSE,2005,18.552797814906
West Bank and Gaza,PSE,2004,24.027486718281
West Bank and Gaza,PSE,2003,24.7315189151666
West Bank and Gaza,PSE,2002,25.740058424552
West Bank and Gaza,PSE,2001,23.077938021502
West Bank and Gaza,PSE,2000,14.2038969932145
West Bank and Gaza,PSE,1999,11.5532335879198
West Bank and Gaza,PSE,1998,12.7978691595993
West Bank and Gaza,PSE,1997,14.322796880841
West Bank and Gaza,PSE,1996,14.4081891795652
West Bank and Gaza,PSE,1995,13.8105083906829
West Bank and Gaza,PSE,1994,14.7217720207838
West Bank and Gaza,PSE,1993,
West Bank and Gaza,PSE,1992,
West Bank and Gaza,PSE,1991,
West Bank and Gaza,PSE,1990,
West Bank and Gaza,PSE,1989,
West Bank and Gaza,PSE,1988,
West Bank and Gaza,PSE,1987,
West Bank and Gaza,PSE,1986,
West Bank and Gaza,PSE,1985,
West Bank and Gaza,PSE,1984,
West Bank and Gaza,PSE,1983,
West Bank and Gaza,PSE,1982,
West Bank and Gaza,PSE,1981,
West Bank and Gaza,PSE,1980,
West Bank and Gaza,PSE,1979,
West Bank and Gaza,PSE,1978,
West Bank and Gaza,PSE,1977,
West Bank and Gaza,PSE,1976,
West Bank and Gaza,PSE,1975,
West Bank and Gaza,PSE,1974,
West Bank and Gaza,PSE,1973,
West Bank and Gaza,PSE,1972,
West Bank and Gaza,PSE,1971,
West Bank and Gaza,PSE,1970,
West Bank and Gaza,PSE,1969,
West Bank and Gaza,PSE,1968,
West Bank and Gaza,PSE,1967,
West Bank and Gaza,PSE,1966,
West Bank and Gaza,PSE,1965,
West Bank and Gaza,PSE,1964,
West Bank and Gaza,PSE,1963,
West Bank and Gaza,PSE,1962,
West Bank and Gaza,PSE,1961,
West Bank and Gaza,PSE,1960,
"Yemen, Rep.",YEM,2025,
"Yemen, Rep.",YEM,2024,
"Yemen, Rep.",YEM,2023,
"Yemen, Rep.",YEM,2022,
"Yemen, Rep.",YEM,2021,
"Yemen, Rep.",YEM,2020,
"Yemen, Rep.",YEM,2019,
"Yemen, Rep.",YEM,2018,38.0320424626616
"Yemen, Rep.",YEM,2017,12.3879940640427
"Yemen, Rep.",YEM,2016,7.44172699032262
"Yemen, Rep.",YEM,2015,4.29182331313696
"Yemen, Rep.",YEM,2014,2.85146347741999
"Yemen, Rep.",YEM,2013,2.69337831146103
"Yemen, Rep.",YEM,2012,2.10398970855669
"Yemen, Rep.",YEM,2011,1.5714639103162
"Yemen, Rep.",YEM,2010,1.57763919562978
"Yemen, Rep.",YEM,2009,2.33450195380551
"Yemen, Rep.",YEM,2008,1.71677267214277
"Yemen, Rep.",YEM,2007,1.19651025652321
"Yemen, Rep.",YEM,2006,1.61429445859282
"Yemen, Rep.",YEM,2005,1.95776381549943
"Yemen, Rep.",YEM,2004,2.12851356652432
"Yemen, Rep.",YEM,2003,2.2700875366359
"Yemen, Rep.",YEM,2002,2.1924216428531
"Yemen, Rep.",YEM,2001,4.05840209982411
"Yemen, Rep.",YEM,2000,3.51368276365183
"Yemen, Rep.",YEM,1999,6.63669431402041
"Yemen, Rep.",YEM,1998,6.60934681942907
"Yemen, Rep.",YEM,1997,5.70935807878228
"Yemen, Rep.",YEM,1996,4.25682329113019
"Yemen, Rep.",YEM,1995,1.40352151087987
"Yemen, Rep.",YEM,1994,0.624645427306055
"Yemen, Rep.",YEM,1993,1.47097388436623
"Yemen, Rep.",YEM,1992,1.44663151936447
"Yemen, Rep.",YEM,1991,2.08993750634365
"Yemen, Rep.",YEM,1990,3.58045307572451
"Yemen, Rep.",YEM,1989,
"Yemen, Rep.",YEM,1988,
"Yemen, Rep.",YEM,1987,
"Yemen, Rep.",YEM,1986,
"Yemen, Rep.",YEM,1985,
"Yemen, Rep.",YEM,1984,
"Yemen, Rep.",YEM,1983,
"Yemen, Rep.",YEM,1982,
"Yemen, Rep.",YEM,1981,
"Yemen, Rep.",YEM,1980,
"Yemen, Rep.",YEM,1979,
"Yemen, Rep.",YEM,1978,
"Yemen, Rep.",YEM,1977,
"Yemen, Rep.",YEM,1976,
"Yemen, Rep.",YEM,1975,
"Yemen, Rep.",YEM,1974,
"Yemen, Rep.",YEM,1973,
"Yemen, Rep.",YEM,1972,
"Yemen, Rep.",YEM,1971,
"Yemen, Rep.",YEM,1970,
"Yemen, Rep.",YEM,1969,
"Yemen, Rep.",YEM,1968,
"Yemen, Rep.",YEM,1967,
"Yemen, Rep.",YEM,1966,
"Yemen, Rep.",YEM,1965,
"Yemen, Rep.",YEM,1964,
"Yemen, Rep.",YEM,1963,
"Yemen, Rep.",YEM,1962,
"Yemen, Rep.",YEM,1961,
"Yemen, Rep.",YEM,1960,
Zambia,ZMB,2025,
Zambia,ZMB,2024,
Zambia,ZMB,2023,5.48803893185947
Zambia,ZMB,2022,6.61955080354939
Zambia,ZMB,2021,5.39809588704981
Zambia,ZMB,2020,5.76914846641762
Zambia,ZMB,2019,4.14194423854951
Zambia,ZMB,2018,3.86152074456547
Zambia,ZMB,2017,4.20796477089515
Zambia,ZMB,2016,4.75826018202864
Zambia,ZMB,2015,3.82778943523398
Zambia,ZMB,2014,3.75239855986919
Zambia,ZMB,2013,4.25925918108282
Zambia,ZMB,2012,3.81771924367104
Zambia,ZMB,2011,4.63385959292291
Zambia,ZMB,2010,4.68174678386279
Zambia,ZMB,2009,8.52345319493535
Zambia,ZMB,2008,6.7507524867077
Zambia,ZMB,2007,8.17179405512954
Zambia,ZMB,2006,12.6875440616236
Zambia,ZMB,2005,15.1821345999271
Zambia,ZMB,2004,19.3810241410627
Zambia,ZMB,2003,16.1899846425487
Zambia,ZMB,2002,20.050971725985
Zambia,ZMB,2001,14.5270567243065
Zambia,ZMB,2000,23.0700094775098
Zambia,ZMB,1999,19.2326915951506
Zambia,ZMB,1998,10.5021846768248
Zambia,ZMB,1997,15.0448749030798
Zambia,ZMB,1996,17.9304151623301
Zambia,ZMB,1995,56.9615584657091
Zambia,ZMB,1994,20.9077509759319
Zambia,ZMB,1993,28.7201577897395
Zambia,ZMB,1992,35.9487813697935
Zambia,ZMB,1991,29.3349227115062
Zambia,ZMB,1990,15.7841968342526
Zambia,ZMB,1989,10.2213835095407
Zambia,ZMB,1988,14.3084768518769
Zambia,ZMB,1987,21.9830324942767
Zambia,ZMB,1986,33.2429043225735
Zambia,ZMB,1985,16.0781442275731
Zambia,ZMB,1984,9.65033252652641
Zambia,ZMB,1983,7.00189918813911
Zambia,ZMB,1982,8.67898843133129
Zambia,ZMB,1981,5.92471840552299
Zambia,ZMB,1980,8.82444256064333
Zambia,ZMB,1979,9.02719219868801
Zambia,ZMB,1978,6.98372354215385
Zambia,ZMB,1977,4.49258320263581
Zambia,ZMB,1976,2.47139424258913
Zambia,ZMB,1975,3.79406213178581
Zambia,ZMB,1974,2.09712128773162
Zambia,ZMB,1973,1.99966790578366
Zambia,ZMB,1972,1.20669698606395
Zambia,ZMB,1971,1.33437354410951
Zambia,ZMB,1970,0.760037488767185
Zambia,ZMB,1969,1.08876864841658
Zambia,ZMB,1968,2.01892399686435
Zambia,ZMB,1967,4.80627052818432
Zambia,ZMB,1966,2.52116187583191
Zambia,ZMB,1965,1.08872220514617
Zambia,ZMB,1964,2.891583986599
Zambia,ZMB,1963,0.845513478593269
Zambia,ZMB,1962,0.962861476401547
Zambia,ZMB,1961,0.147258785335953
Zambia,ZMB,1960,0.146913286755662
Zimbabwe,ZWE,2025,
Zimbabwe,ZWE,2024,
Zimbabwe,ZWE,2023,2.22839349187742
Zimbabwe,ZWE,2022,1.96433663088272
Zimbabwe,ZWE,2021,2.42941898860119
Zimbabwe,ZWE,2020,3.12623182619653
Zimbabwe,ZWE,2019,2.56412575325122
Zimbabwe,ZWE,2018,2.37686119647224
Zimbabwe,ZWE,2017,1.47988726662785
Zimbabwe,ZWE,2016,3.48330991905697
Zimbabwe,ZWE,2015,4.05669360741361
Zimbabwe,ZWE,2014,4.10200952824576
Zimbabwe,ZWE,2013,4.55110711545138
Zimbabwe,ZWE,2012,6.15711445194234
Zimbabwe,ZWE,2011,5.46085260799459
Zimbabwe,ZWE,2010,6.24917515372659
Zimbabwe,ZWE,2009,7.94057265942949
Zimbabwe,ZWE,2008,39.2598225637715
Zimbabwe,ZWE,2007,16.1412329992948
Zimbabwe,ZWE,2006,8.11077073996138
Zimbabwe,ZWE,2005,9.35033650211155
Zimbabwe,ZWE,2004,4.70450667496565
Zimbabwe,ZWE,2003,4.33348406642119
Zimbabwe,ZWE,2002,4.32249770897071
Zimbabwe,ZWE,2001,3.44263593708031
Zimbabwe,ZWE,2000,4.02244359073968
Zimbabwe,ZWE,1999,5.35092714962303
Zimbabwe,ZWE,1998,6.66006712373973
Zimbabwe,ZWE,1997,5.68266410750365
Zimbabwe,ZWE,1996,5.71784534572423
Zimbabwe,ZWE,1995,9.80255285201436
Zimbabwe,ZWE,1994,11.2579966887158
Zimbabwe,ZWE,1993,10.0486013773678
Zimbabwe,ZWE,1992,15.9696845730756
Zimbabwe,ZWE,1991,5.81268916403007
Zimbabwe,ZWE,1990,4.75111587919891
Zimbabwe,ZWE,1989,3.77153257085789
Zimbabwe,ZWE,1988,4.3073314225155
Zimbabwe,ZWE,1987,5.42685696650869
Zimbabwe,ZWE,1986,4.42788245831349
Zimbabwe,ZWE,1985,4.8735204637504
Zimbabwe,ZWE,1984,5.33305052719746
Zimbabwe,ZWE,1983,3.19610746606628
Zimbabwe,ZWE,1982,3.01106541379275
Zimbabwe,ZWE,1981,2.43351583730927
Zimbabwe,ZWE,1980,2.80738568280822
Zimbabwe,ZWE,1979,0.267227692724917
Zimbabwe,ZWE,1978,0.232163908500906
Zimbabwe,ZWE,1977,0.172271172143348
Zimbabwe,ZWE,1976,0.162851676173431
Zimbabwe,ZWE,1975,0.10157454077433
Zimbabwe,ZWE,1974,0.0433521652513108
Zimbabwe,ZWE,1973,0.0277512018866801
Zimbabwe,ZWE,1972,0.0338375660011173
Zimbabwe,ZWE,1971,0.0327634783737868
Zimbabwe,ZWE,1970,0.0337174809540436
Zimbabwe,ZWE,1969,0.0407301789156643
Zimbabwe,ZWE,1968,0.155343893280614
Zimbabwe,ZWE,1967,0.0299036036481704
Zimbabwe,ZWE,1966,0.0364828251317011
Zimbabwe,ZWE,1965,0.351270285814227
Zimbabwe,ZWE,1964,0.59305016695456
Zimbabwe,ZWE,1963,1.28192430112436
Zimbabwe,ZWE,1962,
Zimbabwe,ZWE,1961,0.00116021061129351
Zimbabwe,ZWE,1960,
